program,round_group,run_index,execution_ms
Bubble Sort 32,100,1,0.382117
Bubble Sort 32,100,2,0.381033
Bubble Sort 32,100,3,0.378443
Bubble Sort 32,100,4,0.404862
Bubble Sort 32,100,5,0.393354
Bubble Sort 32,100,6,0.386142
Bubble Sort 32,100,7,0.381187
Bubble Sort 32,100,8,0.380369
Bubble Sort 32,100,9,0.399236
Bubble Sort 32,100,10,0.391724
Bubble Sort 32,100,11,0.380628
Bubble Sort 32,100,12,0.379569
Bubble Sort 32,100,13,0.398104
Bubble Sort 32,100,14,0.399809
Bubble Sort 32,100,15,0.378296
Bubble Sort 32,100,16,0.399661
Bubble Sort 32,100,17,0.382357
Bubble Sort 32,100,18,0.377772
Bubble Sort 32,100,19,0.39888
Bubble Sort 32,100,20,0.399003
Bubble Sort 32,100,21,0.378505
Bubble Sort 32,100,22,0.399336
Bubble Sort 32,100,23,0.421329
Bubble Sort 32,100,24,0.37904
Bubble Sort 32,100,25,0.380098
Bubble Sort 32,100,26,0.377994
Bubble Sort 32,100,27,0.400898
Bubble Sort 32,100,28,0.378659
Bubble Sort 32,100,29,0.399699
Bubble Sort 32,100,30,0.40075
Bubble Sort 32,100,31,0.38104
Bubble Sort 32,100,32,0.400394
Bubble Sort 32,100,33,0.398744
Bubble Sort 32,100,34,0.37957
Bubble Sort 32,100,35,0.378086
Bubble Sort 32,100,36,0.398363
Bubble Sort 32,100,37,0.378338
Bubble Sort 32,100,38,0.399287
Bubble Sort 32,100,39,0.399052
Bubble Sort 32,100,40,0.37907
Bubble Sort 32,100,41,0.399003
Bubble Sort 32,100,42,0.379342
Bubble Sort 32,100,43,0.379889
Bubble Sort 32,100,44,0.378806
Bubble Sort 32,100,45,0.37824
Bubble Sort 32,100,46,0.399422
Bubble Sort 32,100,47,0.399987
Bubble Sort 32,100,48,0.39088
Bubble Sort 32,100,49,0.38368
Bubble Sort 32,100,50,0.386105
Bubble Sort 32,100,51,0.385453
Bubble Sort 32,100,52,0.384431
Bubble Sort 32,100,53,0.382277
Bubble Sort 32,100,54,0.382542
Bubble Sort 32,100,55,0.381982
Bubble Sort 32,100,56,0.382062
Bubble Sort 32,100,57,0.384659
Bubble Sort 32,100,58,0.385452
Bubble Sort 32,100,59,0.385323
Bubble Sort 32,100,60,0.382837
Bubble Sort 32,100,61,0.38952
Bubble Sort 32,100,62,0.381225
Bubble Sort 32,100,63,0.382751
Bubble Sort 32,100,64,0.381323
Bubble Sort 32,100,65,0.382541
Bubble Sort 32,100,66,0.379871
Bubble Sort 32,100,67,0.381606
Bubble Sort 32,100,68,0.380899
Bubble Sort 32,100,69,0.382997
Bubble Sort 32,100,70,0.403747
Bubble Sort 32,100,71,0.383576
Bubble Sort 32,100,72,0.381459
Bubble Sort 32,100,73,0.381729
Bubble Sort 32,100,74,0.38235
Bubble Sort 32,100,75,0.381834
Bubble Sort 32,100,76,0.380825
Bubble Sort 32,100,77,0.382098
Bubble Sort 32,100,78,0.381447
Bubble Sort 32,100,79,0.383286
Bubble Sort 32,100,80,0.378813
Bubble Sort 32,100,81,0.38187
Bubble Sort 32,100,82,0.38144
Bubble Sort 32,100,83,0.382677
Bubble Sort 32,100,84,0.382505
Bubble Sort 32,100,85,0.380043
Bubble Sort 32,100,86,0.382148
Bubble Sort 32,100,87,0.381748
Bubble Sort 32,100,88,0.379495
Bubble Sort 32,100,89,0.381821
Bubble Sort 32,100,90,0.382135
Bubble Sort 32,100,91,0.384861
Bubble Sort 32,100,92,0.382621
Bubble Sort 32,100,93,0.379834
Bubble Sort 32,100,94,0.381988
Bubble Sort 32,100,95,0.379618
Bubble Sort 32,100,96,0.380701
Bubble Sort 32,100,97,0.390517
Bubble Sort 32,100,98,0.386031
Bubble Sort 32,100,99,0.382253
Bubble Sort 32,100,100,0.383286
Bubble Sort 32,1000,1,0.386406
Bubble Sort 32,1000,2,0.382806
Bubble Sort 32,1000,3,0.402653
Bubble Sort 32,1000,4,0.38112
Bubble Sort 32,1000,5,0.380246
Bubble Sort 32,1000,6,0.38176
Bubble Sort 32,1000,7,0.379526
Bubble Sort 32,1000,8,0.381416
Bubble Sort 32,1000,9,0.381502
Bubble Sort 32,1000,10,0.380418
Bubble Sort 32,1000,11,0.380794
Bubble Sort 32,1000,12,0.383267
Bubble Sort 32,1000,13,0.380738
Bubble Sort 32,1000,14,0.382289
Bubble Sort 32,1000,15,0.379213
Bubble Sort 32,1000,16,0.386203
Bubble Sort 32,1000,17,0.402905
Bubble Sort 32,1000,18,0.403163
Bubble Sort 32,1000,19,0.39507
Bubble Sort 32,1000,20,0.390542
Bubble Sort 32,1000,21,0.39304
Bubble Sort 32,1000,22,0.393188
Bubble Sort 32,1000,23,0.388849
Bubble Sort 32,1000,24,0.392418
Bubble Sort 32,1000,25,0.404511
Bubble Sort 32,1000,26,0.39072
Bubble Sort 32,1000,27,0.385607
Bubble Sort 32,1000,28,0.379342
Bubble Sort 32,1000,29,0.381526
Bubble Sort 32,1000,30,0.381957
Bubble Sort 32,1000,31,0.383815
Bubble Sort 32,1000,32,0.383212
Bubble Sort 32,1000,33,0.382456
Bubble Sort 32,1000,34,0.384
Bubble Sort 32,1000,35,0.384037
Bubble Sort 32,1000,36,0.381982
Bubble Sort 32,1000,37,0.38029
Bubble Sort 32,1000,38,0.380658
Bubble Sort 32,1000,39,0.382467
Bubble Sort 32,1000,40,0.397231
Bubble Sort 32,1000,41,0.381932
Bubble Sort 32,1000,42,0.385539
Bubble Sort 32,1000,43,0.380283
Bubble Sort 32,1000,44,0.383021
Bubble Sort 32,1000,45,0.379336
Bubble Sort 32,1000,46,0.380123
Bubble Sort 32,1000,47,0.384684
Bubble Sort 32,1000,48,0.383785
Bubble Sort 32,1000,49,0.382468
Bubble Sort 32,1000,50,0.384061
Bubble Sort 32,1000,51,0.382455
Bubble Sort 32,1000,52,0.381655
Bubble Sort 32,1000,53,0.37968
Bubble Sort 32,1000,54,0.381299
Bubble Sort 32,1000,55,0.379877
Bubble Sort 32,1000,56,0.381606
Bubble Sort 32,1000,57,0.381667
Bubble Sort 32,1000,58,0.383803
Bubble Sort 32,1000,59,0.383132
Bubble Sort 32,1000,60,0.383065
Bubble Sort 32,1000,61,0.382695
Bubble Sort 32,1000,62,0.38
Bubble Sort 32,1000,63,0.381114
Bubble Sort 32,1000,64,0.382584
Bubble Sort 32,1000,65,0.383255
Bubble Sort 32,1000,66,0.379822
Bubble Sort 32,1000,67,0.396123
Bubble Sort 32,1000,68,0.380468
Bubble Sort 32,1000,69,0.380899
Bubble Sort 32,1000,70,0.38096
Bubble Sort 32,1000,71,0.380443
Bubble Sort 32,1000,72,0.38189
Bubble Sort 32,1000,73,0.381108
Bubble Sort 32,1000,74,0.378714
Bubble Sort 32,1000,75,0.380584
Bubble Sort 32,1000,76,0.383827
Bubble Sort 32,1000,77,0.381501
Bubble Sort 32,1000,78,0.382222
Bubble Sort 32,1000,79,0.380554
Bubble Sort 32,1000,80,0.383237
Bubble Sort 32,1000,81,0.38248
Bubble Sort 32,1000,82,0.381668
Bubble Sort 32,1000,83,0.378301
Bubble Sort 32,1000,84,0.381987
Bubble Sort 32,1000,85,0.380148
Bubble Sort 32,1000,86,0.379975
Bubble Sort 32,1000,87,0.382819
Bubble Sort 32,1000,88,0.385089
Bubble Sort 32,1000,89,0.382019
Bubble Sort 32,1000,90,0.383237
Bubble Sort 32,1000,91,0.383987
Bubble Sort 32,1000,92,0.38376
Bubble Sort 32,1000,93,0.381366
Bubble Sort 32,1000,94,0.39259
Bubble Sort 32,1000,95,0.380074
Bubble Sort 32,1000,96,0.381372
Bubble Sort 32,1000,97,0.381396
Bubble Sort 32,1000,98,0.382351
Bubble Sort 32,1000,99,0.380111
Bubble Sort 32,1000,100,0.381575
Bubble Sort 32,1000,101,0.387564
Bubble Sort 32,1000,102,0.382498
Bubble Sort 32,1000,103,0.389298
Bubble Sort 32,1000,104,0.382363
Bubble Sort 32,1000,105,0.380985
Bubble Sort 32,1000,106,0.381286
Bubble Sort 32,1000,107,0.381255
Bubble Sort 32,1000,108,0.380443
Bubble Sort 32,1000,109,0.378689
Bubble Sort 32,1000,110,0.379034
Bubble Sort 32,1000,111,0.377944
Bubble Sort 32,1000,112,0.380301
Bubble Sort 32,1000,113,0.392061
Bubble Sort 32,1000,114,0.378333
Bubble Sort 32,1000,115,0.37811
Bubble Sort 32,1000,116,0.380044
Bubble Sort 32,1000,117,0.378751
Bubble Sort 32,1000,118,0.398505
Bubble Sort 32,1000,119,0.378357
Bubble Sort 32,1000,120,0.379545
Bubble Sort 32,1000,121,0.380548
Bubble Sort 32,1000,122,0.380369
Bubble Sort 32,1000,123,0.378412
Bubble Sort 32,1000,124,0.381686
Bubble Sort 32,1000,125,0.378628
Bubble Sort 32,1000,126,0.379083
Bubble Sort 32,1000,127,0.378584
Bubble Sort 32,1000,128,0.378652
Bubble Sort 32,1000,129,0.379065
Bubble Sort 32,1000,130,0.381292
Bubble Sort 32,1000,131,0.37808
Bubble Sort 32,1000,132,0.378326
Bubble Sort 32,1000,133,0.379391
Bubble Sort 32,1000,134,0.379317
Bubble Sort 32,1000,135,0.380972
Bubble Sort 32,1000,136,0.378622
Bubble Sort 32,1000,137,0.377674
Bubble Sort 32,1000,138,0.37872
Bubble Sort 32,1000,139,0.380339
Bubble Sort 32,1000,140,0.430283
Bubble Sort 32,1000,141,0.379736
Bubble Sort 32,1000,142,0.379181
Bubble Sort 32,1000,143,0.379077
Bubble Sort 32,1000,144,0.379908
Bubble Sort 32,1000,145,0.37928
Bubble Sort 32,1000,146,0.379446
Bubble Sort 32,1000,147,0.428627
Bubble Sort 32,1000,148,0.379779
Bubble Sort 32,1000,149,0.384154
Bubble Sort 32,1000,150,0.379458
Bubble Sort 32,1000,151,0.37853
Bubble Sort 32,1000,152,0.379582
Bubble Sort 32,1000,153,0.381009
Bubble Sort 32,1000,154,0.378738
Bubble Sort 32,1000,155,0.397476
Bubble Sort 32,1000,156,0.37848
Bubble Sort 32,1000,157,0.379052
Bubble Sort 32,1000,158,0.377994
Bubble Sort 32,1000,159,0.377495
Bubble Sort 32,1000,160,0.379539
Bubble Sort 32,1000,161,0.378259
Bubble Sort 32,1000,162,0.381016
Bubble Sort 32,1000,163,0.3784
Bubble Sort 32,1000,164,0.381908
Bubble Sort 32,1000,165,0.377815
Bubble Sort 32,1000,166,0.378781
Bubble Sort 32,1000,167,0.380098
Bubble Sort 32,1000,168,0.377588
Bubble Sort 32,1000,169,0.398141
Bubble Sort 32,1000,170,0.381495
Bubble Sort 32,1000,171,0.377729
Bubble Sort 32,1000,172,0.379901
Bubble Sort 32,1000,173,0.379243
Bubble Sort 32,1000,174,0.388837
Bubble Sort 32,1000,175,0.379489
Bubble Sort 32,1000,176,0.378843
Bubble Sort 32,1000,177,0.395883
Bubble Sort 32,1000,178,0.379889
Bubble Sort 32,1000,179,0.382326
Bubble Sort 32,1000,180,0.37888
Bubble Sort 32,1000,181,0.377834
Bubble Sort 32,1000,182,0.377785
Bubble Sort 32,1000,183,0.379034
Bubble Sort 32,1000,184,0.380412
Bubble Sort 32,1000,185,0.379452
Bubble Sort 32,1000,186,0.37883
Bubble Sort 32,1000,187,0.397433
Bubble Sort 32,1000,188,0.39872
Bubble Sort 32,1000,189,0.380018
Bubble Sort 32,1000,190,0.38048
Bubble Sort 32,1000,191,0.378123
Bubble Sort 32,1000,192,0.378732
Bubble Sort 32,1000,193,0.379384
Bubble Sort 32,1000,194,0.382135
Bubble Sort 32,1000,195,0.381698
Bubble Sort 32,1000,196,0.379822
Bubble Sort 32,1000,197,0.37917
Bubble Sort 32,1000,198,0.37968
Bubble Sort 32,1000,199,0.381022
Bubble Sort 32,1000,200,0.382036
Bubble Sort 32,1000,201,0.391729
Bubble Sort 32,1000,202,0.380806
Bubble Sort 32,1000,203,0.379631
Bubble Sort 32,1000,204,0.380314
Bubble Sort 32,1000,205,0.39832
Bubble Sort 32,1000,206,0.379354
Bubble Sort 32,1000,207,0.379495
Bubble Sort 32,1000,208,0.381618
Bubble Sort 32,1000,209,0.380824
Bubble Sort 32,1000,210,0.37872
Bubble Sort 32,1000,211,0.377754
Bubble Sort 32,1000,212,0.379988
Bubble Sort 32,1000,213,0.38021
Bubble Sort 32,1000,214,0.378024
Bubble Sort 32,1000,215,0.383022
Bubble Sort 32,1000,216,0.380018
Bubble Sort 32,1000,217,0.380997
Bubble Sort 32,1000,218,0.380265
Bubble Sort 32,1000,219,0.380135
Bubble Sort 32,1000,220,0.379594
Bubble Sort 32,1000,221,0.379034
Bubble Sort 32,1000,222,0.380142
Bubble Sort 32,1000,223,0.380425
Bubble Sort 32,1000,224,0.379138
Bubble Sort 32,1000,225,0.380997
Bubble Sort 32,1000,226,0.398893
Bubble Sort 32,1000,227,0.379341
Bubble Sort 32,1000,228,0.414627
Bubble Sort 32,1000,229,0.379852
Bubble Sort 32,1000,230,0.382068
Bubble Sort 32,1000,231,0.380129
Bubble Sort 32,1000,232,0.379101
Bubble Sort 32,1000,233,0.380215
Bubble Sort 32,1000,234,0.380689
Bubble Sort 32,1000,235,0.381631
Bubble Sort 32,1000,236,0.379047
Bubble Sort 32,1000,237,0.391656
Bubble Sort 32,1000,238,0.383373
Bubble Sort 32,1000,239,0.39768
Bubble Sort 32,1000,240,0.384123
Bubble Sort 32,1000,241,0.39
Bubble Sort 32,1000,242,0.397797
Bubble Sort 32,1000,243,0.39611
Bubble Sort 32,1000,244,0.394664
Bubble Sort 32,1000,245,0.391274
Bubble Sort 32,1000,246,0.39096
Bubble Sort 32,1000,247,0.396332
Bubble Sort 32,1000,248,0.385705
Bubble Sort 32,1000,249,0.379489
Bubble Sort 32,1000,250,0.379945
Bubble Sort 32,1000,251,0.380123
Bubble Sort 32,1000,252,0.384037
Bubble Sort 32,1000,253,0.384813
Bubble Sort 32,1000,254,0.381625
Bubble Sort 32,1000,255,0.37885
Bubble Sort 32,1000,256,0.381618
Bubble Sort 32,1000,257,0.379428
Bubble Sort 32,1000,258,0.379507
Bubble Sort 32,1000,259,0.379446
Bubble Sort 32,1000,260,0.381618
Bubble Sort 32,1000,261,0.381286
Bubble Sort 32,1000,262,0.39864
Bubble Sort 32,1000,263,0.380978
Bubble Sort 32,1000,264,0.380541
Bubble Sort 32,1000,265,0.385292
Bubble Sort 32,1000,266,0.378111
Bubble Sort 32,1000,267,0.378972
Bubble Sort 32,1000,268,0.380954
Bubble Sort 32,1000,269,0.378898
Bubble Sort 32,1000,270,0.382123
Bubble Sort 32,1000,271,0.38072
Bubble Sort 32,1000,272,0.383188
Bubble Sort 32,1000,273,0.378301
Bubble Sort 32,1000,274,0.395157
Bubble Sort 32,1000,275,0.386628
Bubble Sort 32,1000,276,0.389261
Bubble Sort 32,1000,277,0.387176
Bubble Sort 32,1000,278,0.44352
Bubble Sort 32,1000,279,0.384357
Bubble Sort 32,1000,280,0.384215
Bubble Sort 32,1000,281,0.378658
Bubble Sort 32,1000,282,0.412185
Bubble Sort 32,1000,283,0.400793
Bubble Sort 32,1000,284,0.383724
Bubble Sort 32,1000,285,0.385298
Bubble Sort 32,1000,286,0.382314
Bubble Sort 32,1000,287,0.382726
Bubble Sort 32,1000,288,0.383471
Bubble Sort 32,1000,289,0.38288
Bubble Sort 32,1000,290,0.381698
Bubble Sort 32,1000,291,0.381501
Bubble Sort 32,1000,292,0.379341
Bubble Sort 32,1000,293,0.382683
Bubble Sort 32,1000,294,0.38245
Bubble Sort 32,1000,295,0.381427
Bubble Sort 32,1000,296,0.381994
Bubble Sort 32,1000,297,0.383772
Bubble Sort 32,1000,298,0.39275
Bubble Sort 32,1000,299,0.382572
Bubble Sort 32,1000,300,0.381261
Bubble Sort 32,1000,301,0.386031
Bubble Sort 32,1000,302,0.380388
Bubble Sort 32,1000,303,0.383698
Bubble Sort 32,1000,304,0.380726
Bubble Sort 32,1000,305,0.378948
Bubble Sort 32,1000,306,0.381176
Bubble Sort 32,1000,307,0.384473
Bubble Sort 32,1000,308,0.380345
Bubble Sort 32,1000,309,0.378664
Bubble Sort 32,1000,310,0.378542
Bubble Sort 32,1000,311,0.384591
Bubble Sort 32,1000,312,0.379496
Bubble Sort 32,1000,313,0.378627
Bubble Sort 32,1000,314,0.379926
Bubble Sort 32,1000,315,0.378819
Bubble Sort 32,1000,316,0.378554
Bubble Sort 32,1000,317,0.386855
Bubble Sort 32,1000,318,0.381212
Bubble Sort 32,1000,319,0.379865
Bubble Sort 32,1000,320,0.380751
Bubble Sort 32,1000,321,0.397834
Bubble Sort 32,1000,322,0.377692
Bubble Sort 32,1000,323,0.392012
Bubble Sort 32,1000,324,0.377095
Bubble Sort 32,1000,325,0.381582
Bubble Sort 32,1000,326,0.397588
Bubble Sort 32,1000,327,0.379464
Bubble Sort 32,1000,328,0.378604
Bubble Sort 32,1000,329,0.380787
Bubble Sort 32,1000,330,0.380609
Bubble Sort 32,1000,331,0.38213
Bubble Sort 32,1000,332,0.38128
Bubble Sort 32,1000,333,0.378628
Bubble Sort 32,1000,334,0.378179
Bubble Sort 32,1000,335,0.380653
Bubble Sort 32,1000,336,0.398129
Bubble Sort 32,1000,337,0.381538
Bubble Sort 32,1000,338,0.378431
Bubble Sort 32,1000,339,0.381969
Bubble Sort 32,1000,340,0.397957
Bubble Sort 32,1000,341,0.381323
Bubble Sort 32,1000,342,0.378388
Bubble Sort 32,1000,343,0.379821
Bubble Sort 32,1000,344,0.397612
Bubble Sort 32,1000,345,0.381194
Bubble Sort 32,1000,346,0.380942
Bubble Sort 32,1000,347,0.378117
Bubble Sort 32,1000,348,0.398031
Bubble Sort 32,1000,349,0.378474
Bubble Sort 32,1000,350,0.390683
Bubble Sort 32,1000,351,0.380529
Bubble Sort 32,1000,352,0.37736
Bubble Sort 32,1000,353,0.380954
Bubble Sort 32,1000,354,0.377895
Bubble Sort 32,1000,355,0.378585
Bubble Sort 32,1000,356,0.398966
Bubble Sort 32,1000,357,0.379588
Bubble Sort 32,1000,358,0.382603
Bubble Sort 32,1000,359,0.37784
Bubble Sort 32,1000,360,0.379409
Bubble Sort 32,1000,361,0.381224
Bubble Sort 32,1000,362,0.38024
Bubble Sort 32,1000,363,0.378135
Bubble Sort 32,1000,364,0.397847
Bubble Sort 32,1000,365,0.380061
Bubble Sort 32,1000,366,0.37832
Bubble Sort 32,1000,367,0.379976
Bubble Sort 32,1000,368,0.378013
Bubble Sort 32,1000,369,0.379027
Bubble Sort 32,1000,370,0.379612
Bubble Sort 32,1000,371,0.378585
Bubble Sort 32,1000,372,0.379034
Bubble Sort 32,1000,373,0.38032
Bubble Sort 32,1000,374,0.378098
Bubble Sort 32,1000,375,0.381643
Bubble Sort 32,1000,376,0.398923
Bubble Sort 32,1000,377,0.382622
Bubble Sort 32,1000,378,0.378806
Bubble Sort 32,1000,379,0.382185
Bubble Sort 32,1000,380,0.377575
Bubble Sort 32,1000,381,0.382204
Bubble Sort 32,1000,382,0.379747
Bubble Sort 32,1000,383,0.377877
Bubble Sort 32,1000,384,0.378671
Bubble Sort 32,1000,385,0.378098
Bubble Sort 32,1000,386,0.379705
Bubble Sort 32,1000,387,0.381606
Bubble Sort 32,1000,388,0.399028
Bubble Sort 32,1000,389,0.380744
Bubble Sort 32,1000,390,0.380184
Bubble Sort 32,1000,391,0.379514
Bubble Sort 32,1000,392,0.398049
Bubble Sort 32,1000,393,0.378701
Bubble Sort 32,1000,394,0.377987
Bubble Sort 32,1000,395,0.379188
Bubble Sort 32,1000,396,0.379975
Bubble Sort 32,1000,397,0.40584
Bubble Sort 32,1000,398,0.378677
Bubble Sort 32,1000,399,0.377748
Bubble Sort 32,1000,400,0.379027
Bubble Sort 32,1000,401,0.378332
Bubble Sort 32,1000,402,0.37787
Bubble Sort 32,1000,403,0.379655
Bubble Sort 32,1000,404,0.383982
Bubble Sort 32,1000,405,0.379089
Bubble Sort 32,1000,406,0.380615
Bubble Sort 32,1000,407,0.377883
Bubble Sort 32,1000,408,0.379508
Bubble Sort 32,1000,409,0.378751
Bubble Sort 32,1000,410,0.382825
Bubble Sort 32,1000,411,0.379527
Bubble Sort 32,1000,412,0.378431
Bubble Sort 32,1000,413,0.379003
Bubble Sort 32,1000,414,0.379151
Bubble Sort 32,1000,415,0.378739
Bubble Sort 32,1000,416,0.378831
Bubble Sort 32,1000,417,0.381821
Bubble Sort 32,1000,418,0.382024
Bubble Sort 32,1000,419,0.380338
Bubble Sort 32,1000,420,0.379268
Bubble Sort 32,1000,421,0.380468
Bubble Sort 32,1000,422,0.378172
Bubble Sort 32,1000,423,0.378947
Bubble Sort 32,1000,424,0.383317
Bubble Sort 32,1000,425,0.380056
Bubble Sort 32,1000,426,0.379046
Bubble Sort 32,1000,427,0.380985
Bubble Sort 32,1000,428,0.377969
Bubble Sort 32,1000,429,0.381403
Bubble Sort 32,1000,430,0.38088
Bubble Sort 32,1000,431,0.380407
Bubble Sort 32,1000,432,0.380468
Bubble Sort 32,1000,433,0.38072
Bubble Sort 32,1000,434,0.380043
Bubble Sort 32,1000,435,0.400295
Bubble Sort 32,1000,436,0.384314
Bubble Sort 32,1000,437,0.385501
Bubble Sort 32,1000,438,0.398671
Bubble Sort 32,1000,439,0.393643
Bubble Sort 32,1000,440,0.39256
Bubble Sort 32,1000,441,0.390234
Bubble Sort 32,1000,442,0.389624
Bubble Sort 32,1000,443,0.388923
Bubble Sort 32,1000,444,0.399243
Bubble Sort 32,1000,445,0.38264
Bubble Sort 32,1000,446,0.37808
Bubble Sort 32,1000,447,0.387102
Bubble Sort 32,1000,448,0.380807
Bubble Sort 32,1000,449,0.398314
Bubble Sort 32,1000,450,0.398456
Bubble Sort 32,1000,451,0.379403
Bubble Sort 32,1000,452,0.378025
Bubble Sort 32,1000,453,0.377016
Bubble Sort 32,1000,454,0.38915
Bubble Sort 32,1000,455,0.381059
Bubble Sort 32,1000,456,0.379674
Bubble Sort 32,1000,457,0.397846
Bubble Sort 32,1000,458,0.378376
Bubble Sort 32,1000,459,0.381305
Bubble Sort 32,1000,460,0.39752
Bubble Sort 32,1000,461,0.378942
Bubble Sort 32,1000,462,0.379053
Bubble Sort 32,1000,463,0.378997
Bubble Sort 32,1000,464,0.396671
Bubble Sort 32,1000,465,0.378117
Bubble Sort 32,1000,466,0.398302
Bubble Sort 32,1000,467,0.378056
Bubble Sort 32,1000,468,0.377982
Bubble Sort 32,1000,469,0.378658
Bubble Sort 32,1000,470,0.398567
Bubble Sort 32,1000,471,0.39936
Bubble Sort 32,1000,472,0.397871
Bubble Sort 32,1000,473,0.378492
Bubble Sort 32,1000,474,0.385927
Bubble Sort 32,1000,475,0.380997
Bubble Sort 32,1000,476,0.378867
Bubble Sort 32,1000,477,0.378487
Bubble Sort 32,1000,478,0.378055
Bubble Sort 32,1000,479,0.380997
Bubble Sort 32,1000,480,0.398776
Bubble Sort 32,1000,481,0.381846
Bubble Sort 32,1000,482,0.380105
Bubble Sort 32,1000,483,0.379231
Bubble Sort 32,1000,484,0.377951
Bubble Sort 32,1000,485,0.379347
Bubble Sort 32,1000,486,0.39755
Bubble Sort 32,1000,487,0.379853
Bubble Sort 32,1000,488,0.381877
Bubble Sort 32,1000,489,0.378178
Bubble Sort 32,1000,490,0.398905
Bubble Sort 32,1000,491,0.379108
Bubble Sort 32,1000,492,0.378917
Bubble Sort 32,1000,493,0.37901
Bubble Sort 32,1000,494,0.389514
Bubble Sort 32,1000,495,0.381908
Bubble Sort 32,1000,496,0.398086
Bubble Sort 32,1000,497,0.379047
Bubble Sort 32,1000,498,0.378135
Bubble Sort 32,1000,499,0.379723
Bubble Sort 32,1000,500,0.397932
Bubble Sort 32,1000,501,0.386344
Bubble Sort 32,1000,502,0.37856
Bubble Sort 32,1000,503,0.378191
Bubble Sort 32,1000,504,0.38064
Bubble Sort 32,1000,505,0.398295
Bubble Sort 32,1000,506,0.379379
Bubble Sort 32,1000,507,0.38408
Bubble Sort 32,1000,508,0.381914
Bubble Sort 32,1000,509,0.379452
Bubble Sort 32,1000,510,0.397139
Bubble Sort 32,1000,511,0.379846
Bubble Sort 32,1000,512,0.379447
Bubble Sort 32,1000,513,0.380271
Bubble Sort 32,1000,514,0.37856
Bubble Sort 32,1000,515,0.378505
Bubble Sort 32,1000,516,0.379385
Bubble Sort 32,1000,517,0.382474
Bubble Sort 32,1000,518,0.378793
Bubble Sort 32,1000,519,0.380412
Bubble Sort 32,1000,520,0.378511
Bubble Sort 32,1000,521,0.398867
Bubble Sort 32,1000,522,0.379662
Bubble Sort 32,1000,523,0.380579
Bubble Sort 32,1000,524,0.379773
Bubble Sort 32,1000,525,0.381046
Bubble Sort 32,1000,526,0.380461
Bubble Sort 32,1000,527,0.380837
Bubble Sort 32,1000,528,0.378554
Bubble Sort 32,1000,529,0.37864
Bubble Sort 32,1000,530,0.380067
Bubble Sort 32,1000,531,0.381673
Bubble Sort 32,1000,532,0.378843
Bubble Sort 32,1000,533,0.396732
Bubble Sort 32,1000,534,0.380867
Bubble Sort 32,1000,535,0.380554
Bubble Sort 32,1000,536,0.397077
Bubble Sort 32,1000,537,0.379194
Bubble Sort 32,1000,538,0.379249
Bubble Sort 32,1000,539,0.377754
Bubble Sort 32,1000,540,0.384393
Bubble Sort 32,1000,541,0.379686
Bubble Sort 32,1000,542,0.381907
Bubble Sort 32,1000,543,0.381514
Bubble Sort 32,1000,544,0.381384
Bubble Sort 32,1000,545,0.381293
Bubble Sort 32,1000,546,0.381483
Bubble Sort 32,1000,547,0.38128
Bubble Sort 32,1000,548,0.37968
Bubble Sort 32,1000,549,0.380622
Bubble Sort 32,1000,550,0.38
Bubble Sort 32,1000,551,0.379533
Bubble Sort 32,1000,552,0.378573
Bubble Sort 32,1000,553,0.379662
Bubble Sort 32,1000,554,0.380714
Bubble Sort 32,1000,555,0.378363
Bubble Sort 32,1000,556,0.377976
Bubble Sort 32,1000,557,0.379144
Bubble Sort 32,1000,558,0.379114
Bubble Sort 32,1000,559,0.378621
Bubble Sort 32,1000,560,0.391852
Bubble Sort 32,1000,561,0.38016
Bubble Sort 32,1000,562,0.38304
Bubble Sort 32,1000,563,0.398615
Bubble Sort 32,1000,564,0.37872
Bubble Sort 32,1000,565,0.380271
Bubble Sort 32,1000,566,0.39792
Bubble Sort 32,1000,567,0.382221
Bubble Sort 32,1000,568,0.379815
Bubble Sort 32,1000,569,0.37888
Bubble Sort 32,1000,570,0.380135
Bubble Sort 32,1000,571,0.378388
Bubble Sort 32,1000,572,0.377508
Bubble Sort 32,1000,573,0.378517
Bubble Sort 32,1000,574,0.399569
Bubble Sort 32,1000,575,0.378326
Bubble Sort 32,1000,576,0.397471
Bubble Sort 32,1000,577,0.378954
Bubble Sort 32,1000,578,0.379656
Bubble Sort 32,1000,579,0.379631
Bubble Sort 32,1000,580,0.378067
Bubble Sort 32,1000,581,0.380769
Bubble Sort 32,1000,582,0.378375
Bubble Sort 32,1000,583,0.378756
Bubble Sort 32,1000,584,0.398437
Bubble Sort 32,1000,585,0.379581
Bubble Sort 32,1000,586,0.378492
Bubble Sort 32,1000,587,0.387625
Bubble Sort 32,1000,588,0.378437
Bubble Sort 32,1000,589,0.379791
Bubble Sort 32,1000,590,0.397582
Bubble Sort 32,1000,591,0.378222
Bubble Sort 32,1000,592,0.378566
Bubble Sort 32,1000,593,0.381593
Bubble Sort 32,1000,594,0.380166
Bubble Sort 32,1000,595,0.379182
Bubble Sort 32,1000,596,0.381618
Bubble Sort 32,1000,597,0.377588
Bubble Sort 32,1000,598,0.397163
Bubble Sort 32,1000,599,0.379225
Bubble Sort 32,1000,600,0.377803
Bubble Sort 32,1000,601,0.380339
Bubble Sort 32,1000,602,0.380449
Bubble Sort 32,1000,603,0.379613
Bubble Sort 32,1000,604,0.380265
Bubble Sort 32,1000,605,0.380129
Bubble Sort 32,1000,606,0.379803
Bubble Sort 32,1000,607,0.379126
Bubble Sort 32,1000,608,0.379194
Bubble Sort 32,1000,609,0.378979
Bubble Sort 32,1000,610,0.378579
Bubble Sort 32,1000,611,0.380444
Bubble Sort 32,1000,612,0.379507
Bubble Sort 32,1000,613,0.379557
Bubble Sort 32,1000,614,0.379693
Bubble Sort 32,1000,615,0.38056
Bubble Sort 32,1000,616,0.37888
Bubble Sort 32,1000,617,0.380425
Bubble Sort 32,1000,618,0.379674
Bubble Sort 32,1000,619,0.381969
Bubble Sort 32,1000,620,0.397637
Bubble Sort 32,1000,621,0.379434
Bubble Sort 32,1000,622,0.380271
Bubble Sort 32,1000,623,0.380123
Bubble Sort 32,1000,624,0.380314
Bubble Sort 32,1000,625,0.381446
Bubble Sort 32,1000,626,0.380142
Bubble Sort 32,1000,627,0.378782
Bubble Sort 32,1000,628,0.399883
Bubble Sort 32,1000,629,0.379828
Bubble Sort 32,1000,630,0.38096
Bubble Sort 32,1000,631,0.397532
Bubble Sort 32,1000,632,0.379944
Bubble Sort 32,1000,633,0.380037
Bubble Sort 32,1000,634,0.422844
Bubble Sort 32,1000,635,0.380819
Bubble Sort 32,1000,636,0.397963
Bubble Sort 32,1000,637,0.395705
Bubble Sort 32,1000,638,0.384985
Bubble Sort 32,1000,639,0.396929
Bubble Sort 32,1000,640,0.398271
Bubble Sort 32,1000,641,0.390105
Bubble Sort 32,1000,642,0.389803
Bubble Sort 32,1000,643,0.39144
Bubble Sort 32,1000,644,0.396234
Bubble Sort 32,1000,645,0.384942
Bubble Sort 32,1000,646,0.381286
Bubble Sort 32,1000,647,0.378591
Bubble Sort 32,1000,648,0.381489
Bubble Sort 32,1000,649,0.380221
Bubble Sort 32,1000,650,0.377797
Bubble Sort 32,1000,651,0.380787
Bubble Sort 32,1000,652,0.397964
Bubble Sort 32,1000,653,0.37928
Bubble Sort 32,1000,654,0.382585
Bubble Sort 32,1000,655,0.379705
Bubble Sort 32,1000,656,0.379083
Bubble Sort 32,1000,657,0.380701
Bubble Sort 32,1000,658,0.380837
Bubble Sort 32,1000,659,0.377483
Bubble Sort 32,1000,660,0.398449
Bubble Sort 32,1000,661,0.379575
Bubble Sort 32,1000,662,0.382899
Bubble Sort 32,1000,663,0.379384
Bubble Sort 32,1000,664,0.397354
Bubble Sort 32,1000,665,0.380824
Bubble Sort 32,1000,666,0.37944
Bubble Sort 32,1000,667,0.379268
Bubble Sort 32,1000,668,0.378394
Bubble Sort 32,1000,669,0.37928
Bubble Sort 32,1000,670,0.377471
Bubble Sort 32,1000,671,0.390006
Bubble Sort 32,1000,672,0.38787
Bubble Sort 32,1000,673,0.381969
Bubble Sort 32,1000,674,0.3792
Bubble Sort 32,1000,675,0.380634
Bubble Sort 32,1000,676,0.378369
Bubble Sort 32,1000,677,0.378462
Bubble Sort 32,1000,678,0.381317
Bubble Sort 32,1000,679,0.378978
Bubble Sort 32,1000,680,0.399218
Bubble Sort 32,1000,681,0.378843
Bubble Sort 32,1000,682,0.381465
Bubble Sort 32,1000,683,0.381858
Bubble Sort 32,1000,684,0.380972
Bubble Sort 32,1000,685,0.379157
Bubble Sort 32,1000,686,0.379243
Bubble Sort 32,1000,687,0.378603
Bubble Sort 32,1000,688,0.380825
Bubble Sort 32,1000,689,0.380019
Bubble Sort 32,1000,690,0.387224
Bubble Sort 32,1000,691,0.381003
Bubble Sort 32,1000,692,0.379619
Bubble Sort 32,1000,693,0.378609
Bubble Sort 32,1000,694,0.379914
Bubble Sort 32,1000,695,0.380221
Bubble Sort 32,1000,696,0.379791
Bubble Sort 32,1000,697,0.38131
Bubble Sort 32,1000,698,0.421674
Bubble Sort 32,1000,699,0.378529
Bubble Sort 32,1000,700,0.398197
Bubble Sort 32,1000,701,0.385434
Bubble Sort 32,1000,702,0.379273
Bubble Sort 32,1000,703,0.380984
Bubble Sort 32,1000,704,0.378923
Bubble Sort 32,1000,705,0.381249
Bubble Sort 32,1000,706,0.398142
Bubble Sort 32,1000,707,0.378953
Bubble Sort 32,1000,708,0.380714
Bubble Sort 32,1000,709,0.397668
Bubble Sort 32,1000,710,0.379224
Bubble Sort 32,1000,711,0.380566
Bubble Sort 32,1000,712,0.379224
Bubble Sort 32,1000,713,0.379643
Bubble Sort 32,1000,714,0.380394
Bubble Sort 32,1000,715,0.380603
Bubble Sort 32,1000,716,0.377612
Bubble Sort 32,1000,717,0.387286
Bubble Sort 32,1000,718,0.380806
Bubble Sort 32,1000,719,0.378357
Bubble Sort 32,1000,720,0.381853
Bubble Sort 32,1000,721,0.380511
Bubble Sort 32,1000,722,0.379907
Bubble Sort 32,1000,723,0.378259
Bubble Sort 32,1000,724,0.383434
Bubble Sort 32,1000,725,0.378179
Bubble Sort 32,1000,726,0.379704
Bubble Sort 32,1000,727,0.379527
Bubble Sort 32,1000,728,0.378487
Bubble Sort 32,1000,729,0.398209
Bubble Sort 32,1000,730,0.37968
Bubble Sort 32,1000,731,0.379255
Bubble Sort 32,1000,732,0.378707
Bubble Sort 32,1000,733,0.377458
Bubble Sort 32,1000,734,0.381631
Bubble Sort 32,1000,735,0.378099
Bubble Sort 32,1000,736,0.379914
Bubble Sort 32,1000,737,0.379243
Bubble Sort 32,1000,738,0.381144
Bubble Sort 32,1000,739,0.37904
Bubble Sort 32,1000,740,0.382222
Bubble Sort 32,1000,741,0.378979
Bubble Sort 32,1000,742,0.37912
Bubble Sort 32,1000,743,0.379108
Bubble Sort 32,1000,744,0.42952
Bubble Sort 32,1000,745,0.379773
Bubble Sort 32,1000,746,0.378529
Bubble Sort 32,1000,747,0.378874
Bubble Sort 32,1000,748,0.379483
Bubble Sort 32,1000,749,0.399532
Bubble Sort 32,1000,750,0.379224
Bubble Sort 32,1000,751,0.378954
Bubble Sort 32,1000,752,0.398462
Bubble Sort 32,1000,753,0.380689
Bubble Sort 32,1000,754,0.380061
Bubble Sort 32,1000,755,0.378855
Bubble Sort 32,1000,756,0.37915
Bubble Sort 32,1000,757,0.380332
Bubble Sort 32,1000,758,0.382283
Bubble Sort 32,1000,759,0.381539
Bubble Sort 32,1000,760,0.37848
Bubble Sort 32,1000,761,0.379113
Bubble Sort 32,1000,762,0.379982
Bubble Sort 32,1000,763,0.402387
Bubble Sort 32,1000,764,0.387286
Bubble Sort 32,1000,765,0.396363
Bubble Sort 32,1000,766,0.405551
Bubble Sort 32,1000,767,0.404043
Bubble Sort 32,1000,768,0.400861
Bubble Sort 32,1000,769,0.423871
Bubble Sort 32,1000,770,0.400424
Bubble Sort 32,1000,771,0.405833
Bubble Sort 32,1000,772,0.390093
Bubble Sort 32,1000,773,0.407736
Bubble Sort 32,1000,774,0.400794
Bubble Sort 32,1000,775,0.41248
Bubble Sort 32,1000,776,0.396093
Bubble Sort 32,1000,777,0.391021
Bubble Sort 32,1000,778,0.408547
Bubble Sort 32,1000,779,0.400935
Bubble Sort 32,1000,780,0.389231
Bubble Sort 32,1000,781,0.400381
Bubble Sort 32,1000,782,0.38912
Bubble Sort 32,1000,783,0.399151
Bubble Sort 32,1000,784,0.381563
Bubble Sort 32,1000,785,0.383778
Bubble Sort 32,1000,786,0.38352
Bubble Sort 32,1000,787,0.383366
Bubble Sort 32,1000,788,0.382578
Bubble Sort 32,1000,789,0.379422
Bubble Sort 32,1000,790,0.380462
Bubble Sort 32,1000,791,0.391625
Bubble Sort 32,1000,792,0.380394
Bubble Sort 32,1000,793,0.38032
Bubble Sort 32,1000,794,0.384419
Bubble Sort 32,1000,795,0.378529
Bubble Sort 32,1000,796,0.380806
Bubble Sort 32,1000,797,0.379631
Bubble Sort 32,1000,798,0.3864
Bubble Sort 32,1000,799,0.396406
Bubble Sort 32,1000,800,0.392468
Bubble Sort 32,1000,801,0.390221
Bubble Sort 32,1000,802,0.397711
Bubble Sort 32,1000,803,0.393317
Bubble Sort 32,1000,804,0.394099
Bubble Sort 32,1000,805,0.385341
Bubble Sort 32,1000,806,0.407587
Bubble Sort 32,1000,807,0.39552
Bubble Sort 32,1000,808,0.42288
Bubble Sort 32,1000,809,0.397637
Bubble Sort 32,1000,810,0.386837
Bubble Sort 32,1000,811,0.4076
Bubble Sort 32,1000,812,0.410541
Bubble Sort 32,1000,813,0.398209
Bubble Sort 32,1000,814,0.399551
Bubble Sort 32,1000,815,0.39539
Bubble Sort 32,1000,816,0.421569
Bubble Sort 32,1000,817,0.414179
Bubble Sort 32,1000,818,0.412727
Bubble Sort 32,1000,819,0.410394
Bubble Sort 32,1000,820,0.388252
Bubble Sort 32,1000,821,0.401858
Bubble Sort 32,1000,822,0.397243
Bubble Sort 32,1000,823,0.396037
Bubble Sort 32,1000,824,0.409748
Bubble Sort 32,1000,825,0.401889
Bubble Sort 32,1000,826,0.394973
Bubble Sort 32,1000,827,0.392173
Bubble Sort 32,1000,828,0.431083
Bubble Sort 32,1000,829,0.3876
Bubble Sort 32,1000,830,0.385108
Bubble Sort 32,1000,831,0.380492
Bubble Sort 32,1000,832,0.384942
Bubble Sort 32,1000,833,0.38208
Bubble Sort 32,1000,834,0.388191
Bubble Sort 32,1000,835,0.400536
Bubble Sort 32,1000,836,0.381698
Bubble Sort 32,1000,837,0.383686
Bubble Sort 32,1000,838,0.381034
Bubble Sort 32,1000,839,0.3812
Bubble Sort 32,1000,840,0.381101
Bubble Sort 32,1000,841,0.380695
Bubble Sort 32,1000,842,0.381982
Bubble Sort 32,1000,843,0.391415
Bubble Sort 32,1000,844,0.389397
Bubble Sort 32,1000,845,0.387132
Bubble Sort 32,1000,846,0.390775
Bubble Sort 32,1000,847,0.423489
Bubble Sort 32,1000,848,0.401391
Bubble Sort 32,1000,849,0.402154
Bubble Sort 32,1000,850,0.402911
Bubble Sort 32,1000,851,0.402098
Bubble Sort 32,1000,852,0.427212
Bubble Sort 32,1000,853,0.396677
Bubble Sort 32,1000,854,0.396271
Bubble Sort 32,1000,855,0.39864
Bubble Sort 32,1000,856,0.384443
Bubble Sort 32,1000,857,0.422671
Bubble Sort 32,1000,858,0.408234
Bubble Sort 32,1000,859,0.393397
Bubble Sort 32,1000,860,0.39336
Bubble Sort 32,1000,861,0.410726
Bubble Sort 32,1000,862,0.415502
Bubble Sort 32,1000,863,0.408603
Bubble Sort 32,1000,864,0.395274
Bubble Sort 32,1000,865,0.390775
Bubble Sort 32,1000,866,0.397501
Bubble Sort 32,1000,867,0.386492
Bubble Sort 32,1000,868,0.404917
Bubble Sort 32,1000,869,0.432849
Bubble Sort 32,1000,870,0.393169
Bubble Sort 32,1000,871,0.414782
Bubble Sort 32,1000,872,0.392659
Bubble Sort 32,1000,873,0.388806
Bubble Sort 32,1000,874,0.404093
Bubble Sort 32,1000,875,0.41672
Bubble Sort 32,1000,876,0.395859
Bubble Sort 32,1000,877,0.391348
Bubble Sort 32,1000,878,0.41376
Bubble Sort 32,1000,879,0.402707
Bubble Sort 32,1000,880,0.391606
Bubble Sort 32,1000,881,0.390978
Bubble Sort 32,1000,882,0.391102
Bubble Sort 32,1000,883,0.402468
Bubble Sort 32,1000,884,0.39312
Bubble Sort 32,1000,885,0.390683
Bubble Sort 32,1000,886,0.380486
Bubble Sort 32,1000,887,0.381686
Bubble Sort 32,1000,888,0.382455
Bubble Sort 32,1000,889,0.395421
Bubble Sort 32,1000,890,0.380068
Bubble Sort 32,1000,891,0.378806
Bubble Sort 32,1000,892,0.379907
Bubble Sort 32,1000,893,0.377821
Bubble Sort 32,1000,894,0.398357
Bubble Sort 32,1000,895,0.381508
Bubble Sort 32,1000,896,0.382382
Bubble Sort 32,1000,897,0.38272
Bubble Sort 32,1000,898,0.38053
Bubble Sort 32,1000,899,0.381705
Bubble Sort 32,1000,900,0.379994
Bubble Sort 32,1000,901,0.388339
Bubble Sort 32,1000,902,0.384893
Bubble Sort 32,1000,903,0.381495
Bubble Sort 32,1000,904,0.380806
Bubble Sort 32,1000,905,0.380652
Bubble Sort 32,1000,906,0.38016
Bubble Sort 32,1000,907,0.380141
Bubble Sort 32,1000,908,0.390677
Bubble Sort 32,1000,909,0.380468
Bubble Sort 32,1000,910,0.380068
Bubble Sort 32,1000,911,0.382276
Bubble Sort 32,1000,912,0.381581
Bubble Sort 32,1000,913,0.383846
Bubble Sort 32,1000,914,0.379932
Bubble Sort 32,1000,915,0.389631
Bubble Sort 32,1000,916,0.37992
Bubble Sort 32,1000,917,0.391145
Bubble Sort 32,1000,918,0.387169
Bubble Sort 32,1000,919,0.384634
Bubble Sort 32,1000,920,0.384733
Bubble Sort 32,1000,921,0.38627
Bubble Sort 32,1000,922,0.386246
Bubble Sort 32,1000,923,0.383668
Bubble Sort 32,1000,924,0.383065
Bubble Sort 32,1000,925,0.38323
Bubble Sort 32,1000,926,0.384831
Bubble Sort 32,1000,927,0.3844
Bubble Sort 32,1000,928,0.38168
Bubble Sort 32,1000,929,0.383729
Bubble Sort 32,1000,930,0.384499
Bubble Sort 32,1000,931,0.384394
Bubble Sort 32,1000,932,0.382222
Bubble Sort 32,1000,933,0.382308
Bubble Sort 32,1000,934,0.382166
Bubble Sort 32,1000,935,0.384751
Bubble Sort 32,1000,936,0.384283
Bubble Sort 32,1000,937,0.382671
Bubble Sort 32,1000,938,0.382677
Bubble Sort 32,1000,939,0.386067
Bubble Sort 32,1000,940,0.385064
Bubble Sort 32,1000,941,0.38293
Bubble Sort 32,1000,942,0.385188
Bubble Sort 32,1000,943,0.385526
Bubble Sort 32,1000,944,0.385496
Bubble Sort 32,1000,945,0.382597
Bubble Sort 32,1000,946,0.384615
Bubble Sort 32,1000,947,0.381544
Bubble Sort 32,1000,948,0.381625
Bubble Sort 32,1000,949,0.383557
Bubble Sort 32,1000,950,0.385458
Bubble Sort 32,1000,951,0.38491
Bubble Sort 32,1000,952,0.386492
Bubble Sort 32,1000,953,0.383489
Bubble Sort 32,1000,954,0.380597
Bubble Sort 32,1000,955,0.384714
Bubble Sort 32,1000,956,0.383693
Bubble Sort 32,1000,957,0.386418
Bubble Sort 32,1000,958,0.38181
Bubble Sort 32,1000,959,0.381667
Bubble Sort 32,1000,960,0.385416
Bubble Sort 32,1000,961,0.384455
Bubble Sort 32,1000,962,0.381736
Bubble Sort 32,1000,963,0.391421
Bubble Sort 32,1000,964,0.381643
Bubble Sort 32,1000,965,0.383299
Bubble Sort 32,1000,966,0.385089
Bubble Sort 32,1000,967,0.38464
Bubble Sort 32,1000,968,0.385262
Bubble Sort 32,1000,969,0.384609
Bubble Sort 32,1000,970,0.394647
Bubble Sort 32,1000,971,0.382861
Bubble Sort 32,1000,972,0.385514
Bubble Sort 32,1000,973,0.387347
Bubble Sort 32,1000,974,0.382917
Bubble Sort 32,1000,975,0.381797
Bubble Sort 32,1000,976,0.400787
Bubble Sort 32,1000,977,0.395138
Bubble Sort 32,1000,978,0.386493
Bubble Sort 32,1000,979,0.384043
Bubble Sort 32,1000,980,0.381846
Bubble Sort 32,1000,981,0.38331
Bubble Sort 32,1000,982,0.384123
Bubble Sort 32,1000,983,0.383287
Bubble Sort 32,1000,984,0.388197
Bubble Sort 32,1000,985,0.382788
Bubble Sort 32,1000,986,0.384062
Bubble Sort 32,1000,987,0.383705
Bubble Sort 32,1000,988,0.38504
Bubble Sort 32,1000,989,0.382775
Bubble Sort 32,1000,990,0.383064
Bubble Sort 32,1000,991,0.383637
Bubble Sort 32,1000,992,0.383071
Bubble Sort 32,1000,993,0.380615
Bubble Sort 32,1000,994,0.387163
Bubble Sort 32,1000,995,0.382025
Bubble Sort 32,1000,996,0.385662
Bubble Sort 32,1000,997,0.383569
Bubble Sort 32,1000,998,0.384271
Bubble Sort 32,1000,999,0.385564
Bubble Sort 32,1000,1000,0.384277
Bubble Sort 32,10000,1,0.393378
Bubble Sort 32,10000,2,0.387077
Bubble Sort 32,10000,3,0.386246
Bubble Sort 32,10000,4,0.381649
Bubble Sort 32,10000,5,0.38355
Bubble Sort 32,10000,6,0.383428
Bubble Sort 32,10000,7,0.432573
Bubble Sort 32,10000,8,0.384886
Bubble Sort 32,10000,9,0.383347
Bubble Sort 32,10000,10,0.37952
Bubble Sort 32,10000,11,0.384092
Bubble Sort 32,10000,12,0.384363
Bubble Sort 32,10000,13,0.383157
Bubble Sort 32,10000,14,0.385397
Bubble Sort 32,10000,15,0.384375
Bubble Sort 32,10000,16,0.380646
Bubble Sort 32,10000,17,0.383821
Bubble Sort 32,10000,18,0.381391
Bubble Sort 32,10000,19,0.382917
Bubble Sort 32,10000,20,0.383046
Bubble Sort 32,10000,21,0.384917
Bubble Sort 32,10000,22,0.381163
Bubble Sort 32,10000,23,0.385815
Bubble Sort 32,10000,24,0.381502
Bubble Sort 32,10000,25,0.381902
Bubble Sort 32,10000,26,0.382271
Bubble Sort 32,10000,27,0.38136
Bubble Sort 32,10000,28,0.381286
Bubble Sort 32,10000,29,0.386055
Bubble Sort 32,10000,30,0.381206
Bubble Sort 32,10000,31,0.382517
Bubble Sort 32,10000,32,0.382584
Bubble Sort 32,10000,33,0.382707
Bubble Sort 32,10000,34,0.379373
Bubble Sort 32,10000,35,0.387532
Bubble Sort 32,10000,36,0.385292
Bubble Sort 32,10000,37,0.393778
Bubble Sort 32,10000,38,0.393976
Bubble Sort 32,10000,39,0.387994
Bubble Sort 32,10000,40,0.397661
Bubble Sort 32,10000,41,0.393397
Bubble Sort 32,10000,42,0.394572
Bubble Sort 32,10000,43,0.391637
Bubble Sort 32,10000,44,0.393649
Bubble Sort 32,10000,45,0.397828
Bubble Sort 32,10000,46,0.386984
Bubble Sort 32,10000,47,0.38536
Bubble Sort 32,10000,48,0.381853
Bubble Sort 32,10000,49,0.384283
Bubble Sort 32,10000,50,0.383753
Bubble Sort 32,10000,51,0.381507
Bubble Sort 32,10000,52,0.386849
Bubble Sort 32,10000,53,0.38272
Bubble Sort 32,10000,54,0.385969
Bubble Sort 32,10000,55,0.384634
Bubble Sort 32,10000,56,0.385496
Bubble Sort 32,10000,57,0.385329
Bubble Sort 32,10000,58,0.383335
Bubble Sort 32,10000,59,0.3848
Bubble Sort 32,10000,60,0.384129
Bubble Sort 32,10000,61,0.385723
Bubble Sort 32,10000,62,0.381803
Bubble Sort 32,10000,63,0.383662
Bubble Sort 32,10000,64,0.383821
Bubble Sort 32,10000,65,0.381889
Bubble Sort 32,10000,66,0.38531
Bubble Sort 32,10000,67,0.385877
Bubble Sort 32,10000,68,0.38235
Bubble Sort 32,10000,69,0.3836
Bubble Sort 32,10000,70,0.384966
Bubble Sort 32,10000,71,0.38392
Bubble Sort 32,10000,72,0.382831
Bubble Sort 32,10000,73,0.385593
Bubble Sort 32,10000,74,0.381735
Bubble Sort 32,10000,75,0.387551
Bubble Sort 32,10000,76,0.384265
Bubble Sort 32,10000,77,0.384886
Bubble Sort 32,10000,78,0.383274
Bubble Sort 32,10000,79,0.384351
Bubble Sort 32,10000,80,0.384179
Bubble Sort 32,10000,81,0.38376
Bubble Sort 32,10000,82,0.383286
Bubble Sort 32,10000,83,0.38229
Bubble Sort 32,10000,84,0.38344
Bubble Sort 32,10000,85,0.386049
Bubble Sort 32,10000,86,0.380898
Bubble Sort 32,10000,87,0.385218
Bubble Sort 32,10000,88,0.384849
Bubble Sort 32,10000,89,0.384295
Bubble Sort 32,10000,90,0.384055
Bubble Sort 32,10000,91,0.383514
Bubble Sort 32,10000,92,0.381865
Bubble Sort 32,10000,93,0.384061
Bubble Sort 32,10000,94,0.382591
Bubble Sort 32,10000,95,0.382307
Bubble Sort 32,10000,96,0.384308
Bubble Sort 32,10000,97,0.383188
Bubble Sort 32,10000,98,0.380246
Bubble Sort 32,10000,99,0.383797
Bubble Sort 32,10000,100,0.385108
Bubble Sort 32,10000,101,0.382622
Bubble Sort 32,10000,102,0.383575
Bubble Sort 32,10000,103,0.382203
Bubble Sort 32,10000,104,0.381975
Bubble Sort 32,10000,105,0.384572
Bubble Sort 32,10000,106,0.38368
Bubble Sort 32,10000,107,0.384074
Bubble Sort 32,10000,108,0.387108
Bubble Sort 32,10000,109,0.385551
Bubble Sort 32,10000,110,0.382836
Bubble Sort 32,10000,111,0.386837
Bubble Sort 32,10000,112,0.384972
Bubble Sort 32,10000,113,0.384499
Bubble Sort 32,10000,114,0.384665
Bubble Sort 32,10000,115,0.387156
Bubble Sort 32,10000,116,0.382055
Bubble Sort 32,10000,117,0.383391
Bubble Sort 32,10000,118,0.38675
Bubble Sort 32,10000,119,0.382246
Bubble Sort 32,10000,120,0.382246
Bubble Sort 32,10000,121,0.393231
Bubble Sort 32,10000,122,0.382923
Bubble Sort 32,10000,123,0.386074
Bubble Sort 32,10000,124,0.383606
Bubble Sort 32,10000,125,0.382621
Bubble Sort 32,10000,126,0.382554
Bubble Sort 32,10000,127,0.384886
Bubble Sort 32,10000,128,0.377471
Bubble Sort 32,10000,129,0.385139
Bubble Sort 32,10000,130,0.382726
Bubble Sort 32,10000,131,0.38611
Bubble Sort 32,10000,132,0.383089
Bubble Sort 32,10000,133,0.393563
Bubble Sort 32,10000,134,0.385889
Bubble Sort 32,10000,135,0.429101
Bubble Sort 32,10000,136,0.382898
Bubble Sort 32,10000,137,0.38187
Bubble Sort 32,10000,138,0.383502
Bubble Sort 32,10000,139,0.384142
Bubble Sort 32,10000,140,0.382935
Bubble Sort 32,10000,141,0.385453
Bubble Sort 32,10000,142,0.383409
Bubble Sort 32,10000,143,0.383273
Bubble Sort 32,10000,144,0.382099
Bubble Sort 32,10000,145,0.382861
Bubble Sort 32,10000,146,0.382092
Bubble Sort 32,10000,147,0.384086
Bubble Sort 32,10000,148,0.383619
Bubble Sort 32,10000,149,0.385077
Bubble Sort 32,10000,150,0.385446
Bubble Sort 32,10000,151,0.382984
Bubble Sort 32,10000,152,0.38192
Bubble Sort 32,10000,153,0.383705
Bubble Sort 32,10000,154,0.384628
Bubble Sort 32,10000,155,0.396492
Bubble Sort 32,10000,156,0.397667
Bubble Sort 32,10000,157,0.398689
Bubble Sort 32,10000,158,0.396468
Bubble Sort 32,10000,159,0.401459
Bubble Sort 32,10000,160,0.399207
Bubble Sort 32,10000,161,0.394646
Bubble Sort 32,10000,162,0.40176
Bubble Sort 32,10000,163,0.384486
Bubble Sort 32,10000,164,0.382486
Bubble Sort 32,10000,165,0.380345
Bubble Sort 32,10000,166,0.385323
Bubble Sort 32,10000,167,0.38216
Bubble Sort 32,10000,168,0.381354
Bubble Sort 32,10000,169,0.385668
Bubble Sort 32,10000,170,0.38344
Bubble Sort 32,10000,171,0.383532
Bubble Sort 32,10000,172,0.38448
Bubble Sort 32,10000,173,0.383526
Bubble Sort 32,10000,174,0.382388
Bubble Sort 32,10000,175,0.383587
Bubble Sort 32,10000,176,0.382111
Bubble Sort 32,10000,177,0.382972
Bubble Sort 32,10000,178,0.382984
Bubble Sort 32,10000,179,0.383237
Bubble Sort 32,10000,180,0.382535
Bubble Sort 32,10000,181,0.383729
Bubble Sort 32,10000,182,0.382037
Bubble Sort 32,10000,183,0.385502
Bubble Sort 32,10000,184,0.384738
Bubble Sort 32,10000,185,0.382874
Bubble Sort 32,10000,186,0.384307
Bubble Sort 32,10000,187,0.383797
Bubble Sort 32,10000,188,0.382357
Bubble Sort 32,10000,189,0.383859
Bubble Sort 32,10000,190,0.384806
Bubble Sort 32,10000,191,0.381858
Bubble Sort 32,10000,192,0.384111
Bubble Sort 32,10000,193,0.384412
Bubble Sort 32,10000,194,0.380653
Bubble Sort 32,10000,195,0.383772
Bubble Sort 32,10000,196,0.380616
Bubble Sort 32,10000,197,0.386
Bubble Sort 32,10000,198,0.388535
Bubble Sort 32,10000,199,0.385883
Bubble Sort 32,10000,200,0.382849
Bubble Sort 32,10000,201,0.383791
Bubble Sort 32,10000,202,0.385667
Bubble Sort 32,10000,203,0.380547
Bubble Sort 32,10000,204,0.384812
Bubble Sort 32,10000,205,0.387618
Bubble Sort 32,10000,206,0.382455
Bubble Sort 32,10000,207,0.386234
Bubble Sort 32,10000,208,0.383545
Bubble Sort 32,10000,209,0.384363
Bubble Sort 32,10000,210,0.38509
Bubble Sort 32,10000,211,0.386007
Bubble Sort 32,10000,212,0.382413
Bubble Sort 32,10000,213,0.385293
Bubble Sort 32,10000,214,0.38283
Bubble Sort 32,10000,215,0.379083
Bubble Sort 32,10000,216,0.383354
Bubble Sort 32,10000,217,0.426043
Bubble Sort 32,10000,218,0.381969
Bubble Sort 32,10000,219,0.382314
Bubble Sort 32,10000,220,0.385569
Bubble Sort 32,10000,221,0.382819
Bubble Sort 32,10000,222,0.383366
Bubble Sort 32,10000,223,0.381747
Bubble Sort 32,10000,224,0.379207
Bubble Sort 32,10000,225,0.387483
Bubble Sort 32,10000,226,0.383619
Bubble Sort 32,10000,227,0.382449
Bubble Sort 32,10000,228,0.384825
Bubble Sort 32,10000,229,0.383859
Bubble Sort 32,10000,230,0.381194
Bubble Sort 32,10000,231,0.392769
Bubble Sort 32,10000,232,0.383182
Bubble Sort 32,10000,233,0.383988
Bubble Sort 32,10000,234,0.38336
Bubble Sort 32,10000,235,0.384726
Bubble Sort 32,10000,236,0.383052
Bubble Sort 32,10000,237,0.384844
Bubble Sort 32,10000,238,0.39464
Bubble Sort 32,10000,239,0.381003
Bubble Sort 32,10000,240,0.382953
Bubble Sort 32,10000,241,0.384979
Bubble Sort 32,10000,242,0.384997
Bubble Sort 32,10000,243,0.385483
Bubble Sort 32,10000,244,0.3824
Bubble Sort 32,10000,245,0.393409
Bubble Sort 32,10000,246,0.384
Bubble Sort 32,10000,247,0.38176
Bubble Sort 32,10000,248,0.380825
Bubble Sort 32,10000,249,0.385459
Bubble Sort 32,10000,250,0.383483
Bubble Sort 32,10000,251,0.381305
Bubble Sort 32,10000,252,0.382523
Bubble Sort 32,10000,253,0.382221
Bubble Sort 32,10000,254,0.385064
Bubble Sort 32,10000,255,0.382966
Bubble Sort 32,10000,256,0.381551
Bubble Sort 32,10000,257,0.385083
Bubble Sort 32,10000,258,0.384234
Bubble Sort 32,10000,259,0.391772
Bubble Sort 32,10000,260,0.384037
Bubble Sort 32,10000,261,0.384444
Bubble Sort 32,10000,262,0.379797
Bubble Sort 32,10000,263,0.384917
Bubble Sort 32,10000,264,0.384289
Bubble Sort 32,10000,265,0.38451
Bubble Sort 32,10000,266,0.391428
Bubble Sort 32,10000,267,0.384615
Bubble Sort 32,10000,268,0.381317
Bubble Sort 32,10000,269,0.383791
Bubble Sort 32,10000,270,0.38496
Bubble Sort 32,10000,271,0.382412
Bubble Sort 32,10000,272,0.386665
Bubble Sort 32,10000,273,0.387256
Bubble Sort 32,10000,274,0.383163
Bubble Sort 32,10000,275,0.382388
Bubble Sort 32,10000,276,0.383261
Bubble Sort 32,10000,277,0.380929
Bubble Sort 32,10000,278,0.383939
Bubble Sort 32,10000,279,0.383231
Bubble Sort 32,10000,280,0.381532
Bubble Sort 32,10000,281,0.384412
Bubble Sort 32,10000,282,0.380849
Bubble Sort 32,10000,283,0.384732
Bubble Sort 32,10000,284,0.386843
Bubble Sort 32,10000,285,0.382819
Bubble Sort 32,10000,286,0.382585
Bubble Sort 32,10000,287,0.381267
Bubble Sort 32,10000,288,0.38485
Bubble Sort 32,10000,289,0.385815
Bubble Sort 32,10000,290,0.38403
Bubble Sort 32,10000,291,0.384825
Bubble Sort 32,10000,292,0.383477
Bubble Sort 32,10000,293,0.383797
Bubble Sort 32,10000,294,0.386529
Bubble Sort 32,10000,295,0.382621
Bubble Sort 32,10000,296,0.3828
Bubble Sort 32,10000,297,0.381212
Bubble Sort 32,10000,298,0.380326
Bubble Sort 32,10000,299,0.384296
Bubble Sort 32,10000,300,0.386037
Bubble Sort 32,10000,301,0.380037
Bubble Sort 32,10000,302,0.384308
Bubble Sort 32,10000,303,0.383071
Bubble Sort 32,10000,304,0.38184
Bubble Sort 32,10000,305,0.386991
Bubble Sort 32,10000,306,0.385716
Bubble Sort 32,10000,307,0.382978
Bubble Sort 32,10000,308,0.38592
Bubble Sort 32,10000,309,0.382806
Bubble Sort 32,10000,310,0.38264
Bubble Sort 32,10000,311,0.384935
Bubble Sort 32,10000,312,0.38285
Bubble Sort 32,10000,313,0.381501
Bubble Sort 32,10000,314,0.391299
Bubble Sort 32,10000,315,0.382147
Bubble Sort 32,10000,316,0.384609
Bubble Sort 32,10000,317,0.400012
Bubble Sort 32,10000,318,0.399711
Bubble Sort 32,10000,319,0.383588
Bubble Sort 32,10000,320,0.383772
Bubble Sort 32,10000,321,0.383164
Bubble Sort 32,10000,322,0.388732
Bubble Sort 32,10000,323,0.402856
Bubble Sort 32,10000,324,0.385298
Bubble Sort 32,10000,325,0.392424
Bubble Sort 32,10000,326,0.401409
Bubble Sort 32,10000,327,0.380972
Bubble Sort 32,10000,328,0.40064
Bubble Sort 32,10000,329,0.399391
Bubble Sort 32,10000,330,0.387003
Bubble Sort 32,10000,331,0.400806
Bubble Sort 32,10000,332,0.381563
Bubble Sort 32,10000,333,0.397858
Bubble Sort 32,10000,334,0.399144
Bubble Sort 32,10000,335,0.384855
Bubble Sort 32,10000,336,0.399896
Bubble Sort 32,10000,337,0.388948
Bubble Sort 32,10000,338,0.383779
Bubble Sort 32,10000,339,0.399982
Bubble Sort 32,10000,340,0.40112
Bubble Sort 32,10000,341,0.399316
Bubble Sort 32,10000,342,0.401778
Bubble Sort 32,10000,343,0.397637
Bubble Sort 32,10000,344,0.410695
Bubble Sort 32,10000,345,0.399477
Bubble Sort 32,10000,346,0.399212
Bubble Sort 32,10000,347,0.381932
Bubble Sort 32,10000,348,0.398584
Bubble Sort 32,10000,349,0.399206
Bubble Sort 32,10000,350,0.414173
Bubble Sort 32,10000,351,0.403071
Bubble Sort 32,10000,352,0.398572
Bubble Sort 32,10000,353,0.39808
Bubble Sort 32,10000,354,0.398831
Bubble Sort 32,10000,355,0.383815
Bubble Sort 32,10000,356,0.383397
Bubble Sort 32,10000,357,0.386031
Bubble Sort 32,10000,358,0.381988
Bubble Sort 32,10000,359,0.381877
Bubble Sort 32,10000,360,0.383003
Bubble Sort 32,10000,361,0.382185
Bubble Sort 32,10000,362,0.38624
Bubble Sort 32,10000,363,0.382843
Bubble Sort 32,10000,364,0.383391
Bubble Sort 32,10000,365,0.381895
Bubble Sort 32,10000,366,0.381207
Bubble Sort 32,10000,367,0.381114
Bubble Sort 32,10000,368,0.385366
Bubble Sort 32,10000,369,0.382868
Bubble Sort 32,10000,370,0.381452
Bubble Sort 32,10000,371,0.386652
Bubble Sort 32,10000,372,0.381409
Bubble Sort 32,10000,373,0.382689
Bubble Sort 32,10000,374,0.383329
Bubble Sort 32,10000,375,0.384258
Bubble Sort 32,10000,376,0.38144
Bubble Sort 32,10000,377,0.382179
Bubble Sort 32,10000,378,0.386942
Bubble Sort 32,10000,379,0.382141
Bubble Sort 32,10000,380,0.384548
Bubble Sort 32,10000,381,0.384013
Bubble Sort 32,10000,382,0.380301
Bubble Sort 32,10000,383,0.385219
Bubble Sort 32,10000,384,0.383385
Bubble Sort 32,10000,385,0.383114
Bubble Sort 32,10000,386,0.385822
Bubble Sort 32,10000,387,0.38224
Bubble Sort 32,10000,388,0.382745
Bubble Sort 32,10000,389,0.384055
Bubble Sort 32,10000,390,0.383212
Bubble Sort 32,10000,391,0.382542
Bubble Sort 32,10000,392,0.383913
Bubble Sort 32,10000,393,0.384431
Bubble Sort 32,10000,394,0.382191
Bubble Sort 32,10000,395,0.383791
Bubble Sort 32,10000,396,0.385114
Bubble Sort 32,10000,397,0.383477
Bubble Sort 32,10000,398,0.386148
Bubble Sort 32,10000,399,0.381711
Bubble Sort 32,10000,400,0.382049
Bubble Sort 32,10000,401,0.381397
Bubble Sort 32,10000,402,0.383483
Bubble Sort 32,10000,403,0.381058
Bubble Sort 32,10000,404,0.384547
Bubble Sort 32,10000,405,0.388178
Bubble Sort 32,10000,406,0.383058
Bubble Sort 32,10000,407,0.384585
Bubble Sort 32,10000,408,0.38288
Bubble Sort 32,10000,409,0.378923
Bubble Sort 32,10000,410,0.383311
Bubble Sort 32,10000,411,0.383846
Bubble Sort 32,10000,412,0.393932
Bubble Sort 32,10000,413,0.381353
Bubble Sort 32,10000,414,0.380966
Bubble Sort 32,10000,415,0.379871
Bubble Sort 32,10000,416,0.384696
Bubble Sort 32,10000,417,0.384394
Bubble Sort 32,10000,418,0.382437
Bubble Sort 32,10000,419,0.394338
Bubble Sort 32,10000,420,0.381052
Bubble Sort 32,10000,421,0.382646
Bubble Sort 32,10000,422,0.381495
Bubble Sort 32,10000,423,0.382942
Bubble Sort 32,10000,424,0.38232
Bubble Sort 32,10000,425,0.382013
Bubble Sort 32,10000,426,0.381631
Bubble Sort 32,10000,427,0.384739
Bubble Sort 32,10000,428,0.38368
Bubble Sort 32,10000,429,0.383581
Bubble Sort 32,10000,430,0.38376
Bubble Sort 32,10000,431,0.380849
Bubble Sort 32,10000,432,0.385255
Bubble Sort 32,10000,433,0.37957
Bubble Sort 32,10000,434,0.384142
Bubble Sort 32,10000,435,0.381864
Bubble Sort 32,10000,436,0.38408
Bubble Sort 32,10000,437,0.384332
Bubble Sort 32,10000,438,0.382585
Bubble Sort 32,10000,439,0.381637
Bubble Sort 32,10000,440,0.392671
Bubble Sort 32,10000,441,0.38544
Bubble Sort 32,10000,442,0.386098
Bubble Sort 32,10000,443,0.381809
Bubble Sort 32,10000,444,0.383003
Bubble Sort 32,10000,445,0.383797
Bubble Sort 32,10000,446,0.380345
Bubble Sort 32,10000,447,0.42608
Bubble Sort 32,10000,448,0.386923
Bubble Sort 32,10000,449,0.388147
Bubble Sort 32,10000,450,0.38563
Bubble Sort 32,10000,451,0.383096
Bubble Sort 32,10000,452,0.382984
Bubble Sort 32,10000,453,0.383914
Bubble Sort 32,10000,454,0.385471
Bubble Sort 32,10000,455,0.384449
Bubble Sort 32,10000,456,0.384136
Bubble Sort 32,10000,457,0.383926
Bubble Sort 32,10000,458,0.38445
Bubble Sort 32,10000,459,0.385963
Bubble Sort 32,10000,460,0.383261
Bubble Sort 32,10000,461,0.38592
Bubble Sort 32,10000,462,0.384591
Bubble Sort 32,10000,463,0.384184
Bubble Sort 32,10000,464,0.380855
Bubble Sort 32,10000,465,0.384837
Bubble Sort 32,10000,466,0.383477
Bubble Sort 32,10000,467,0.386147
Bubble Sort 32,10000,468,0.386701
Bubble Sort 32,10000,469,0.383464
Bubble Sort 32,10000,470,0.38912
Bubble Sort 32,10000,471,0.385404
Bubble Sort 32,10000,472,0.38296
Bubble Sort 32,10000,473,0.383772
Bubble Sort 32,10000,474,0.384751
Bubble Sort 32,10000,475,0.384406
Bubble Sort 32,10000,476,0.386658
Bubble Sort 32,10000,477,0.382141
Bubble Sort 32,10000,478,0.381323
Bubble Sort 32,10000,479,0.384579
Bubble Sort 32,10000,480,0.383317
Bubble Sort 32,10000,481,0.384702
Bubble Sort 32,10000,482,0.386831
Bubble Sort 32,10000,483,0.383858
Bubble Sort 32,10000,484,0.384462
Bubble Sort 32,10000,485,0.385243
Bubble Sort 32,10000,486,0.383348
Bubble Sort 32,10000,487,0.382942
Bubble Sort 32,10000,488,0.383299
Bubble Sort 32,10000,489,0.386929
Bubble Sort 32,10000,490,0.384221
Bubble Sort 32,10000,491,0.387606
Bubble Sort 32,10000,492,0.38608
Bubble Sort 32,10000,493,0.384258
Bubble Sort 32,10000,494,0.384307
Bubble Sort 32,10000,495,0.382855
Bubble Sort 32,10000,496,0.385089
Bubble Sort 32,10000,497,0.383926
Bubble Sort 32,10000,498,0.383834
Bubble Sort 32,10000,499,0.382917
Bubble Sort 32,10000,500,0.386197
Bubble Sort 32,10000,501,0.382609
Bubble Sort 32,10000,502,0.389982
Bubble Sort 32,10000,503,0.385145
Bubble Sort 32,10000,504,0.384843
Bubble Sort 32,10000,505,0.384382
Bubble Sort 32,10000,506,0.383889
Bubble Sort 32,10000,507,0.384246
Bubble Sort 32,10000,508,0.383901
Bubble Sort 32,10000,509,0.394911
Bubble Sort 32,10000,510,0.384067
Bubble Sort 32,10000,511,0.385969
Bubble Sort 32,10000,512,0.381797
Bubble Sort 32,10000,513,0.381563
Bubble Sort 32,10000,514,0.381047
Bubble Sort 32,10000,515,0.385871
Bubble Sort 32,10000,516,0.394339
Bubble Sort 32,10000,517,0.383452
Bubble Sort 32,10000,518,0.384203
Bubble Sort 32,10000,519,0.383052
Bubble Sort 32,10000,520,0.387164
Bubble Sort 32,10000,521,0.386375
Bubble Sort 32,10000,522,0.387286
Bubble Sort 32,10000,523,0.393502
Bubble Sort 32,10000,524,0.385169
Bubble Sort 32,10000,525,0.386209
Bubble Sort 32,10000,526,0.383065
Bubble Sort 32,10000,527,0.386954
Bubble Sort 32,10000,528,0.386123
Bubble Sort 32,10000,529,0.38117
Bubble Sort 32,10000,530,0.3844
Bubble Sort 32,10000,531,0.385705
Bubble Sort 32,10000,532,0.381914
Bubble Sort 32,10000,533,0.386142
Bubble Sort 32,10000,534,0.382591
Bubble Sort 32,10000,535,0.381772
Bubble Sort 32,10000,536,0.386326
Bubble Sort 32,10000,537,0.385938
Bubble Sort 32,10000,538,0.383341
Bubble Sort 32,10000,539,0.386197
Bubble Sort 32,10000,540,0.385132
Bubble Sort 32,10000,541,0.384283
Bubble Sort 32,10000,542,0.38429
Bubble Sort 32,10000,543,0.3836
Bubble Sort 32,10000,544,0.387797
Bubble Sort 32,10000,545,0.384283
Bubble Sort 32,10000,546,0.387532
Bubble Sort 32,10000,547,0.38392
Bubble Sort 32,10000,548,0.386148
Bubble Sort 32,10000,549,0.384511
Bubble Sort 32,10000,550,0.384142
Bubble Sort 32,10000,551,0.38464
Bubble Sort 32,10000,552,0.38379
Bubble Sort 32,10000,553,0.383206
Bubble Sort 32,10000,554,0.384252
Bubble Sort 32,10000,555,0.385262
Bubble Sort 32,10000,556,0.381299
Bubble Sort 32,10000,557,0.386363
Bubble Sort 32,10000,558,0.3852
Bubble Sort 32,10000,559,0.384025
Bubble Sort 32,10000,560,0.383852
Bubble Sort 32,10000,561,0.389311
Bubble Sort 32,10000,562,0.392277
Bubble Sort 32,10000,563,0.385151
Bubble Sort 32,10000,564,0.387317
Bubble Sort 32,10000,565,0.386333
Bubble Sort 32,10000,566,0.386185
Bubble Sort 32,10000,567,0.385686
Bubble Sort 32,10000,568,0.383809
Bubble Sort 32,10000,569,0.383293
Bubble Sort 32,10000,570,0.383834
Bubble Sort 32,10000,571,0.388689
Bubble Sort 32,10000,572,0.383914
Bubble Sort 32,10000,573,0.385047
Bubble Sort 32,10000,574,0.384554
Bubble Sort 32,10000,575,0.386062
Bubble Sort 32,10000,576,0.386018
Bubble Sort 32,10000,577,0.385976
Bubble Sort 32,10000,578,0.388289
Bubble Sort 32,10000,579,0.386929
Bubble Sort 32,10000,580,0.38491
Bubble Sort 32,10000,581,0.385822
Bubble Sort 32,10000,582,0.386769
Bubble Sort 32,10000,583,0.386425
Bubble Sort 32,10000,584,0.38429
Bubble Sort 32,10000,585,0.387347
Bubble Sort 32,10000,586,0.384339
Bubble Sort 32,10000,587,0.386277
Bubble Sort 32,10000,588,0.385563
Bubble Sort 32,10000,589,0.384547
Bubble Sort 32,10000,590,0.383588
Bubble Sort 32,10000,591,0.3868
Bubble Sort 32,10000,592,0.385323
Bubble Sort 32,10000,593,0.387317
Bubble Sort 32,10000,594,0.384221
Bubble Sort 32,10000,595,0.383705
Bubble Sort 32,10000,596,0.382819
Bubble Sort 32,10000,597,0.386265
Bubble Sort 32,10000,598,0.384695
Bubble Sort 32,10000,599,0.385865
Bubble Sort 32,10000,600,0.382634
Bubble Sort 32,10000,601,0.383317
Bubble Sort 32,10000,602,0.38488
Bubble Sort 32,10000,603,0.384499
Bubble Sort 32,10000,604,0.383711
Bubble Sort 32,10000,605,0.384074
Bubble Sort 32,10000,606,0.386258
Bubble Sort 32,10000,607,0.386757
Bubble Sort 32,10000,608,0.385083
Bubble Sort 32,10000,609,0.385735
Bubble Sort 32,10000,610,0.382708
Bubble Sort 32,10000,611,0.385538
Bubble Sort 32,10000,612,0.395095
Bubble Sort 32,10000,613,0.383668
Bubble Sort 32,10000,614,0.383052
Bubble Sort 32,10000,615,0.383994
Bubble Sort 32,10000,616,0.383286
Bubble Sort 32,10000,617,0.385834
Bubble Sort 32,10000,618,0.383108
Bubble Sort 32,10000,619,0.3936
Bubble Sort 32,10000,620,0.384517
Bubble Sort 32,10000,621,0.383896
Bubble Sort 32,10000,622,0.384283
Bubble Sort 32,10000,623,0.384339
Bubble Sort 32,10000,624,0.383963
Bubble Sort 32,10000,625,0.382363
Bubble Sort 32,10000,626,0.393304
Bubble Sort 32,10000,627,0.386726
Bubble Sort 32,10000,628,0.384197
Bubble Sort 32,10000,629,0.386683
Bubble Sort 32,10000,630,0.38336
Bubble Sort 32,10000,631,0.383089
Bubble Sort 32,10000,632,0.385877
Bubble Sort 32,10000,633,0.389828
Bubble Sort 32,10000,634,0.382733
Bubble Sort 32,10000,635,0.3848
Bubble Sort 32,10000,636,0.382726
Bubble Sort 32,10000,637,0.381588
Bubble Sort 32,10000,638,0.383692
Bubble Sort 32,10000,639,0.386227
Bubble Sort 32,10000,640,0.382363
Bubble Sort 32,10000,641,0.385187
Bubble Sort 32,10000,642,0.385077
Bubble Sort 32,10000,643,0.384843
Bubble Sort 32,10000,644,0.385298
Bubble Sort 32,10000,645,0.387003
Bubble Sort 32,10000,646,0.383329
Bubble Sort 32,10000,647,0.384517
Bubble Sort 32,10000,648,0.38384
Bubble Sort 32,10000,649,0.383557
Bubble Sort 32,10000,650,0.386049
Bubble Sort 32,10000,651,0.384917
Bubble Sort 32,10000,652,0.384265
Bubble Sort 32,10000,653,0.385421
Bubble Sort 32,10000,654,0.389532
Bubble Sort 32,10000,655,0.383483
Bubble Sort 32,10000,656,0.385311
Bubble Sort 32,10000,657,0.384781
Bubble Sort 32,10000,658,0.37936
Bubble Sort 32,10000,659,0.384394
Bubble Sort 32,10000,660,0.38344
Bubble Sort 32,10000,661,0.381957
Bubble Sort 32,10000,662,0.385169
Bubble Sort 32,10000,663,0.382382
Bubble Sort 32,10000,664,0.3848
Bubble Sort 32,10000,665,0.383138
Bubble Sort 32,10000,666,0.384535
Bubble Sort 32,10000,667,0.384012
Bubble Sort 32,10000,668,0.385274
Bubble Sort 32,10000,669,0.384443
Bubble Sort 32,10000,670,0.384049
Bubble Sort 32,10000,671,0.38328
Bubble Sort 32,10000,672,0.386738
Bubble Sort 32,10000,673,0.383347
Bubble Sort 32,10000,674,0.384148
Bubble Sort 32,10000,675,0.381981
Bubble Sort 32,10000,676,0.383225
Bubble Sort 32,10000,677,0.384979
Bubble Sort 32,10000,678,0.384652
Bubble Sort 32,10000,679,0.385114
Bubble Sort 32,10000,680,0.385452
Bubble Sort 32,10000,681,0.385773
Bubble Sort 32,10000,682,0.382461
Bubble Sort 32,10000,683,0.386579
Bubble Sort 32,10000,684,0.383797
Bubble Sort 32,10000,685,0.383366
Bubble Sort 32,10000,686,0.384776
Bubble Sort 32,10000,687,0.384923
Bubble Sort 32,10000,688,0.398646
Bubble Sort 32,10000,689,0.384677
Bubble Sort 32,10000,690,0.384978
Bubble Sort 32,10000,691,0.382936
Bubble Sort 32,10000,692,0.385588
Bubble Sort 32,10000,693,0.381859
Bubble Sort 32,10000,694,0.385046
Bubble Sort 32,10000,695,0.395176
Bubble Sort 32,10000,696,0.387182
Bubble Sort 32,10000,697,0.385773
Bubble Sort 32,10000,698,0.384862
Bubble Sort 32,10000,699,0.383354
Bubble Sort 32,10000,700,0.385416
Bubble Sort 32,10000,701,0.382751
Bubble Sort 32,10000,702,0.394
Bubble Sort 32,10000,703,0.387508
Bubble Sort 32,10000,704,0.386979
Bubble Sort 32,10000,705,0.387163
Bubble Sort 32,10000,706,0.383994
Bubble Sort 32,10000,707,0.386394
Bubble Sort 32,10000,708,0.384714
Bubble Sort 32,10000,709,0.383409
Bubble Sort 32,10000,710,0.384031
Bubble Sort 32,10000,711,0.38197
Bubble Sort 32,10000,712,0.384111
Bubble Sort 32,10000,713,0.384468
Bubble Sort 32,10000,714,0.384818
Bubble Sort 32,10000,715,0.382628
Bubble Sort 32,10000,716,0.384173
Bubble Sort 32,10000,717,0.387293
Bubble Sort 32,10000,718,0.383784
Bubble Sort 32,10000,719,0.384246
Bubble Sort 32,10000,720,0.384098
Bubble Sort 32,10000,721,0.383649
Bubble Sort 32,10000,722,0.385255
Bubble Sort 32,10000,723,0.382616
Bubble Sort 32,10000,724,0.382092
Bubble Sort 32,10000,725,0.384277
Bubble Sort 32,10000,726,0.383194
Bubble Sort 32,10000,727,0.383262
Bubble Sort 32,10000,728,0.382339
Bubble Sort 32,10000,729,0.38248
Bubble Sort 32,10000,730,0.384104
Bubble Sort 32,10000,731,0.384652
Bubble Sort 32,10000,732,0.385089
Bubble Sort 32,10000,733,0.383077
Bubble Sort 32,10000,734,0.384911
Bubble Sort 32,10000,735,0.383225
Bubble Sort 32,10000,736,0.38099
Bubble Sort 32,10000,737,0.384246
Bubble Sort 32,10000,738,0.382326
Bubble Sort 32,10000,739,0.383311
Bubble Sort 32,10000,740,0.385262
Bubble Sort 32,10000,741,0.382991
Bubble Sort 32,10000,742,0.381471
Bubble Sort 32,10000,743,0.384172
Bubble Sort 32,10000,744,0.384554
Bubble Sort 32,10000,745,0.382363
Bubble Sort 32,10000,746,0.384166
Bubble Sort 32,10000,747,0.384314
Bubble Sort 32,10000,748,0.380523
Bubble Sort 32,10000,749,0.386228
Bubble Sort 32,10000,750,0.38309
Bubble Sort 32,10000,751,0.380757
Bubble Sort 32,10000,752,0.383323
Bubble Sort 32,10000,753,0.383101
Bubble Sort 32,10000,754,0.38013
Bubble Sort 32,10000,755,0.38472
Bubble Sort 32,10000,756,0.38549
Bubble Sort 32,10000,757,0.409341
Bubble Sort 32,10000,758,0.384812
Bubble Sort 32,10000,759,0.384597
Bubble Sort 32,10000,760,0.383926
Bubble Sort 32,10000,761,0.383975
Bubble Sort 32,10000,762,0.385821
Bubble Sort 32,10000,763,0.38173
Bubble Sort 32,10000,764,0.39368
Bubble Sort 32,10000,765,0.383932
Bubble Sort 32,10000,766,0.38112
Bubble Sort 32,10000,767,0.385804
Bubble Sort 32,10000,768,0.384148
Bubble Sort 32,10000,769,0.384468
Bubble Sort 32,10000,770,0.384062
Bubble Sort 32,10000,771,0.385809
Bubble Sort 32,10000,772,0.386677
Bubble Sort 32,10000,773,0.383342
Bubble Sort 32,10000,774,0.381704
Bubble Sort 32,10000,775,0.381526
Bubble Sort 32,10000,776,0.38104
Bubble Sort 32,10000,777,0.381766
Bubble Sort 32,10000,778,0.428929
Bubble Sort 32,10000,779,0.380123
Bubble Sort 32,10000,780,0.384012
Bubble Sort 32,10000,781,0.384413
Bubble Sort 32,10000,782,0.382455
Bubble Sort 32,10000,783,0.38384
Bubble Sort 32,10000,784,0.384258
Bubble Sort 32,10000,785,0.380018
Bubble Sort 32,10000,786,0.381385
Bubble Sort 32,10000,787,0.383027
Bubble Sort 32,10000,788,0.379514
Bubble Sort 32,10000,789,0.385212
Bubble Sort 32,10000,790,0.384523
Bubble Sort 32,10000,791,0.381643
Bubble Sort 32,10000,792,0.385483
Bubble Sort 32,10000,793,0.382351
Bubble Sort 32,10000,794,0.381329
Bubble Sort 32,10000,795,0.382123
Bubble Sort 32,10000,796,0.382874
Bubble Sort 32,10000,797,0.381446
Bubble Sort 32,10000,798,0.382769
Bubble Sort 32,10000,799,0.383113
Bubble Sort 32,10000,800,0.384727
Bubble Sort 32,10000,801,0.383243
Bubble Sort 32,10000,802,0.384308
Bubble Sort 32,10000,803,0.382142
Bubble Sort 32,10000,804,0.382972
Bubble Sort 32,10000,805,0.381778
Bubble Sort 32,10000,806,0.381446
Bubble Sort 32,10000,807,0.385151
Bubble Sort 32,10000,808,0.383084
Bubble Sort 32,10000,809,0.382431
Bubble Sort 32,10000,810,0.387459
Bubble Sort 32,10000,811,0.385021
Bubble Sort 32,10000,812,0.382437
Bubble Sort 32,10000,813,0.387409
Bubble Sort 32,10000,814,0.382941
Bubble Sort 32,10000,815,0.381742
Bubble Sort 32,10000,816,0.384216
Bubble Sort 32,10000,817,0.382
Bubble Sort 32,10000,818,0.381428
Bubble Sort 32,10000,819,0.383157
Bubble Sort 32,10000,820,0.386893
Bubble Sort 32,10000,821,0.382338
Bubble Sort 32,10000,822,0.383446
Bubble Sort 32,10000,823,0.382972
Bubble Sort 32,10000,824,0.382511
Bubble Sort 32,10000,825,0.382812
Bubble Sort 32,10000,826,0.3872
Bubble Sort 32,10000,827,0.383717
Bubble Sort 32,10000,828,0.384597
Bubble Sort 32,10000,829,0.384696
Bubble Sort 32,10000,830,0.386529
Bubble Sort 32,10000,831,0.384862
Bubble Sort 32,10000,832,0.386671
Bubble Sort 32,10000,833,0.393982
Bubble Sort 32,10000,834,0.383883
Bubble Sort 32,10000,835,0.381747
Bubble Sort 32,10000,836,0.382024
Bubble Sort 32,10000,837,0.384234
Bubble Sort 32,10000,838,0.384467
Bubble Sort 32,10000,839,0.381409
Bubble Sort 32,10000,840,0.396018
Bubble Sort 32,10000,841,0.38405
Bubble Sort 32,10000,842,0.382536
Bubble Sort 32,10000,843,0.384676
Bubble Sort 32,10000,844,0.383273
Bubble Sort 32,10000,845,0.382677
Bubble Sort 32,10000,846,0.383145
Bubble Sort 32,10000,847,0.393489
Bubble Sort 32,10000,848,0.382573
Bubble Sort 32,10000,849,0.384173
Bubble Sort 32,10000,850,0.384172
Bubble Sort 32,10000,851,0.382086
Bubble Sort 32,10000,852,0.380473
Bubble Sort 32,10000,853,0.382018
Bubble Sort 32,10000,854,0.390283
Bubble Sort 32,10000,855,0.386203
Bubble Sort 32,10000,856,0.385637
Bubble Sort 32,10000,857,0.381847
Bubble Sort 32,10000,858,0.383692
Bubble Sort 32,10000,859,0.384203
Bubble Sort 32,10000,860,0.381871
Bubble Sort 32,10000,861,0.387507
Bubble Sort 32,10000,862,0.384092
Bubble Sort 32,10000,863,0.381151
Bubble Sort 32,10000,864,0.383723
Bubble Sort 32,10000,865,0.381902
Bubble Sort 32,10000,866,0.3828
Bubble Sort 32,10000,867,0.382646
Bubble Sort 32,10000,868,0.384197
Bubble Sort 32,10000,869,0.381588
Bubble Sort 32,10000,870,0.383403
Bubble Sort 32,10000,871,0.384708
Bubble Sort 32,10000,872,0.37899
Bubble Sort 32,10000,873,0.384382
Bubble Sort 32,10000,874,0.384333
Bubble Sort 32,10000,875,0.383409
Bubble Sort 32,10000,876,0.382788
Bubble Sort 32,10000,877,0.38432
Bubble Sort 32,10000,878,0.38123
Bubble Sort 32,10000,879,0.384412
Bubble Sort 32,10000,880,0.38307
Bubble Sort 32,10000,881,0.381004
Bubble Sort 32,10000,882,0.383913
Bubble Sort 32,10000,883,0.38283
Bubble Sort 32,10000,884,0.383243
Bubble Sort 32,10000,885,0.385212
Bubble Sort 32,10000,886,0.382541
Bubble Sort 32,10000,887,0.378708
Bubble Sort 32,10000,888,0.383385
Bubble Sort 32,10000,889,0.383951
Bubble Sort 32,10000,890,0.380757
Bubble Sort 32,10000,891,0.38563
Bubble Sort 32,10000,892,0.381957
Bubble Sort 32,10000,893,0.379514
Bubble Sort 32,10000,894,0.382542
Bubble Sort 32,10000,895,0.385064
Bubble Sort 32,10000,896,0.382062
Bubble Sort 32,10000,897,0.384381
Bubble Sort 32,10000,898,0.382344
Bubble Sort 32,10000,899,0.381151
Bubble Sort 32,10000,900,0.38712
Bubble Sort 32,10000,901,0.38275
Bubble Sort 32,10000,902,0.38267
Bubble Sort 32,10000,903,0.383631
Bubble Sort 32,10000,904,0.386788
Bubble Sort 32,10000,905,0.381674
Bubble Sort 32,10000,906,0.384
Bubble Sort 32,10000,907,0.382364
Bubble Sort 32,10000,908,0.381083
Bubble Sort 32,10000,909,0.382455
Bubble Sort 32,10000,910,0.385157
Bubble Sort 32,10000,911,0.380905
Bubble Sort 32,10000,912,0.385224
Bubble Sort 32,10000,913,0.384277
Bubble Sort 32,10000,914,0.383933
Bubble Sort 32,10000,915,0.381846
Bubble Sort 32,10000,916,0.383662
Bubble Sort 32,10000,917,0.381108
Bubble Sort 32,10000,918,0.385785
Bubble Sort 32,10000,919,0.385465
Bubble Sort 32,10000,920,0.380467
Bubble Sort 32,10000,921,0.382019
Bubble Sort 32,10000,922,0.382314
Bubble Sort 32,10000,923,0.392443
Bubble Sort 32,10000,924,0.383852
Bubble Sort 32,10000,925,0.383594
Bubble Sort 32,10000,926,0.381563
Bubble Sort 32,10000,927,0.3828
Bubble Sort 32,10000,928,0.382776
Bubble Sort 32,10000,929,0.382191
Bubble Sort 32,10000,930,0.394216
Bubble Sort 32,10000,931,0.381606
Bubble Sort 32,10000,932,0.382055
Bubble Sort 32,10000,933,0.38216
Bubble Sort 32,10000,934,0.383797
Bubble Sort 32,10000,935,0.380172
Bubble Sort 32,10000,936,0.383206
Bubble Sort 32,10000,937,0.380178
Bubble Sort 32,10000,938,0.384412
Bubble Sort 32,10000,939,0.384868
Bubble Sort 32,10000,940,0.385256
Bubble Sort 32,10000,941,0.385507
Bubble Sort 32,10000,942,0.383016
Bubble Sort 32,10000,943,0.380874
Bubble Sort 32,10000,944,0.391274
Bubble Sort 32,10000,945,0.381748
Bubble Sort 32,10000,946,0.384394
Bubble Sort 32,10000,947,0.382628
Bubble Sort 32,10000,948,0.382732
Bubble Sort 32,10000,949,0.381945
Bubble Sort 32,10000,950,0.382825
Bubble Sort 32,10000,951,0.383151
Bubble Sort 32,10000,952,0.382862
Bubble Sort 32,10000,953,0.382024
Bubble Sort 32,10000,954,0.383563
Bubble Sort 32,10000,955,0.383126
Bubble Sort 32,10000,956,0.38661
Bubble Sort 32,10000,957,0.384196
Bubble Sort 32,10000,958,0.385218
Bubble Sort 32,10000,959,0.383231
Bubble Sort 32,10000,960,0.381624
Bubble Sort 32,10000,961,0.381447
Bubble Sort 32,10000,962,0.382345
Bubble Sort 32,10000,963,0.381427
Bubble Sort 32,10000,964,0.381945
Bubble Sort 32,10000,965,0.384412
Bubble Sort 32,10000,966,0.381883
Bubble Sort 32,10000,967,0.383139
Bubble Sort 32,10000,968,0.383397
Bubble Sort 32,10000,969,0.383754
Bubble Sort 32,10000,970,0.383963
Bubble Sort 32,10000,971,0.384332
Bubble Sort 32,10000,972,0.381858
Bubble Sort 32,10000,973,0.384117
Bubble Sort 32,10000,974,0.383231
Bubble Sort 32,10000,975,0.382018
Bubble Sort 32,10000,976,0.384277
Bubble Sort 32,10000,977,0.382406
Bubble Sort 32,10000,978,0.383895
Bubble Sort 32,10000,979,0.384572
Bubble Sort 32,10000,980,0.381982
Bubble Sort 32,10000,981,0.384683
Bubble Sort 32,10000,982,0.383145
Bubble Sort 32,10000,983,0.381606
Bubble Sort 32,10000,984,0.383661
Bubble Sort 32,10000,985,0.381514
Bubble Sort 32,10000,986,0.383084
Bubble Sort 32,10000,987,0.383286
Bubble Sort 32,10000,988,0.38184
Bubble Sort 32,10000,989,0.381446
Bubble Sort 32,10000,990,0.379427
Bubble Sort 32,10000,991,0.382953
Bubble Sort 32,10000,992,0.380658
Bubble Sort 32,10000,993,0.381785
Bubble Sort 32,10000,994,0.384671
Bubble Sort 32,10000,995,0.382062
Bubble Sort 32,10000,996,0.384246
Bubble Sort 32,10000,997,0.383329
Bubble Sort 32,10000,998,0.384314
Bubble Sort 32,10000,999,0.41816
Bubble Sort 32,10000,1000,0.384375
Bubble Sort 32,10000,1001,0.388474
Bubble Sort 32,10000,1002,0.3856
Bubble Sort 32,10000,1003,0.384234
Bubble Sort 32,10000,1004,0.384456
Bubble Sort 32,10000,1005,0.384646
Bubble Sort 32,10000,1006,0.382991
Bubble Sort 32,10000,1007,0.383588
Bubble Sort 32,10000,1008,0.386375
Bubble Sort 32,10000,1009,0.38115
Bubble Sort 32,10000,1010,0.384105
Bubble Sort 32,10000,1011,0.385508
Bubble Sort 32,10000,1012,0.384905
Bubble Sort 32,10000,1013,0.384997
Bubble Sort 32,10000,1014,0.383815
Bubble Sort 32,10000,1015,0.381022
Bubble Sort 32,10000,1016,0.382413
Bubble Sort 32,10000,1017,0.38579
Bubble Sort 32,10000,1018,0.380136
Bubble Sort 32,10000,1019,0.384492
Bubble Sort 32,10000,1020,0.38661
Bubble Sort 32,10000,1021,0.380252
Bubble Sort 32,10000,1022,0.383643
Bubble Sort 32,10000,1023,0.385563
Bubble Sort 32,10000,1024,0.383003
Bubble Sort 32,10000,1025,0.384671
Bubble Sort 32,10000,1026,0.380978
Bubble Sort 32,10000,1027,0.383926
Bubble Sort 32,10000,1028,0.38336
Bubble Sort 32,10000,1029,0.384597
Bubble Sort 32,10000,1030,0.382677
Bubble Sort 32,10000,1031,0.387096
Bubble Sort 32,10000,1032,0.384683
Bubble Sort 32,10000,1033,0.385471
Bubble Sort 32,10000,1034,0.384837
Bubble Sort 32,10000,1035,0.384172
Bubble Sort 32,10000,1036,0.383348
Bubble Sort 32,10000,1037,0.382227
Bubble Sort 32,10000,1038,0.383114
Bubble Sort 32,10000,1039,0.385053
Bubble Sort 32,10000,1040,0.38472
Bubble Sort 32,10000,1041,0.383828
Bubble Sort 32,10000,1042,0.383255
Bubble Sort 32,10000,1043,0.385353
Bubble Sort 32,10000,1044,0.383723
Bubble Sort 32,10000,1045,0.383169
Bubble Sort 32,10000,1046,0.385126
Bubble Sort 32,10000,1047,0.384831
Bubble Sort 32,10000,1048,0.380923
Bubble Sort 32,10000,1049,0.385797
Bubble Sort 32,10000,1050,0.384671
Bubble Sort 32,10000,1051,0.384615
Bubble Sort 32,10000,1052,0.384283
Bubble Sort 32,10000,1053,0.385453
Bubble Sort 32,10000,1054,0.383754
Bubble Sort 32,10000,1055,0.38488
Bubble Sort 32,10000,1056,0.383969
Bubble Sort 32,10000,1057,0.383551
Bubble Sort 32,10000,1058,0.384757
Bubble Sort 32,10000,1059,0.382603
Bubble Sort 32,10000,1060,0.380184
Bubble Sort 32,10000,1061,0.383298
Bubble Sort 32,10000,1062,0.384234
Bubble Sort 32,10000,1063,0.38232
Bubble Sort 32,10000,1064,0.385501
Bubble Sort 32,10000,1065,0.383268
Bubble Sort 32,10000,1066,0.382954
Bubble Sort 32,10000,1067,0.382184
Bubble Sort 32,10000,1068,0.387698
Bubble Sort 32,10000,1069,0.383274
Bubble Sort 32,10000,1070,0.386936
Bubble Sort 32,10000,1071,0.385502
Bubble Sort 32,10000,1072,0.381932
Bubble Sort 32,10000,1073,0.382265
Bubble Sort 32,10000,1074,0.386486
Bubble Sort 32,10000,1075,0.382597
Bubble Sort 32,10000,1076,0.386609
Bubble Sort 32,10000,1077,0.384572
Bubble Sort 32,10000,1078,0.384388
Bubble Sort 32,10000,1079,0.384437
Bubble Sort 32,10000,1080,0.386917
Bubble Sort 32,10000,1081,0.382893
Bubble Sort 32,10000,1082,0.387637
Bubble Sort 32,10000,1083,0.385637
Bubble Sort 32,10000,1084,0.384591
Bubble Sort 32,10000,1085,0.384375
Bubble Sort 32,10000,1086,0.388147
Bubble Sort 32,10000,1087,0.3828
Bubble Sort 32,10000,1088,0.387618
Bubble Sort 32,10000,1089,0.386007
Bubble Sort 32,10000,1090,0.381753
Bubble Sort 32,10000,1091,0.385913
Bubble Sort 32,10000,1092,0.382659
Bubble Sort 32,10000,1093,0.385194
Bubble Sort 32,10000,1094,0.383108
Bubble Sort 32,10000,1095,0.391108
Bubble Sort 32,10000,1096,0.382646
Bubble Sort 32,10000,1097,0.383538
Bubble Sort 32,10000,1098,0.385557
Bubble Sort 32,10000,1099,0.382098
Bubble Sort 32,10000,1100,0.385003
Bubble Sort 32,10000,1101,0.386179
Bubble Sort 32,10000,1102,0.386018
Bubble Sort 32,10000,1103,0.386807
Bubble Sort 32,10000,1104,0.384991
Bubble Sort 32,10000,1105,0.382185
Bubble Sort 32,10000,1106,0.384627
Bubble Sort 32,10000,1107,0.385877
Bubble Sort 32,10000,1108,0.380178
Bubble Sort 32,10000,1109,0.386258
Bubble Sort 32,10000,1110,0.386547
Bubble Sort 32,10000,1111,0.386006
Bubble Sort 32,10000,1112,0.385409
Bubble Sort 32,10000,1113,0.384738
Bubble Sort 32,10000,1114,0.382216
Bubble Sort 32,10000,1115,0.383169
Bubble Sort 32,10000,1116,0.387415
Bubble Sort 32,10000,1117,0.382542
Bubble Sort 32,10000,1118,0.38397
Bubble Sort 32,10000,1119,0.386487
Bubble Sort 32,10000,1120,0.383576
Bubble Sort 32,10000,1121,0.387434
Bubble Sort 32,10000,1122,0.382449
Bubble Sort 32,10000,1123,0.381249
Bubble Sort 32,10000,1124,0.384289
Bubble Sort 32,10000,1125,0.384492
Bubble Sort 32,10000,1126,0.384111
Bubble Sort 32,10000,1127,0.385009
Bubble Sort 32,10000,1128,0.384917
Bubble Sort 32,10000,1129,0.382142
Bubble Sort 32,10000,1130,0.384406
Bubble Sort 32,10000,1131,0.383243
Bubble Sort 32,10000,1132,0.382031
Bubble Sort 32,10000,1133,0.384941
Bubble Sort 32,10000,1134,0.383132
Bubble Sort 32,10000,1135,0.387022
Bubble Sort 32,10000,1136,0.385107
Bubble Sort 32,10000,1137,0.386277
Bubble Sort 32,10000,1138,0.379939
Bubble Sort 32,10000,1139,0.383742
Bubble Sort 32,10000,1140,0.395674
Bubble Sort 32,10000,1141,0.389804
Bubble Sort 32,10000,1142,0.394511
Bubble Sort 32,10000,1143,0.396751
Bubble Sort 32,10000,1144,0.400868
Bubble Sort 32,10000,1145,0.393052
Bubble Sort 32,10000,1146,0.39245
Bubble Sort 32,10000,1147,0.406197
Bubble Sort 32,10000,1148,0.391428
Bubble Sort 32,10000,1149,0.398942
Bubble Sort 32,10000,1150,0.384178
Bubble Sort 32,10000,1151,0.386326
Bubble Sort 32,10000,1152,0.385483
Bubble Sort 32,10000,1153,0.383311
Bubble Sort 32,10000,1154,0.384788
Bubble Sort 32,10000,1155,0.384295
Bubble Sort 32,10000,1156,0.383809
Bubble Sort 32,10000,1157,0.385373
Bubble Sort 32,10000,1158,0.384271
Bubble Sort 32,10000,1159,0.384117
Bubble Sort 32,10000,1160,0.383877
Bubble Sort 32,10000,1161,0.385729
Bubble Sort 32,10000,1162,0.385231
Bubble Sort 32,10000,1163,0.381298
Bubble Sort 32,10000,1164,0.384646
Bubble Sort 32,10000,1165,0.385021
Bubble Sort 32,10000,1166,0.383686
Bubble Sort 32,10000,1167,0.382892
Bubble Sort 32,10000,1168,0.386701
Bubble Sort 32,10000,1169,0.383883
Bubble Sort 32,10000,1170,0.38472
Bubble Sort 32,10000,1171,0.385785
Bubble Sort 32,10000,1172,0.386702
Bubble Sort 32,10000,1173,0.38784
Bubble Sort 32,10000,1174,0.435785
Bubble Sort 32,10000,1175,0.383643
Bubble Sort 32,10000,1176,0.384147
Bubble Sort 32,10000,1177,0.383107
Bubble Sort 32,10000,1178,0.386061
Bubble Sort 32,10000,1179,0.384117
Bubble Sort 32,10000,1180,0.383723
Bubble Sort 32,10000,1181,0.395329
Bubble Sort 32,10000,1182,0.384824
Bubble Sort 32,10000,1183,0.384172
Bubble Sort 32,10000,1184,0.385317
Bubble Sort 32,10000,1185,0.386535
Bubble Sort 32,10000,1186,0.381779
Bubble Sort 32,10000,1187,0.382136
Bubble Sort 32,10000,1188,0.386978
Bubble Sort 32,10000,1189,0.383114
Bubble Sort 32,10000,1190,0.384566
Bubble Sort 32,10000,1191,0.386203
Bubble Sort 32,10000,1192,0.38304
Bubble Sort 32,10000,1193,0.383889
Bubble Sort 32,10000,1194,0.384462
Bubble Sort 32,10000,1195,0.386431
Bubble Sort 32,10000,1196,0.386966
Bubble Sort 32,10000,1197,0.385268
Bubble Sort 32,10000,1198,0.38264
Bubble Sort 32,10000,1199,0.385501
Bubble Sort 32,10000,1200,0.384702
Bubble Sort 32,10000,1201,0.385138
Bubble Sort 32,10000,1202,0.384812
Bubble Sort 32,10000,1203,0.383717
Bubble Sort 32,10000,1204,0.382843
Bubble Sort 32,10000,1205,0.383034
Bubble Sort 32,10000,1206,0.38632
Bubble Sort 32,10000,1207,0.383858
Bubble Sort 32,10000,1208,0.382542
Bubble Sort 32,10000,1209,0.383754
Bubble Sort 32,10000,1210,0.385705
Bubble Sort 32,10000,1211,0.390874
Bubble Sort 32,10000,1212,0.384757
Bubble Sort 32,10000,1213,0.385348
Bubble Sort 32,10000,1214,0.383188
Bubble Sort 32,10000,1215,0.385883
Bubble Sort 32,10000,1216,0.386732
Bubble Sort 32,10000,1217,0.384775
Bubble Sort 32,10000,1218,0.388203
Bubble Sort 32,10000,1219,0.387582
Bubble Sort 32,10000,1220,0.384695
Bubble Sort 32,10000,1221,0.38384
Bubble Sort 32,10000,1222,0.395261
Bubble Sort 32,10000,1223,0.391379
Bubble Sort 32,10000,1224,0.383969
Bubble Sort 32,10000,1225,0.384953
Bubble Sort 32,10000,1226,0.38645
Bubble Sort 32,10000,1227,0.384216
Bubble Sort 32,10000,1228,0.38496
Bubble Sort 32,10000,1229,0.391458
Bubble Sort 32,10000,1230,0.383735
Bubble Sort 32,10000,1231,0.382849
Bubble Sort 32,10000,1232,0.385096
Bubble Sort 32,10000,1233,0.383932
Bubble Sort 32,10000,1234,0.38541
Bubble Sort 32,10000,1235,0.38528
Bubble Sort 32,10000,1236,0.376677
Bubble Sort 32,10000,1237,0.385231
Bubble Sort 32,10000,1238,0.385613
Bubble Sort 32,10000,1239,0.384874
Bubble Sort 32,10000,1240,0.386757
Bubble Sort 32,10000,1241,0.385569
Bubble Sort 32,10000,1242,0.382603
Bubble Sort 32,10000,1243,0.431803
Bubble Sort 32,10000,1244,0.382173
Bubble Sort 32,10000,1245,0.3864
Bubble Sort 32,10000,1246,0.386179
Bubble Sort 32,10000,1247,0.387107
Bubble Sort 32,10000,1248,0.382604
Bubble Sort 32,10000,1249,0.385803
Bubble Sort 32,10000,1250,0.38419
Bubble Sort 32,10000,1251,0.3836
Bubble Sort 32,10000,1252,0.383852
Bubble Sort 32,10000,1253,0.383292
Bubble Sort 32,10000,1254,0.384695
Bubble Sort 32,10000,1255,0.386671
Bubble Sort 32,10000,1256,0.38552
Bubble Sort 32,10000,1257,0.38667
Bubble Sort 32,10000,1258,0.386295
Bubble Sort 32,10000,1259,0.38925
Bubble Sort 32,10000,1260,0.388185
Bubble Sort 32,10000,1261,0.396154
Bubble Sort 32,10000,1262,0.389108
Bubble Sort 32,10000,1263,0.387686
Bubble Sort 32,10000,1264,0.386652
Bubble Sort 32,10000,1265,0.386991
Bubble Sort 32,10000,1266,0.38829
Bubble Sort 32,10000,1267,0.386621
Bubble Sort 32,10000,1268,0.383822
Bubble Sort 32,10000,1269,0.386296
Bubble Sort 32,10000,1270,0.385797
Bubble Sort 32,10000,1271,0.385101
Bubble Sort 32,10000,1272,0.386898
Bubble Sort 32,10000,1273,0.387157
Bubble Sort 32,10000,1274,0.385207
Bubble Sort 32,10000,1275,0.384744
Bubble Sort 32,10000,1276,0.384486
Bubble Sort 32,10000,1277,0.38469
Bubble Sort 32,10000,1278,0.385015
Bubble Sort 32,10000,1279,0.387532
Bubble Sort 32,10000,1280,0.385951
Bubble Sort 32,10000,1281,0.387138
Bubble Sort 32,10000,1282,0.383508
Bubble Sort 32,10000,1283,0.385593
Bubble Sort 32,10000,1284,0.39339
Bubble Sort 32,10000,1285,0.385716
Bubble Sort 32,10000,1286,0.384671
Bubble Sort 32,10000,1287,0.386153
Bubble Sort 32,10000,1288,0.382757
Bubble Sort 32,10000,1289,0.38539
Bubble Sort 32,10000,1290,0.385871
Bubble Sort 32,10000,1291,0.38136
Bubble Sort 32,10000,1292,0.385569
Bubble Sort 32,10000,1293,0.383969
Bubble Sort 32,10000,1294,0.386529
Bubble Sort 32,10000,1295,0.384511
Bubble Sort 32,10000,1296,0.386886
Bubble Sort 32,10000,1297,0.388376
Bubble Sort 32,10000,1298,0.376375
Bubble Sort 32,10000,1299,0.382745
Bubble Sort 32,10000,1300,0.385791
Bubble Sort 32,10000,1301,0.384504
Bubble Sort 32,10000,1302,0.384264
Bubble Sort 32,10000,1303,0.383994
Bubble Sort 32,10000,1304,0.38357
Bubble Sort 32,10000,1305,0.39381
Bubble Sort 32,10000,1306,0.385452
Bubble Sort 32,10000,1307,0.384043
Bubble Sort 32,10000,1308,0.384812
Bubble Sort 32,10000,1309,0.385686
Bubble Sort 32,10000,1310,0.382689
Bubble Sort 32,10000,1311,0.385754
Bubble Sort 32,10000,1312,0.453637
Bubble Sort 32,10000,1313,0.383065
Bubble Sort 32,10000,1314,0.383785
Bubble Sort 32,10000,1315,0.384394
Bubble Sort 32,10000,1316,0.386006
Bubble Sort 32,10000,1317,0.382418
Bubble Sort 32,10000,1318,0.384289
Bubble Sort 32,10000,1319,0.384898
Bubble Sort 32,10000,1320,0.386707
Bubble Sort 32,10000,1321,0.385883
Bubble Sort 32,10000,1322,0.384677
Bubble Sort 32,10000,1323,0.385249
Bubble Sort 32,10000,1324,0.384314
Bubble Sort 32,10000,1325,0.385699
Bubble Sort 32,10000,1326,0.384289
Bubble Sort 32,10000,1327,0.385507
Bubble Sort 32,10000,1328,0.383083
Bubble Sort 32,10000,1329,0.383687
Bubble Sort 32,10000,1330,0.384634
Bubble Sort 32,10000,1331,0.388135
Bubble Sort 32,10000,1332,0.38557
Bubble Sort 32,10000,1333,0.384911
Bubble Sort 32,10000,1334,0.381883
Bubble Sort 32,10000,1335,0.384104
Bubble Sort 32,10000,1336,0.384234
Bubble Sort 32,10000,1337,0.384936
Bubble Sort 32,10000,1338,0.387415
Bubble Sort 32,10000,1339,0.3876
Bubble Sort 32,10000,1340,0.387016
Bubble Sort 32,10000,1341,0.383692
Bubble Sort 32,10000,1342,0.384209
Bubble Sort 32,10000,1343,0.384351
Bubble Sort 32,10000,1344,0.38408
Bubble Sort 32,10000,1345,0.384252
Bubble Sort 32,10000,1346,0.382627
Bubble Sort 32,10000,1347,0.386376
Bubble Sort 32,10000,1348,0.38608
Bubble Sort 32,10000,1349,0.383133
Bubble Sort 32,10000,1350,0.383224
Bubble Sort 32,10000,1351,0.385065
Bubble Sort 32,10000,1352,0.383969
Bubble Sort 32,10000,1353,0.384203
Bubble Sort 32,10000,1354,0.38603
Bubble Sort 32,10000,1355,0.383477
Bubble Sort 32,10000,1356,0.385982
Bubble Sort 32,10000,1357,0.385969
Bubble Sort 32,10000,1358,0.383563
Bubble Sort 32,10000,1359,0.384259
Bubble Sort 32,10000,1360,0.384289
Bubble Sort 32,10000,1361,0.382388
Bubble Sort 32,10000,1362,0.385083
Bubble Sort 32,10000,1363,0.384831
Bubble Sort 32,10000,1364,0.382923
Bubble Sort 32,10000,1365,0.383397
Bubble Sort 32,10000,1366,0.38357
Bubble Sort 32,10000,1367,0.393145
Bubble Sort 32,10000,1368,0.385803
Bubble Sort 32,10000,1369,0.38539
Bubble Sort 32,10000,1370,0.384615
Bubble Sort 32,10000,1371,0.382259
Bubble Sort 32,10000,1372,0.382794
Bubble Sort 32,10000,1373,0.383717
Bubble Sort 32,10000,1374,0.377951
Bubble Sort 32,10000,1375,0.386056
Bubble Sort 32,10000,1376,0.383655
Bubble Sort 32,10000,1377,0.383034
Bubble Sort 32,10000,1378,0.38325
Bubble Sort 32,10000,1379,0.385403
Bubble Sort 32,10000,1380,0.383317
Bubble Sort 32,10000,1381,0.395028
Bubble Sort 32,10000,1382,0.385145
Bubble Sort 32,10000,1383,0.385594
Bubble Sort 32,10000,1384,0.385606
Bubble Sort 32,10000,1385,0.387175
Bubble Sort 32,10000,1386,0.385268
Bubble Sort 32,10000,1387,0.384154
Bubble Sort 32,10000,1388,0.388732
Bubble Sort 32,10000,1389,0.386061
Bubble Sort 32,10000,1390,0.383464
Bubble Sort 32,10000,1391,0.384418
Bubble Sort 32,10000,1392,0.384381
Bubble Sort 32,10000,1393,0.383803
Bubble Sort 32,10000,1394,0.383341
Bubble Sort 32,10000,1395,0.387871
Bubble Sort 32,10000,1396,0.38416
Bubble Sort 32,10000,1397,0.383526
Bubble Sort 32,10000,1398,0.383913
Bubble Sort 32,10000,1399,0.385661
Bubble Sort 32,10000,1400,0.382948
Bubble Sort 32,10000,1401,0.384314
Bubble Sort 32,10000,1402,0.386357
Bubble Sort 32,10000,1403,0.387446
Bubble Sort 32,10000,1404,0.384474
Bubble Sort 32,10000,1405,0.38608
Bubble Sort 32,10000,1406,0.38515
Bubble Sort 32,10000,1407,0.38368
Bubble Sort 32,10000,1408,0.384979
Bubble Sort 32,10000,1409,0.385028
Bubble Sort 32,10000,1410,0.386301
Bubble Sort 32,10000,1411,0.386418
Bubble Sort 32,10000,1412,0.384812
Bubble Sort 32,10000,1413,0.383674
Bubble Sort 32,10000,1414,0.383458
Bubble Sort 32,10000,1415,0.382689
Bubble Sort 32,10000,1416,0.382087
Bubble Sort 32,10000,1417,0.384203
Bubble Sort 32,10000,1418,0.383557
Bubble Sort 32,10000,1419,0.383212
Bubble Sort 32,10000,1420,0.382289
Bubble Sort 32,10000,1421,0.383022
Bubble Sort 32,10000,1422,0.381446
Bubble Sort 32,10000,1423,0.384357
Bubble Sort 32,10000,1424,0.387908
Bubble Sort 32,10000,1425,0.383871
Bubble Sort 32,10000,1426,0.385096
Bubble Sort 32,10000,1427,0.3824
Bubble Sort 32,10000,1428,0.383631
Bubble Sort 32,10000,1429,0.382671
Bubble Sort 32,10000,1430,0.384609
Bubble Sort 32,10000,1431,0.381557
Bubble Sort 32,10000,1432,0.385913
Bubble Sort 32,10000,1433,0.380375
Bubble Sort 32,10000,1434,0.384677
Bubble Sort 32,10000,1435,0.384056
Bubble Sort 32,10000,1436,0.381336
Bubble Sort 32,10000,1437,0.382929
Bubble Sort 32,10000,1438,0.38344
Bubble Sort 32,10000,1439,0.383551
Bubble Sort 32,10000,1440,0.382597
Bubble Sort 32,10000,1441,0.383593
Bubble Sort 32,10000,1442,0.383224
Bubble Sort 32,10000,1443,0.382277
Bubble Sort 32,10000,1444,0.384825
Bubble Sort 32,10000,1445,0.383526
Bubble Sort 32,10000,1446,0.383064
Bubble Sort 32,10000,1447,0.383637
Bubble Sort 32,10000,1448,0.387046
Bubble Sort 32,10000,1449,0.383151
Bubble Sort 32,10000,1450,0.384381
Bubble Sort 32,10000,1451,0.384222
Bubble Sort 32,10000,1452,0.386615
Bubble Sort 32,10000,1453,0.383976
Bubble Sort 32,10000,1454,0.38448
Bubble Sort 32,10000,1455,0.38264
Bubble Sort 32,10000,1456,0.385667
Bubble Sort 32,10000,1457,0.3936
Bubble Sort 32,10000,1458,0.383656
Bubble Sort 32,10000,1459,0.38376
Bubble Sort 32,10000,1460,0.381255
Bubble Sort 32,10000,1461,0.38352
Bubble Sort 32,10000,1462,0.384007
Bubble Sort 32,10000,1463,0.384381
Bubble Sort 32,10000,1464,0.395004
Bubble Sort 32,10000,1465,0.385827
Bubble Sort 32,10000,1466,0.383667
Bubble Sort 32,10000,1467,0.385335
Bubble Sort 32,10000,1468,0.383212
Bubble Sort 32,10000,1469,0.38416
Bubble Sort 32,10000,1470,0.384086
Bubble Sort 32,10000,1471,0.386628
Bubble Sort 32,10000,1472,0.38528
Bubble Sort 32,10000,1473,0.382203
Bubble Sort 32,10000,1474,0.38504
Bubble Sort 32,10000,1475,0.384301
Bubble Sort 32,10000,1476,0.381514
Bubble Sort 32,10000,1477,0.384117
Bubble Sort 32,10000,1478,0.385027
Bubble Sort 32,10000,1479,0.381963
Bubble Sort 32,10000,1480,0.383883
Bubble Sort 32,10000,1481,0.383336
Bubble Sort 32,10000,1482,0.383434
Bubble Sort 32,10000,1483,0.382357
Bubble Sort 32,10000,1484,0.381594
Bubble Sort 32,10000,1485,0.384437
Bubble Sort 32,10000,1486,0.383618
Bubble Sort 32,10000,1487,0.385668
Bubble Sort 32,10000,1488,0.38501
Bubble Sort 32,10000,1489,0.385772
Bubble Sort 32,10000,1490,0.385249
Bubble Sort 32,10000,1491,0.385465
Bubble Sort 32,10000,1492,0.384499
Bubble Sort 32,10000,1493,0.387465
Bubble Sort 32,10000,1494,0.386117
Bubble Sort 32,10000,1495,0.381938
Bubble Sort 32,10000,1496,0.384806
Bubble Sort 32,10000,1497,0.383945
Bubble Sort 32,10000,1498,0.384634
Bubble Sort 32,10000,1499,0.384172
Bubble Sort 32,10000,1500,0.382487
Bubble Sort 32,10000,1501,0.384867
Bubble Sort 32,10000,1502,0.383459
Bubble Sort 32,10000,1503,0.381969
Bubble Sort 32,10000,1504,0.38168
Bubble Sort 32,10000,1505,0.383686
Bubble Sort 32,10000,1506,0.384314
Bubble Sort 32,10000,1507,0.381988
Bubble Sort 32,10000,1508,0.382776
Bubble Sort 32,10000,1509,0.381889
Bubble Sort 32,10000,1510,0.383428
Bubble Sort 32,10000,1511,0.383046
Bubble Sort 32,10000,1512,0.382548
Bubble Sort 32,10000,1513,0.383397
Bubble Sort 32,10000,1514,0.380671
Bubble Sort 32,10000,1515,0.386486
Bubble Sort 32,10000,1516,0.384572
Bubble Sort 32,10000,1517,0.383963
Bubble Sort 32,10000,1518,0.384437
Bubble Sort 32,10000,1519,0.386461
Bubble Sort 32,10000,1520,0.381169
Bubble Sort 32,10000,1521,0.385649
Bubble Sort 32,10000,1522,0.384006
Bubble Sort 32,10000,1523,0.383637
Bubble Sort 32,10000,1524,0.383864
Bubble Sort 32,10000,1525,0.384511
Bubble Sort 32,10000,1526,0.385607
Bubble Sort 32,10000,1527,0.384332
Bubble Sort 32,10000,1528,0.382825
Bubble Sort 32,10000,1529,0.388049
Bubble Sort 32,10000,1530,0.383372
Bubble Sort 32,10000,1531,0.383157
Bubble Sort 32,10000,1532,0.38392
Bubble Sort 32,10000,1533,0.424086
Bubble Sort 32,10000,1534,0.383446
Bubble Sort 32,10000,1535,0.383618
Bubble Sort 32,10000,1536,0.385249
Bubble Sort 32,10000,1537,0.385606
Bubble Sort 32,10000,1538,0.384584
Bubble Sort 32,10000,1539,0.383213
Bubble Sort 32,10000,1540,0.395114
Bubble Sort 32,10000,1541,0.386166
Bubble Sort 32,10000,1542,0.38168
Bubble Sort 32,10000,1543,0.385348
Bubble Sort 32,10000,1544,0.384123
Bubble Sort 32,10000,1545,0.38269
Bubble Sort 32,10000,1546,0.381575
Bubble Sort 32,10000,1547,0.378486
Bubble Sort 32,10000,1548,0.382966
Bubble Sort 32,10000,1549,0.383687
Bubble Sort 32,10000,1550,0.384203
Bubble Sort 32,10000,1551,0.385053
Bubble Sort 32,10000,1552,0.386542
Bubble Sort 32,10000,1553,0.384123
Bubble Sort 32,10000,1554,0.388849
Bubble Sort 32,10000,1555,0.384375
Bubble Sort 32,10000,1556,0.382074
Bubble Sort 32,10000,1557,0.381724
Bubble Sort 32,10000,1558,0.384954
Bubble Sort 32,10000,1559,0.3812
Bubble Sort 32,10000,1560,0.384314
Bubble Sort 32,10000,1561,0.39552
Bubble Sort 32,10000,1562,0.3844
Bubble Sort 32,10000,1563,0.384499
Bubble Sort 32,10000,1564,0.383458
Bubble Sort 32,10000,1565,0.382947
Bubble Sort 32,10000,1566,0.383397
Bubble Sort 32,10000,1567,0.385471
Bubble Sort 32,10000,1568,0.381471
Bubble Sort 32,10000,1569,0.384893
Bubble Sort 32,10000,1570,0.383422
Bubble Sort 32,10000,1571,0.384264
Bubble Sort 32,10000,1572,0.381415
Bubble Sort 32,10000,1573,0.383206
Bubble Sort 32,10000,1574,0.383391
Bubble Sort 32,10000,1575,0.384511
Bubble Sort 32,10000,1576,0.382253
Bubble Sort 32,10000,1577,0.38693
Bubble Sort 32,10000,1578,0.384092
Bubble Sort 32,10000,1579,0.381206
Bubble Sort 32,10000,1580,0.384234
Bubble Sort 32,10000,1581,0.382227
Bubble Sort 32,10000,1582,0.383046
Bubble Sort 32,10000,1583,0.385772
Bubble Sort 32,10000,1584,0.381545
Bubble Sort 32,10000,1585,0.381766
Bubble Sort 32,10000,1586,0.383631
Bubble Sort 32,10000,1587,0.386185
Bubble Sort 32,10000,1588,0.382221
Bubble Sort 32,10000,1589,0.383489
Bubble Sort 32,10000,1590,0.383588
Bubble Sort 32,10000,1591,0.383914
Bubble Sort 32,10000,1592,0.387452
Bubble Sort 32,10000,1593,0.382468
Bubble Sort 32,10000,1594,0.383858
Bubble Sort 32,10000,1595,0.382904
Bubble Sort 32,10000,1596,0.385594
Bubble Sort 32,10000,1597,0.383341
Bubble Sort 32,10000,1598,0.382794
Bubble Sort 32,10000,1599,0.384012
Bubble Sort 32,10000,1600,0.383471
Bubble Sort 32,10000,1601,0.382985
Bubble Sort 32,10000,1602,0.383914
Bubble Sort 32,10000,1603,0.385385
Bubble Sort 32,10000,1604,0.383858
Bubble Sort 32,10000,1605,0.382492
Bubble Sort 32,10000,1606,0.386227
Bubble Sort 32,10000,1607,0.382646
Bubble Sort 32,10000,1608,0.38347
Bubble Sort 32,10000,1609,0.3828
Bubble Sort 32,10000,1610,0.38616
Bubble Sort 32,10000,1611,0.383028
Bubble Sort 32,10000,1612,0.38448
Bubble Sort 32,10000,1613,0.383815
Bubble Sort 32,10000,1614,0.383773
Bubble Sort 32,10000,1615,0.38344
Bubble Sort 32,10000,1616,0.383779
Bubble Sort 32,10000,1617,0.383255
Bubble Sort 32,10000,1618,0.384173
Bubble Sort 32,10000,1619,0.38456
Bubble Sort 32,10000,1620,0.382037
Bubble Sort 32,10000,1621,0.38283
Bubble Sort 32,10000,1622,0.382369
Bubble Sort 32,10000,1623,0.391181
Bubble Sort 32,10000,1624,0.384345
Bubble Sort 32,10000,1625,0.382647
Bubble Sort 32,10000,1626,0.383779
Bubble Sort 32,10000,1627,0.383563
Bubble Sort 32,10000,1628,0.384548
Bubble Sort 32,10000,1629,0.384074
Bubble Sort 32,10000,1630,0.392006
Bubble Sort 32,10000,1631,0.383027
Bubble Sort 32,10000,1632,0.384406
Bubble Sort 32,10000,1633,0.383305
Bubble Sort 32,10000,1634,0.38381
Bubble Sort 32,10000,1635,0.382523
Bubble Sort 32,10000,1636,0.384227
Bubble Sort 32,10000,1637,0.392517
Bubble Sort 32,10000,1638,0.382172
Bubble Sort 32,10000,1639,0.381827
Bubble Sort 32,10000,1640,0.383704
Bubble Sort 32,10000,1641,0.382899
Bubble Sort 32,10000,1642,0.38504
Bubble Sort 32,10000,1643,0.383446
Bubble Sort 32,10000,1644,0.392425
Bubble Sort 32,10000,1645,0.382492
Bubble Sort 32,10000,1646,0.383446
Bubble Sort 32,10000,1647,0.38128
Bubble Sort 32,10000,1648,0.38117
Bubble Sort 32,10000,1649,0.383846
Bubble Sort 32,10000,1650,0.384173
Bubble Sort 32,10000,1651,0.390664
Bubble Sort 32,10000,1652,0.383988
Bubble Sort 32,10000,1653,0.383864
Bubble Sort 32,10000,1654,0.381711
Bubble Sort 32,10000,1655,0.383772
Bubble Sort 32,10000,1656,0.385261
Bubble Sort 32,10000,1657,0.384184
Bubble Sort 32,10000,1658,0.384449
Bubble Sort 32,10000,1659,0.384265
Bubble Sort 32,10000,1660,0.382369
Bubble Sort 32,10000,1661,0.383827
Bubble Sort 32,10000,1662,0.380031
Bubble Sort 32,10000,1663,0.384234
Bubble Sort 32,10000,1664,0.385107
Bubble Sort 32,10000,1665,0.384356
Bubble Sort 32,10000,1666,0.384228
Bubble Sort 32,10000,1667,0.38467
Bubble Sort 32,10000,1668,0.383532
Bubble Sort 32,10000,1669,0.38424
Bubble Sort 32,10000,1670,0.382301
Bubble Sort 32,10000,1671,0.383397
Bubble Sort 32,10000,1672,0.383908
Bubble Sort 32,10000,1673,0.384357
Bubble Sort 32,10000,1674,0.3844
Bubble Sort 32,10000,1675,0.383569
Bubble Sort 32,10000,1676,0.383212
Bubble Sort 32,10000,1677,0.383249
Bubble Sort 32,10000,1678,0.385077
Bubble Sort 32,10000,1679,0.385926
Bubble Sort 32,10000,1680,0.384314
Bubble Sort 32,10000,1681,0.383901
Bubble Sort 32,10000,1682,0.384886
Bubble Sort 32,10000,1683,0.382498
Bubble Sort 32,10000,1684,0.385132
Bubble Sort 32,10000,1685,0.382437
Bubble Sort 32,10000,1686,0.382936
Bubble Sort 32,10000,1687,0.384917
Bubble Sort 32,10000,1688,0.383834
Bubble Sort 32,10000,1689,0.3824
Bubble Sort 32,10000,1690,0.383065
Bubble Sort 32,10000,1691,0.384794
Bubble Sort 32,10000,1692,0.385015
Bubble Sort 32,10000,1693,0.383089
Bubble Sort 32,10000,1694,0.38491
Bubble Sort 32,10000,1695,0.384683
Bubble Sort 32,10000,1696,0.385077
Bubble Sort 32,10000,1697,0.383933
Bubble Sort 32,10000,1698,0.382794
Bubble Sort 32,10000,1699,0.383446
Bubble Sort 32,10000,1700,0.384056
Bubble Sort 32,10000,1701,0.384794
Bubble Sort 32,10000,1702,0.381994
Bubble Sort 32,10000,1703,0.384412
Bubble Sort 32,10000,1704,0.386695
Bubble Sort 32,10000,1705,0.387748
Bubble Sort 32,10000,1706,0.384942
Bubble Sort 32,10000,1707,0.383108
Bubble Sort 32,10000,1708,0.384363
Bubble Sort 32,10000,1709,0.384277
Bubble Sort 32,10000,1710,0.385452
Bubble Sort 32,10000,1711,0.383028
Bubble Sort 32,10000,1712,0.384615
Bubble Sort 32,10000,1713,0.390357
Bubble Sort 32,10000,1714,0.382233
Bubble Sort 32,10000,1715,0.385667
Bubble Sort 32,10000,1716,0.382634
Bubble Sort 32,10000,1717,0.382683
Bubble Sort 32,10000,1718,0.38477
Bubble Sort 32,10000,1719,0.383342
Bubble Sort 32,10000,1720,0.395692
Bubble Sort 32,10000,1721,0.383569
Bubble Sort 32,10000,1722,0.38395
Bubble Sort 32,10000,1723,0.382751
Bubble Sort 32,10000,1724,0.384523
Bubble Sort 32,10000,1725,0.383753
Bubble Sort 32,10000,1726,0.382781
Bubble Sort 32,10000,1727,0.3944
Bubble Sort 32,10000,1728,0.383871
Bubble Sort 32,10000,1729,0.382031
Bubble Sort 32,10000,1730,0.384462
Bubble Sort 32,10000,1731,0.381938
Bubble Sort 32,10000,1732,0.382554
Bubble Sort 32,10000,1733,0.384603
Bubble Sort 32,10000,1734,0.383729
Bubble Sort 32,10000,1735,0.38603
Bubble Sort 32,10000,1736,0.381397
Bubble Sort 32,10000,1737,0.381729
Bubble Sort 32,10000,1738,0.385003
Bubble Sort 32,10000,1739,0.383459
Bubble Sort 32,10000,1740,0.38269
Bubble Sort 32,10000,1741,0.383194
Bubble Sort 32,10000,1742,0.381428
Bubble Sort 32,10000,1743,0.38232
Bubble Sort 32,10000,1744,0.382775
Bubble Sort 32,10000,1745,0.383834
Bubble Sort 32,10000,1746,0.384621
Bubble Sort 32,10000,1747,0.384572
Bubble Sort 32,10000,1748,0.382684
Bubble Sort 32,10000,1749,0.382141
Bubble Sort 32,10000,1750,0.382572
Bubble Sort 32,10000,1751,0.38272
Bubble Sort 32,10000,1752,0.385107
Bubble Sort 32,10000,1753,0.383157
Bubble Sort 32,10000,1754,0.383871
Bubble Sort 32,10000,1755,0.38264
Bubble Sort 32,10000,1756,0.384886
Bubble Sort 32,10000,1757,0.38261
Bubble Sort 32,10000,1758,0.383083
Bubble Sort 32,10000,1759,0.382019
Bubble Sort 32,10000,1760,0.383539
Bubble Sort 32,10000,1761,0.381717
Bubble Sort 32,10000,1762,0.382554
Bubble Sort 32,10000,1763,0.384874
Bubble Sort 32,10000,1764,0.38296
Bubble Sort 32,10000,1765,0.384209
Bubble Sort 32,10000,1766,0.383477
Bubble Sort 32,10000,1767,0.383994
Bubble Sort 32,10000,1768,0.382652
Bubble Sort 32,10000,1769,0.383507
Bubble Sort 32,10000,1770,0.384941
Bubble Sort 32,10000,1771,0.381791
Bubble Sort 32,10000,1772,0.386369
Bubble Sort 32,10000,1773,0.384492
Bubble Sort 32,10000,1774,0.380585
Bubble Sort 32,10000,1775,0.382996
Bubble Sort 32,10000,1776,0.38331
Bubble Sort 32,10000,1777,0.381865
Bubble Sort 32,10000,1778,0.38461
Bubble Sort 32,10000,1779,0.384166
Bubble Sort 32,10000,1780,0.383047
Bubble Sort 32,10000,1781,0.38696
Bubble Sort 32,10000,1782,0.383532
Bubble Sort 32,10000,1783,0.383951
Bubble Sort 32,10000,1784,0.383046
Bubble Sort 32,10000,1785,0.384332
Bubble Sort 32,10000,1786,0.38509
Bubble Sort 32,10000,1787,0.381219
Bubble Sort 32,10000,1788,0.382498
Bubble Sort 32,10000,1789,0.386345
Bubble Sort 32,10000,1790,0.381163
Bubble Sort 32,10000,1791,0.38648
Bubble Sort 32,10000,1792,0.385766
Bubble Sort 32,10000,1793,0.383619
Bubble Sort 32,10000,1794,0.386523
Bubble Sort 32,10000,1795,0.383828
Bubble Sort 32,10000,1796,0.410898
Bubble Sort 32,10000,1797,0.382825
Bubble Sort 32,10000,1798,0.383372
Bubble Sort 32,10000,1799,0.381982
Bubble Sort 32,10000,1800,0.381588
Bubble Sort 32,10000,1801,0.38264
Bubble Sort 32,10000,1802,0.380837
Bubble Sort 32,10000,1803,0.392893
Bubble Sort 32,10000,1804,0.382461
Bubble Sort 32,10000,1805,0.38416
Bubble Sort 32,10000,1806,0.381071
Bubble Sort 32,10000,1807,0.385274
Bubble Sort 32,10000,1808,0.384437
Bubble Sort 32,10000,1809,0.381563
Bubble Sort 32,10000,1810,0.393273
Bubble Sort 32,10000,1811,0.383434
Bubble Sort 32,10000,1812,0.384098
Bubble Sort 32,10000,1813,0.384904
Bubble Sort 32,10000,1814,0.381224
Bubble Sort 32,10000,1815,0.384548
Bubble Sort 32,10000,1816,0.383729
Bubble Sort 32,10000,1817,0.394967
Bubble Sort 32,10000,1818,0.383151
Bubble Sort 32,10000,1819,0.384726
Bubble Sort 32,10000,1820,0.382203
Bubble Sort 32,10000,1821,0.384185
Bubble Sort 32,10000,1822,0.383538
Bubble Sort 32,10000,1823,0.383809
Bubble Sort 32,10000,1824,0.427705
Bubble Sort 32,10000,1825,0.38376
Bubble Sort 32,10000,1826,0.383422
Bubble Sort 32,10000,1827,0.386166
Bubble Sort 32,10000,1828,0.382006
Bubble Sort 32,10000,1829,0.3836
Bubble Sort 32,10000,1830,0.382468
Bubble Sort 32,10000,1831,0.384659
Bubble Sort 32,10000,1832,0.38256
Bubble Sort 32,10000,1833,0.383262
Bubble Sort 32,10000,1834,0.384419
Bubble Sort 32,10000,1835,0.38504
Bubble Sort 32,10000,1836,0.38168
Bubble Sort 32,10000,1837,0.383963
Bubble Sort 32,10000,1838,0.387944
Bubble Sort 32,10000,1839,0.383495
Bubble Sort 32,10000,1840,0.382683
Bubble Sort 32,10000,1841,0.382345
Bubble Sort 32,10000,1842,0.383046
Bubble Sort 32,10000,1843,0.382474
Bubble Sort 32,10000,1844,0.384708
Bubble Sort 32,10000,1845,0.38368
Bubble Sort 32,10000,1846,0.386419
Bubble Sort 32,10000,1847,0.385342
Bubble Sort 32,10000,1848,0.38408
Bubble Sort 32,10000,1849,0.384221
Bubble Sort 32,10000,1850,0.384542
Bubble Sort 32,10000,1851,0.386105
Bubble Sort 32,10000,1852,0.384542
Bubble Sort 32,10000,1853,0.383144
Bubble Sort 32,10000,1854,0.381785
Bubble Sort 32,10000,1855,0.38117
Bubble Sort 32,10000,1856,0.381692
Bubble Sort 32,10000,1857,0.384535
Bubble Sort 32,10000,1858,0.383378
Bubble Sort 32,10000,1859,0.383237
Bubble Sort 32,10000,1860,0.384148
Bubble Sort 32,10000,1861,0.382991
Bubble Sort 32,10000,1862,0.385495
Bubble Sort 32,10000,1863,0.381938
Bubble Sort 32,10000,1864,0.382825
Bubble Sort 32,10000,1865,0.384049
Bubble Sort 32,10000,1866,0.384277
Bubble Sort 32,10000,1867,0.385871
Bubble Sort 32,10000,1868,0.384597
Bubble Sort 32,10000,1869,0.380764
Bubble Sort 32,10000,1870,0.383526
Bubble Sort 32,10000,1871,0.383514
Bubble Sort 32,10000,1872,0.386018
Bubble Sort 32,10000,1873,0.383865
Bubble Sort 32,10000,1874,0.383821
Bubble Sort 32,10000,1875,0.384505
Bubble Sort 32,10000,1876,0.385539
Bubble Sort 32,10000,1877,0.385963
Bubble Sort 32,10000,1878,0.382209
Bubble Sort 32,10000,1879,0.382911
Bubble Sort 32,10000,1880,0.38451
Bubble Sort 32,10000,1881,0.384382
Bubble Sort 32,10000,1882,0.384652
Bubble Sort 32,10000,1883,0.383335
Bubble Sort 32,10000,1884,0.386529
Bubble Sort 32,10000,1885,0.381821
Bubble Sort 32,10000,1886,0.38283
Bubble Sort 32,10000,1887,0.383188
Bubble Sort 32,10000,1888,0.382467
Bubble Sort 32,10000,1889,0.38259
Bubble Sort 32,10000,1890,0.383754
Bubble Sort 32,10000,1891,0.383089
Bubble Sort 32,10000,1892,0.383335
Bubble Sort 32,10000,1893,0.379385
Bubble Sort 32,10000,1894,0.382991
Bubble Sort 32,10000,1895,0.383378
Bubble Sort 32,10000,1896,0.38445
Bubble Sort 32,10000,1897,0.386123
Bubble Sort 32,10000,1898,0.383674
Bubble Sort 32,10000,1899,0.385871
Bubble Sort 32,10000,1900,0.378277
Bubble Sort 32,10000,1901,0.383274
Bubble Sort 32,10000,1902,0.38384
Bubble Sort 32,10000,1903,0.385963
Bubble Sort 32,10000,1904,0.384147
Bubble Sort 32,10000,1905,0.382781
Bubble Sort 32,10000,1906,0.383243
Bubble Sort 32,10000,1907,0.391969
Bubble Sort 32,10000,1908,0.385403
Bubble Sort 32,10000,1909,0.384105
Bubble Sort 32,10000,1910,0.384363
Bubble Sort 32,10000,1911,0.385341
Bubble Sort 32,10000,1912,0.385378
Bubble Sort 32,10000,1913,0.383551
Bubble Sort 32,10000,1914,0.387871
Bubble Sort 32,10000,1915,0.383065
Bubble Sort 32,10000,1916,0.383594
Bubble Sort 32,10000,1917,0.383575
Bubble Sort 32,10000,1918,0.383716
Bubble Sort 32,10000,1919,0.382843
Bubble Sort 32,10000,1920,0.383692
Bubble Sort 32,10000,1921,0.385397
Bubble Sort 32,10000,1922,0.382123
Bubble Sort 32,10000,1923,0.384074
Bubble Sort 32,10000,1924,0.384726
Bubble Sort 32,10000,1925,0.383569
Bubble Sort 32,10000,1926,0.381507
Bubble Sort 32,10000,1927,0.380622
Bubble Sort 32,10000,1928,0.387858
Bubble Sort 32,10000,1929,0.385132
Bubble Sort 32,10000,1930,0.385427
Bubble Sort 32,10000,1931,0.38272
Bubble Sort 32,10000,1932,0.38336
Bubble Sort 32,10000,1933,0.387033
Bubble Sort 32,10000,1934,0.385102
Bubble Sort 32,10000,1935,0.383914
Bubble Sort 32,10000,1936,0.384751
Bubble Sort 32,10000,1937,0.384474
Bubble Sort 32,10000,1938,0.383292
Bubble Sort 32,10000,1939,0.383981
Bubble Sort 32,10000,1940,0.38496
Bubble Sort 32,10000,1941,0.382474
Bubble Sort 32,10000,1942,0.384043
Bubble Sort 32,10000,1943,0.384221
Bubble Sort 32,10000,1944,0.383587
Bubble Sort 32,10000,1945,0.384043
Bubble Sort 32,10000,1946,0.38467
Bubble Sort 32,10000,1947,0.381336
Bubble Sort 32,10000,1948,0.383108
Bubble Sort 32,10000,1949,0.384301
Bubble Sort 32,10000,1950,0.384209
Bubble Sort 32,10000,1951,0.38419
Bubble Sort 32,10000,1952,0.383785
Bubble Sort 32,10000,1953,0.388062
Bubble Sort 32,10000,1954,0.385144
Bubble Sort 32,10000,1955,0.386154
Bubble Sort 32,10000,1956,0.388215
Bubble Sort 32,10000,1957,0.384818
Bubble Sort 32,10000,1958,0.387618
Bubble Sort 32,10000,1959,0.385865
Bubble Sort 32,10000,1960,0.386523
Bubble Sort 32,10000,1961,0.383735
Bubble Sort 32,10000,1962,0.384179
Bubble Sort 32,10000,1963,0.385459
Bubble Sort 32,10000,1964,0.382782
Bubble Sort 32,10000,1965,0.384628
Bubble Sort 32,10000,1966,0.384763
Bubble Sort 32,10000,1967,0.383379
Bubble Sort 32,10000,1968,0.386615
Bubble Sort 32,10000,1969,0.386197
Bubble Sort 32,10000,1970,0.384707
Bubble Sort 32,10000,1971,0.38627
Bubble Sort 32,10000,1972,0.387483
Bubble Sort 32,10000,1973,0.386474
Bubble Sort 32,10000,1974,0.386172
Bubble Sort 32,10000,1975,0.385354
Bubble Sort 32,10000,1976,0.395157
Bubble Sort 32,10000,1977,0.386259
Bubble Sort 32,10000,1978,0.382646
Bubble Sort 32,10000,1979,0.386467
Bubble Sort 32,10000,1980,0.387932
Bubble Sort 32,10000,1981,0.386677
Bubble Sort 32,10000,1982,0.382067
Bubble Sort 32,10000,1983,0.395379
Bubble Sort 32,10000,1984,0.384117
Bubble Sort 32,10000,1985,0.385778
Bubble Sort 32,10000,1986,0.384701
Bubble Sort 32,10000,1987,0.384406
Bubble Sort 32,10000,1988,0.382314
Bubble Sort 32,10000,1989,0.382769
Bubble Sort 32,10000,1990,0.386911
Bubble Sort 32,10000,1991,0.383976
Bubble Sort 32,10000,1992,0.38371
Bubble Sort 32,10000,1993,0.386492
Bubble Sort 32,10000,1994,0.381544
Bubble Sort 32,10000,1995,0.386413
Bubble Sort 32,10000,1996,0.384905
Bubble Sort 32,10000,1997,0.386098
Bubble Sort 32,10000,1998,0.385065
Bubble Sort 32,10000,1999,0.384689
Bubble Sort 32,10000,2000,0.386105
Bubble Sort 32,10000,2001,0.392073
Bubble Sort 32,10000,2002,0.386086
Bubble Sort 32,10000,2003,0.388049
Bubble Sort 32,10000,2004,0.385914
Bubble Sort 32,10000,2005,0.385218
Bubble Sort 32,10000,2006,0.383576
Bubble Sort 32,10000,2007,0.385581
Bubble Sort 32,10000,2008,0.382363
Bubble Sort 32,10000,2009,0.386172
Bubble Sort 32,10000,2010,0.387052
Bubble Sort 32,10000,2011,0.383575
Bubble Sort 32,10000,2012,0.38624
Bubble Sort 32,10000,2013,0.384314
Bubble Sort 32,10000,2014,0.38072
Bubble Sort 32,10000,2015,0.38448
Bubble Sort 32,10000,2016,0.385907
Bubble Sort 32,10000,2017,0.384966
Bubble Sort 32,10000,2018,0.385631
Bubble Sort 32,10000,2019,0.384584
Bubble Sort 32,10000,2020,0.384166
Bubble Sort 32,10000,2021,0.384942
Bubble Sort 32,10000,2022,0.384185
Bubble Sort 32,10000,2023,0.385489
Bubble Sort 32,10000,2024,0.38627
Bubble Sort 32,10000,2025,0.385071
Bubble Sort 32,10000,2026,0.38312
Bubble Sort 32,10000,2027,0.385273
Bubble Sort 32,10000,2028,0.384098
Bubble Sort 32,10000,2029,0.384363
Bubble Sort 32,10000,2030,0.385034
Bubble Sort 32,10000,2031,0.384425
Bubble Sort 32,10000,2032,0.383064
Bubble Sort 32,10000,2033,0.385237
Bubble Sort 32,10000,2034,0.384874
Bubble Sort 32,10000,2035,0.383311
Bubble Sort 32,10000,2036,0.385163
Bubble Sort 32,10000,2037,0.379508
Bubble Sort 32,10000,2038,0.38517
Bubble Sort 32,10000,2039,0.383108
Bubble Sort 32,10000,2040,0.388554
Bubble Sort 32,10000,2041,0.383224
Bubble Sort 32,10000,2042,0.381077
Bubble Sort 32,10000,2043,0.385563
Bubble Sort 32,10000,2044,0.395415
Bubble Sort 32,10000,2045,0.386308
Bubble Sort 32,10000,2046,0.382493
Bubble Sort 32,10000,2047,0.386264
Bubble Sort 32,10000,2048,0.384179
Bubble Sort 32,10000,2049,0.386708
Bubble Sort 32,10000,2050,0.386006
Bubble Sort 32,10000,2051,0.393723
Bubble Sort 32,10000,2052,0.383859
Bubble Sort 32,10000,2053,0.384782
Bubble Sort 32,10000,2054,0.384055
Bubble Sort 32,10000,2055,0.386449
Bubble Sort 32,10000,2056,0.384339
Bubble Sort 32,10000,2057,0.385022
Bubble Sort 32,10000,2058,0.39043
Bubble Sort 32,10000,2059,0.384136
Bubble Sort 32,10000,2060,0.382905
Bubble Sort 32,10000,2061,0.386025
Bubble Sort 32,10000,2062,0.385723
Bubble Sort 32,10000,2063,0.382763
Bubble Sort 32,10000,2064,0.385446
Bubble Sort 32,10000,2065,0.387834
Bubble Sort 32,10000,2066,0.383649
Bubble Sort 32,10000,2067,0.383963
Bubble Sort 32,10000,2068,0.385206
Bubble Sort 32,10000,2069,0.3824
Bubble Sort 32,10000,2070,0.385015
Bubble Sort 32,10000,2071,0.383231
Bubble Sort 32,10000,2072,0.384714
Bubble Sort 32,10000,2073,0.385883
Bubble Sort 32,10000,2074,0.383477
Bubble Sort 32,10000,2075,0.383058
Bubble Sort 32,10000,2076,0.385268
Bubble Sort 32,10000,2077,0.384246
Bubble Sort 32,10000,2078,0.384363
Bubble Sort 32,10000,2079,0.386517
Bubble Sort 32,10000,2080,0.383593
Bubble Sort 32,10000,2081,0.381077
Bubble Sort 32,10000,2082,0.382979
Bubble Sort 32,10000,2083,0.38552
Bubble Sort 32,10000,2084,0.384197
Bubble Sort 32,10000,2085,0.384013
Bubble Sort 32,10000,2086,0.385532
Bubble Sort 32,10000,2087,0.386425
Bubble Sort 32,10000,2088,0.386486
Bubble Sort 32,10000,2089,0.386382
Bubble Sort 32,10000,2090,0.385908
Bubble Sort 32,10000,2091,0.38755
Bubble Sort 32,10000,2092,0.384947
Bubble Sort 32,10000,2093,0.383268
Bubble Sort 32,10000,2094,0.386197
Bubble Sort 32,10000,2095,0.385637
Bubble Sort 32,10000,2096,0.384849
Bubble Sort 32,10000,2097,0.393822
Bubble Sort 32,10000,2098,0.387108
Bubble Sort 32,10000,2099,0.384295
Bubble Sort 32,10000,2100,0.386098
Bubble Sort 32,10000,2101,0.384277
Bubble Sort 32,10000,2102,0.383545
Bubble Sort 32,10000,2103,0.384535
Bubble Sort 32,10000,2104,0.387052
Bubble Sort 32,10000,2105,0.382813
Bubble Sort 32,10000,2106,0.383692
Bubble Sort 32,10000,2107,0.386702
Bubble Sort 32,10000,2108,0.382923
Bubble Sort 32,10000,2109,0.383717
Bubble Sort 32,10000,2110,0.385077
Bubble Sort 32,10000,2111,0.385557
Bubble Sort 32,10000,2112,0.384382
Bubble Sort 32,10000,2113,0.385261
Bubble Sort 32,10000,2114,0.382227
Bubble Sort 32,10000,2115,0.383551
Bubble Sort 32,10000,2116,0.381698
Bubble Sort 32,10000,2117,0.384215
Bubble Sort 32,10000,2118,0.382474
Bubble Sort 32,10000,2119,0.382665
Bubble Sort 32,10000,2120,0.408086
Bubble Sort 32,10000,2121,0.38504
Bubble Sort 32,10000,2122,0.38552
Bubble Sort 32,10000,2123,0.386511
Bubble Sort 32,10000,2124,0.384745
Bubble Sort 32,10000,2125,0.383741
Bubble Sort 32,10000,2126,0.381514
Bubble Sort 32,10000,2127,0.390375
Bubble Sort 32,10000,2128,0.386436
Bubble Sort 32,10000,2129,0.38456
Bubble Sort 32,10000,2130,0.384911
Bubble Sort 32,10000,2131,0.384738
Bubble Sort 32,10000,2132,0.380277
Bubble Sort 32,10000,2133,0.38496
Bubble Sort 32,10000,2134,0.394837
Bubble Sort 32,10000,2135,0.384339
Bubble Sort 32,10000,2136,0.386124
Bubble Sort 32,10000,2137,0.383662
Bubble Sort 32,10000,2138,0.383526
Bubble Sort 32,10000,2139,0.386566
Bubble Sort 32,10000,2140,0.386197
Bubble Sort 32,10000,2141,0.398086
Bubble Sort 32,10000,2142,0.396997
Bubble Sort 32,10000,2143,0.399902
Bubble Sort 32,10000,2144,0.386443
Bubble Sort 32,10000,2145,0.395508
Bubble Sort 32,10000,2146,0.396689
Bubble Sort 32,10000,2147,0.390412
Bubble Sort 32,10000,2148,0.389692
Bubble Sort 32,10000,2149,0.39091
Bubble Sort 32,10000,2150,0.403046
Bubble Sort 32,10000,2151,0.437736
Bubble Sort 32,10000,2152,0.38544
Bubble Sort 32,10000,2153,0.382806
Bubble Sort 32,10000,2154,0.383465
Bubble Sort 32,10000,2155,0.384172
Bubble Sort 32,10000,2156,0.383877
Bubble Sort 32,10000,2157,0.38208
Bubble Sort 32,10000,2158,0.379957
Bubble Sort 32,10000,2159,0.382332
Bubble Sort 32,10000,2160,0.38264
Bubble Sort 32,10000,2161,0.383262
Bubble Sort 32,10000,2162,0.383342
Bubble Sort 32,10000,2163,0.383587
Bubble Sort 32,10000,2164,0.380216
Bubble Sort 32,10000,2165,0.391938
Bubble Sort 32,10000,2166,0.384769
Bubble Sort 32,10000,2167,0.383139
Bubble Sort 32,10000,2168,0.380136
Bubble Sort 32,10000,2169,0.382277
Bubble Sort 32,10000,2170,0.383496
Bubble Sort 32,10000,2171,0.384412
Bubble Sort 32,10000,2172,0.383791
Bubble Sort 32,10000,2173,0.382874
Bubble Sort 32,10000,2174,0.383754
Bubble Sort 32,10000,2175,0.38504
Bubble Sort 32,10000,2176,0.384086
Bubble Sort 32,10000,2177,0.380997
Bubble Sort 32,10000,2178,0.38064
Bubble Sort 32,10000,2179,0.386683
Bubble Sort 32,10000,2180,0.389323
Bubble Sort 32,10000,2181,0.38536
Bubble Sort 32,10000,2182,0.383914
Bubble Sort 32,10000,2183,0.384467
Bubble Sort 32,10000,2184,0.38211
Bubble Sort 32,10000,2185,0.383699
Bubble Sort 32,10000,2186,0.383927
Bubble Sort 32,10000,2187,0.386018
Bubble Sort 32,10000,2188,0.384111
Bubble Sort 32,10000,2189,0.382578
Bubble Sort 32,10000,2190,0.386461
Bubble Sort 32,10000,2191,0.385317
Bubble Sort 32,10000,2192,0.384203
Bubble Sort 32,10000,2193,0.384566
Bubble Sort 32,10000,2194,0.383569
Bubble Sort 32,10000,2195,0.384246
Bubble Sort 32,10000,2196,0.383827
Bubble Sort 32,10000,2197,0.383095
Bubble Sort 32,10000,2198,0.382172
Bubble Sort 32,10000,2199,0.38491
Bubble Sort 32,10000,2200,0.383796
Bubble Sort 32,10000,2201,0.384769
Bubble Sort 32,10000,2202,0.383618
Bubble Sort 32,10000,2203,0.380806
Bubble Sort 32,10000,2204,0.381686
Bubble Sort 32,10000,2205,0.383458
Bubble Sort 32,10000,2206,0.382345
Bubble Sort 32,10000,2207,0.384277
Bubble Sort 32,10000,2208,0.385138
Bubble Sort 32,10000,2209,0.382572
Bubble Sort 32,10000,2210,0.381083
Bubble Sort 32,10000,2211,0.378652
Bubble Sort 32,10000,2212,0.38568
Bubble Sort 32,10000,2213,0.380972
Bubble Sort 32,10000,2214,0.384683
Bubble Sort 32,10000,2215,0.384277
Bubble Sort 32,10000,2216,0.382185
Bubble Sort 32,10000,2217,0.382517
Bubble Sort 32,10000,2218,0.380425
Bubble Sort 32,10000,2219,0.381373
Bubble Sort 32,10000,2220,0.395384
Bubble Sort 32,10000,2221,0.382621
Bubble Sort 32,10000,2222,0.38235
Bubble Sort 32,10000,2223,0.385969
Bubble Sort 32,10000,2224,0.38176
Bubble Sort 32,10000,2225,0.382603
Bubble Sort 32,10000,2226,0.384252
Bubble Sort 32,10000,2227,0.397729
Bubble Sort 32,10000,2228,0.384831
Bubble Sort 32,10000,2229,0.382468
Bubble Sort 32,10000,2230,0.383367
Bubble Sort 32,10000,2231,0.385563
Bubble Sort 32,10000,2232,0.385373
Bubble Sort 32,10000,2233,0.384499
Bubble Sort 32,10000,2234,0.385132
Bubble Sort 32,10000,2235,0.388677
Bubble Sort 32,10000,2236,0.381594
Bubble Sort 32,10000,2237,0.384726
Bubble Sort 32,10000,2238,0.381982
Bubble Sort 32,10000,2239,0.381366
Bubble Sort 32,10000,2240,0.382357
Bubble Sort 32,10000,2241,0.38605
Bubble Sort 32,10000,2242,0.38187
Bubble Sort 32,10000,2243,0.382332
Bubble Sort 32,10000,2244,0.382437
Bubble Sort 32,10000,2245,0.381981
Bubble Sort 32,10000,2246,0.383545
Bubble Sort 32,10000,2247,0.382098
Bubble Sort 32,10000,2248,0.38296
Bubble Sort 32,10000,2249,0.38328
Bubble Sort 32,10000,2250,0.382443
Bubble Sort 32,10000,2251,0.382554
Bubble Sort 32,10000,2252,0.381883
Bubble Sort 32,10000,2253,0.384203
Bubble Sort 32,10000,2254,0.381028
Bubble Sort 32,10000,2255,0.384173
Bubble Sort 32,10000,2256,0.383354
Bubble Sort 32,10000,2257,0.382788
Bubble Sort 32,10000,2258,0.382837
Bubble Sort 32,10000,2259,0.383114
Bubble Sort 32,10000,2260,0.382253
Bubble Sort 32,10000,2261,0.383157
Bubble Sort 32,10000,2262,0.383803
Bubble Sort 32,10000,2263,0.382271
Bubble Sort 32,10000,2264,0.386634
Bubble Sort 32,10000,2265,0.381003
Bubble Sort 32,10000,2266,0.38275
Bubble Sort 32,10000,2267,0.382887
Bubble Sort 32,10000,2268,0.383335
Bubble Sort 32,10000,2269,0.385674
Bubble Sort 32,10000,2270,0.381773
Bubble Sort 32,10000,2271,0.383754
Bubble Sort 32,10000,2272,0.381378
Bubble Sort 32,10000,2273,0.381846
Bubble Sort 32,10000,2274,0.384154
Bubble Sort 32,10000,2275,0.385797
Bubble Sort 32,10000,2276,0.383052
Bubble Sort 32,10000,2277,0.380862
Bubble Sort 32,10000,2278,0.383736
Bubble Sort 32,10000,2279,0.385797
Bubble Sort 32,10000,2280,0.383871
Bubble Sort 32,10000,2281,0.386301
Bubble Sort 32,10000,2282,0.381324
Bubble Sort 32,10000,2283,0.38248
Bubble Sort 32,10000,2284,0.382332
Bubble Sort 32,10000,2285,0.381705
Bubble Sort 32,10000,2286,0.382505
Bubble Sort 32,10000,2287,0.381778
Bubble Sort 32,10000,2288,0.384129
Bubble Sort 32,10000,2289,0.384978
Bubble Sort 32,10000,2290,0.38544
Bubble Sort 32,10000,2291,0.384394
Bubble Sort 32,10000,2292,0.382898
Bubble Sort 32,10000,2293,0.382049
Bubble Sort 32,10000,2294,0.38192
Bubble Sort 32,10000,2295,0.387434
Bubble Sort 32,10000,2296,0.390012
Bubble Sort 32,10000,2297,0.383422
Bubble Sort 32,10000,2298,0.382659
Bubble Sort 32,10000,2299,0.383532
Bubble Sort 32,10000,2300,0.384763
Bubble Sort 32,10000,2301,0.384333
Bubble Sort 32,10000,2302,0.381778
Bubble Sort 32,10000,2303,0.39304
Bubble Sort 32,10000,2304,0.383397
Bubble Sort 32,10000,2305,0.381926
Bubble Sort 32,10000,2306,0.380265
Bubble Sort 32,10000,2307,0.382893
Bubble Sort 32,10000,2308,0.381778
Bubble Sort 32,10000,2309,0.383994
Bubble Sort 32,10000,2310,0.3804
Bubble Sort 32,10000,2311,0.381471
Bubble Sort 32,10000,2312,0.383704
Bubble Sort 32,10000,2313,0.380708
Bubble Sort 32,10000,2314,0.382954
Bubble Sort 32,10000,2315,0.382689
Bubble Sort 32,10000,2316,0.384812
Bubble Sort 32,10000,2317,0.40485
Bubble Sort 32,10000,2318,0.391668
Bubble Sort 32,10000,2319,0.395083
Bubble Sort 32,10000,2320,0.387895
Bubble Sort 32,10000,2321,0.383686
Bubble Sort 32,10000,2322,0.380068
Bubble Sort 32,10000,2323,0.380868
Bubble Sort 32,10000,2324,0.384597
Bubble Sort 32,10000,2325,0.381889
Bubble Sort 32,10000,2326,0.385083
Bubble Sort 32,10000,2327,0.382037
Bubble Sort 32,10000,2328,0.383453
Bubble Sort 32,10000,2329,0.386572
Bubble Sort 32,10000,2330,0.393902
Bubble Sort 32,10000,2331,0.386572
Bubble Sort 32,10000,2332,0.396467
Bubble Sort 32,10000,2333,0.388843
Bubble Sort 32,10000,2334,0.385046
Bubble Sort 32,10000,2335,0.381661
Bubble Sort 32,10000,2336,0.383299
Bubble Sort 32,10000,2337,0.385969
Bubble Sort 32,10000,2338,0.383071
Bubble Sort 32,10000,2339,0.381687
Bubble Sort 32,10000,2340,0.381834
Bubble Sort 32,10000,2341,0.383016
Bubble Sort 32,10000,2342,0.382024
Bubble Sort 32,10000,2343,0.382455
Bubble Sort 32,10000,2344,0.384493
Bubble Sort 32,10000,2345,0.382511
Bubble Sort 32,10000,2346,0.38171
Bubble Sort 32,10000,2347,0.381729
Bubble Sort 32,10000,2348,0.38136
Bubble Sort 32,10000,2349,0.387317
Bubble Sort 32,10000,2350,0.382714
Bubble Sort 32,10000,2351,0.381797
Bubble Sort 32,10000,2352,0.383661
Bubble Sort 32,10000,2353,0.386695
Bubble Sort 32,10000,2354,0.38856
Bubble Sort 32,10000,2355,0.385028
Bubble Sort 32,10000,2356,0.382628
Bubble Sort 32,10000,2357,0.383865
Bubble Sort 32,10000,2358,0.384074
Bubble Sort 32,10000,2359,0.385108
Bubble Sort 32,10000,2360,0.383293
Bubble Sort 32,10000,2361,0.383483
Bubble Sort 32,10000,2362,0.38224
Bubble Sort 32,10000,2363,0.382394
Bubble Sort 32,10000,2364,0.382467
Bubble Sort 32,10000,2365,0.382591
Bubble Sort 32,10000,2366,0.382554
Bubble Sort 32,10000,2367,0.383495
Bubble Sort 32,10000,2368,0.384296
Bubble Sort 32,10000,2369,0.382825
Bubble Sort 32,10000,2370,0.384025
Bubble Sort 32,10000,2371,0.382978
Bubble Sort 32,10000,2372,0.382763
Bubble Sort 32,10000,2373,0.383298
Bubble Sort 32,10000,2374,0.383126
Bubble Sort 32,10000,2375,0.381593
Bubble Sort 32,10000,2376,0.384744
Bubble Sort 32,10000,2377,0.382
Bubble Sort 32,10000,2378,0.383809
Bubble Sort 32,10000,2379,0.383484
Bubble Sort 32,10000,2380,0.382431
Bubble Sort 32,10000,2381,0.383022
Bubble Sort 32,10000,2382,0.383151
Bubble Sort 32,10000,2383,0.383754
Bubble Sort 32,10000,2384,0.383163
Bubble Sort 32,10000,2385,0.414757
Bubble Sort 32,10000,2386,0.384468
Bubble Sort 32,10000,2387,0.38293
Bubble Sort 32,10000,2388,0.38443
Bubble Sort 32,10000,2389,0.384757
Bubble Sort 32,10000,2390,0.382936
Bubble Sort 32,10000,2391,0.381747
Bubble Sort 32,10000,2392,0.379335
Bubble Sort 32,10000,2393,0.382862
Bubble Sort 32,10000,2394,0.384203
Bubble Sort 32,10000,2395,0.38243
Bubble Sort 32,10000,2396,0.383114
Bubble Sort 32,10000,2397,0.382271
Bubble Sort 32,10000,2398,0.381502
Bubble Sort 32,10000,2399,0.394424
Bubble Sort 32,10000,2400,0.38301
Bubble Sort 32,10000,2401,0.383292
Bubble Sort 32,10000,2402,0.383741
Bubble Sort 32,10000,2403,0.384326
Bubble Sort 32,10000,2404,0.381329
Bubble Sort 32,10000,2405,0.381729
Bubble Sort 32,10000,2406,0.390702
Bubble Sort 32,10000,2407,0.382979
Bubble Sort 32,10000,2408,0.382622
Bubble Sort 32,10000,2409,0.382302
Bubble Sort 32,10000,2410,0.383323
Bubble Sort 32,10000,2411,0.387384
Bubble Sort 32,10000,2412,0.382055
Bubble Sort 32,10000,2413,0.426652
Bubble Sort 32,10000,2414,0.384184
Bubble Sort 32,10000,2415,0.383575
Bubble Sort 32,10000,2416,0.383538
Bubble Sort 32,10000,2417,0.381896
Bubble Sort 32,10000,2418,0.382462
Bubble Sort 32,10000,2419,0.382074
Bubble Sort 32,10000,2420,0.382049
Bubble Sort 32,10000,2421,0.381316
Bubble Sort 32,10000,2422,0.385212
Bubble Sort 32,10000,2423,0.38323
Bubble Sort 32,10000,2424,0.38197
Bubble Sort 32,10000,2425,0.383077
Bubble Sort 32,10000,2426,0.382148
Bubble Sort 32,10000,2427,0.38392
Bubble Sort 32,10000,2428,0.384314
Bubble Sort 32,10000,2429,0.382917
Bubble Sort 32,10000,2430,0.383538
Bubble Sort 32,10000,2431,0.381963
Bubble Sort 32,10000,2432,0.381858
Bubble Sort 32,10000,2433,0.382345
Bubble Sort 32,10000,2434,0.385065
Bubble Sort 32,10000,2435,0.38528
Bubble Sort 32,10000,2436,0.382369
Bubble Sort 32,10000,2437,0.385188
Bubble Sort 32,10000,2438,0.380572
Bubble Sort 32,10000,2439,0.382332
Bubble Sort 32,10000,2440,0.383778
Bubble Sort 32,10000,2441,0.38632
Bubble Sort 32,10000,2442,0.383784
Bubble Sort 32,10000,2443,0.381187
Bubble Sort 32,10000,2444,0.381114
Bubble Sort 32,10000,2445,0.380874
Bubble Sort 32,10000,2446,0.384609
Bubble Sort 32,10000,2447,0.383391
Bubble Sort 32,10000,2448,0.384049
Bubble Sort 32,10000,2449,0.383379
Bubble Sort 32,10000,2450,0.383329
Bubble Sort 32,10000,2451,0.382788
Bubble Sort 32,10000,2452,0.387267
Bubble Sort 32,10000,2453,0.382664
Bubble Sort 32,10000,2454,0.382763
Bubble Sort 32,10000,2455,0.383144
Bubble Sort 32,10000,2456,0.381828
Bubble Sort 32,10000,2457,0.382233
Bubble Sort 32,10000,2458,0.382886
Bubble Sort 32,10000,2459,0.381637
Bubble Sort 32,10000,2460,0.382345
Bubble Sort 32,10000,2461,0.383268
Bubble Sort 32,10000,2462,0.382184
Bubble Sort 32,10000,2463,0.380867
Bubble Sort 32,10000,2464,0.38496
Bubble Sort 32,10000,2465,0.385292
Bubble Sort 32,10000,2466,0.385243
Bubble Sort 32,10000,2467,0.380738
Bubble Sort 32,10000,2468,0.3844
Bubble Sort 32,10000,2469,0.381422
Bubble Sort 32,10000,2470,0.382499
Bubble Sort 32,10000,2471,0.384579
Bubble Sort 32,10000,2472,0.381902
Bubble Sort 32,10000,2473,0.384283
Bubble Sort 32,10000,2474,0.384579
Bubble Sort 32,10000,2475,0.395932
Bubble Sort 32,10000,2476,0.383704
Bubble Sort 32,10000,2477,0.383483
Bubble Sort 32,10000,2478,0.384062
Bubble Sort 32,10000,2479,0.384597
Bubble Sort 32,10000,2480,0.384234
Bubble Sort 32,10000,2481,0.385095
Bubble Sort 32,10000,2482,0.393336
Bubble Sort 32,10000,2483,0.382308
Bubble Sort 32,10000,2484,0.383114
Bubble Sort 32,10000,2485,0.382234
Bubble Sort 32,10000,2486,0.385317
Bubble Sort 32,10000,2487,0.382449
Bubble Sort 32,10000,2488,0.383778
Bubble Sort 32,10000,2489,0.385816
Bubble Sort 32,10000,2490,0.382277
Bubble Sort 32,10000,2491,0.383778
Bubble Sort 32,10000,2492,0.383391
Bubble Sort 32,10000,2493,0.380357
Bubble Sort 32,10000,2494,0.38293
Bubble Sort 32,10000,2495,0.383717
Bubble Sort 32,10000,2496,0.383077
Bubble Sort 32,10000,2497,0.384573
Bubble Sort 32,10000,2498,0.383693
Bubble Sort 32,10000,2499,0.383286
Bubble Sort 32,10000,2500,0.380744
Bubble Sort 32,10000,2501,0.382043
Bubble Sort 32,10000,2502,0.383489
Bubble Sort 32,10000,2503,0.384541
Bubble Sort 32,10000,2504,0.383729
Bubble Sort 32,10000,2505,0.383447
Bubble Sort 32,10000,2506,0.3816
Bubble Sort 32,10000,2507,0.380265
Bubble Sort 32,10000,2508,0.382812
Bubble Sort 32,10000,2509,0.384708
Bubble Sort 32,10000,2510,0.38312
Bubble Sort 32,10000,2511,0.38296
Bubble Sort 32,10000,2512,0.382283
Bubble Sort 32,10000,2513,0.383815
Bubble Sort 32,10000,2514,0.383373
Bubble Sort 32,10000,2515,0.382037
Bubble Sort 32,10000,2516,0.380148
Bubble Sort 32,10000,2517,0.382806
Bubble Sort 32,10000,2518,0.38176
Bubble Sort 32,10000,2519,0.380837
Bubble Sort 32,10000,2520,0.381662
Bubble Sort 32,10000,2521,0.382019
Bubble Sort 32,10000,2522,0.384375
Bubble Sort 32,10000,2523,0.384049
Bubble Sort 32,10000,2524,0.384351
Bubble Sort 32,10000,2525,0.382647
Bubble Sort 32,10000,2526,0.384456
Bubble Sort 32,10000,2527,0.384695
Bubble Sort 32,10000,2528,0.381366
Bubble Sort 32,10000,2529,0.38309
Bubble Sort 32,10000,2530,0.381317
Bubble Sort 32,10000,2531,0.384486
Bubble Sort 32,10000,2532,0.384653
Bubble Sort 32,10000,2533,0.386504
Bubble Sort 32,10000,2534,0.386049
Bubble Sort 32,10000,2535,0.382787
Bubble Sort 32,10000,2536,0.384037
Bubble Sort 32,10000,2537,0.385317
Bubble Sort 32,10000,2538,0.384825
Bubble Sort 32,10000,2539,0.380886
Bubble Sort 32,10000,2540,0.382172
Bubble Sort 32,10000,2541,0.381852
Bubble Sort 32,10000,2542,0.384917
Bubble Sort 32,10000,2543,0.384332
Bubble Sort 32,10000,2544,0.401976
Bubble Sort 32,10000,2545,0.382936
Bubble Sort 32,10000,2546,0.386492
Bubble Sort 32,10000,2547,0.384991
Bubble Sort 32,10000,2548,0.382603
Bubble Sort 32,10000,2549,0.382726
Bubble Sort 32,10000,2550,0.38451
Bubble Sort 32,10000,2551,0.376652
Bubble Sort 32,10000,2552,0.383495
Bubble Sort 32,10000,2553,0.384474
Bubble Sort 32,10000,2554,0.381889
Bubble Sort 32,10000,2555,0.382972
Bubble Sort 32,10000,2556,0.384843
Bubble Sort 32,10000,2557,0.383532
Bubble Sort 32,10000,2558,0.379028
Bubble Sort 32,10000,2559,0.384326
Bubble Sort 32,10000,2560,0.382087
Bubble Sort 32,10000,2561,0.383231
Bubble Sort 32,10000,2562,0.383883
Bubble Sort 32,10000,2563,0.382215
Bubble Sort 32,10000,2564,0.3816
Bubble Sort 32,10000,2565,0.42917
Bubble Sort 32,10000,2566,0.384388
Bubble Sort 32,10000,2567,0.386006
Bubble Sort 32,10000,2568,0.381046
Bubble Sort 32,10000,2569,0.383803
Bubble Sort 32,10000,2570,0.384578
Bubble Sort 32,10000,2571,0.382357
Bubble Sort 32,10000,2572,0.384979
Bubble Sort 32,10000,2573,0.382215
Bubble Sort 32,10000,2574,0.384339
Bubble Sort 32,10000,2575,0.381963
Bubble Sort 32,10000,2576,0.382689
Bubble Sort 32,10000,2577,0.382425
Bubble Sort 32,10000,2578,0.384111
Bubble Sort 32,10000,2579,0.384056
Bubble Sort 32,10000,2580,0.383951
Bubble Sort 32,10000,2581,0.382788
Bubble Sort 32,10000,2582,0.383483
Bubble Sort 32,10000,2583,0.383576
Bubble Sort 32,10000,2584,0.383526
Bubble Sort 32,10000,2585,0.382733
Bubble Sort 32,10000,2586,0.383372
Bubble Sort 32,10000,2587,0.381194
Bubble Sort 32,10000,2588,0.383588
Bubble Sort 32,10000,2589,0.381914
Bubble Sort 32,10000,2590,0.379052
Bubble Sort 32,10000,2591,0.381181
Bubble Sort 32,10000,2592,0.383052
Bubble Sort 32,10000,2593,0.38403
Bubble Sort 32,10000,2594,0.382474
Bubble Sort 32,10000,2595,0.38192
Bubble Sort 32,10000,2596,0.380123
Bubble Sort 32,10000,2597,0.385581
Bubble Sort 32,10000,2598,0.381988
Bubble Sort 32,10000,2599,0.383028
Bubble Sort 32,10000,2600,0.388264
Bubble Sort 32,10000,2601,0.38408
Bubble Sort 32,10000,2602,0.381231
Bubble Sort 32,10000,2603,0.38397
Bubble Sort 32,10000,2604,0.382603
Bubble Sort 32,10000,2605,0.384388
Bubble Sort 32,10000,2606,0.383883
Bubble Sort 32,10000,2607,0.383354
Bubble Sort 32,10000,2608,0.38539
Bubble Sort 32,10000,2609,0.382148
Bubble Sort 32,10000,2610,0.384296
Bubble Sort 32,10000,2611,0.380689
Bubble Sort 32,10000,2612,0.381994
Bubble Sort 32,10000,2613,0.409526
Bubble Sort 32,10000,2614,0.381133
Bubble Sort 32,10000,2615,0.382086
Bubble Sort 32,10000,2616,0.381249
Bubble Sort 32,10000,2617,0.38096
Bubble Sort 32,10000,2618,0.383884
Bubble Sort 32,10000,2619,0.382972
Bubble Sort 32,10000,2620,0.392603
Bubble Sort 32,10000,2621,0.382498
Bubble Sort 32,10000,2622,0.382585
Bubble Sort 32,10000,2623,0.38104
Bubble Sort 32,10000,2624,0.380837
Bubble Sort 32,10000,2625,0.384917
Bubble Sort 32,10000,2626,0.381317
Bubble Sort 32,10000,2627,0.389335
Bubble Sort 32,10000,2628,0.380437
Bubble Sort 32,10000,2629,0.38349
Bubble Sort 32,10000,2630,0.383163
Bubble Sort 32,10000,2631,0.381483
Bubble Sort 32,10000,2632,0.382056
Bubble Sort 32,10000,2633,0.384793
Bubble Sort 32,10000,2634,0.39021
Bubble Sort 32,10000,2635,0.385016
Bubble Sort 32,10000,2636,0.385889
Bubble Sort 32,10000,2637,0.381225
Bubble Sort 32,10000,2638,0.384708
Bubble Sort 32,10000,2639,0.385255
Bubble Sort 32,10000,2640,0.383606
Bubble Sort 32,10000,2641,0.38832
Bubble Sort 32,10000,2642,0.380745
Bubble Sort 32,10000,2643,0.382603
Bubble Sort 32,10000,2644,0.385526
Bubble Sort 32,10000,2645,0.384092
Bubble Sort 32,10000,2646,0.381046
Bubble Sort 32,10000,2647,0.383046
Bubble Sort 32,10000,2648,0.382671
Bubble Sort 32,10000,2649,0.381176
Bubble Sort 32,10000,2650,0.38368
Bubble Sort 32,10000,2651,0.38267
Bubble Sort 32,10000,2652,0.384572
Bubble Sort 32,10000,2653,0.384369
Bubble Sort 32,10000,2654,0.383274
Bubble Sort 32,10000,2655,0.384659
Bubble Sort 32,10000,2656,0.382727
Bubble Sort 32,10000,2657,0.385022
Bubble Sort 32,10000,2658,0.385926
Bubble Sort 32,10000,2659,0.384954
Bubble Sort 32,10000,2660,0.38368
Bubble Sort 32,10000,2661,0.383132
Bubble Sort 32,10000,2662,0.3836
Bubble Sort 32,10000,2663,0.38008
Bubble Sort 32,10000,2664,0.383207
Bubble Sort 32,10000,2665,0.381956
Bubble Sort 32,10000,2666,0.382424
Bubble Sort 32,10000,2667,0.382695
Bubble Sort 32,10000,2668,0.381428
Bubble Sort 32,10000,2669,0.382861
Bubble Sort 32,10000,2670,0.382677
Bubble Sort 32,10000,2671,0.385255
Bubble Sort 32,10000,2672,0.384
Bubble Sort 32,10000,2673,0.383846
Bubble Sort 32,10000,2674,0.383138
Bubble Sort 32,10000,2675,0.382412
Bubble Sort 32,10000,2676,0.382221
Bubble Sort 32,10000,2677,0.380954
Bubble Sort 32,10000,2678,0.38197
Bubble Sort 32,10000,2679,0.383096
Bubble Sort 32,10000,2680,0.383182
Bubble Sort 32,10000,2681,0.384843
Bubble Sort 32,10000,2682,0.381736
Bubble Sort 32,10000,2683,0.383557
Bubble Sort 32,10000,2684,0.381348
Bubble Sort 32,10000,2685,0.383176
Bubble Sort 32,10000,2686,0.383003
Bubble Sort 32,10000,2687,0.382043
Bubble Sort 32,10000,2688,0.380259
Bubble Sort 32,10000,2689,0.382807
Bubble Sort 32,10000,2690,0.383594
Bubble Sort 32,10000,2691,0.38376
Bubble Sort 32,10000,2692,0.383477
Bubble Sort 32,10000,2693,0.381108
Bubble Sort 32,10000,2694,0.385871
Bubble Sort 32,10000,2695,0.384277
Bubble Sort 32,10000,2696,0.409988
Bubble Sort 32,10000,2697,0.382769
Bubble Sort 32,10000,2698,0.383194
Bubble Sort 32,10000,2699,0.383385
Bubble Sort 32,10000,2700,0.3824
Bubble Sort 32,10000,2701,0.383027
Bubble Sort 32,10000,2702,0.383224
Bubble Sort 32,10000,2703,0.391378
Bubble Sort 32,10000,2704,0.38312
Bubble Sort 32,10000,2705,0.383803
Bubble Sort 32,10000,2706,0.38347
Bubble Sort 32,10000,2707,0.383348
Bubble Sort 32,10000,2708,0.381459
Bubble Sort 32,10000,2709,0.383354
Bubble Sort 32,10000,2710,0.392923
Bubble Sort 32,10000,2711,0.384511
Bubble Sort 32,10000,2712,0.382301
Bubble Sort 32,10000,2713,0.383384
Bubble Sort 32,10000,2714,0.386831
Bubble Sort 32,10000,2715,0.383747
Bubble Sort 32,10000,2716,0.381292
Bubble Sort 32,10000,2717,0.391692
Bubble Sort 32,10000,2718,0.381046
Bubble Sort 32,10000,2719,0.381766
Bubble Sort 32,10000,2720,0.382037
Bubble Sort 32,10000,2721,0.385354
Bubble Sort 32,10000,2722,0.381588
Bubble Sort 32,10000,2723,0.381194
Bubble Sort 32,10000,2724,0.38456
Bubble Sort 32,10000,2725,0.3844
Bubble Sort 32,10000,2726,0.38355
Bubble Sort 32,10000,2727,0.379889
Bubble Sort 32,10000,2728,0.383582
Bubble Sort 32,10000,2729,0.384351
Bubble Sort 32,10000,2730,0.382431
Bubble Sort 32,10000,2731,0.381433
Bubble Sort 32,10000,2732,0.38352
Bubble Sort 32,10000,2733,0.382
Bubble Sort 32,10000,2734,0.383791
Bubble Sort 32,10000,2735,0.386019
Bubble Sort 32,10000,2736,0.383298
Bubble Sort 32,10000,2737,0.38312
Bubble Sort 32,10000,2738,0.384849
Bubble Sort 32,10000,2739,0.382068
Bubble Sort 32,10000,2740,0.382074
Bubble Sort 32,10000,2741,0.382326
Bubble Sort 32,10000,2742,0.380991
Bubble Sort 32,10000,2743,0.383138
Bubble Sort 32,10000,2744,0.381902
Bubble Sort 32,10000,2745,0.385163
Bubble Sort 32,10000,2746,0.384456
Bubble Sort 32,10000,2747,0.383791
Bubble Sort 32,10000,2748,0.381736
Bubble Sort 32,10000,2749,0.383618
Bubble Sort 32,10000,2750,0.381003
Bubble Sort 32,10000,2751,0.383625
Bubble Sort 32,10000,2752,0.379994
Bubble Sort 32,10000,2753,0.381465
Bubble Sort 32,10000,2754,0.382769
Bubble Sort 32,10000,2755,0.382745
Bubble Sort 32,10000,2756,0.383699
Bubble Sort 32,10000,2757,0.38288
Bubble Sort 32,10000,2758,0.430074
Bubble Sort 32,10000,2759,0.383095
Bubble Sort 32,10000,2760,0.383784
Bubble Sort 32,10000,2761,0.385944
Bubble Sort 32,10000,2762,0.3836
Bubble Sort 32,10000,2763,0.383083
Bubble Sort 32,10000,2764,0.382591
Bubble Sort 32,10000,2765,0.394713
Bubble Sort 32,10000,2766,0.384178
Bubble Sort 32,10000,2767,0.384215
Bubble Sort 32,10000,2768,0.382388
Bubble Sort 32,10000,2769,0.381176
Bubble Sort 32,10000,2770,0.386221
Bubble Sort 32,10000,2771,0.384948
Bubble Sort 32,10000,2772,0.376904
Bubble Sort 32,10000,2773,0.381692
Bubble Sort 32,10000,2774,0.382394
Bubble Sort 32,10000,2775,0.383667
Bubble Sort 32,10000,2776,0.381871
Bubble Sort 32,10000,2777,0.384622
Bubble Sort 32,10000,2778,0.382671
Bubble Sort 32,10000,2779,0.38656
Bubble Sort 32,10000,2780,0.383692
Bubble Sort 32,10000,2781,0.384296
Bubble Sort 32,10000,2782,0.387009
Bubble Sort 32,10000,2783,0.383089
Bubble Sort 32,10000,2784,0.38096
Bubble Sort 32,10000,2785,0.38296
Bubble Sort 32,10000,2786,0.386111
Bubble Sort 32,10000,2787,0.381784
Bubble Sort 32,10000,2788,0.38184
Bubble Sort 32,10000,2789,0.382751
Bubble Sort 32,10000,2790,0.383513
Bubble Sort 32,10000,2791,0.380757
Bubble Sort 32,10000,2792,0.38336
Bubble Sort 32,10000,2793,0.383157
Bubble Sort 32,10000,2794,0.381496
Bubble Sort 32,10000,2795,0.383212
Bubble Sort 32,10000,2796,0.38176
Bubble Sort 32,10000,2797,0.382855
Bubble Sort 32,10000,2798,0.383237
Bubble Sort 32,10000,2799,0.383126
Bubble Sort 32,10000,2800,0.387747
Bubble Sort 32,10000,2801,0.383926
Bubble Sort 32,10000,2802,0.386296
Bubble Sort 32,10000,2803,0.385077
Bubble Sort 32,10000,2804,0.384301
Bubble Sort 32,10000,2805,0.382763
Bubble Sort 32,10000,2806,0.385477
Bubble Sort 32,10000,2807,0.382935
Bubble Sort 32,10000,2808,0.385151
Bubble Sort 32,10000,2809,0.385686
Bubble Sort 32,10000,2810,0.382461
Bubble Sort 32,10000,2811,0.38104
Bubble Sort 32,10000,2812,0.384289
Bubble Sort 32,10000,2813,0.384911
Bubble Sort 32,10000,2814,0.383791
Bubble Sort 32,10000,2815,0.384332
Bubble Sort 32,10000,2816,0.384548
Bubble Sort 32,10000,2817,0.381194
Bubble Sort 32,10000,2818,0.382049
Bubble Sort 32,10000,2819,0.384628
Bubble Sort 32,10000,2820,0.381182
Bubble Sort 32,10000,2821,0.38424
Bubble Sort 32,10000,2822,0.386025
Bubble Sort 32,10000,2823,0.385003
Bubble Sort 32,10000,2824,0.383021
Bubble Sort 32,10000,2825,0.383181
Bubble Sort 32,10000,2826,0.382246
Bubble Sort 32,10000,2827,0.384597
Bubble Sort 32,10000,2828,0.381459
Bubble Sort 32,10000,2829,0.383465
Bubble Sort 32,10000,2830,0.382067
Bubble Sort 32,10000,2831,0.383305
Bubble Sort 32,10000,2832,0.380554
Bubble Sort 32,10000,2833,0.383975
Bubble Sort 32,10000,2834,0.391113
Bubble Sort 32,10000,2835,0.382566
Bubble Sort 32,10000,2836,0.380954
Bubble Sort 32,10000,2837,0.382609
Bubble Sort 32,10000,2838,0.381348
Bubble Sort 32,10000,2839,0.37968
Bubble Sort 32,10000,2840,0.382732
Bubble Sort 32,10000,2841,0.391951
Bubble Sort 32,10000,2842,0.384129
Bubble Sort 32,10000,2843,0.382942
Bubble Sort 32,10000,2844,0.381625
Bubble Sort 32,10000,2845,0.380462
Bubble Sort 32,10000,2846,0.382628
Bubble Sort 32,10000,2847,0.38152
Bubble Sort 32,10000,2848,0.387224
Bubble Sort 32,10000,2849,0.383563
Bubble Sort 32,10000,2850,0.382917
Bubble Sort 32,10000,2851,0.383779
Bubble Sort 32,10000,2852,0.382363
Bubble Sort 32,10000,2853,0.380259
Bubble Sort 32,10000,2854,0.382585
Bubble Sort 32,10000,2855,0.38464
Bubble Sort 32,10000,2856,0.38171
Bubble Sort 32,10000,2857,0.38128
Bubble Sort 32,10000,2858,0.379034
Bubble Sort 32,10000,2859,0.380856
Bubble Sort 32,10000,2860,0.380302
Bubble Sort 32,10000,2861,0.383329
Bubble Sort 32,10000,2862,0.382431
Bubble Sort 32,10000,2863,0.383803
Bubble Sort 32,10000,2864,0.381643
Bubble Sort 32,10000,2865,0.381126
Bubble Sort 32,10000,2866,0.380154
Bubble Sort 32,10000,2867,0.381926
Bubble Sort 32,10000,2868,0.38168
Bubble Sort 32,10000,2869,0.380953
Bubble Sort 32,10000,2870,0.381699
Bubble Sort 32,10000,2871,0.383003
Bubble Sort 32,10000,2872,0.382418
Bubble Sort 32,10000,2873,0.379077
Bubble Sort 32,10000,2874,0.382757
Bubble Sort 32,10000,2875,0.381495
Bubble Sort 32,10000,2876,0.382843
Bubble Sort 32,10000,2877,0.381908
Bubble Sort 32,10000,2878,0.383194
Bubble Sort 32,10000,2879,0.38323
Bubble Sort 32,10000,2880,0.384363
Bubble Sort 32,10000,2881,0.383587
Bubble Sort 32,10000,2882,0.380332
Bubble Sort 32,10000,2883,0.382061
Bubble Sort 32,10000,2884,0.38152
Bubble Sort 32,10000,2885,0.381366
Bubble Sort 32,10000,2886,0.380713
Bubble Sort 32,10000,2887,0.379735
Bubble Sort 32,10000,2888,0.3808
Bubble Sort 32,10000,2889,0.383741
Bubble Sort 32,10000,2890,0.381403
Bubble Sort 32,10000,2891,0.380536
Bubble Sort 32,10000,2892,0.381772
Bubble Sort 32,10000,2893,0.383058
Bubble Sort 32,10000,2894,0.380979
Bubble Sort 32,10000,2895,0.380764
Bubble Sort 32,10000,2896,0.381957
Bubble Sort 32,10000,2897,0.381914
Bubble Sort 32,10000,2898,0.381077
Bubble Sort 32,10000,2899,0.382917
Bubble Sort 32,10000,2900,0.379323
Bubble Sort 32,10000,2901,0.382776
Bubble Sort 32,10000,2902,0.38264
Bubble Sort 32,10000,2903,0.427243
Bubble Sort 32,10000,2904,0.380972
Bubble Sort 32,10000,2905,0.38203
Bubble Sort 32,10000,2906,0.382117
Bubble Sort 32,10000,2907,0.379539
Bubble Sort 32,10000,2908,0.379797
Bubble Sort 32,10000,2909,0.3804
Bubble Sort 32,10000,2910,0.390634
Bubble Sort 32,10000,2911,0.388622
Bubble Sort 32,10000,2912,0.385661
Bubble Sort 32,10000,2913,0.381907
Bubble Sort 32,10000,2914,0.383514
Bubble Sort 32,10000,2915,0.380572
Bubble Sort 32,10000,2916,0.382148
Bubble Sort 32,10000,2917,0.376535
Bubble Sort 32,10000,2918,0.382886
Bubble Sort 32,10000,2919,0.384302
Bubble Sort 32,10000,2920,0.383939
Bubble Sort 32,10000,2921,0.383422
Bubble Sort 32,10000,2922,0.38048
Bubble Sort 32,10000,2923,0.384418
Bubble Sort 32,10000,2924,0.384191
Bubble Sort 32,10000,2925,0.38048
Bubble Sort 32,10000,2926,0.382062
Bubble Sort 32,10000,2927,0.382985
Bubble Sort 32,10000,2928,0.382037
Bubble Sort 32,10000,2929,0.379656
Bubble Sort 32,10000,2930,0.382332
Bubble Sort 32,10000,2931,0.383225
Bubble Sort 32,10000,2932,0.381274
Bubble Sort 32,10000,2933,0.380197
Bubble Sort 32,10000,2934,0.380597
Bubble Sort 32,10000,2935,0.383631
Bubble Sort 32,10000,2936,0.384665
Bubble Sort 32,10000,2937,0.383287
Bubble Sort 32,10000,2938,0.382129
Bubble Sort 32,10000,2939,0.381693
Bubble Sort 32,10000,2940,0.378535
Bubble Sort 32,10000,2941,0.381606
Bubble Sort 32,10000,2942,0.381323
Bubble Sort 32,10000,2943,0.382147
Bubble Sort 32,10000,2944,0.382437
Bubble Sort 32,10000,2945,0.384991
Bubble Sort 32,10000,2946,0.380012
Bubble Sort 32,10000,2947,0.380695
Bubble Sort 32,10000,2948,0.383889
Bubble Sort 32,10000,2949,0.384757
Bubble Sort 32,10000,2950,0.383796
Bubble Sort 32,10000,2951,0.382462
Bubble Sort 32,10000,2952,0.382037
Bubble Sort 32,10000,2953,0.385508
Bubble Sort 32,10000,2954,0.381255
Bubble Sort 32,10000,2955,0.380813
Bubble Sort 32,10000,2956,0.381563
Bubble Sort 32,10000,2957,0.381046
Bubble Sort 32,10000,2958,0.381353
Bubble Sort 32,10000,2959,0.384117
Bubble Sort 32,10000,2960,0.384547
Bubble Sort 32,10000,2961,0.381987
Bubble Sort 32,10000,2962,0.382283
Bubble Sort 32,10000,2963,0.382997
Bubble Sort 32,10000,2964,0.383464
Bubble Sort 32,10000,2965,0.380456
Bubble Sort 32,10000,2966,0.3796
Bubble Sort 32,10000,2967,0.383828
Bubble Sort 32,10000,2968,0.382966
Bubble Sort 32,10000,2969,0.381939
Bubble Sort 32,10000,2970,0.379785
Bubble Sort 32,10000,2971,0.381661
Bubble Sort 32,10000,2972,0.427773
Bubble Sort 32,10000,2973,0.381378
Bubble Sort 32,10000,2974,0.381299
Bubble Sort 32,10000,2975,0.382425
Bubble Sort 32,10000,2976,0.380707
Bubble Sort 32,10000,2977,0.382917
Bubble Sort 32,10000,2978,0.380111
Bubble Sort 32,10000,2979,0.392345
Bubble Sort 32,10000,2980,0.38072
Bubble Sort 32,10000,2981,0.38288
Bubble Sort 32,10000,2982,0.382609
Bubble Sort 32,10000,2983,0.38184
Bubble Sort 32,10000,2984,0.38275
Bubble Sort 32,10000,2985,0.380468
Bubble Sort 32,10000,2986,0.381028
Bubble Sort 32,10000,2987,0.3804
Bubble Sort 32,10000,2988,0.381846
Bubble Sort 32,10000,2989,0.382529
Bubble Sort 32,10000,2990,0.384609
Bubble Sort 32,10000,2991,0.38304
Bubble Sort 32,10000,2992,0.381797
Bubble Sort 32,10000,2993,0.382326
Bubble Sort 32,10000,2994,0.38075
Bubble Sort 32,10000,2995,0.381631
Bubble Sort 32,10000,2996,0.379453
Bubble Sort 32,10000,2997,0.380473
Bubble Sort 32,10000,2998,0.38264
Bubble Sort 32,10000,2999,0.379213
Bubble Sort 32,10000,3000,0.38144
Bubble Sort 32,10000,3001,0.386499
Bubble Sort 32,10000,3002,0.384498
Bubble Sort 32,10000,3003,0.384541
Bubble Sort 32,10000,3004,0.382172
Bubble Sort 32,10000,3005,0.383169
Bubble Sort 32,10000,3006,0.385409
Bubble Sort 32,10000,3007,0.383317
Bubble Sort 32,10000,3008,0.381723
Bubble Sort 32,10000,3009,0.381711
Bubble Sort 32,10000,3010,0.38565
Bubble Sort 32,10000,3011,0.38232
Bubble Sort 32,10000,3012,0.384923
Bubble Sort 32,10000,3013,0.382215
Bubble Sort 32,10000,3014,0.385427
Bubble Sort 32,10000,3015,0.38264
Bubble Sort 32,10000,3016,0.382344
Bubble Sort 32,10000,3017,0.383427
Bubble Sort 32,10000,3018,0.384037
Bubble Sort 32,10000,3019,0.384517
Bubble Sort 32,10000,3020,0.383385
Bubble Sort 32,10000,3021,0.38333
Bubble Sort 32,10000,3022,0.381859
Bubble Sort 32,10000,3023,0.381428
Bubble Sort 32,10000,3024,0.384659
Bubble Sort 32,10000,3025,0.383501
Bubble Sort 32,10000,3026,0.384394
Bubble Sort 32,10000,3027,0.385821
Bubble Sort 32,10000,3028,0.381237
Bubble Sort 32,10000,3029,0.381231
Bubble Sort 32,10000,3030,0.385895
Bubble Sort 32,10000,3031,0.380806
Bubble Sort 32,10000,3032,0.380917
Bubble Sort 32,10000,3033,0.385594
Bubble Sort 32,10000,3034,0.384376
Bubble Sort 32,10000,3035,0.384302
Bubble Sort 32,10000,3036,0.386025
Bubble Sort 32,10000,3037,0.383249
Bubble Sort 32,10000,3038,0.382837
Bubble Sort 32,10000,3039,0.38344
Bubble Sort 32,10000,3040,0.390886
Bubble Sort 32,10000,3041,0.382659
Bubble Sort 32,10000,3042,0.380566
Bubble Sort 32,10000,3043,0.386726
Bubble Sort 32,10000,3044,0.382
Bubble Sort 32,10000,3045,0.379773
Bubble Sort 32,10000,3046,0.382726
Bubble Sort 32,10000,3047,0.379582
Bubble Sort 32,10000,3048,0.385459
Bubble Sort 32,10000,3049,0.382055
Bubble Sort 32,10000,3050,0.384369
Bubble Sort 32,10000,3051,0.381286
Bubble Sort 32,10000,3052,0.383292
Bubble Sort 32,10000,3053,0.38072
Bubble Sort 32,10000,3054,0.396166
Bubble Sort 32,10000,3055,0.383354
Bubble Sort 32,10000,3056,0.383717
Bubble Sort 32,10000,3057,0.383477
Bubble Sort 32,10000,3058,0.382677
Bubble Sort 32,10000,3059,0.385532
Bubble Sort 32,10000,3060,0.385108
Bubble Sort 32,10000,3061,0.387354
Bubble Sort 32,10000,3062,0.385016
Bubble Sort 32,10000,3063,0.384412
Bubble Sort 32,10000,3064,0.382209
Bubble Sort 32,10000,3065,0.384517
Bubble Sort 32,10000,3066,0.384418
Bubble Sort 32,10000,3067,0.383206
Bubble Sort 32,10000,3068,0.385428
Bubble Sort 32,10000,3069,0.382658
Bubble Sort 32,10000,3070,0.382874
Bubble Sort 32,10000,3071,0.383908
Bubble Sort 32,10000,3072,0.381107
Bubble Sort 32,10000,3073,0.384043
Bubble Sort 32,10000,3074,0.384671
Bubble Sort 32,10000,3075,0.383046
Bubble Sort 32,10000,3076,0.385034
Bubble Sort 32,10000,3077,0.382696
Bubble Sort 32,10000,3078,0.38317
Bubble Sort 32,10000,3079,0.384776
Bubble Sort 32,10000,3080,0.382929
Bubble Sort 32,10000,3081,0.384984
Bubble Sort 32,10000,3082,0.382984
Bubble Sort 32,10000,3083,0.381939
Bubble Sort 32,10000,3084,0.380665
Bubble Sort 32,10000,3085,0.383052
Bubble Sort 32,10000,3086,0.384105
Bubble Sort 32,10000,3087,0.383865
Bubble Sort 32,10000,3088,0.386929
Bubble Sort 32,10000,3089,0.383717
Bubble Sort 32,10000,3090,0.386412
Bubble Sort 32,10000,3091,0.383828
Bubble Sort 32,10000,3092,0.383213
Bubble Sort 32,10000,3093,0.382622
Bubble Sort 32,10000,3094,0.382308
Bubble Sort 32,10000,3095,0.383126
Bubble Sort 32,10000,3096,0.385619
Bubble Sort 32,10000,3097,0.38464
Bubble Sort 32,10000,3098,0.382511
Bubble Sort 32,10000,3099,0.383422
Bubble Sort 32,10000,3100,0.3836
Bubble Sort 32,10000,3101,0.384529
Bubble Sort 32,10000,3102,0.383969
Bubble Sort 32,10000,3103,0.384339
Bubble Sort 32,10000,3104,0.383957
Bubble Sort 32,10000,3105,0.383126
Bubble Sort 32,10000,3106,0.382855
Bubble Sort 32,10000,3107,0.383046
Bubble Sort 32,10000,3108,0.383108
Bubble Sort 32,10000,3109,0.383273
Bubble Sort 32,10000,3110,0.383157
Bubble Sort 32,10000,3111,0.382129
Bubble Sort 32,10000,3112,0.384807
Bubble Sort 32,10000,3113,0.39203
Bubble Sort 32,10000,3114,0.385102
Bubble Sort 32,10000,3115,0.383262
Bubble Sort 32,10000,3116,0.411348
Bubble Sort 32,10000,3117,0.383858
Bubble Sort 32,10000,3118,0.381477
Bubble Sort 32,10000,3119,0.381575
Bubble Sort 32,10000,3120,0.381508
Bubble Sort 32,10000,3121,0.382093
Bubble Sort 32,10000,3122,0.38128
Bubble Sort 32,10000,3123,0.393527
Bubble Sort 32,10000,3124,0.382055
Bubble Sort 32,10000,3125,0.383028
Bubble Sort 32,10000,3126,0.382843
Bubble Sort 32,10000,3127,0.381779
Bubble Sort 32,10000,3128,0.382843
Bubble Sort 32,10000,3129,0.383612
Bubble Sort 32,10000,3130,0.377397
Bubble Sort 32,10000,3131,0.382548
Bubble Sort 32,10000,3132,0.384006
Bubble Sort 32,10000,3133,0.38563
Bubble Sort 32,10000,3134,0.383169
Bubble Sort 32,10000,3135,0.38368
Bubble Sort 32,10000,3136,0.381058
Bubble Sort 32,10000,3137,0.392455
Bubble Sort 32,10000,3138,0.383594
Bubble Sort 32,10000,3139,0.383668
Bubble Sort 32,10000,3140,0.379256
Bubble Sort 32,10000,3141,0.391791
Bubble Sort 32,10000,3142,0.395797
Bubble Sort 32,10000,3143,0.3984
Bubble Sort 32,10000,3144,0.39491
Bubble Sort 32,10000,3145,0.390874
Bubble Sort 32,10000,3146,0.39165
Bubble Sort 32,10000,3147,0.394671
Bubble Sort 32,10000,3148,0.394025
Bubble Sort 32,10000,3149,0.394892
Bubble Sort 32,10000,3150,0.399514
Bubble Sort 32,10000,3151,0.386449
Bubble Sort 32,10000,3152,0.381089
Bubble Sort 32,10000,3153,0.38608
Bubble Sort 32,10000,3154,0.439576
Bubble Sort 32,10000,3155,0.3844
Bubble Sort 32,10000,3156,0.381446
Bubble Sort 32,10000,3157,0.383957
Bubble Sort 32,10000,3158,0.382228
Bubble Sort 32,10000,3159,0.381403
Bubble Sort 32,10000,3160,0.379939
Bubble Sort 32,10000,3161,0.381311
Bubble Sort 32,10000,3162,0.38552
Bubble Sort 32,10000,3163,0.383902
Bubble Sort 32,10000,3164,0.384092
Bubble Sort 32,10000,3165,0.382517
Bubble Sort 32,10000,3166,0.384886
Bubble Sort 32,10000,3167,0.38291
Bubble Sort 32,10000,3168,0.383957
Bubble Sort 32,10000,3169,0.38208
Bubble Sort 32,10000,3170,0.383127
Bubble Sort 32,10000,3171,0.381932
Bubble Sort 32,10000,3172,0.384905
Bubble Sort 32,10000,3173,0.3816
Bubble Sort 32,10000,3174,0.383058
Bubble Sort 32,10000,3175,0.383071
Bubble Sort 32,10000,3176,0.383465
Bubble Sort 32,10000,3177,0.381378
Bubble Sort 32,10000,3178,0.45208
Bubble Sort 32,10000,3179,0.384345
Bubble Sort 32,10000,3180,0.382739
Bubble Sort 32,10000,3181,0.383557
Bubble Sort 32,10000,3182,0.386498
Bubble Sort 32,10000,3183,0.385164
Bubble Sort 32,10000,3184,0.38392
Bubble Sort 32,10000,3185,0.384566
Bubble Sort 32,10000,3186,0.38277
Bubble Sort 32,10000,3187,0.383065
Bubble Sort 32,10000,3188,0.384357
Bubble Sort 32,10000,3189,0.382154
Bubble Sort 32,10000,3190,0.383065
Bubble Sort 32,10000,3191,0.384172
Bubble Sort 32,10000,3192,0.380973
Bubble Sort 32,10000,3193,0.381071
Bubble Sort 32,10000,3194,0.380671
Bubble Sort 32,10000,3195,0.383076
Bubble Sort 32,10000,3196,0.38192
Bubble Sort 32,10000,3197,0.382043
Bubble Sort 32,10000,3198,0.3828
Bubble Sort 32,10000,3199,0.383895
Bubble Sort 32,10000,3200,0.381723
Bubble Sort 32,10000,3201,0.383336
Bubble Sort 32,10000,3202,0.389502
Bubble Sort 32,10000,3203,0.38389
Bubble Sort 32,10000,3204,0.381735
Bubble Sort 32,10000,3205,0.382394
Bubble Sort 32,10000,3206,0.383003
Bubble Sort 32,10000,3207,0.381533
Bubble Sort 32,10000,3208,0.384744
Bubble Sort 32,10000,3209,0.381723
Bubble Sort 32,10000,3210,0.383342
Bubble Sort 32,10000,3211,0.382653
Bubble Sort 32,10000,3212,0.381299
Bubble Sort 32,10000,3213,0.385342
Bubble Sort 32,10000,3214,0.383735
Bubble Sort 32,10000,3215,0.383046
Bubble Sort 32,10000,3216,0.386018
Bubble Sort 32,10000,3217,0.382609
Bubble Sort 32,10000,3218,0.383144
Bubble Sort 32,10000,3219,0.382966
Bubble Sort 32,10000,3220,0.381951
Bubble Sort 32,10000,3221,0.384301
Bubble Sort 32,10000,3222,0.383237
Bubble Sort 32,10000,3223,0.383514
Bubble Sort 32,10000,3224,0.382972
Bubble Sort 32,10000,3225,0.383914
Bubble Sort 32,10000,3226,0.383385
Bubble Sort 32,10000,3227,0.383674
Bubble Sort 32,10000,3228,0.383649
Bubble Sort 32,10000,3229,0.383729
Bubble Sort 32,10000,3230,0.382068
Bubble Sort 32,10000,3231,0.383366
Bubble Sort 32,10000,3232,0.382868
Bubble Sort 32,10000,3233,0.383865
Bubble Sort 32,10000,3234,0.380819
Bubble Sort 32,10000,3235,0.380516
Bubble Sort 32,10000,3236,0.386006
Bubble Sort 32,10000,3237,0.385766
Bubble Sort 32,10000,3238,0.382283
Bubble Sort 32,10000,3239,0.384135
Bubble Sort 32,10000,3240,0.383102
Bubble Sort 32,10000,3241,0.384455
Bubble Sort 32,10000,3242,0.384025
Bubble Sort 32,10000,3243,0.384006
Bubble Sort 32,10000,3244,0.38539
Bubble Sort 32,10000,3245,0.384867
Bubble Sort 32,10000,3246,0.38352
Bubble Sort 32,10000,3247,0.379956
Bubble Sort 32,10000,3248,0.383181
Bubble Sort 32,10000,3249,0.382289
Bubble Sort 32,10000,3250,0.381514
Bubble Sort 32,10000,3251,0.383711
Bubble Sort 32,10000,3252,0.38485
Bubble Sort 32,10000,3253,0.384757
Bubble Sort 32,10000,3254,0.382277
Bubble Sort 32,10000,3255,0.380461
Bubble Sort 32,10000,3256,0.383422
Bubble Sort 32,10000,3257,0.381883
Bubble Sort 32,10000,3258,0.382585
Bubble Sort 32,10000,3259,0.382006
Bubble Sort 32,10000,3260,0.381569
Bubble Sort 32,10000,3261,0.379877
Bubble Sort 32,10000,3262,0.38136
Bubble Sort 32,10000,3263,0.383969
Bubble Sort 32,10000,3264,0.381311
Bubble Sort 32,10000,3265,0.383686
Bubble Sort 32,10000,3266,0.380461
Bubble Sort 32,10000,3267,0.38352
Bubble Sort 32,10000,3268,0.381815
Bubble Sort 32,10000,3269,0.380376
Bubble Sort 32,10000,3270,0.381089
Bubble Sort 32,10000,3271,0.377046
Bubble Sort 32,10000,3272,0.382732
Bubble Sort 32,10000,3273,0.382566
Bubble Sort 32,10000,3274,0.383323
Bubble Sort 32,10000,3275,0.381342
Bubble Sort 32,10000,3276,0.381631
Bubble Sort 32,10000,3277,0.381877
Bubble Sort 32,10000,3278,0.380837
Bubble Sort 32,10000,3279,0.382978
Bubble Sort 32,10000,3280,0.379963
Bubble Sort 32,10000,3281,0.382357
Bubble Sort 32,10000,3282,0.380886
Bubble Sort 32,10000,3283,0.382326
Bubble Sort 32,10000,3284,0.391963
Bubble Sort 32,10000,3285,0.397218
Bubble Sort 32,10000,3286,0.384456
Bubble Sort 32,10000,3287,0.380861
Bubble Sort 32,10000,3288,0.383022
Bubble Sort 32,10000,3289,0.383329
Bubble Sort 32,10000,3290,0.382824
Bubble Sort 32,10000,3291,0.382326
Bubble Sort 32,10000,3292,0.384412
Bubble Sort 32,10000,3293,0.384591
Bubble Sort 32,10000,3294,0.380517
Bubble Sort 32,10000,3295,0.384258
Bubble Sort 32,10000,3296,0.383889
Bubble Sort 32,10000,3297,0.381847
Bubble Sort 32,10000,3298,0.383403
Bubble Sort 32,10000,3299,0.383729
Bubble Sort 32,10000,3300,0.380831
Bubble Sort 32,10000,3301,0.382123
Bubble Sort 32,10000,3302,0.381877
Bubble Sort 32,10000,3303,0.382751
Bubble Sort 32,10000,3304,0.384295
Bubble Sort 32,10000,3305,0.383033
Bubble Sort 32,10000,3306,0.384917
Bubble Sort 32,10000,3307,0.38523
Bubble Sort 32,10000,3308,0.382104
Bubble Sort 32,10000,3309,0.381742
Bubble Sort 32,10000,3310,0.381772
Bubble Sort 32,10000,3311,0.379809
Bubble Sort 32,10000,3312,0.383803
Bubble Sort 32,10000,3313,0.383028
Bubble Sort 32,10000,3314,0.382579
Bubble Sort 32,10000,3315,0.382862
Bubble Sort 32,10000,3316,0.382935
Bubble Sort 32,10000,3317,0.379914
Bubble Sort 32,10000,3318,0.383619
Bubble Sort 32,10000,3319,0.38056
Bubble Sort 32,10000,3320,0.385446
Bubble Sort 32,10000,3321,0.382406
Bubble Sort 32,10000,3322,0.385557
Bubble Sort 32,10000,3323,0.385323
Bubble Sort 32,10000,3324,0.396382
Bubble Sort 32,10000,3325,0.386068
Bubble Sort 32,10000,3326,0.43424
Bubble Sort 32,10000,3327,0.38643
Bubble Sort 32,10000,3328,0.380597
Bubble Sort 32,10000,3329,0.385767
Bubble Sort 32,10000,3330,0.384344
Bubble Sort 32,10000,3331,0.383557
Bubble Sort 32,10000,3332,0.383686
Bubble Sort 32,10000,3333,0.377477
Bubble Sort 32,10000,3334,0.384553
Bubble Sort 32,10000,3335,0.38403
Bubble Sort 32,10000,3336,0.38392
Bubble Sort 32,10000,3337,0.384849
Bubble Sort 32,10000,3338,0.382954
Bubble Sort 32,10000,3339,0.382935
Bubble Sort 32,10000,3340,0.392511
Bubble Sort 32,10000,3341,0.385298
Bubble Sort 32,10000,3342,0.383729
Bubble Sort 32,10000,3343,0.384271
Bubble Sort 32,10000,3344,0.382511
Bubble Sort 32,10000,3345,0.386862
Bubble Sort 32,10000,3346,0.3832
Bubble Sort 32,10000,3347,0.394
Bubble Sort 32,10000,3348,0.381539
Bubble Sort 32,10000,3349,0.382173
Bubble Sort 32,10000,3350,0.380123
Bubble Sort 32,10000,3351,0.38288
Bubble Sort 32,10000,3352,0.38099
Bubble Sort 32,10000,3353,0.380985
Bubble Sort 32,10000,3354,0.382511
Bubble Sort 32,10000,3355,0.38464
Bubble Sort 32,10000,3356,0.381138
Bubble Sort 32,10000,3357,0.383157
Bubble Sort 32,10000,3358,0.38008
Bubble Sort 32,10000,3359,0.383267
Bubble Sort 32,10000,3360,0.3816
Bubble Sort 32,10000,3361,0.381945
Bubble Sort 32,10000,3362,0.382437
Bubble Sort 32,10000,3363,0.380369
Bubble Sort 32,10000,3364,0.381939
Bubble Sort 32,10000,3365,0.381735
Bubble Sort 32,10000,3366,0.383286
Bubble Sort 32,10000,3367,0.381342
Bubble Sort 32,10000,3368,0.381723
Bubble Sort 32,10000,3369,0.383144
Bubble Sort 32,10000,3370,0.38616
Bubble Sort 32,10000,3371,0.384942
Bubble Sort 32,10000,3372,0.384572
Bubble Sort 32,10000,3373,0.384996
Bubble Sort 32,10000,3374,0.383914
Bubble Sort 32,10000,3375,0.383981
Bubble Sort 32,10000,3376,0.383305
Bubble Sort 32,10000,3377,0.381126
Bubble Sort 32,10000,3378,0.381686
Bubble Sort 32,10000,3379,0.380142
Bubble Sort 32,10000,3380,0.38016
Bubble Sort 32,10000,3381,0.380338
Bubble Sort 32,10000,3382,0.383267
Bubble Sort 32,10000,3383,0.37928
Bubble Sort 32,10000,3384,0.382523
Bubble Sort 32,10000,3385,0.380314
Bubble Sort 32,10000,3386,0.381379
Bubble Sort 32,10000,3387,0.380787
Bubble Sort 32,10000,3388,0.405489
Bubble Sort 32,10000,3389,0.381083
Bubble Sort 32,10000,3390,0.383416
Bubble Sort 32,10000,3391,0.382443
Bubble Sort 32,10000,3392,0.382327
Bubble Sort 32,10000,3393,0.382468
Bubble Sort 32,10000,3394,0.380142
Bubble Sort 32,10000,3395,0.380529
Bubble Sort 32,10000,3396,0.384788
Bubble Sort 32,10000,3397,0.383212
Bubble Sort 32,10000,3398,0.384295
Bubble Sort 32,10000,3399,0.382412
Bubble Sort 32,10000,3400,0.383144
Bubble Sort 32,10000,3401,0.382117
Bubble Sort 32,10000,3402,0.391108
Bubble Sort 32,10000,3403,0.383132
Bubble Sort 32,10000,3404,0.381064
Bubble Sort 32,10000,3405,0.382677
Bubble Sort 32,10000,3406,0.383575
Bubble Sort 32,10000,3407,0.382006
Bubble Sort 32,10000,3408,0.381963
Bubble Sort 32,10000,3409,0.389754
Bubble Sort 32,10000,3410,0.383803
Bubble Sort 32,10000,3411,0.382867
Bubble Sort 32,10000,3412,0.38072
Bubble Sort 32,10000,3413,0.382547
Bubble Sort 32,10000,3414,0.381299
Bubble Sort 32,10000,3415,0.383249
Bubble Sort 32,10000,3416,0.382862
Bubble Sort 32,10000,3417,0.384154
Bubble Sort 32,10000,3418,0.382351
Bubble Sort 32,10000,3419,0.382043
Bubble Sort 32,10000,3420,0.384806
Bubble Sort 32,10000,3421,0.381914
Bubble Sort 32,10000,3422,0.382055
Bubble Sort 32,10000,3423,0.387496
Bubble Sort 32,10000,3424,0.382431
Bubble Sort 32,10000,3425,0.384166
Bubble Sort 32,10000,3426,0.383163
Bubble Sort 32,10000,3427,0.382566
Bubble Sort 32,10000,3428,0.381655
Bubble Sort 32,10000,3429,0.383003
Bubble Sort 32,10000,3430,0.383656
Bubble Sort 32,10000,3431,0.383815
Bubble Sort 32,10000,3432,0.382954
Bubble Sort 32,10000,3433,0.379249
Bubble Sort 32,10000,3434,0.381686
Bubble Sort 32,10000,3435,0.383502
Bubble Sort 32,10000,3436,0.380492
Bubble Sort 32,10000,3437,0.384517
Bubble Sort 32,10000,3438,0.381367
Bubble Sort 32,10000,3439,0.381932
Bubble Sort 32,10000,3440,0.382997
Bubble Sort 32,10000,3441,0.383624
Bubble Sort 32,10000,3442,0.379692
Bubble Sort 32,10000,3443,0.381969
Bubble Sort 32,10000,3444,0.384203
Bubble Sort 32,10000,3445,0.383385
Bubble Sort 32,10000,3446,0.383256
Bubble Sort 32,10000,3447,0.381219
Bubble Sort 32,10000,3448,0.381649
Bubble Sort 32,10000,3449,0.38293
Bubble Sort 32,10000,3450,0.384172
Bubble Sort 32,10000,3451,0.382474
Bubble Sort 32,10000,3452,0.382228
Bubble Sort 32,10000,3453,0.380505
Bubble Sort 32,10000,3454,0.381132
Bubble Sort 32,10000,3455,0.384647
Bubble Sort 32,10000,3456,0.382689
Bubble Sort 32,10000,3457,0.384123
Bubble Sort 32,10000,3458,0.382375
Bubble Sort 32,10000,3459,0.383311
Bubble Sort 32,10000,3460,0.381926
Bubble Sort 32,10000,3461,0.381944
Bubble Sort 32,10000,3462,0.381324
Bubble Sort 32,10000,3463,0.382209
Bubble Sort 32,10000,3464,0.39163
Bubble Sort 32,10000,3465,0.384505
Bubble Sort 32,10000,3466,0.381502
Bubble Sort 32,10000,3467,0.384086
Bubble Sort 32,10000,3468,0.384585
Bubble Sort 32,10000,3469,0.382369
Bubble Sort 32,10000,3470,0.382056
Bubble Sort 32,10000,3471,0.394019
Bubble Sort 32,10000,3472,0.385421
Bubble Sort 32,10000,3473,0.380776
Bubble Sort 32,10000,3474,0.382917
Bubble Sort 32,10000,3475,0.380468
Bubble Sort 32,10000,3476,0.382265
Bubble Sort 32,10000,3477,0.38051
Bubble Sort 32,10000,3478,0.391366
Bubble Sort 32,10000,3479,0.380578
Bubble Sort 32,10000,3480,0.385896
Bubble Sort 32,10000,3481,0.384615
Bubble Sort 32,10000,3482,0.380972
Bubble Sort 32,10000,3483,0.382966
Bubble Sort 32,10000,3484,0.381293
Bubble Sort 32,10000,3485,0.38416
Bubble Sort 32,10000,3486,0.381348
Bubble Sort 32,10000,3487,0.383822
Bubble Sort 32,10000,3488,0.382776
Bubble Sort 32,10000,3489,0.381495
Bubble Sort 32,10000,3490,0.383317
Bubble Sort 32,10000,3491,0.380092
Bubble Sort 32,10000,3492,0.384049
Bubble Sort 32,10000,3493,0.384739
Bubble Sort 32,10000,3494,0.383176
Bubble Sort 32,10000,3495,0.383526
Bubble Sort 32,10000,3496,0.385194
Bubble Sort 32,10000,3497,0.383083
Bubble Sort 32,10000,3498,0.382548
Bubble Sort 32,10000,3499,0.384424
Bubble Sort 32,10000,3500,0.383655
Bubble Sort 32,10000,3501,0.383255
Bubble Sort 32,10000,3502,0.381317
Bubble Sort 32,10000,3503,0.384867
Bubble Sort 32,10000,3504,0.381071
Bubble Sort 32,10000,3505,0.382504
Bubble Sort 32,10000,3506,0.383126
Bubble Sort 32,10000,3507,0.381255
Bubble Sort 32,10000,3508,0.384357
Bubble Sort 32,10000,3509,0.379846
Bubble Sort 32,10000,3510,0.38096
Bubble Sort 32,10000,3511,0.382357
Bubble Sort 32,10000,3512,0.38368
Bubble Sort 32,10000,3513,0.384093
Bubble Sort 32,10000,3514,0.38203
Bubble Sort 32,10000,3515,0.381187
Bubble Sort 32,10000,3516,0.382763
Bubble Sort 32,10000,3517,0.383034
Bubble Sort 32,10000,3518,0.380123
Bubble Sort 32,10000,3519,0.381009
Bubble Sort 32,10000,3520,0.381286
Bubble Sort 32,10000,3521,0.381773
Bubble Sort 32,10000,3522,0.380898
Bubble Sort 32,10000,3523,0.381747
Bubble Sort 32,10000,3524,0.379938
Bubble Sort 32,10000,3525,0.38203
Bubble Sort 32,10000,3526,0.38136
Bubble Sort 32,10000,3527,0.379809
Bubble Sort 32,10000,3528,0.382277
Bubble Sort 32,10000,3529,0.380579
Bubble Sort 32,10000,3530,0.381748
Bubble Sort 32,10000,3531,0.384603
Bubble Sort 32,10000,3532,0.380948
Bubble Sort 32,10000,3533,0.381692
Bubble Sort 32,10000,3534,0.382166
Bubble Sort 32,10000,3535,0.381908
Bubble Sort 32,10000,3536,0.379267
Bubble Sort 32,10000,3537,0.37907
Bubble Sort 32,10000,3538,0.378153
Bubble Sort 32,10000,3539,0.380911
Bubble Sort 32,10000,3540,0.382898
Bubble Sort 32,10000,3541,0.380775
Bubble Sort 32,10000,3542,0.381643
Bubble Sort 32,10000,3543,0.382437
Bubble Sort 32,10000,3544,0.378191
Bubble Sort 32,10000,3545,0.381243
Bubble Sort 32,10000,3546,0.38224
Bubble Sort 32,10000,3547,0.388554
Bubble Sort 32,10000,3548,0.380689
Bubble Sort 32,10000,3549,0.381655
Bubble Sort 32,10000,3550,0.380492
Bubble Sort 32,10000,3551,0.380874
Bubble Sort 32,10000,3552,0.3808
Bubble Sort 32,10000,3553,0.381188
Bubble Sort 32,10000,3554,0.377564
Bubble Sort 32,10000,3555,0.385231
Bubble Sort 32,10000,3556,0.383594
Bubble Sort 32,10000,3557,0.378757
Bubble Sort 32,10000,3558,0.379809
Bubble Sort 32,10000,3559,0.380382
Bubble Sort 32,10000,3560,0.380855
Bubble Sort 32,10000,3561,0.39163
Bubble Sort 32,10000,3562,0.380609
Bubble Sort 32,10000,3563,0.382025
Bubble Sort 32,10000,3564,0.381914
Bubble Sort 32,10000,3565,0.383176
Bubble Sort 32,10000,3566,0.383176
Bubble Sort 32,10000,3567,0.38104
Bubble Sort 32,10000,3568,0.394535
Bubble Sort 32,10000,3569,0.378837
Bubble Sort 32,10000,3570,0.383089
Bubble Sort 32,10000,3571,0.378129
Bubble Sort 32,10000,3572,0.382664
Bubble Sort 32,10000,3573,0.380813
Bubble Sort 32,10000,3574,0.381754
Bubble Sort 32,10000,3575,0.42752
Bubble Sort 32,10000,3576,0.378929
Bubble Sort 32,10000,3577,0.381354
Bubble Sort 32,10000,3578,0.381754
Bubble Sort 32,10000,3579,0.400154
Bubble Sort 32,10000,3580,0.389532
Bubble Sort 32,10000,3581,0.395243
Bubble Sort 32,10000,3582,0.39456
Bubble Sort 32,10000,3583,0.394739
Bubble Sort 32,10000,3584,0.393662
Bubble Sort 32,10000,3585,0.400031
Bubble Sort 32,10000,3586,0.396837
Bubble Sort 32,10000,3587,0.392
Bubble Sort 32,10000,3588,0.387218
Bubble Sort 32,10000,3589,1.997182
Bubble Sort 32,10000,3590,0.400702
Bubble Sort 32,10000,3591,0.395224
Bubble Sort 32,10000,3592,0.397797
Bubble Sort 32,10000,3593,0.402874
Bubble Sort 32,10000,3594,0.3984
Bubble Sort 32,10000,3595,0.396344
Bubble Sort 32,10000,3596,0.388579
Bubble Sort 32,10000,3597,0.390462
Bubble Sort 32,10000,3598,0.395459
Bubble Sort 32,10000,3599,0.388339
Bubble Sort 32,10000,3600,0.385113
Bubble Sort 32,10000,3601,0.385409
Bubble Sort 32,10000,3602,0.387853
Bubble Sort 32,10000,3603,0.383914
Bubble Sort 32,10000,3604,0.382942
Bubble Sort 32,10000,3605,0.383932
Bubble Sort 32,10000,3606,0.384929
Bubble Sort 32,10000,3607,0.388591
Bubble Sort 32,10000,3608,0.397373
Bubble Sort 32,10000,3609,0.388486
Bubble Sort 32,10000,3610,0.383661
Bubble Sort 32,10000,3611,0.38728
Bubble Sort 32,10000,3612,0.3832
Bubble Sort 32,10000,3613,0.380025
Bubble Sort 32,10000,3614,0.385526
Bubble Sort 32,10000,3615,0.396413
Bubble Sort 32,10000,3616,0.392
Bubble Sort 32,10000,3617,0.393138
Bubble Sort 32,10000,3618,0.387581
Bubble Sort 32,10000,3619,0.389268
Bubble Sort 32,10000,3620,0.399076
Bubble Sort 32,10000,3621,0.402652
Bubble Sort 32,10000,3622,0.400221
Bubble Sort 32,10000,3623,0.398031
Bubble Sort 32,10000,3624,0.395422
Bubble Sort 32,10000,3625,0.389526
Bubble Sort 32,10000,3626,0.391237
Bubble Sort 32,10000,3627,0.386363
Bubble Sort 32,10000,3628,0.384388
Bubble Sort 32,10000,3629,0.385084
Bubble Sort 32,10000,3630,0.386086
Bubble Sort 32,10000,3631,0.385865
Bubble Sort 32,10000,3632,0.379532
Bubble Sort 32,10000,3633,0.388739
Bubble Sort 32,10000,3634,0.387348
Bubble Sort 32,10000,3635,0.386609
Bubble Sort 32,10000,3636,0.388111
Bubble Sort 32,10000,3637,0.386745
Bubble Sort 32,10000,3638,0.384351
Bubble Sort 32,10000,3639,0.390197
Bubble Sort 32,10000,3640,0.386591
Bubble Sort 32,10000,3641,0.3852
Bubble Sort 32,10000,3642,0.384203
Bubble Sort 32,10000,3643,0.383539
Bubble Sort 32,10000,3644,0.382215
Bubble Sort 32,10000,3645,0.385409
Bubble Sort 32,10000,3646,0.385803
Bubble Sort 32,10000,3647,0.383533
Bubble Sort 32,10000,3648,0.383213
Bubble Sort 32,10000,3649,0.382313
Bubble Sort 32,10000,3650,0.386431
Bubble Sort 32,10000,3651,0.385335
Bubble Sort 32,10000,3652,0.388652
Bubble Sort 32,10000,3653,0.388818
Bubble Sort 32,10000,3654,0.386819
Bubble Sort 32,10000,3655,0.390338
Bubble Sort 32,10000,3656,0.391077
Bubble Sort 32,10000,3657,0.384437
Bubble Sort 32,10000,3658,0.382677
Bubble Sort 32,10000,3659,0.39712
Bubble Sort 32,10000,3660,0.384997
Bubble Sort 32,10000,3661,0.386874
Bubble Sort 32,10000,3662,0.385409
Bubble Sort 32,10000,3663,0.384283
Bubble Sort 32,10000,3664,0.385748
Bubble Sort 32,10000,3665,0.382585
Bubble Sort 32,10000,3666,0.388942
Bubble Sort 32,10000,3667,0.384862
Bubble Sort 32,10000,3668,0.383287
Bubble Sort 32,10000,3669,0.382887
Bubble Sort 32,10000,3670,0.390233
Bubble Sort 32,10000,3671,0.383834
Bubble Sort 32,10000,3672,0.399526
Bubble Sort 32,10000,3673,0.393607
Bubble Sort 32,10000,3674,0.395686
Bubble Sort 32,10000,3675,0.405692
Bubble Sort 32,10000,3676,0.387342
Bubble Sort 32,10000,3677,0.384486
Bubble Sort 32,10000,3678,0.381963
Bubble Sort 32,10000,3679,0.383187
Bubble Sort 32,10000,3680,0.437255
Bubble Sort 32,10000,3681,0.393107
Bubble Sort 32,10000,3682,0.383372
Bubble Sort 32,10000,3683,0.381686
Bubble Sort 32,10000,3684,0.384738
Bubble Sort 32,10000,3685,0.380757
Bubble Sort 32,10000,3686,0.385434
Bubble Sort 32,10000,3687,0.381397
Bubble Sort 32,10000,3688,0.384345
Bubble Sort 32,10000,3689,0.40096
Bubble Sort 32,10000,3690,0.395034
Bubble Sort 32,10000,3691,0.389169
Bubble Sort 32,10000,3692,0.389883
Bubble Sort 32,10000,3693,0.387791
Bubble Sort 32,10000,3694,0.3876
Bubble Sort 32,10000,3695,0.386578
Bubble Sort 32,10000,3696,0.384462
Bubble Sort 32,10000,3697,0.382984
Bubble Sort 32,10000,3698,0.383957
Bubble Sort 32,10000,3699,0.385766
Bubble Sort 32,10000,3700,0.385773
Bubble Sort 32,10000,3701,0.386382
Bubble Sort 32,10000,3702,0.389513
Bubble Sort 32,10000,3703,0.39787
Bubble Sort 32,10000,3704,0.395348
Bubble Sort 32,10000,3705,0.397292
Bubble Sort 32,10000,3706,0.390037
Bubble Sort 32,10000,3707,0.384252
Bubble Sort 32,10000,3708,0.382394
Bubble Sort 32,10000,3709,0.381261
Bubble Sort 32,10000,3710,0.381988
Bubble Sort 32,10000,3711,0.381028
Bubble Sort 32,10000,3712,0.382647
Bubble Sort 32,10000,3713,0.382412
Bubble Sort 32,10000,3714,0.381471
Bubble Sort 32,10000,3715,0.381341
Bubble Sort 32,10000,3716,0.380013
Bubble Sort 32,10000,3717,0.38496
Bubble Sort 32,10000,3718,0.382264
Bubble Sort 32,10000,3719,0.38232
Bubble Sort 32,10000,3720,0.380154
Bubble Sort 32,10000,3721,0.381095
Bubble Sort 32,10000,3722,0.382849
Bubble Sort 32,10000,3723,0.381206
Bubble Sort 32,10000,3724,0.379273
Bubble Sort 32,10000,3725,0.381686
Bubble Sort 32,10000,3726,0.382621
Bubble Sort 32,10000,3727,0.379637
Bubble Sort 32,10000,3728,0.380935
Bubble Sort 32,10000,3729,0.38328
Bubble Sort 32,10000,3730,0.382591
Bubble Sort 32,10000,3731,0.381649
Bubble Sort 32,10000,3732,0.384086
Bubble Sort 32,10000,3733,0.383889
Bubble Sort 32,10000,3734,0.377433
Bubble Sort 32,10000,3735,0.380012
Bubble Sort 32,10000,3736,0.382253
Bubble Sort 32,10000,3737,0.380898
Bubble Sort 32,10000,3738,0.380966
Bubble Sort 32,10000,3739,0.382732
Bubble Sort 32,10000,3740,0.380326
Bubble Sort 32,10000,3741,0.382591
Bubble Sort 32,10000,3742,0.381987
Bubble Sort 32,10000,3743,0.382566
Bubble Sort 32,10000,3744,0.381452
Bubble Sort 32,10000,3745,0.381059
Bubble Sort 32,10000,3746,0.38296
Bubble Sort 32,10000,3747,0.382941
Bubble Sort 32,10000,3748,0.383083
Bubble Sort 32,10000,3749,0.381009
Bubble Sort 32,10000,3750,0.38336
Bubble Sort 32,10000,3751,0.383446
Bubble Sort 32,10000,3752,0.381858
Bubble Sort 32,10000,3753,0.383471
Bubble Sort 32,10000,3754,0.383501
Bubble Sort 32,10000,3755,0.381667
Bubble Sort 32,10000,3756,0.380997
Bubble Sort 32,10000,3757,0.379022
Bubble Sort 32,10000,3758,0.382887
Bubble Sort 32,10000,3759,0.381108
Bubble Sort 32,10000,3760,0.389397
Bubble Sort 32,10000,3761,0.382345
Bubble Sort 32,10000,3762,0.382265
Bubble Sort 32,10000,3763,0.381667
Bubble Sort 32,10000,3764,0.380837
Bubble Sort 32,10000,3765,0.381311
Bubble Sort 32,10000,3766,0.38213
Bubble Sort 32,10000,3767,0.382418
Bubble Sort 32,10000,3768,0.380524
Bubble Sort 32,10000,3769,0.379902
Bubble Sort 32,10000,3770,0.380542
Bubble Sort 32,10000,3771,0.381243
Bubble Sort 32,10000,3772,0.382006
Bubble Sort 32,10000,3773,0.378062
Bubble Sort 32,10000,3774,0.382708
Bubble Sort 32,10000,3775,0.382966
Bubble Sort 32,10000,3776,0.382516
Bubble Sort 32,10000,3777,0.379686
Bubble Sort 32,10000,3778,0.383126
Bubble Sort 32,10000,3779,0.380633
Bubble Sort 32,10000,3780,0.381101
Bubble Sort 32,10000,3781,0.380092
Bubble Sort 32,10000,3782,0.380794
Bubble Sort 32,10000,3783,0.383169
Bubble Sort 32,10000,3784,0.381526
Bubble Sort 32,10000,3785,0.381908
Bubble Sort 32,10000,3786,0.380978
Bubble Sort 32,10000,3787,0.379612
Bubble Sort 32,10000,3788,0.380111
Bubble Sort 32,10000,3789,0.379212
Bubble Sort 32,10000,3790,0.379686
Bubble Sort 32,10000,3791,0.383187
Bubble Sort 32,10000,3792,0.380745
Bubble Sort 32,10000,3793,0.381261
Bubble Sort 32,10000,3794,0.378597
Bubble Sort 32,10000,3795,0.381144
Bubble Sort 32,10000,3796,0.381975
Bubble Sort 32,10000,3797,0.381021
Bubble Sort 32,10000,3798,0.381982
Bubble Sort 32,10000,3799,0.381994
Bubble Sort 32,10000,3800,0.382745
Bubble Sort 32,10000,3801,0.383452
Bubble Sort 32,10000,3802,0.382246
Bubble Sort 32,10000,3803,0.381908
Bubble Sort 32,10000,3804,0.382572
Bubble Sort 32,10000,3805,0.381741
Bubble Sort 32,10000,3806,0.384893
Bubble Sort 32,10000,3807,0.379545
Bubble Sort 32,10000,3808,0.38032
Bubble Sort 32,10000,3809,0.381815
Bubble Sort 32,10000,3810,0.383612
Bubble Sort 32,10000,3811,0.382356
Bubble Sort 32,10000,3812,0.38608
Bubble Sort 32,10000,3813,0.382566
Bubble Sort 32,10000,3814,0.380923
Bubble Sort 32,10000,3815,0.392154
Bubble Sort 32,10000,3816,0.381243
Bubble Sort 32,10000,3817,0.381483
Bubble Sort 32,10000,3818,0.379846
Bubble Sort 32,10000,3819,0.3796
Bubble Sort 32,10000,3820,0.379286
Bubble Sort 32,10000,3821,0.382376
Bubble Sort 32,10000,3822,0.385975
Bubble Sort 32,10000,3823,0.378948
Bubble Sort 32,10000,3824,0.381367
Bubble Sort 32,10000,3825,0.379551
Bubble Sort 32,10000,3826,0.380529
Bubble Sort 32,10000,3827,0.381526
Bubble Sort 32,10000,3828,0.381409
Bubble Sort 32,10000,3829,0.389877
Bubble Sort 32,10000,3830,0.378966
Bubble Sort 32,10000,3831,0.381643
Bubble Sort 32,10000,3832,0.379539
Bubble Sort 32,10000,3833,0.380345
Bubble Sort 32,10000,3834,0.379372
Bubble Sort 32,10000,3835,0.381569
Bubble Sort 32,10000,3836,0.385853
Bubble Sort 32,10000,3837,0.380351
Bubble Sort 32,10000,3838,0.381588
Bubble Sort 32,10000,3839,0.381181
Bubble Sort 32,10000,3840,0.38
Bubble Sort 32,10000,3841,0.381847
Bubble Sort 32,10000,3842,0.384049
Bubble Sort 32,10000,3843,0.382616
Bubble Sort 32,10000,3844,0.381138
Bubble Sort 32,10000,3845,0.381323
Bubble Sort 32,10000,3846,0.380542
Bubble Sort 32,10000,3847,0.381114
Bubble Sort 32,10000,3848,0.381976
Bubble Sort 32,10000,3849,0.38192
Bubble Sort 32,10000,3850,0.382523
Bubble Sort 32,10000,3851,0.37792
Bubble Sort 32,10000,3852,0.378474
Bubble Sort 32,10000,3853,0.383225
Bubble Sort 32,10000,3854,0.383754
Bubble Sort 32,10000,3855,0.381077
Bubble Sort 32,10000,3856,0.382757
Bubble Sort 32,10000,3857,0.380997
Bubble Sort 32,10000,3858,0.381489
Bubble Sort 32,10000,3859,0.379981
Bubble Sort 32,10000,3860,0.382609
Bubble Sort 32,10000,3861,0.380972
Bubble Sort 32,10000,3862,0.38256
Bubble Sort 32,10000,3863,0.381004
Bubble Sort 32,10000,3864,0.383969
Bubble Sort 32,10000,3865,0.381987
Bubble Sort 32,10000,3866,0.381262
Bubble Sort 32,10000,3867,0.381926
Bubble Sort 32,10000,3868,0.381994
Bubble Sort 32,10000,3869,0.378683
Bubble Sort 32,10000,3870,0.380505
Bubble Sort 32,10000,3871,0.38168
Bubble Sort 32,10000,3872,0.381637
Bubble Sort 32,10000,3873,0.38048
Bubble Sort 32,10000,3874,0.38
Bubble Sort 32,10000,3875,0.382387
Bubble Sort 32,10000,3876,0.381532
Bubble Sort 32,10000,3877,0.383532
Bubble Sort 32,10000,3878,0.385569
Bubble Sort 32,10000,3879,0.384104
Bubble Sort 32,10000,3880,0.383668
Bubble Sort 32,10000,3881,0.380843
Bubble Sort 32,10000,3882,0.382037
Bubble Sort 32,10000,3883,0.379502
Bubble Sort 32,10000,3884,0.388105
Bubble Sort 32,10000,3885,0.381366
Bubble Sort 32,10000,3886,0.380424
Bubble Sort 32,10000,3887,0.380701
Bubble Sort 32,10000,3888,0.381188
Bubble Sort 32,10000,3889,0.382917
Bubble Sort 32,10000,3890,0.380978
Bubble Sort 32,10000,3891,0.378412
Bubble Sort 32,10000,3892,0.382104
Bubble Sort 32,10000,3893,0.383064
Bubble Sort 32,10000,3894,0.378861
Bubble Sort 32,10000,3895,0.380547
Bubble Sort 32,10000,3896,0.3796
Bubble Sort 32,10000,3897,0.383237
Bubble Sort 32,10000,3898,0.390375
Bubble Sort 32,10000,3899,0.381674
Bubble Sort 32,10000,3900,0.380295
Bubble Sort 32,10000,3901,0.383396
Bubble Sort 32,10000,3902,0.379083
Bubble Sort 32,10000,3903,0.381723
Bubble Sort 32,10000,3904,0.379286
Bubble Sort 32,10000,3905,0.386043
Bubble Sort 32,10000,3906,0.383225
Bubble Sort 32,10000,3907,0.381821
Bubble Sort 32,10000,3908,0.381883
Bubble Sort 32,10000,3909,0.382585
Bubble Sort 32,10000,3910,0.379871
Bubble Sort 32,10000,3911,0.379243
Bubble Sort 32,10000,3912,0.380468
Bubble Sort 32,10000,3913,0.379668
Bubble Sort 32,10000,3914,0.379766
Bubble Sort 32,10000,3915,0.381064
Bubble Sort 32,10000,3916,0.380258
Bubble Sort 32,10000,3917,0.379422
Bubble Sort 32,10000,3918,0.379298
Bubble Sort 32,10000,3919,0.381015
Bubble Sort 32,10000,3920,0.379686
Bubble Sort 32,10000,3921,0.382751
Bubble Sort 32,10000,3922,0.381544
Bubble Sort 32,10000,3923,0.381452
Bubble Sort 32,10000,3924,0.379476
Bubble Sort 32,10000,3925,0.380991
Bubble Sort 32,10000,3926,0.380683
Bubble Sort 32,10000,3927,0.381747
Bubble Sort 32,10000,3928,0.383255
Bubble Sort 32,10000,3929,0.381742
Bubble Sort 32,10000,3930,0.380911
Bubble Sort 32,10000,3931,0.38195
Bubble Sort 32,10000,3932,0.381268
Bubble Sort 32,10000,3933,0.381145
Bubble Sort 32,10000,3934,0.379299
Bubble Sort 32,10000,3935,0.379687
Bubble Sort 32,10000,3936,0.381249
Bubble Sort 32,10000,3937,0.381132
Bubble Sort 32,10000,3938,0.379016
Bubble Sort 32,10000,3939,0.380622
Bubble Sort 32,10000,3940,0.381347
Bubble Sort 32,10000,3941,0.382627
Bubble Sort 32,10000,3942,0.380339
Bubble Sort 32,10000,3943,0.381729
Bubble Sort 32,10000,3944,0.379779
Bubble Sort 32,10000,3945,0.382172
Bubble Sort 32,10000,3946,0.382991
Bubble Sort 32,10000,3947,0.383181
Bubble Sort 32,10000,3948,0.380517
Bubble Sort 32,10000,3949,0.38115
Bubble Sort 32,10000,3950,0.381452
Bubble Sort 32,10000,3951,0.381101
Bubble Sort 32,10000,3952,0.379194
Bubble Sort 32,10000,3953,0.380633
Bubble Sort 32,10000,3954,0.38187
Bubble Sort 32,10000,3955,0.379655
Bubble Sort 32,10000,3956,0.380861
Bubble Sort 32,10000,3957,0.381329
Bubble Sort 32,10000,3958,0.380726
Bubble Sort 32,10000,3959,0.380936
Bubble Sort 32,10000,3960,0.379649
Bubble Sort 32,10000,3961,0.383631
Bubble Sort 32,10000,3962,0.382074
Bubble Sort 32,10000,3963,0.382529
Bubble Sort 32,10000,3964,0.380868
Bubble Sort 32,10000,3965,0.379582
Bubble Sort 32,10000,3966,0.382948
Bubble Sort 32,10000,3967,0.399606
Bubble Sort 32,10000,3968,0.381687
Bubble Sort 32,10000,3969,0.379096
Bubble Sort 32,10000,3970,0.38147
Bubble Sort 32,10000,3971,0.38056
Bubble Sort 32,10000,3972,0.38067
Bubble Sort 32,10000,3973,0.379742
Bubble Sort 32,10000,3974,0.386087
Bubble Sort 32,10000,3975,0.380055
Bubble Sort 32,10000,3976,0.38069
Bubble Sort 32,10000,3977,0.380203
Bubble Sort 32,10000,3978,0.381502
Bubble Sort 32,10000,3979,0.380196
Bubble Sort 32,10000,3980,0.381668
Bubble Sort 32,10000,3981,0.386012
Bubble Sort 32,10000,3982,0.380622
Bubble Sort 32,10000,3983,0.379828
Bubble Sort 32,10000,3984,0.381132
Bubble Sort 32,10000,3985,0.383791
Bubble Sort 32,10000,3986,0.380523
Bubble Sort 32,10000,3987,0.382093
Bubble Sort 32,10000,3988,0.396782
Bubble Sort 32,10000,3989,0.381613
Bubble Sort 32,10000,3990,0.379077
Bubble Sort 32,10000,3991,0.379582
Bubble Sort 32,10000,3992,0.381729
Bubble Sort 32,10000,3993,0.379877
Bubble Sort 32,10000,3994,0.379317
Bubble Sort 32,10000,3995,0.389557
Bubble Sort 32,10000,3996,0.381028
Bubble Sort 32,10000,3997,0.381231
Bubble Sort 32,10000,3998,0.380265
Bubble Sort 32,10000,3999,0.381347
Bubble Sort 32,10000,4000,0.380012
Bubble Sort 32,10000,4001,0.3916
Bubble Sort 32,10000,4002,0.394732
Bubble Sort 32,10000,4003,0.383976
Bubble Sort 32,10000,4004,0.382511
Bubble Sort 32,10000,4005,0.382234
Bubble Sort 32,10000,4006,0.382603
Bubble Sort 32,10000,4007,0.383274
Bubble Sort 32,10000,4008,0.384339
Bubble Sort 32,10000,4009,0.383452
Bubble Sort 32,10000,4010,0.383582
Bubble Sort 32,10000,4011,0.386018
Bubble Sort 32,10000,4012,0.383243
Bubble Sort 32,10000,4013,0.385219
Bubble Sort 32,10000,4014,0.384486
Bubble Sort 32,10000,4015,0.383779
Bubble Sort 32,10000,4016,0.381896
Bubble Sort 32,10000,4017,0.382388
Bubble Sort 32,10000,4018,0.381932
Bubble Sort 32,10000,4019,0.382289
Bubble Sort 32,10000,4020,0.385477
Bubble Sort 32,10000,4021,0.383022
Bubble Sort 32,10000,4022,0.384074
Bubble Sort 32,10000,4023,0.382628
Bubble Sort 32,10000,4024,0.381735
Bubble Sort 32,10000,4025,0.382942
Bubble Sort 32,10000,4026,0.384376
Bubble Sort 32,10000,4027,0.383766
Bubble Sort 32,10000,4028,0.384111
Bubble Sort 32,10000,4029,0.38304
Bubble Sort 32,10000,4030,0.382824
Bubble Sort 32,10000,4031,0.384345
Bubble Sort 32,10000,4032,0.383329
Bubble Sort 32,10000,4033,0.380295
Bubble Sort 32,10000,4034,0.384812
Bubble Sort 32,10000,4035,0.383071
Bubble Sort 32,10000,4036,0.38432
Bubble Sort 32,10000,4037,0.383003
Bubble Sort 32,10000,4038,0.381858
Bubble Sort 32,10000,4039,0.383348
Bubble Sort 32,10000,4040,0.382536
Bubble Sort 32,10000,4041,0.383502
Bubble Sort 32,10000,4042,0.380874
Bubble Sort 32,10000,4043,0.383213
Bubble Sort 32,10000,4044,0.381754
Bubble Sort 32,10000,4045,0.381748
Bubble Sort 32,10000,4046,0.382603
Bubble Sort 32,10000,4047,0.383871
Bubble Sort 32,10000,4048,0.382222
Bubble Sort 32,10000,4049,0.391668
Bubble Sort 32,10000,4050,0.384123
Bubble Sort 32,10000,4051,0.381784
Bubble Sort 32,10000,4052,0.383969
Bubble Sort 32,10000,4053,0.38477
Bubble Sort 32,10000,4054,0.382634
Bubble Sort 32,10000,4055,0.382548
Bubble Sort 32,10000,4056,0.389551
Bubble Sort 32,10000,4057,0.384363
Bubble Sort 32,10000,4058,0.382751
Bubble Sort 32,10000,4059,0.384326
Bubble Sort 32,10000,4060,0.382504
Bubble Sort 32,10000,4061,0.383077
Bubble Sort 32,10000,4062,0.382357
Bubble Sort 32,10000,4063,0.392579
Bubble Sort 32,10000,4064,0.381637
Bubble Sort 32,10000,4065,0.384031
Bubble Sort 32,10000,4066,0.381409
Bubble Sort 32,10000,4067,0.379951
Bubble Sort 32,10000,4068,0.381901
Bubble Sort 32,10000,4069,0.382616
Bubble Sort 32,10000,4070,0.39296
Bubble Sort 32,10000,4071,0.383815
Bubble Sort 32,10000,4072,0.384652
Bubble Sort 32,10000,4073,0.383421
Bubble Sort 32,10000,4074,0.379716
Bubble Sort 32,10000,4075,0.382511
Bubble Sort 32,10000,4076,0.38232
Bubble Sort 32,10000,4077,0.390794
Bubble Sort 32,10000,4078,0.382616
Bubble Sort 32,10000,4079,0.382708
Bubble Sort 32,10000,4080,0.380326
Bubble Sort 32,10000,4081,0.382061
Bubble Sort 32,10000,4082,0.379582
Bubble Sort 32,10000,4083,0.382191
Bubble Sort 32,10000,4084,0.387231
Bubble Sort 32,10000,4085,0.385544
Bubble Sort 32,10000,4086,0.382966
Bubble Sort 32,10000,4087,0.380708
Bubble Sort 32,10000,4088,0.38152
Bubble Sort 32,10000,4089,0.381748
Bubble Sort 32,10000,4090,0.381366
Bubble Sort 32,10000,4091,0.383016
Bubble Sort 32,10000,4092,0.383852
Bubble Sort 32,10000,4093,0.383551
Bubble Sort 32,10000,4094,0.381526
Bubble Sort 32,10000,4095,0.380406
Bubble Sort 32,10000,4096,0.383139
Bubble Sort 32,10000,4097,0.382136
Bubble Sort 32,10000,4098,0.381305
Bubble Sort 32,10000,4099,0.383902
Bubble Sort 32,10000,4100,0.381896
Bubble Sort 32,10000,4101,0.383741
Bubble Sort 32,10000,4102,0.386061
Bubble Sort 32,10000,4103,0.382868
Bubble Sort 32,10000,4104,0.378634
Bubble Sort 32,10000,4105,0.381533
Bubble Sort 32,10000,4106,0.382222
Bubble Sort 32,10000,4107,0.383033
Bubble Sort 32,10000,4108,0.381447
Bubble Sort 32,10000,4109,0.381452
Bubble Sort 32,10000,4110,0.379231
Bubble Sort 32,10000,4111,0.382284
Bubble Sort 32,10000,4112,0.392739
Bubble Sort 32,10000,4113,0.386702
Bubble Sort 32,10000,4114,0.388689
Bubble Sort 32,10000,4115,0.387797
Bubble Sort 32,10000,4116,0.382148
Bubble Sort 32,10000,4117,0.382671
Bubble Sort 32,10000,4118,0.382129
Bubble Sort 32,10000,4119,0.383206
Bubble Sort 32,10000,4120,0.384178
Bubble Sort 32,10000,4121,0.380849
Bubble Sort 32,10000,4122,0.382745
Bubble Sort 32,10000,4123,0.382443
Bubble Sort 32,10000,4124,0.382578
Bubble Sort 32,10000,4125,0.379699
Bubble Sort 32,10000,4126,0.385133
Bubble Sort 32,10000,4127,0.381323
Bubble Sort 32,10000,4128,0.382036
Bubble Sort 32,10000,4129,0.391883
Bubble Sort 32,10000,4130,0.389434
Bubble Sort 32,10000,4131,0.386708
Bubble Sort 32,10000,4132,0.396098
Bubble Sort 32,10000,4133,0.382622
Bubble Sort 32,10000,4134,0.383846
Bubble Sort 32,10000,4135,0.383668
Bubble Sort 32,10000,4136,0.385225
Bubble Sort 32,10000,4137,0.382468
Bubble Sort 32,10000,4138,0.382818
Bubble Sort 32,10000,4139,0.385003
Bubble Sort 32,10000,4140,0.399483
Bubble Sort 32,10000,4141,0.398431
Bubble Sort 32,10000,4142,0.396456
Bubble Sort 32,10000,4143,0.386529
Bubble Sort 32,10000,4144,0.3956
Bubble Sort 32,10000,4145,0.392123
Bubble Sort 32,10000,4146,0.394197
Bubble Sort 32,10000,4147,0.395895
Bubble Sort 32,10000,4148,0.394277
Bubble Sort 32,10000,4149,0.481981
Bubble Sort 32,10000,4150,0.384517
Bubble Sort 32,10000,4151,0.385877
Bubble Sort 32,10000,4152,0.383816
Bubble Sort 32,10000,4153,0.383095
Bubble Sort 32,10000,4154,0.383557
Bubble Sort 32,10000,4155,0.384105
Bubble Sort 32,10000,4156,0.380677
Bubble Sort 32,10000,4157,0.383994
Bubble Sort 32,10000,4158,0.383564
Bubble Sort 32,10000,4159,0.379821
Bubble Sort 32,10000,4160,0.382425
Bubble Sort 32,10000,4161,0.383902
Bubble Sort 32,10000,4162,0.384037
Bubble Sort 32,10000,4163,0.385736
Bubble Sort 32,10000,4164,0.382985
Bubble Sort 32,10000,4165,0.38584
Bubble Sort 32,10000,4166,0.382886
Bubble Sort 32,10000,4167,0.383661
Bubble Sort 32,10000,4168,0.381699
Bubble Sort 32,10000,4169,0.383557
Bubble Sort 32,10000,4170,0.384554
Bubble Sort 32,10000,4171,0.382621
Bubble Sort 32,10000,4172,0.384012
Bubble Sort 32,10000,4173,0.381102
Bubble Sort 32,10000,4174,0.383428
Bubble Sort 32,10000,4175,0.381428
Bubble Sort 32,10000,4176,0.379699
Bubble Sort 32,10000,4177,0.385883
Bubble Sort 32,10000,4178,0.383132
Bubble Sort 32,10000,4179,0.383218
Bubble Sort 32,10000,4180,0.386498
Bubble Sort 32,10000,4181,0.38208
Bubble Sort 32,10000,4182,0.385237
Bubble Sort 32,10000,4183,0.383649
Bubble Sort 32,10000,4184,0.383046
Bubble Sort 32,10000,4185,0.384098
Bubble Sort 32,10000,4186,0.386375
Bubble Sort 32,10000,4187,0.38208
Bubble Sort 32,10000,4188,0.381317
Bubble Sort 32,10000,4189,0.382284
Bubble Sort 32,10000,4190,0.382572
Bubble Sort 32,10000,4191,0.383587
Bubble Sort 32,10000,4192,0.382893
Bubble Sort 32,10000,4193,0.383877
Bubble Sort 32,10000,4194,0.383544
Bubble Sort 32,10000,4195,0.383102
Bubble Sort 32,10000,4196,0.379908
Bubble Sort 32,10000,4197,0.383347
Bubble Sort 32,10000,4198,0.383748
Bubble Sort 32,10000,4199,0.383649
Bubble Sort 32,10000,4200,0.380874
Bubble Sort 32,10000,4201,0.384763
Bubble Sort 32,10000,4202,0.382326
Bubble Sort 32,10000,4203,0.381465
Bubble Sort 32,10000,4204,0.382862
Bubble Sort 32,10000,4205,0.383606
Bubble Sort 32,10000,4206,0.385268
Bubble Sort 32,10000,4207,0.383336
Bubble Sort 32,10000,4208,0.383656
Bubble Sort 32,10000,4209,0.380388
Bubble Sort 32,10000,4210,0.382505
Bubble Sort 32,10000,4211,0.383046
Bubble Sort 32,10000,4212,0.38328
Bubble Sort 32,10000,4213,0.383077
Bubble Sort 32,10000,4214,0.391631
Bubble Sort 32,10000,4215,0.384855
Bubble Sort 32,10000,4216,0.380665
Bubble Sort 32,10000,4217,0.382634
Bubble Sort 32,10000,4218,0.380013
Bubble Sort 32,10000,4219,0.38312
Bubble Sort 32,10000,4220,0.382948
Bubble Sort 32,10000,4221,0.382677
Bubble Sort 32,10000,4222,0.380018
Bubble Sort 32,10000,4223,0.384412
Bubble Sort 32,10000,4224,0.383003
Bubble Sort 32,10000,4225,0.383926
Bubble Sort 32,10000,4226,0.380695
Bubble Sort 32,10000,4227,0.383212
Bubble Sort 32,10000,4228,0.381175
Bubble Sort 32,10000,4229,0.393182
Bubble Sort 32,10000,4230,0.384087
Bubble Sort 32,10000,4231,0.382732
Bubble Sort 32,10000,4232,0.381784
Bubble Sort 32,10000,4233,0.382505
Bubble Sort 32,10000,4234,0.38136
Bubble Sort 32,10000,4235,0.380012
Bubble Sort 32,10000,4236,0.389933
Bubble Sort 32,10000,4237,0.38491
Bubble Sort 32,10000,4238,0.383711
Bubble Sort 32,10000,4239,0.381544
Bubble Sort 32,10000,4240,0.385095
Bubble Sort 32,10000,4241,0.382523
Bubble Sort 32,10000,4242,0.383618
Bubble Sort 32,10000,4243,0.384954
Bubble Sort 32,10000,4244,0.38061
Bubble Sort 32,10000,4245,0.383846
Bubble Sort 32,10000,4246,0.381237
Bubble Sort 32,10000,4247,0.380419
Bubble Sort 32,10000,4248,0.380203
Bubble Sort 32,10000,4249,0.382019
Bubble Sort 32,10000,4250,0.383575
Bubble Sort 32,10000,4251,0.382062
Bubble Sort 32,10000,4252,0.381397
Bubble Sort 32,10000,4253,0.379704
Bubble Sort 32,10000,4254,0.382148
Bubble Sort 32,10000,4255,0.384049
Bubble Sort 32,10000,4256,0.38448
Bubble Sort 32,10000,4257,0.381262
Bubble Sort 32,10000,4258,0.383188
Bubble Sort 32,10000,4259,0.38371
Bubble Sort 32,10000,4260,0.382104
Bubble Sort 32,10000,4261,0.384363
Bubble Sort 32,10000,4262,0.381791
Bubble Sort 32,10000,4263,0.382462
Bubble Sort 32,10000,4264,0.382941
Bubble Sort 32,10000,4265,0.382701
Bubble Sort 32,10000,4266,0.38024
Bubble Sort 32,10000,4267,0.382677
Bubble Sort 32,10000,4268,0.381421
Bubble Sort 32,10000,4269,0.382196
Bubble Sort 32,10000,4270,0.381951
Bubble Sort 32,10000,4271,0.384665
Bubble Sort 32,10000,4272,0.382326
Bubble Sort 32,10000,4273,0.380068
Bubble Sort 32,10000,4274,0.382049
Bubble Sort 32,10000,4275,0.382313
Bubble Sort 32,10000,4276,0.383618
Bubble Sort 32,10000,4277,0.381662
Bubble Sort 32,10000,4278,0.380585
Bubble Sort 32,10000,4279,0.381865
Bubble Sort 32,10000,4280,0.384665
Bubble Sort 32,10000,4281,0.381311
Bubble Sort 32,10000,4282,0.381994
Bubble Sort 32,10000,4283,0.380627
Bubble Sort 32,10000,4284,0.381809
Bubble Sort 32,10000,4285,0.381046
Bubble Sort 32,10000,4286,0.381016
Bubble Sort 32,10000,4287,0.381188
Bubble Sort 32,10000,4288,0.382831
Bubble Sort 32,10000,4289,0.381927
Bubble Sort 32,10000,4290,0.38032
Bubble Sort 32,10000,4291,0.380972
Bubble Sort 32,10000,4292,0.381852
Bubble Sort 32,10000,4293,0.379736
Bubble Sort 32,10000,4294,0.381262
Bubble Sort 32,10000,4295,0.38056
Bubble Sort 32,10000,4296,0.380117
Bubble Sort 32,10000,4297,0.381009
Bubble Sort 32,10000,4298,0.383809
Bubble Sort 32,10000,4299,0.379754
Bubble Sort 32,10000,4300,0.381256
Bubble Sort 32,10000,4301,0.382849
Bubble Sort 32,10000,4302,0.38003
Bubble Sort 32,10000,4303,0.384456
Bubble Sort 32,10000,4304,0.38176
Bubble Sort 32,10000,4305,0.387028
Bubble Sort 32,10000,4306,0.382246
Bubble Sort 32,10000,4307,0.380129
Bubble Sort 32,10000,4308,0.382425
Bubble Sort 32,10000,4309,0.383286
Bubble Sort 32,10000,4310,0.383932
Bubble Sort 32,10000,4311,0.381188
Bubble Sort 32,10000,4312,0.395059
Bubble Sort 32,10000,4313,0.38245
Bubble Sort 32,10000,4314,0.380388
Bubble Sort 32,10000,4315,0.38365
Bubble Sort 32,10000,4316,0.38144
Bubble Sort 32,10000,4317,0.382573
Bubble Sort 32,10000,4318,0.382086
Bubble Sort 32,10000,4319,0.391655
Bubble Sort 32,10000,4320,0.38205
Bubble Sort 32,10000,4321,0.38149
Bubble Sort 32,10000,4322,0.383114
Bubble Sort 32,10000,4323,0.382006
Bubble Sort 32,10000,4324,0.380936
Bubble Sort 32,10000,4325,0.383206
Bubble Sort 32,10000,4326,0.392542
Bubble Sort 32,10000,4327,0.382191
Bubble Sort 32,10000,4328,0.381218
Bubble Sort 32,10000,4329,0.380246
Bubble Sort 32,10000,4330,0.379169
Bubble Sort 32,10000,4331,0.383686
Bubble Sort 32,10000,4332,0.382344
Bubble Sort 32,10000,4333,0.389582
Bubble Sort 32,10000,4334,0.381514
Bubble Sort 32,10000,4335,0.383379
Bubble Sort 32,10000,4336,0.382474
Bubble Sort 32,10000,4337,0.382825
Bubble Sort 32,10000,4338,0.380696
Bubble Sort 32,10000,4339,0.381674
Bubble Sort 32,10000,4340,0.383581
Bubble Sort 32,10000,4341,0.38197
Bubble Sort 32,10000,4342,0.382443
Bubble Sort 32,10000,4343,0.38288
Bubble Sort 32,10000,4344,0.381354
Bubble Sort 32,10000,4345,0.382708
Bubble Sort 32,10000,4346,0.385286
Bubble Sort 32,10000,4347,0.385981
Bubble Sort 32,10000,4348,0.380548
Bubble Sort 32,10000,4349,0.381551
Bubble Sort 32,10000,4350,0.381274
Bubble Sort 32,10000,4351,0.381822
Bubble Sort 32,10000,4352,0.379975
Bubble Sort 32,10000,4353,0.380996
Bubble Sort 32,10000,4354,0.380308
Bubble Sort 32,10000,4355,0.380683
Bubble Sort 32,10000,4356,0.382455
Bubble Sort 32,10000,4357,0.382573
Bubble Sort 32,10000,4358,0.379366
Bubble Sort 32,10000,4359,0.379422
Bubble Sort 32,10000,4360,0.379809
Bubble Sort 32,10000,4361,0.38392
Bubble Sort 32,10000,4362,0.37968
Bubble Sort 32,10000,4363,0.381557
Bubble Sort 32,10000,4364,0.382813
Bubble Sort 32,10000,4365,0.381335
Bubble Sort 32,10000,4366,0.381427
Bubble Sort 32,10000,4367,0.382184
Bubble Sort 32,10000,4368,0.383569
Bubble Sort 32,10000,4369,0.3836
Bubble Sort 32,10000,4370,0.380043
Bubble Sort 32,10000,4371,0.38088
Bubble Sort 32,10000,4372,0.383175
Bubble Sort 32,10000,4373,0.384708
Bubble Sort 32,10000,4374,0.382418
Bubble Sort 32,10000,4375,0.38333
Bubble Sort 32,10000,4376,0.380554
Bubble Sort 32,10000,4377,0.380363
Bubble Sort 32,10000,4378,0.38048
Bubble Sort 32,10000,4379,0.380166
Bubble Sort 32,10000,4380,0.380991
Bubble Sort 32,10000,4381,0.382166
Bubble Sort 32,10000,4382,0.381705
Bubble Sort 32,10000,4383,0.381304
Bubble Sort 32,10000,4384,0.380751
Bubble Sort 32,10000,4385,0.382702
Bubble Sort 32,10000,4386,0.384542
Bubble Sort 32,10000,4387,0.381853
Bubble Sort 32,10000,4388,0.383169
Bubble Sort 32,10000,4389,0.381858
Bubble Sort 32,10000,4390,0.382111
Bubble Sort 32,10000,4391,0.38275
Bubble Sort 32,10000,4392,0.382283
Bubble Sort 32,10000,4393,0.3828
Bubble Sort 32,10000,4394,0.383237
Bubble Sort 32,10000,4395,0.391705
Bubble Sort 32,10000,4396,0.381748
Bubble Sort 32,10000,4397,0.380253
Bubble Sort 32,10000,4398,0.381581
Bubble Sort 32,10000,4399,0.381194
Bubble Sort 32,10000,4400,0.38261
Bubble Sort 32,10000,4401,0.383261
Bubble Sort 32,10000,4402,0.382708
Bubble Sort 32,10000,4403,0.381865
Bubble Sort 32,10000,4404,0.379139
Bubble Sort 32,10000,4405,0.380012
Bubble Sort 32,10000,4406,0.381447
Bubble Sort 32,10000,4407,0.382289
Bubble Sort 32,10000,4408,0.382197
Bubble Sort 32,10000,4409,0.381938
Bubble Sort 32,10000,4410,0.381551
Bubble Sort 32,10000,4411,0.381594
Bubble Sort 32,10000,4412,0.383581
Bubble Sort 32,10000,4413,0.383434
Bubble Sort 32,10000,4414,0.38048
Bubble Sort 32,10000,4415,0.381557
Bubble Sort 32,10000,4416,0.382043
Bubble Sort 32,10000,4417,0.382012
Bubble Sort 32,10000,4418,0.379353
Bubble Sort 32,10000,4419,0.385409
Bubble Sort 32,10000,4420,0.380893
Bubble Sort 32,10000,4421,0.382277
Bubble Sort 32,10000,4422,0.388375
Bubble Sort 32,10000,4423,0.386227
Bubble Sort 32,10000,4424,0.380215
Bubble Sort 32,10000,4425,0.382585
Bubble Sort 32,10000,4426,0.381797
Bubble Sort 32,10000,4427,0.381348
Bubble Sort 32,10000,4428,0.382677
Bubble Sort 32,10000,4429,0.383299
Bubble Sort 32,10000,4430,0.38248
Bubble Sort 32,10000,4431,0.382308
Bubble Sort 32,10000,4432,0.380757
Bubble Sort 32,10000,4433,0.381834
Bubble Sort 32,10000,4434,0.382228
Bubble Sort 32,10000,4435,0.379569
Bubble Sort 32,10000,4436,0.381532
Bubble Sort 32,10000,4437,0.381834
Bubble Sort 32,10000,4438,0.380117
Bubble Sort 32,10000,4439,0.381508
Bubble Sort 32,10000,4440,0.381446
Bubble Sort 32,10000,4441,0.381766
Bubble Sort 32,10000,4442,0.381446
Bubble Sort 32,10000,4443,0.382979
Bubble Sort 32,10000,4444,0.379945
Bubble Sort 32,10000,4445,0.380862
Bubble Sort 32,10000,4446,0.381003
Bubble Sort 32,10000,4447,0.383145
Bubble Sort 32,10000,4448,0.381022
Bubble Sort 32,10000,4449,0.38104
Bubble Sort 32,10000,4450,0.384265
Bubble Sort 32,10000,4451,0.383932
Bubble Sort 32,10000,4452,0.380511
Bubble Sort 32,10000,4453,0.381096
Bubble Sort 32,10000,4454,0.382862
Bubble Sort 32,10000,4455,0.38293
Bubble Sort 32,10000,4456,0.382794
Bubble Sort 32,10000,4457,0.380529
Bubble Sort 32,10000,4458,0.381753
Bubble Sort 32,10000,4459,0.382
Bubble Sort 32,10000,4460,0.383305
Bubble Sort 32,10000,4461,0.384812
Bubble Sort 32,10000,4462,0.381409
Bubble Sort 32,10000,4463,0.385064
Bubble Sort 32,10000,4464,0.390086
Bubble Sort 32,10000,4465,0.380861
Bubble Sort 32,10000,4466,0.381594
Bubble Sort 32,10000,4467,0.38048
Bubble Sort 32,10000,4468,0.381668
Bubble Sort 32,10000,4469,0.381785
Bubble Sort 32,10000,4470,0.384043
Bubble Sort 32,10000,4471,0.429169
Bubble Sort 32,10000,4472,0.382659
Bubble Sort 32,10000,4473,0.387052
Bubble Sort 32,10000,4474,0.383286
Bubble Sort 32,10000,4475,0.382474
Bubble Sort 32,10000,4476,0.381963
Bubble Sort 32,10000,4477,0.379274
Bubble Sort 32,10000,4478,0.383981
Bubble Sort 32,10000,4479,0.380024
Bubble Sort 32,10000,4480,0.383539
Bubble Sort 32,10000,4481,0.383096
Bubble Sort 32,10000,4482,0.381335
Bubble Sort 32,10000,4483,0.382597
Bubble Sort 32,10000,4484,0.385083
Bubble Sort 32,10000,4485,0.384745
Bubble Sort 32,10000,4486,0.37997
Bubble Sort 32,10000,4487,0.382074
Bubble Sort 32,10000,4488,0.38429
Bubble Sort 32,10000,4489,0.378935
Bubble Sort 32,10000,4490,0.383268
Bubble Sort 32,10000,4491,0.380985
Bubble Sort 32,10000,4492,0.382899
Bubble Sort 32,10000,4493,0.380683
Bubble Sort 32,10000,4494,0.381089
Bubble Sort 32,10000,4495,0.382369
Bubble Sort 32,10000,4496,0.382714
Bubble Sort 32,10000,4497,0.38048
Bubble Sort 32,10000,4498,0.382972
Bubble Sort 32,10000,4499,0.384111
Bubble Sort 32,10000,4500,0.384689
Bubble Sort 32,10000,4501,0.383034
Bubble Sort 32,10000,4502,0.384892
Bubble Sort 32,10000,4503,0.382997
Bubble Sort 32,10000,4504,0.383754
Bubble Sort 32,10000,4505,0.382714
Bubble Sort 32,10000,4506,0.38168
Bubble Sort 32,10000,4507,0.382277
Bubble Sort 32,10000,4508,0.381526
Bubble Sort 32,10000,4509,0.382308
Bubble Sort 32,10000,4510,0.381373
Bubble Sort 32,10000,4511,0.381416
Bubble Sort 32,10000,4512,0.384769
Bubble Sort 32,10000,4513,0.384948
Bubble Sort 32,10000,4514,0.385723
Bubble Sort 32,10000,4515,0.383016
Bubble Sort 32,10000,4516,0.383089
Bubble Sort 32,10000,4517,0.382086
Bubble Sort 32,10000,4518,0.379902
Bubble Sort 32,10000,4519,0.391034
Bubble Sort 32,10000,4520,0.382904
Bubble Sort 32,10000,4521,0.383077
Bubble Sort 32,10000,4522,0.381299
Bubble Sort 32,10000,4523,0.381317
Bubble Sort 32,10000,4524,0.379612
Bubble Sort 32,10000,4525,0.381926
Bubble Sort 32,10000,4526,0.37731
Bubble Sort 32,10000,4527,0.382819
Bubble Sort 32,10000,4528,0.381403
Bubble Sort 32,10000,4529,0.381742
Bubble Sort 32,10000,4530,0.381366
Bubble Sort 32,10000,4531,0.38024
Bubble Sort 32,10000,4532,0.381317
Bubble Sort 32,10000,4533,0.433341
Bubble Sort 32,10000,4534,0.381348
Bubble Sort 32,10000,4535,0.381729
Bubble Sort 32,10000,4536,0.382923
Bubble Sort 32,10000,4537,0.380209
Bubble Sort 32,10000,4538,0.383397
Bubble Sort 32,10000,4539,0.381963
Bubble Sort 32,10000,4540,0.38021
Bubble Sort 32,10000,4541,0.380499
Bubble Sort 32,10000,4542,0.381754
Bubble Sort 32,10000,4543,0.382873
Bubble Sort 32,10000,4544,0.38296
Bubble Sort 32,10000,4545,0.382948
Bubble Sort 32,10000,4546,0.379908
Bubble Sort 32,10000,4547,0.381157
Bubble Sort 32,10000,4548,0.382018
Bubble Sort 32,10000,4549,0.381693
Bubble Sort 32,10000,4550,0.377754
Bubble Sort 32,10000,4551,0.381181
Bubble Sort 32,10000,4552,0.383354
Bubble Sort 32,10000,4553,0.382787
Bubble Sort 32,10000,4554,0.382185
Bubble Sort 32,10000,4555,0.382461
Bubble Sort 32,10000,4556,0.380043
Bubble Sort 32,10000,4557,0.380929
Bubble Sort 32,10000,4558,0.383655
Bubble Sort 32,10000,4559,0.383483
Bubble Sort 32,10000,4560,0.382277
Bubble Sort 32,10000,4561,0.383274
Bubble Sort 32,10000,4562,0.382357
Bubble Sort 32,10000,4563,0.381139
Bubble Sort 32,10000,4564,0.382474
Bubble Sort 32,10000,4565,0.380505
Bubble Sort 32,10000,4566,0.380738
Bubble Sort 32,10000,4567,0.382376
Bubble Sort 32,10000,4568,0.384062
Bubble Sort 32,10000,4569,0.382462
Bubble Sort 32,10000,4570,0.38472
Bubble Sort 32,10000,4571,0.383742
Bubble Sort 32,10000,4572,0.377335
Bubble Sort 32,10000,4573,0.380375
Bubble Sort 32,10000,4574,0.381064
Bubble Sort 32,10000,4575,0.382646
Bubble Sort 32,10000,4576,0.382179
Bubble Sort 32,10000,4577,0.383778
Bubble Sort 32,10000,4578,0.381243
Bubble Sort 32,10000,4579,0.382148
Bubble Sort 32,10000,4580,0.384148
Bubble Sort 32,10000,4581,0.381735
Bubble Sort 32,10000,4582,0.381237
Bubble Sort 32,10000,4583,0.381176
Bubble Sort 32,10000,4584,0.383391
Bubble Sort 32,10000,4585,0.382253
Bubble Sort 32,10000,4586,0.382874
Bubble Sort 32,10000,4587,0.383662
Bubble Sort 32,10000,4588,0.380013
Bubble Sort 32,10000,4589,0.381612
Bubble Sort 32,10000,4590,0.382148
Bubble Sort 32,10000,4591,0.381809
Bubble Sort 32,10000,4592,0.380991
Bubble Sort 32,10000,4593,0.379951
Bubble Sort 32,10000,4594,0.382234
Bubble Sort 32,10000,4595,0.379545
Bubble Sort 32,10000,4596,0.383261
Bubble Sort 32,10000,4597,0.381717
Bubble Sort 32,10000,4598,0.38019
Bubble Sort 32,10000,4599,0.380173
Bubble Sort 32,10000,4600,0.382369
Bubble Sort 32,10000,4601,0.383926
Bubble Sort 32,10000,4602,0.389729
Bubble Sort 32,10000,4603,0.382443
Bubble Sort 32,10000,4604,0.383385
Bubble Sort 32,10000,4605,0.38176
Bubble Sort 32,10000,4606,0.383249
Bubble Sort 32,10000,4607,0.383083
Bubble Sort 32,10000,4608,0.378486
Bubble Sort 32,10000,4609,0.391151
Bubble Sort 32,10000,4610,0.381101
Bubble Sort 32,10000,4611,0.382345
Bubble Sort 32,10000,4612,0.38104
Bubble Sort 32,10000,4613,0.380954
Bubble Sort 32,10000,4614,0.382942
Bubble Sort 32,10000,4615,0.383274
Bubble Sort 32,10000,4616,0.381723
Bubble Sort 32,10000,4617,0.3788
Bubble Sort 32,10000,4618,0.383015
Bubble Sort 32,10000,4619,0.381108
Bubble Sort 32,10000,4620,0.381766
Bubble Sort 32,10000,4621,0.382972
Bubble Sort 32,10000,4622,0.38136
Bubble Sort 32,10000,4623,0.386031
Bubble Sort 32,10000,4624,0.383834
Bubble Sort 32,10000,4625,0.380732
Bubble Sort 32,10000,4626,0.383323
Bubble Sort 32,10000,4627,0.382536
Bubble Sort 32,10000,4628,0.38267
Bubble Sort 32,10000,4629,0.383822
Bubble Sort 32,10000,4630,0.380271
Bubble Sort 32,10000,4631,0.3824
Bubble Sort 32,10000,4632,0.384068
Bubble Sort 32,10000,4633,0.382197
Bubble Sort 32,10000,4634,0.380615
Bubble Sort 32,10000,4635,0.381206
Bubble Sort 32,10000,4636,0.384284
Bubble Sort 32,10000,4637,0.384542
Bubble Sort 32,10000,4638,0.384012
Bubble Sort 32,10000,4639,0.381656
Bubble Sort 32,10000,4640,0.387902
Bubble Sort 32,10000,4641,0.382216
Bubble Sort 32,10000,4642,0.382727
Bubble Sort 32,10000,4643,0.38109
Bubble Sort 32,10000,4644,0.384043
Bubble Sort 32,10000,4645,0.382948
Bubble Sort 32,10000,4646,0.384775
Bubble Sort 32,10000,4647,0.383114
Bubble Sort 32,10000,4648,0.383976
Bubble Sort 32,10000,4649,0.381446
Bubble Sort 32,10000,4650,0.396025
Bubble Sort 32,10000,4651,0.383341
Bubble Sort 32,10000,4652,0.380732
Bubble Sort 32,10000,4653,0.38104
Bubble Sort 32,10000,4654,0.380991
Bubble Sort 32,10000,4655,0.384185
Bubble Sort 32,10000,4656,0.381033
Bubble Sort 32,10000,4657,0.379735
Bubble Sort 32,10000,4658,0.38363
Bubble Sort 32,10000,4659,0.383348
Bubble Sort 32,10000,4660,0.379477
Bubble Sort 32,10000,4661,0.384037
Bubble Sort 32,10000,4662,0.38363
Bubble Sort 32,10000,4663,0.383896
Bubble Sort 32,10000,4664,0.388831
Bubble Sort 32,10000,4665,0.382289
Bubble Sort 32,10000,4666,0.380905
Bubble Sort 32,10000,4667,0.380856
Bubble Sort 32,10000,4668,0.383464
Bubble Sort 32,10000,4669,0.383163
Bubble Sort 32,10000,4670,0.385673
Bubble Sort 32,10000,4671,0.38136
Bubble Sort 32,10000,4672,0.383083
Bubble Sort 32,10000,4673,0.380067
Bubble Sort 32,10000,4674,0.380338
Bubble Sort 32,10000,4675,0.381778
Bubble Sort 32,10000,4676,0.381409
Bubble Sort 32,10000,4677,0.381877
Bubble Sort 32,10000,4678,0.381846
Bubble Sort 32,10000,4679,0.381833
Bubble Sort 32,10000,4680,0.381902
Bubble Sort 32,10000,4681,0.378394
Bubble Sort 32,10000,4682,0.380763
Bubble Sort 32,10000,4683,0.380529
Bubble Sort 32,10000,4684,0.383065
Bubble Sort 32,10000,4685,0.384468
Bubble Sort 32,10000,4686,0.384763
Bubble Sort 32,10000,4687,0.382203
Bubble Sort 32,10000,4688,0.380277
Bubble Sort 32,10000,4689,0.383951
Bubble Sort 32,10000,4690,0.386221
Bubble Sort 32,10000,4691,0.384818
Bubble Sort 32,10000,4692,0.382566
Bubble Sort 32,10000,4693,0.384184
Bubble Sort 32,10000,4694,0.384117
Bubble Sort 32,10000,4695,0.38317
Bubble Sort 32,10000,4696,0.382061
Bubble Sort 32,10000,4697,0.380966
Bubble Sort 32,10000,4698,0.382984
Bubble Sort 32,10000,4699,0.386185
Bubble Sort 32,10000,4700,0.384006
Bubble Sort 32,10000,4701,0.383452
Bubble Sort 32,10000,4702,0.383901
Bubble Sort 32,10000,4703,0.383028
Bubble Sort 32,10000,4704,0.385083
Bubble Sort 32,10000,4705,0.381342
Bubble Sort 32,10000,4706,0.384677
Bubble Sort 32,10000,4707,0.385182
Bubble Sort 32,10000,4708,0.38221
Bubble Sort 32,10000,4709,0.381649
Bubble Sort 32,10000,4710,0.382738
Bubble Sort 32,10000,4711,0.383698
Bubble Sort 32,10000,4712,0.38288
Bubble Sort 32,10000,4713,0.382067
Bubble Sort 32,10000,4714,0.385643
Bubble Sort 32,10000,4715,0.385311
Bubble Sort 32,10000,4716,0.38344
Bubble Sort 32,10000,4717,0.382764
Bubble Sort 32,10000,4718,0.382135
Bubble Sort 32,10000,4719,0.380413
Bubble Sort 32,10000,4720,0.382425
Bubble Sort 32,10000,4721,0.380382
Bubble Sort 32,10000,4722,0.382566
Bubble Sort 32,10000,4723,0.381908
Bubble Sort 32,10000,4724,0.383729
Bubble Sort 32,10000,4725,0.383015
Bubble Sort 32,10000,4726,0.391975
Bubble Sort 32,10000,4727,0.385231
Bubble Sort 32,10000,4728,0.383613
Bubble Sort 32,10000,4729,0.382566
Bubble Sort 32,10000,4730,0.383582
Bubble Sort 32,10000,4731,0.380745
Bubble Sort 32,10000,4732,0.382585
Bubble Sort 32,10000,4733,0.376154
Bubble Sort 32,10000,4734,0.380707
Bubble Sort 32,10000,4735,0.38176
Bubble Sort 32,10000,4736,0.381323
Bubble Sort 32,10000,4737,0.381508
Bubble Sort 32,10000,4738,0.381704
Bubble Sort 32,10000,4739,0.381896
Bubble Sort 32,10000,4740,0.425446
Bubble Sort 32,10000,4741,0.381403
Bubble Sort 32,10000,4742,0.380776
Bubble Sort 32,10000,4743,0.382092
Bubble Sort 32,10000,4744,0.381705
Bubble Sort 32,10000,4745,0.380714
Bubble Sort 32,10000,4746,0.382111
Bubble Sort 32,10000,4747,0.385686
Bubble Sort 32,10000,4748,0.381901
Bubble Sort 32,10000,4749,0.383378
Bubble Sort 32,10000,4750,0.385797
Bubble Sort 32,10000,4751,0.383994
Bubble Sort 32,10000,4752,0.382628
Bubble Sort 32,10000,4753,0.381003
Bubble Sort 32,10000,4754,0.382166
Bubble Sort 32,10000,4755,0.381704
Bubble Sort 32,10000,4756,0.380757
Bubble Sort 32,10000,4757,0.383385
Bubble Sort 32,10000,4758,0.384061
Bubble Sort 32,10000,4759,0.382572
Bubble Sort 32,10000,4760,0.38216
Bubble Sort 32,10000,4761,0.382007
Bubble Sort 32,10000,4762,0.382868
Bubble Sort 32,10000,4763,0.382141
Bubble Sort 32,10000,4764,0.382117
Bubble Sort 32,10000,4765,0.381218
Bubble Sort 32,10000,4766,0.382498
Bubble Sort 32,10000,4767,0.381311
Bubble Sort 32,10000,4768,0.381871
Bubble Sort 32,10000,4769,0.381699
Bubble Sort 32,10000,4770,0.382209
Bubble Sort 32,10000,4771,0.38136
Bubble Sort 32,10000,4772,0.381268
Bubble Sort 32,10000,4773,0.383071
Bubble Sort 32,10000,4774,0.38331
Bubble Sort 32,10000,4775,0.382369
Bubble Sort 32,10000,4776,0.381372
Bubble Sort 32,10000,4777,0.381378
Bubble Sort 32,10000,4778,0.3812
Bubble Sort 32,10000,4779,0.382499
Bubble Sort 32,10000,4780,0.380874
Bubble Sort 32,10000,4781,0.381772
Bubble Sort 32,10000,4782,0.383619
Bubble Sort 32,10000,4783,0.38264
Bubble Sort 32,10000,4784,0.378775
Bubble Sort 32,10000,4785,0.380751
Bubble Sort 32,10000,4786,0.383015
Bubble Sort 32,10000,4787,0.380984
Bubble Sort 32,10000,4788,0.388265
Bubble Sort 32,10000,4789,0.382296
Bubble Sort 32,10000,4790,0.3828
Bubble Sort 32,10000,4791,0.38157
Bubble Sort 32,10000,4792,0.38272
Bubble Sort 32,10000,4793,0.380123
Bubble Sort 32,10000,4794,0.381268
Bubble Sort 32,10000,4795,0.379434
Bubble Sort 32,10000,4796,0.384197
Bubble Sort 32,10000,4797,0.381975
Bubble Sort 32,10000,4798,0.381372
Bubble Sort 32,10000,4799,0.383876
Bubble Sort 32,10000,4800,0.380468
Bubble Sort 32,10000,4801,0.382326
Bubble Sort 32,10000,4802,0.432117
Bubble Sort 32,10000,4803,0.380449
Bubble Sort 32,10000,4804,0.380271
Bubble Sort 32,10000,4805,0.382012
Bubble Sort 32,10000,4806,0.380142
Bubble Sort 32,10000,4807,0.381114
Bubble Sort 32,10000,4808,0.381323
Bubble Sort 32,10000,4809,0.379933
Bubble Sort 32,10000,4810,0.384775
Bubble Sort 32,10000,4811,0.382376
Bubble Sort 32,10000,4812,0.379354
Bubble Sort 32,10000,4813,0.383046
Bubble Sort 32,10000,4814,0.381501
Bubble Sort 32,10000,4815,0.379421
Bubble Sort 32,10000,4816,0.381804
Bubble Sort 32,10000,4817,0.384394
Bubble Sort 32,10000,4818,0.380431
Bubble Sort 32,10000,4819,0.383317
Bubble Sort 32,10000,4820,0.381028
Bubble Sort 32,10000,4821,0.383311
Bubble Sort 32,10000,4822,0.382018
Bubble Sort 32,10000,4823,0.385606
Bubble Sort 32,10000,4824,0.383434
Bubble Sort 32,10000,4825,0.384166
Bubble Sort 32,10000,4826,0.382037
Bubble Sort 32,10000,4827,0.381668
Bubble Sort 32,10000,4828,0.380825
Bubble Sort 32,10000,4829,0.382092
Bubble Sort 32,10000,4830,0.382258
Bubble Sort 32,10000,4831,0.383077
Bubble Sort 32,10000,4832,0.384055
Bubble Sort 32,10000,4833,0.380523
Bubble Sort 32,10000,4834,0.38187
Bubble Sort 32,10000,4835,0.382911
Bubble Sort 32,10000,4836,0.383908
Bubble Sort 32,10000,4837,0.382504
Bubble Sort 32,10000,4838,0.381403
Bubble Sort 32,10000,4839,0.378868
Bubble Sort 32,10000,4840,0.383139
Bubble Sort 32,10000,4841,0.381902
Bubble Sort 32,10000,4842,0.384135
Bubble Sort 32,10000,4843,0.381446
Bubble Sort 32,10000,4844,0.38163
Bubble Sort 32,10000,4845,0.381053
Bubble Sort 32,10000,4846,0.382412
Bubble Sort 32,10000,4847,0.381071
Bubble Sort 32,10000,4848,0.382867
Bubble Sort 32,10000,4849,0.380843
Bubble Sort 32,10000,4850,0.385089
Bubble Sort 32,10000,4851,0.383034
Bubble Sort 32,10000,4852,0.380979
Bubble Sort 32,10000,4853,0.378585
Bubble Sort 32,10000,4854,0.383311
Bubble Sort 32,10000,4855,0.383139
Bubble Sort 32,10000,4856,0.382388
Bubble Sort 32,10000,4857,0.382043
Bubble Sort 32,10000,4858,0.384025
Bubble Sort 32,10000,4859,0.380345
Bubble Sort 32,10000,4860,0.382904
Bubble Sort 32,10000,4861,0.38176
Bubble Sort 32,10000,4862,0.383791
Bubble Sort 32,10000,4863,0.380947
Bubble Sort 32,10000,4864,0.428345
Bubble Sort 32,10000,4865,0.38096
Bubble Sort 32,10000,4866,0.381846
Bubble Sort 32,10000,4867,0.383957
Bubble Sort 32,10000,4868,0.381864
Bubble Sort 32,10000,4869,0.378904
Bubble Sort 32,10000,4870,0.381501
Bubble Sort 32,10000,4871,0.378013
Bubble Sort 32,10000,4872,0.380068
Bubble Sort 32,10000,4873,0.381317
Bubble Sort 32,10000,4874,0.382794
Bubble Sort 32,10000,4875,0.381624
Bubble Sort 32,10000,4876,0.38136
Bubble Sort 32,10000,4877,0.3804
Bubble Sort 32,10000,4878,0.379532
Bubble Sort 32,10000,4879,0.38112
Bubble Sort 32,10000,4880,0.381582
Bubble Sort 32,10000,4881,0.382942
Bubble Sort 32,10000,4882,0.38355
Bubble Sort 32,10000,4883,0.380449
Bubble Sort 32,10000,4884,0.380437
Bubble Sort 32,10000,4885,0.384849
Bubble Sort 32,10000,4886,0.380597
Bubble Sort 32,10000,4887,0.382462
Bubble Sort 32,10000,4888,0.380935
Bubble Sort 32,10000,4889,0.382517
Bubble Sort 32,10000,4890,0.384025
Bubble Sort 32,10000,4891,0.379908
Bubble Sort 32,10000,4892,0.383415
Bubble Sort 32,10000,4893,0.380837
Bubble Sort 32,10000,4894,0.382105
Bubble Sort 32,10000,4895,0.382794
Bubble Sort 32,10000,4896,0.380658
Bubble Sort 32,10000,4897,0.380843
Bubble Sort 32,10000,4898,0.381637
Bubble Sort 32,10000,4899,0.383397
Bubble Sort 32,10000,4900,0.383717
Bubble Sort 32,10000,4901,0.383323
Bubble Sort 32,10000,4902,0.380763
Bubble Sort 32,10000,4903,0.380369
Bubble Sort 32,10000,4904,0.380929
Bubble Sort 32,10000,4905,0.379907
Bubble Sort 32,10000,4906,0.380942
Bubble Sort 32,10000,4907,0.380677
Bubble Sort 32,10000,4908,0.380615
Bubble Sort 32,10000,4909,0.379255
Bubble Sort 32,10000,4910,0.383083
Bubble Sort 32,10000,4911,0.380603
Bubble Sort 32,10000,4912,0.380431
Bubble Sort 32,10000,4913,0.387502
Bubble Sort 32,10000,4914,0.396
Bubble Sort 32,10000,4915,0.379022
Bubble Sort 32,10000,4916,0.395237
Bubble Sort 32,10000,4917,0.397317
Bubble Sort 32,10000,4918,0.392154
Bubble Sort 32,10000,4919,0.396843
Bubble Sort 32,10000,4920,0.393372
Bubble Sort 32,10000,4921,0.438548
Bubble Sort 32,10000,4922,0.393914
Bubble Sort 32,10000,4923,0.393059
Bubble Sort 32,10000,4924,0.393692
Bubble Sort 32,10000,4925,0.397784
Bubble Sort 32,10000,4926,0.393705
Bubble Sort 32,10000,4927,0.397828
Bubble Sort 32,10000,4928,0.379803
Bubble Sort 32,10000,4929,0.395944
Bubble Sort 32,10000,4930,0.391274
Bubble Sort 32,10000,4931,0.397508
Bubble Sort 32,10000,4932,0.39459
Bubble Sort 32,10000,4933,0.379274
Bubble Sort 32,10000,4934,0.391262
Bubble Sort 32,10000,4935,0.39715
Bubble Sort 32,10000,4936,0.39176
Bubble Sort 32,10000,4937,0.393735
Bubble Sort 32,10000,4938,0.393077
Bubble Sort 32,10000,4939,0.396197
Bubble Sort 32,10000,4940,0.394529
Bubble Sort 32,10000,4941,0.39616
Bubble Sort 32,10000,4942,0.393329
Bubble Sort 32,10000,4943,0.395262
Bubble Sort 32,10000,4944,0.394382
Bubble Sort 32,10000,4945,0.394935
Bubble Sort 32,10000,4946,0.392671
Bubble Sort 32,10000,4947,0.397175
Bubble Sort 32,10000,4948,0.391945
Bubble Sort 32,10000,4949,0.395446
Bubble Sort 32,10000,4950,0.392855
Bubble Sort 32,10000,4951,0.377624
Bubble Sort 32,10000,4952,0.392905
Bubble Sort 32,10000,4953,0.395101
Bubble Sort 32,10000,4954,0.390633
Bubble Sort 32,10000,4955,0.378351
Bubble Sort 32,10000,4956,0.392185
Bubble Sort 32,10000,4957,0.395157
Bubble Sort 32,10000,4958,0.393932
Bubble Sort 32,10000,4959,0.395883
Bubble Sort 32,10000,4960,0.394037
Bubble Sort 32,10000,4961,0.395889
Bubble Sort 32,10000,4962,0.389422
Bubble Sort 32,10000,4963,0.397139
Bubble Sort 32,10000,4964,0.392997
Bubble Sort 32,10000,4965,0.396683
Bubble Sort 32,10000,4966,0.392375
Bubble Sort 32,10000,4967,0.395865
Bubble Sort 32,10000,4968,0.392991
Bubble Sort 32,10000,4969,0.423766
Bubble Sort 32,10000,4970,0.393735
Bubble Sort 32,10000,4971,0.393446
Bubble Sort 32,10000,4972,0.391342
Bubble Sort 32,10000,4973,0.39408
Bubble Sort 32,10000,4974,0.392855
Bubble Sort 32,10000,4975,0.395692
Bubble Sort 32,10000,4976,0.39141
Bubble Sort 32,10000,4977,0.379193
Bubble Sort 32,10000,4978,0.391224
Bubble Sort 32,10000,4979,0.394043
Bubble Sort 32,10000,4980,0.391034
Bubble Sort 32,10000,4981,0.397157
Bubble Sort 32,10000,4982,0.392887
Bubble Sort 32,10000,4983,0.395699
Bubble Sort 32,10000,4984,0.394135
Bubble Sort 32,10000,4985,0.39496
Bubble Sort 32,10000,4986,0.391391
Bubble Sort 32,10000,4987,0.39688
Bubble Sort 32,10000,4988,0.391391
Bubble Sort 32,10000,4989,0.395471
Bubble Sort 32,10000,4990,0.39144
Bubble Sort 32,10000,4991,0.396499
Bubble Sort 32,10000,4992,0.391557
Bubble Sort 32,10000,4993,0.395336
Bubble Sort 32,10000,4994,0.390775
Bubble Sort 32,10000,4995,0.377169
Bubble Sort 32,10000,4996,0.392511
Bubble Sort 32,10000,4997,0.39576
Bubble Sort 32,10000,4998,0.394751
Bubble Sort 32,10000,4999,0.393748
Bubble Sort 32,10000,5000,0.391624
Bubble Sort 32,10000,5001,0.381797
Bubble Sort 32,10000,5002,0.405175
Bubble Sort 32,10000,5003,0.395939
Bubble Sort 32,10000,5004,0.393957
Bubble Sort 32,10000,5005,0.395268
Bubble Sort 32,10000,5006,0.395046
Bubble Sort 32,10000,5007,0.39339
Bubble Sort 32,10000,5008,0.394573
Bubble Sort 32,10000,5009,0.395864
Bubble Sort 32,10000,5010,0.394844
Bubble Sort 32,10000,5011,0.39227
Bubble Sort 32,10000,5012,0.393976
Bubble Sort 32,10000,5013,0.393618
Bubble Sort 32,10000,5014,0.394942
Bubble Sort 32,10000,5015,0.397582
Bubble Sort 32,10000,5016,0.394246
Bubble Sort 32,10000,5017,0.394936
Bubble Sort 32,10000,5018,0.381188
Bubble Sort 32,10000,5019,0.397766
Bubble Sort 32,10000,5020,0.392653
Bubble Sort 32,10000,5021,0.394511
Bubble Sort 32,10000,5022,0.420142
Bubble Sort 32,10000,5023,0.394105
Bubble Sort 32,10000,5024,0.395465
Bubble Sort 32,10000,5025,0.394985
Bubble Sort 32,10000,5026,0.394935
Bubble Sort 32,10000,5027,0.393077
Bubble Sort 32,10000,5028,0.392345
Bubble Sort 32,10000,5029,0.382597
Bubble Sort 32,10000,5030,0.391428
Bubble Sort 32,10000,5031,0.397065
Bubble Sort 32,10000,5032,0.392849
Bubble Sort 32,10000,5033,0.395821
Bubble Sort 32,10000,5034,0.393139
Bubble Sort 32,10000,5035,0.395138
Bubble Sort 32,10000,5036,0.393778
Bubble Sort 32,10000,5037,0.394763
Bubble Sort 32,10000,5038,0.392093
Bubble Sort 32,10000,5039,0.394892
Bubble Sort 32,10000,5040,0.39232
Bubble Sort 32,10000,5041,0.394837
Bubble Sort 32,10000,5042,0.393397
Bubble Sort 32,10000,5043,0.396468
Bubble Sort 32,10000,5044,0.394056
Bubble Sort 32,10000,5045,0.395101
Bubble Sort 32,10000,5046,0.394314
Bubble Sort 32,10000,5047,0.395353
Bubble Sort 32,10000,5048,0.391773
Bubble Sort 32,10000,5049,0.396172
Bubble Sort 32,10000,5050,0.394234
Bubble Sort 32,10000,5051,0.395391
Bubble Sort 32,10000,5052,0.391692
Bubble Sort 32,10000,5053,0.394301
Bubble Sort 32,10000,5054,0.394123
Bubble Sort 32,10000,5055,0.39243
Bubble Sort 32,10000,5056,0.394105
Bubble Sort 32,10000,5057,0.395477
Bubble Sort 32,10000,5058,0.394277
Bubble Sort 32,10000,5059,0.395169
Bubble Sort 32,10000,5060,0.393957
Bubble Sort 32,10000,5061,0.393323
Bubble Sort 32,10000,5062,0.393021
Bubble Sort 32,10000,5063,0.378055
Bubble Sort 32,10000,5064,0.393163
Bubble Sort 32,10000,5065,0.396923
Bubble Sort 32,10000,5066,0.393557
Bubble Sort 32,10000,5067,0.394179
Bubble Sort 32,10000,5068,0.394843
Bubble Sort 32,10000,5069,0.392689
Bubble Sort 32,10000,5070,0.396461
Bubble Sort 32,10000,5071,0.393692
Bubble Sort 32,10000,5072,0.396942
Bubble Sort 32,10000,5073,0.395532
Bubble Sort 32,10000,5074,0.393902
Bubble Sort 32,10000,5075,0.395692
Bubble Sort 32,10000,5076,0.392695
Bubble Sort 32,10000,5077,0.395144
Bubble Sort 32,10000,5078,0.39352
Bubble Sort 32,10000,5079,0.397495
Bubble Sort 32,10000,5080,0.391773
Bubble Sort 32,10000,5081,0.394529
Bubble Sort 32,10000,5082,0.396093
Bubble Sort 32,10000,5083,0.395397
Bubble Sort 32,10000,5084,0.3892
Bubble Sort 32,10000,5085,0.396517
Bubble Sort 32,10000,5086,0.396554
Bubble Sort 32,10000,5087,0.393212
Bubble Sort 32,10000,5088,0.394381
Bubble Sort 32,10000,5089,0.396615
Bubble Sort 32,10000,5090,0.38808
Bubble Sort 32,10000,5091,0.396769
Bubble Sort 32,10000,5092,0.395926
Bubble Sort 32,10000,5093,0.395465
Bubble Sort 32,10000,5094,0.392647
Bubble Sort 32,10000,5095,0.39296
Bubble Sort 32,10000,5096,0.394898
Bubble Sort 32,10000,5097,0.395631
Bubble Sort 32,10000,5098,0.393846
Bubble Sort 32,10000,5099,0.395908
Bubble Sort 32,10000,5100,0.392351
Bubble Sort 32,10000,5101,0.393458
Bubble Sort 32,10000,5102,0.393175
Bubble Sort 32,10000,5103,0.395101
Bubble Sort 32,10000,5104,0.397409
Bubble Sort 32,10000,5105,0.396947
Bubble Sort 32,10000,5106,0.394591
Bubble Sort 32,10000,5107,0.395434
Bubble Sort 32,10000,5108,0.392622
Bubble Sort 32,10000,5109,0.392554
Bubble Sort 32,10000,5110,0.39408
Bubble Sort 32,10000,5111,0.394295
Bubble Sort 32,10000,5112,0.395754
Bubble Sort 32,10000,5113,0.398
Bubble Sort 32,10000,5114,0.392185
Bubble Sort 32,10000,5115,0.394554
Bubble Sort 32,10000,5116,0.395089
Bubble Sort 32,10000,5117,0.398621
Bubble Sort 32,10000,5118,0.395501
Bubble Sort 32,10000,5119,0.397286
Bubble Sort 32,10000,5120,0.393256
Bubble Sort 32,10000,5121,0.381932
Bubble Sort 32,10000,5122,0.38256
Bubble Sort 32,10000,5123,0.399298
Bubble Sort 32,10000,5124,0.396554
Bubble Sort 32,10000,5125,0.394572
Bubble Sort 32,10000,5126,0.395213
Bubble Sort 32,10000,5127,0.394776
Bubble Sort 32,10000,5128,0.394646
Bubble Sort 32,10000,5129,0.396007
Bubble Sort 32,10000,5130,0.395385
Bubble Sort 32,10000,5131,0.395981
Bubble Sort 32,10000,5132,0.395213
Bubble Sort 32,10000,5133,0.394178
Bubble Sort 32,10000,5134,0.395593
Bubble Sort 32,10000,5135,0.395772
Bubble Sort 32,10000,5136,0.39843
Bubble Sort 32,10000,5137,0.399108
Bubble Sort 32,10000,5138,0.402209
Bubble Sort 32,10000,5139,0.394701
Bubble Sort 32,10000,5140,0.38912
Bubble Sort 32,10000,5141,0.388991
Bubble Sort 32,10000,5142,0.383151
Bubble Sort 32,10000,5143,0.399354
Bubble Sort 32,10000,5144,0.381059
Bubble Sort 32,10000,5145,0.384807
Bubble Sort 32,10000,5146,0.383785
Bubble Sort 32,10000,5147,0.395347
Bubble Sort 32,10000,5148,0.395206
Bubble Sort 32,10000,5149,0.394567
Bubble Sort 32,10000,5150,0.394388
Bubble Sort 32,10000,5151,0.394252
Bubble Sort 32,10000,5152,0.388825
Bubble Sort 32,10000,5153,0.392043
Bubble Sort 32,10000,5154,0.393711
Bubble Sort 32,10000,5155,0.391889
Bubble Sort 32,10000,5156,0.393545
Bubble Sort 32,10000,5157,0.394511
Bubble Sort 32,10000,5158,0.392074
Bubble Sort 32,10000,5159,0.392887
Bubble Sort 32,10000,5160,0.390043
Bubble Sort 32,10000,5161,0.389902
Bubble Sort 32,10000,5162,0.392419
Bubble Sort 32,10000,5163,0.392744
Bubble Sort 32,10000,5164,0.392874
Bubble Sort 32,10000,5165,0.393286
Bubble Sort 32,10000,5166,0.3916
Bubble Sort 32,10000,5167,0.391766
Bubble Sort 32,10000,5168,0.385101
Bubble Sort 32,10000,5169,0.391421
Bubble Sort 32,10000,5170,0.391095
Bubble Sort 32,10000,5171,0.390203
Bubble Sort 32,10000,5172,0.393342
Bubble Sort 32,10000,5173,0.392923
Bubble Sort 32,10000,5174,0.392406
Bubble Sort 32,10000,5175,0.393809
Bubble Sort 32,10000,5176,0.392049
Bubble Sort 32,10000,5177,0.393723
Bubble Sort 32,10000,5178,0.392264
Bubble Sort 32,10000,5179,0.394
Bubble Sort 32,10000,5180,0.392523
Bubble Sort 32,10000,5181,0.391434
Bubble Sort 32,10000,5182,0.392892
Bubble Sort 32,10000,5183,0.39504
Bubble Sort 32,10000,5184,0.391938
Bubble Sort 32,10000,5185,0.393452
Bubble Sort 32,10000,5186,0.390979
Bubble Sort 32,10000,5187,0.394024
Bubble Sort 32,10000,5188,0.394086
Bubble Sort 32,10000,5189,0.391102
Bubble Sort 32,10000,5190,0.389926
Bubble Sort 32,10000,5191,0.391114
Bubble Sort 32,10000,5192,0.39176
Bubble Sort 32,10000,5193,0.391902
Bubble Sort 32,10000,5194,0.393126
Bubble Sort 32,10000,5195,0.384197
Bubble Sort 32,10000,5196,0.391581
Bubble Sort 32,10000,5197,0.391557
Bubble Sort 32,10000,5198,0.390295
Bubble Sort 32,10000,5199,0.394209
Bubble Sort 32,10000,5200,0.391933
Bubble Sort 32,10000,5201,0.392708
Bubble Sort 32,10000,5202,0.394252
Bubble Sort 32,10000,5203,0.393194
Bubble Sort 32,10000,5204,0.391046
Bubble Sort 32,10000,5205,0.393046
Bubble Sort 32,10000,5206,0.391317
Bubble Sort 32,10000,5207,0.390966
Bubble Sort 32,10000,5208,0.388234
Bubble Sort 32,10000,5209,0.391378
Bubble Sort 32,10000,5210,0.393459
Bubble Sort 32,10000,5211,0.391662
Bubble Sort 32,10000,5212,0.390782
Bubble Sort 32,10000,5213,0.388142
Bubble Sort 32,10000,5214,0.394234
Bubble Sort 32,10000,5215,0.392018
Bubble Sort 32,10000,5216,0.391415
Bubble Sort 32,10000,5217,0.39312
Bubble Sort 32,10000,5218,0.391939
Bubble Sort 32,10000,5219,0.393729
Bubble Sort 32,10000,5220,0.390406
Bubble Sort 32,10000,5221,0.396886
Bubble Sort 32,10000,5222,0.390123
Bubble Sort 32,10000,5223,0.395311
Bubble Sort 32,10000,5224,0.391237
Bubble Sort 32,10000,5225,0.393059
Bubble Sort 32,10000,5226,0.392123
Bubble Sort 32,10000,5227,0.392356
Bubble Sort 32,10000,5228,0.392024
Bubble Sort 32,10000,5229,0.390301
Bubble Sort 32,10000,5230,0.394634
Bubble Sort 32,10000,5231,0.393236
Bubble Sort 32,10000,5232,0.391379
Bubble Sort 32,10000,5233,0.390351
Bubble Sort 32,10000,5234,0.392233
Bubble Sort 32,10000,5235,0.392732
Bubble Sort 32,10000,5236,0.393994
Bubble Sort 32,10000,5237,0.392382
Bubble Sort 32,10000,5238,0.390787
Bubble Sort 32,10000,5239,0.392474
Bubble Sort 32,10000,5240,0.39184
Bubble Sort 32,10000,5241,0.392948
Bubble Sort 32,10000,5242,0.390166
Bubble Sort 32,10000,5243,0.393631
Bubble Sort 32,10000,5244,0.394683
Bubble Sort 32,10000,5245,0.391704
Bubble Sort 32,10000,5246,0.391834
Bubble Sort 32,10000,5247,0.391526
Bubble Sort 32,10000,5248,0.391231
Bubble Sort 32,10000,5249,0.390179
Bubble Sort 32,10000,5250,0.393396
Bubble Sort 32,10000,5251,0.392258
Bubble Sort 32,10000,5252,0.390345
Bubble Sort 32,10000,5253,0.390148
Bubble Sort 32,10000,5254,0.39056
Bubble Sort 32,10000,5255,0.392215
Bubble Sort 32,10000,5256,0.430874
Bubble Sort 32,10000,5257,0.391372
Bubble Sort 32,10000,5258,0.390511
Bubble Sort 32,10000,5259,0.391926
Bubble Sort 32,10000,5260,0.391286
Bubble Sort 32,10000,5261,0.392462
Bubble Sort 32,10000,5262,0.393182
Bubble Sort 32,10000,5263,0.386917
Bubble Sort 32,10000,5264,0.393397
Bubble Sort 32,10000,5265,0.391169
Bubble Sort 32,10000,5266,0.393311
Bubble Sort 32,10000,5267,0.393895
Bubble Sort 32,10000,5268,0.39416
Bubble Sort 32,10000,5269,0.391206
Bubble Sort 32,10000,5270,0.391907
Bubble Sort 32,10000,5271,0.390333
Bubble Sort 32,10000,5272,0.391305
Bubble Sort 32,10000,5273,0.393593
Bubble Sort 32,10000,5274,0.393618
Bubble Sort 32,10000,5275,0.38992
Bubble Sort 32,10000,5276,0.39477
Bubble Sort 32,10000,5277,0.395951
Bubble Sort 32,10000,5278,0.39128
Bubble Sort 32,10000,5279,0.392339
Bubble Sort 32,10000,5280,0.391021
Bubble Sort 32,10000,5281,0.392831
Bubble Sort 32,10000,5282,0.389871
Bubble Sort 32,10000,5283,0.390615
Bubble Sort 32,10000,5284,0.392148
Bubble Sort 32,10000,5285,0.390585
Bubble Sort 32,10000,5286,0.392517
Bubble Sort 32,10000,5287,0.392659
Bubble Sort 32,10000,5288,0.391637
Bubble Sort 32,10000,5289,0.392351
Bubble Sort 32,10000,5290,0.403625
Bubble Sort 32,10000,5291,0.392443
Bubble Sort 32,10000,5292,0.392985
Bubble Sort 32,10000,5293,0.393003
Bubble Sort 32,10000,5294,0.389071
Bubble Sort 32,10000,5295,0.389624
Bubble Sort 32,10000,5296,0.390178
Bubble Sort 32,10000,5297,0.384412
Bubble Sort 32,10000,5298,0.390548
Bubble Sort 32,10000,5299,0.390363
Bubble Sort 32,10000,5300,0.391255
Bubble Sort 32,10000,5301,0.388935
Bubble Sort 32,10000,5302,0.390209
Bubble Sort 32,10000,5303,0.3904
Bubble Sort 32,10000,5304,0.39184
Bubble Sort 32,10000,5305,0.39048
Bubble Sort 32,10000,5306,0.391914
Bubble Sort 32,10000,5307,0.390763
Bubble Sort 32,10000,5308,0.390622
Bubble Sort 32,10000,5309,0.39133
Bubble Sort 32,10000,5310,0.392
Bubble Sort 32,10000,5311,0.392135
Bubble Sort 32,10000,5312,0.392671
Bubble Sort 32,10000,5313,0.394019
Bubble Sort 32,10000,5314,0.393557
Bubble Sort 32,10000,5315,0.393513
Bubble Sort 32,10000,5316,0.391255
Bubble Sort 32,10000,5317,0.391065
Bubble Sort 32,10000,5318,0.391015
Bubble Sort 32,10000,5319,0.389194
Bubble Sort 32,10000,5320,0.390548
Bubble Sort 32,10000,5321,0.392382
Bubble Sort 32,10000,5322,0.390006
Bubble Sort 32,10000,5323,0.390191
Bubble Sort 32,10000,5324,0.390203
Bubble Sort 32,10000,5325,0.389539
Bubble Sort 32,10000,5326,0.388911
Bubble Sort 32,10000,5327,0.391883
Bubble Sort 32,10000,5328,0.39216
Bubble Sort 32,10000,5329,0.393391
Bubble Sort 32,10000,5330,0.388898
Bubble Sort 32,10000,5331,0.382215
Bubble Sort 32,10000,5332,0.390819
Bubble Sort 32,10000,5333,0.391896
Bubble Sort 32,10000,5334,0.389895
Bubble Sort 32,10000,5335,0.391415
Bubble Sort 32,10000,5336,0.39051
Bubble Sort 32,10000,5337,0.3916
Bubble Sort 32,10000,5338,0.391699
Bubble Sort 32,10000,5339,0.392948
Bubble Sort 32,10000,5340,0.38787
Bubble Sort 32,10000,5341,0.390099
Bubble Sort 32,10000,5342,0.391686
Bubble Sort 32,10000,5343,0.390984
Bubble Sort 32,10000,5344,0.393286
Bubble Sort 32,10000,5345,0.393243
Bubble Sort 32,10000,5346,0.38909
Bubble Sort 32,10000,5347,0.392215
Bubble Sort 32,10000,5348,0.390332
Bubble Sort 32,10000,5349,0.393403
Bubble Sort 32,10000,5350,0.390043
Bubble Sort 32,10000,5351,0.389834
Bubble Sort 32,10000,5352,0.392775
Bubble Sort 32,10000,5353,0.391816
Bubble Sort 32,10000,5354,0.389433
Bubble Sort 32,10000,5355,0.392763
Bubble Sort 32,10000,5356,0.391864
Bubble Sort 32,10000,5357,0.393772
Bubble Sort 32,10000,5358,0.391914
Bubble Sort 32,10000,5359,0.391373
Bubble Sort 32,10000,5360,0.390868
Bubble Sort 32,10000,5361,0.394911
Bubble Sort 32,10000,5362,0.39264
Bubble Sort 32,10000,5363,0.391434
Bubble Sort 32,10000,5364,0.39064
Bubble Sort 32,10000,5365,0.387225
Bubble Sort 32,10000,5366,0.391028
Bubble Sort 32,10000,5367,0.392074
Bubble Sort 32,10000,5368,0.388991
Bubble Sort 32,10000,5369,0.387846
Bubble Sort 32,10000,5370,0.39176
Bubble Sort 32,10000,5371,0.391083
Bubble Sort 32,10000,5372,0.431243
Bubble Sort 32,10000,5373,0.394824
Bubble Sort 32,10000,5374,0.394326
Bubble Sort 32,10000,5375,0.391594
Bubble Sort 32,10000,5376,0.392659
Bubble Sort 32,10000,5377,0.395107
Bubble Sort 32,10000,5378,0.389889
Bubble Sort 32,10000,5379,0.391981
Bubble Sort 32,10000,5380,0.392837
Bubble Sort 32,10000,5381,0.388973
Bubble Sort 32,10000,5382,0.392683
Bubble Sort 32,10000,5383,0.393224
Bubble Sort 32,10000,5384,0.391034
Bubble Sort 32,10000,5385,0.393293
Bubble Sort 32,10000,5386,0.392246
Bubble Sort 32,10000,5387,0.394554
Bubble Sort 32,10000,5388,0.389551
Bubble Sort 32,10000,5389,0.394701
Bubble Sort 32,10000,5390,0.39136
Bubble Sort 32,10000,5391,0.389526
Bubble Sort 32,10000,5392,0.389298
Bubble Sort 32,10000,5393,0.390683
Bubble Sort 32,10000,5394,0.39093
Bubble Sort 32,10000,5395,0.391292
Bubble Sort 32,10000,5396,0.39035
Bubble Sort 32,10000,5397,0.391711
Bubble Sort 32,10000,5398,0.389588
Bubble Sort 32,10000,5399,0.384585
Bubble Sort 32,10000,5400,0.393988
Bubble Sort 32,10000,5401,0.39341
Bubble Sort 32,10000,5402,0.392769
Bubble Sort 32,10000,5403,0.39387
Bubble Sort 32,10000,5404,0.393151
Bubble Sort 32,10000,5405,0.392289
Bubble Sort 32,10000,5406,0.392825
Bubble Sort 32,10000,5407,0.389859
Bubble Sort 32,10000,5408,0.39296
Bubble Sort 32,10000,5409,0.392339
Bubble Sort 32,10000,5410,0.389416
Bubble Sort 32,10000,5411,0.390203
Bubble Sort 32,10000,5412,0.393077
Bubble Sort 32,10000,5413,0.392633
Bubble Sort 32,10000,5414,0.390621
Bubble Sort 32,10000,5415,0.393902
Bubble Sort 32,10000,5416,0.392006
Bubble Sort 32,10000,5417,0.390757
Bubble Sort 32,10000,5418,0.389748
Bubble Sort 32,10000,5419,0.389003
Bubble Sort 32,10000,5420,0.389704
Bubble Sort 32,10000,5421,0.391945
Bubble Sort 32,10000,5422,0.3928
Bubble Sort 32,10000,5423,0.394
Bubble Sort 32,10000,5424,0.392166
Bubble Sort 32,10000,5425,0.391428
Bubble Sort 32,10000,5426,0.390283
Bubble Sort 32,10000,5427,0.390474
Bubble Sort 32,10000,5428,0.388646
Bubble Sort 32,10000,5429,0.391422
Bubble Sort 32,10000,5430,0.388923
Bubble Sort 32,10000,5431,0.390234
Bubble Sort 32,10000,5432,0.38768
Bubble Sort 32,10000,5433,0.388209
Bubble Sort 32,10000,5434,0.389465
Bubble Sort 32,10000,5435,0.396265
Bubble Sort 32,10000,5436,0.392313
Bubble Sort 32,10000,5437,0.392929
Bubble Sort 32,10000,5438,0.393187
Bubble Sort 32,10000,5439,0.389348
Bubble Sort 32,10000,5440,0.400585
Bubble Sort 32,10000,5441,0.391939
Bubble Sort 32,10000,5442,0.38987
Bubble Sort 32,10000,5443,0.393231
Bubble Sort 32,10000,5444,0.388135
Bubble Sort 32,10000,5445,0.391754
Bubble Sort 32,10000,5446,0.392505
Bubble Sort 32,10000,5447,0.39432
Bubble Sort 32,10000,5448,0.39192
Bubble Sort 32,10000,5449,0.391544
Bubble Sort 32,10000,5450,0.3908
Bubble Sort 32,10000,5451,0.390831
Bubble Sort 32,10000,5452,0.388904
Bubble Sort 32,10000,5453,0.390751
Bubble Sort 32,10000,5454,0.393452
Bubble Sort 32,10000,5455,0.393871
Bubble Sort 32,10000,5456,0.389649
Bubble Sort 32,10000,5457,0.392849
Bubble Sort 32,10000,5458,0.390916
Bubble Sort 32,10000,5459,0.391871
Bubble Sort 32,10000,5460,0.390394
Bubble Sort 32,10000,5461,0.391237
Bubble Sort 32,10000,5462,0.389384
Bubble Sort 32,10000,5463,0.391631
Bubble Sort 32,10000,5464,0.393127
Bubble Sort 32,10000,5465,0.393668
Bubble Sort 32,10000,5466,0.391151
Bubble Sort 32,10000,5467,0.379846
Bubble Sort 32,10000,5468,0.388763
Bubble Sort 32,10000,5469,0.392296
Bubble Sort 32,10000,5470,0.389101
Bubble Sort 32,10000,5471,0.392105
Bubble Sort 32,10000,5472,0.391465
Bubble Sort 32,10000,5473,0.39115
Bubble Sort 32,10000,5474,0.394486
Bubble Sort 32,10000,5475,0.390708
Bubble Sort 32,10000,5476,0.391384
Bubble Sort 32,10000,5477,0.391754
Bubble Sort 32,10000,5478,0.390578
Bubble Sort 32,10000,5479,0.391465
Bubble Sort 32,10000,5480,0.390609
Bubble Sort 32,10000,5481,0.393877
Bubble Sort 32,10000,5482,0.392178
Bubble Sort 32,10000,5483,0.389988
Bubble Sort 32,10000,5484,0.388179
Bubble Sort 32,10000,5485,0.392868
Bubble Sort 32,10000,5486,0.389698
Bubble Sort 32,10000,5487,0.391951
Bubble Sort 32,10000,5488,0.391618
Bubble Sort 32,10000,5489,0.393182
Bubble Sort 32,10000,5490,0.393378
Bubble Sort 32,10000,5491,0.391994
Bubble Sort 32,10000,5492,0.392726
Bubble Sort 32,10000,5493,0.38936
Bubble Sort 32,10000,5494,0.390196
Bubble Sort 32,10000,5495,0.392228
Bubble Sort 32,10000,5496,0.391976
Bubble Sort 32,10000,5497,0.389564
Bubble Sort 32,10000,5498,0.391181
Bubble Sort 32,10000,5499,0.391981
Bubble Sort 32,10000,5500,0.394289
Bubble Sort 32,10000,5501,0.438449
Bubble Sort 32,10000,5502,0.390074
Bubble Sort 32,10000,5503,0.39192
Bubble Sort 32,10000,5504,0.391409
Bubble Sort 32,10000,5505,0.390529
Bubble Sort 32,10000,5506,0.391532
Bubble Sort 32,10000,5507,0.391071
Bubble Sort 32,10000,5508,0.380332
Bubble Sort 32,10000,5509,0.391396
Bubble Sort 32,10000,5510,0.392104
Bubble Sort 32,10000,5511,0.391015
Bubble Sort 32,10000,5512,0.389434
Bubble Sort 32,10000,5513,0.391809
Bubble Sort 32,10000,5514,0.390726
Bubble Sort 32,10000,5515,0.394178
Bubble Sort 32,10000,5516,0.394326
Bubble Sort 32,10000,5517,0.391274
Bubble Sort 32,10000,5518,0.39024
Bubble Sort 32,10000,5519,0.391994
Bubble Sort 32,10000,5520,0.393231
Bubble Sort 32,10000,5521,0.391458
Bubble Sort 32,10000,5522,0.391396
Bubble Sort 32,10000,5523,0.389785
Bubble Sort 32,10000,5524,0.39088
Bubble Sort 32,10000,5525,0.391274
Bubble Sort 32,10000,5526,0.392338
Bubble Sort 32,10000,5527,0.392283
Bubble Sort 32,10000,5528,0.39235
Bubble Sort 32,10000,5529,0.395957
Bubble Sort 32,10000,5530,0.393588
Bubble Sort 32,10000,5531,0.39144
Bubble Sort 32,10000,5532,0.390314
Bubble Sort 32,10000,5533,0.392843
Bubble Sort 32,10000,5534,0.390301
Bubble Sort 32,10000,5535,0.379815
Bubble Sort 32,10000,5536,0.394012
Bubble Sort 32,10000,5537,0.394
Bubble Sort 32,10000,5538,0.391021
Bubble Sort 32,10000,5539,0.395588
Bubble Sort 32,10000,5540,0.392493
Bubble Sort 32,10000,5541,0.392696
Bubble Sort 32,10000,5542,0.397698
Bubble Sort 32,10000,5543,0.390665
Bubble Sort 32,10000,5544,0.39189
Bubble Sort 32,10000,5545,0.39128
Bubble Sort 32,10000,5546,0.392178
Bubble Sort 32,10000,5547,0.390831
Bubble Sort 32,10000,5548,0.389772
Bubble Sort 32,10000,5549,0.39544
Bubble Sort 32,10000,5550,0.39195
Bubble Sort 32,10000,5551,0.395594
Bubble Sort 32,10000,5552,0.390511
Bubble Sort 32,10000,5553,0.393219
Bubble Sort 32,10000,5554,0.390166
Bubble Sort 32,10000,5555,0.392868
Bubble Sort 32,10000,5556,0.393797
Bubble Sort 32,10000,5557,0.391932
Bubble Sort 32,10000,5558,0.391563
Bubble Sort 32,10000,5559,0.393009
Bubble Sort 32,10000,5560,0.392332
Bubble Sort 32,10000,5561,0.392597
Bubble Sort 32,10000,5562,0.435483
Bubble Sort 32,10000,5563,0.393132
Bubble Sort 32,10000,5564,0.394185
Bubble Sort 32,10000,5565,0.394843
Bubble Sort 32,10000,5566,0.391453
Bubble Sort 32,10000,5567,0.392394
Bubble Sort 32,10000,5568,0.395409
Bubble Sort 32,10000,5569,0.386966
Bubble Sort 32,10000,5570,0.39256
Bubble Sort 32,10000,5571,0.394037
Bubble Sort 32,10000,5572,0.391661
Bubble Sort 32,10000,5573,0.39336
Bubble Sort 32,10000,5574,0.391372
Bubble Sort 32,10000,5575,0.39296
Bubble Sort 32,10000,5576,0.391982
Bubble Sort 32,10000,5577,0.39304
Bubble Sort 32,10000,5578,0.392984
Bubble Sort 32,10000,5579,0.391625
Bubble Sort 32,10000,5580,0.391348
Bubble Sort 32,10000,5581,0.391828
Bubble Sort 32,10000,5582,0.391901
Bubble Sort 32,10000,5583,0.393028
Bubble Sort 32,10000,5584,0.39096
Bubble Sort 32,10000,5585,0.391533
Bubble Sort 32,10000,5586,0.392326
Bubble Sort 32,10000,5587,0.391169
Bubble Sort 32,10000,5588,0.389336
Bubble Sort 32,10000,5589,0.39259
Bubble Sort 32,10000,5590,0.392141
Bubble Sort 32,10000,5591,0.389889
Bubble Sort 32,10000,5592,0.389852
Bubble Sort 32,10000,5593,0.390074
Bubble Sort 32,10000,5594,0.392394
Bubble Sort 32,10000,5595,0.390098
Bubble Sort 32,10000,5596,0.390474
Bubble Sort 32,10000,5597,0.393637
Bubble Sort 32,10000,5598,0.390647
Bubble Sort 32,10000,5599,0.3912
Bubble Sort 32,10000,5600,0.393366
Bubble Sort 32,10000,5601,0.393692
Bubble Sort 32,10000,5602,0.390695
Bubble Sort 32,10000,5603,0.385938
Bubble Sort 32,10000,5604,0.392794
Bubble Sort 32,10000,5605,0.388953
Bubble Sort 32,10000,5606,0.392062
Bubble Sort 32,10000,5607,0.392462
Bubble Sort 32,10000,5608,0.391815
Bubble Sort 32,10000,5609,0.393877
Bubble Sort 32,10000,5610,0.389785
Bubble Sort 32,10000,5611,0.393003
Bubble Sort 32,10000,5612,0.391951
Bubble Sort 32,10000,5613,0.392916
Bubble Sort 32,10000,5614,0.391564
Bubble Sort 32,10000,5615,0.393612
Bubble Sort 32,10000,5616,0.391649
Bubble Sort 32,10000,5617,0.395046
Bubble Sort 32,10000,5618,0.390185
Bubble Sort 32,10000,5619,0.395065
Bubble Sort 32,10000,5620,0.390216
Bubble Sort 32,10000,5621,0.391046
Bubble Sort 32,10000,5622,0.39328
Bubble Sort 32,10000,5623,0.391551
Bubble Sort 32,10000,5624,0.393883
Bubble Sort 32,10000,5625,0.390086
Bubble Sort 32,10000,5626,0.394104
Bubble Sort 32,10000,5627,0.393262
Bubble Sort 32,10000,5628,0.389828
Bubble Sort 32,10000,5629,0.393637
Bubble Sort 32,10000,5630,0.390129
Bubble Sort 32,10000,5631,0.389865
Bubble Sort 32,10000,5632,0.391495
Bubble Sort 32,10000,5633,0.391773
Bubble Sort 32,10000,5634,0.391163
Bubble Sort 32,10000,5635,0.392529
Bubble Sort 32,10000,5636,0.391311
Bubble Sort 32,10000,5637,0.389477
Bubble Sort 32,10000,5638,0.393126
Bubble Sort 32,10000,5639,0.392984
Bubble Sort 32,10000,5640,0.393723
Bubble Sort 32,10000,5641,0.389773
Bubble Sort 32,10000,5642,0.389803
Bubble Sort 32,10000,5643,0.392553
Bubble Sort 32,10000,5644,0.392314
Bubble Sort 32,10000,5645,0.391428
Bubble Sort 32,10000,5646,0.390148
Bubble Sort 32,10000,5647,0.392246
Bubble Sort 32,10000,5648,0.391766
Bubble Sort 32,10000,5649,0.392505
Bubble Sort 32,10000,5650,0.390745
Bubble Sort 32,10000,5651,0.394351
Bubble Sort 32,10000,5652,0.392609
Bubble Sort 32,10000,5653,0.394997
Bubble Sort 32,10000,5654,0.389969
Bubble Sort 32,10000,5655,0.391551
Bubble Sort 32,10000,5656,0.390086
Bubble Sort 32,10000,5657,0.392855
Bubble Sort 32,10000,5658,0.390782
Bubble Sort 32,10000,5659,0.390105
Bubble Sort 32,10000,5660,0.38941
Bubble Sort 32,10000,5661,0.390947
Bubble Sort 32,10000,5662,0.389661
Bubble Sort 32,10000,5663,0.391224
Bubble Sort 32,10000,5664,0.398757
Bubble Sort 32,10000,5665,0.389723
Bubble Sort 32,10000,5666,0.388708
Bubble Sort 32,10000,5667,0.391163
Bubble Sort 32,10000,5668,0.389175
Bubble Sort 32,10000,5669,0.391268
Bubble Sort 32,10000,5670,0.38992
Bubble Sort 32,10000,5671,0.397705
Bubble Sort 32,10000,5672,0.392117
Bubble Sort 32,10000,5673,0.388763
Bubble Sort 32,10000,5674,0.388326
Bubble Sort 32,10000,5675,0.391883
Bubble Sort 32,10000,5676,0.388431
Bubble Sort 32,10000,5677,0.391207
Bubble Sort 32,10000,5678,0.39216
Bubble Sort 32,10000,5679,0.389877
Bubble Sort 32,10000,5680,0.38912
Bubble Sort 32,10000,5681,0.389256
Bubble Sort 32,10000,5682,0.389834
Bubble Sort 32,10000,5683,0.388627
Bubble Sort 32,10000,5684,0.386867
Bubble Sort 32,10000,5685,0.3936
Bubble Sort 32,10000,5686,0.387796
Bubble Sort 32,10000,5687,0.391034
Bubble Sort 32,10000,5688,0.390265
Bubble Sort 32,10000,5689,0.388265
Bubble Sort 32,10000,5690,0.388505
Bubble Sort 32,10000,5691,0.389631
Bubble Sort 32,10000,5692,0.389409
Bubble Sort 32,10000,5693,0.391305
Bubble Sort 32,10000,5694,0.389299
Bubble Sort 32,10000,5695,0.387508
Bubble Sort 32,10000,5696,0.389477
Bubble Sort 32,10000,5697,0.390997
Bubble Sort 32,10000,5698,0.390074
Bubble Sort 32,10000,5699,0.388548
Bubble Sort 32,10000,5700,0.389071
Bubble Sort 32,10000,5701,0.390689
Bubble Sort 32,10000,5702,0.38904
Bubble Sort 32,10000,5703,0.389772
Bubble Sort 32,10000,5704,0.389212
Bubble Sort 32,10000,5705,0.405994
Bubble Sort 32,10000,5706,0.391336
Bubble Sort 32,10000,5707,0.386886
Bubble Sort 32,10000,5708,0.392609
Bubble Sort 32,10000,5709,0.3912
Bubble Sort 32,10000,5710,0.389434
Bubble Sort 32,10000,5711,0.388837
Bubble Sort 32,10000,5712,0.377698
Bubble Sort 32,10000,5713,0.390604
Bubble Sort 32,10000,5714,0.389864
Bubble Sort 32,10000,5715,0.39152
Bubble Sort 32,10000,5716,0.387834
Bubble Sort 32,10000,5717,0.388252
Bubble Sort 32,10000,5718,0.390468
Bubble Sort 32,10000,5719,0.393471
Bubble Sort 32,10000,5720,0.391557
Bubble Sort 32,10000,5721,0.388547
Bubble Sort 32,10000,5722,0.390246
Bubble Sort 32,10000,5723,0.388776
Bubble Sort 32,10000,5724,0.38963
Bubble Sort 32,10000,5725,0.390997
Bubble Sort 32,10000,5726,0.391483
Bubble Sort 32,10000,5727,0.390763
Bubble Sort 32,10000,5728,0.389741
Bubble Sort 32,10000,5729,0.390505
Bubble Sort 32,10000,5730,0.388517
Bubble Sort 32,10000,5731,0.389772
Bubble Sort 32,10000,5732,0.389569
Bubble Sort 32,10000,5733,0.389859
Bubble Sort 32,10000,5734,0.390499
Bubble Sort 32,10000,5735,0.388283
Bubble Sort 32,10000,5736,0.390529
Bubble Sort 32,10000,5737,0.390185
Bubble Sort 32,10000,5738,0.391083
Bubble Sort 32,10000,5739,0.390578
Bubble Sort 32,10000,5740,0.389323
Bubble Sort 32,10000,5741,0.389576
Bubble Sort 32,10000,5742,0.389052
Bubble Sort 32,10000,5743,0.390044
Bubble Sort 32,10000,5744,0.388227
Bubble Sort 32,10000,5745,0.389274
Bubble Sort 32,10000,5746,0.377347
Bubble Sort 32,10000,5747,0.390726
Bubble Sort 32,10000,5748,0.390603
Bubble Sort 32,10000,5749,0.391723
Bubble Sort 32,10000,5750,0.390972
Bubble Sort 32,10000,5751,0.390517
Bubble Sort 32,10000,5752,0.391926
Bubble Sort 32,10000,5753,0.396425
Bubble Sort 32,10000,5754,0.391692
Bubble Sort 32,10000,5755,0.388732
Bubble Sort 32,10000,5756,0.388308
Bubble Sort 32,10000,5757,0.389163
Bubble Sort 32,10000,5758,0.390055
Bubble Sort 32,10000,5759,0.390905
Bubble Sort 32,10000,5760,0.391188
Bubble Sort 32,10000,5761,0.394363
Bubble Sort 32,10000,5762,0.388025
Bubble Sort 32,10000,5763,0.390819
Bubble Sort 32,10000,5764,0.39016
Bubble Sort 32,10000,5765,0.389465
Bubble Sort 32,10000,5766,0.389619
Bubble Sort 32,10000,5767,0.388812
Bubble Sort 32,10000,5768,0.389945
Bubble Sort 32,10000,5769,0.393342
Bubble Sort 32,10000,5770,0.390142
Bubble Sort 32,10000,5771,0.389372
Bubble Sort 32,10000,5772,0.387828
Bubble Sort 32,10000,5773,0.390283
Bubble Sort 32,10000,5774,0.389206
Bubble Sort 32,10000,5775,0.390419
Bubble Sort 32,10000,5776,0.388511
Bubble Sort 32,10000,5777,0.392148
Bubble Sort 32,10000,5778,0.386744
Bubble Sort 32,10000,5779,0.388541
Bubble Sort 32,10000,5780,0.436301
Bubble Sort 32,10000,5781,0.387828
Bubble Sort 32,10000,5782,0.391378
Bubble Sort 32,10000,5783,0.392246
Bubble Sort 32,10000,5784,0.391329
Bubble Sort 32,10000,5785,0.39
Bubble Sort 32,10000,5786,0.392683
Bubble Sort 32,10000,5787,0.394714
Bubble Sort 32,10000,5788,0.38888
Bubble Sort 32,10000,5789,0.390326
Bubble Sort 32,10000,5790,0.390486
Bubble Sort 32,10000,5791,0.392966
Bubble Sort 32,10000,5792,0.391329
Bubble Sort 32,10000,5793,0.391649
Bubble Sort 32,10000,5794,0.392671
Bubble Sort 32,10000,5795,0.393237
Bubble Sort 32,10000,5796,0.393188
Bubble Sort 32,10000,5797,0.392289
Bubble Sort 32,10000,5798,0.392172
Bubble Sort 32,10000,5799,0.38981
Bubble Sort 32,10000,5800,0.393612
Bubble Sort 32,10000,5801,0.393742
Bubble Sort 32,10000,5802,0.391975
Bubble Sort 32,10000,5803,0.391988
Bubble Sort 32,10000,5804,0.390948
Bubble Sort 32,10000,5805,0.392978
Bubble Sort 32,10000,5806,0.394363
Bubble Sort 32,10000,5807,0.394917
Bubble Sort 32,10000,5808,0.39419
Bubble Sort 32,10000,5809,0.395225
Bubble Sort 32,10000,5810,0.393052
Bubble Sort 32,10000,5811,0.393305
Bubble Sort 32,10000,5812,0.392012
Bubble Sort 32,10000,5813,0.394215
Bubble Sort 32,10000,5814,0.397563
Bubble Sort 32,10000,5815,0.391821
Bubble Sort 32,10000,5816,0.394117
Bubble Sort 32,10000,5817,0.390567
Bubble Sort 32,10000,5818,0.393169
Bubble Sort 32,10000,5819,0.3936
Bubble Sort 32,10000,5820,0.392154
Bubble Sort 32,10000,5821,0.378357
Bubble Sort 32,10000,5822,0.393465
Bubble Sort 32,10000,5823,0.394351
Bubble Sort 32,10000,5824,0.389736
Bubble Sort 32,10000,5825,0.393046
Bubble Sort 32,10000,5826,0.391034
Bubble Sort 32,10000,5827,0.39243
Bubble Sort 32,10000,5828,0.3904
Bubble Sort 32,10000,5829,0.39192
Bubble Sort 32,10000,5830,0.391298
Bubble Sort 32,10000,5831,0.390831
Bubble Sort 32,10000,5832,0.391138
Bubble Sort 32,10000,5833,0.394222
Bubble Sort 32,10000,5834,0.389218
Bubble Sort 32,10000,5835,0.391612
Bubble Sort 32,10000,5836,0.38912
Bubble Sort 32,10000,5837,0.39544
Bubble Sort 32,10000,5838,0.389397
Bubble Sort 32,10000,5839,0.393108
Bubble Sort 32,10000,5840,0.390474
Bubble Sort 32,10000,5841,0.392708
Bubble Sort 32,10000,5842,0.393347
Bubble Sort 32,10000,5843,0.392972
Bubble Sort 32,10000,5844,0.390332
Bubble Sort 32,10000,5845,0.393896
Bubble Sort 32,10000,5846,0.390757
Bubble Sort 32,10000,5847,0.392049
Bubble Sort 32,10000,5848,0.432043
Bubble Sort 32,10000,5849,0.392492
Bubble Sort 32,10000,5850,0.392012
Bubble Sort 32,10000,5851,0.391907
Bubble Sort 32,10000,5852,0.391428
Bubble Sort 32,10000,5853,0.39176
Bubble Sort 32,10000,5854,0.39219
Bubble Sort 32,10000,5855,0.38387
Bubble Sort 32,10000,5856,0.389649
Bubble Sort 32,10000,5857,0.392412
Bubble Sort 32,10000,5858,0.389914
Bubble Sort 32,10000,5859,0.389249
Bubble Sort 32,10000,5860,0.392455
Bubble Sort 32,10000,5861,0.391169
Bubble Sort 32,10000,5862,0.392985
Bubble Sort 32,10000,5863,0.392056
Bubble Sort 32,10000,5864,0.391557
Bubble Sort 32,10000,5865,0.38944
Bubble Sort 32,10000,5866,0.391022
Bubble Sort 32,10000,5867,0.39296
Bubble Sort 32,10000,5868,0.390191
Bubble Sort 32,10000,5869,0.39192
Bubble Sort 32,10000,5870,0.389083
Bubble Sort 32,10000,5871,0.390314
Bubble Sort 32,10000,5872,0.391428
Bubble Sort 32,10000,5873,0.393994
Bubble Sort 32,10000,5874,0.391132
Bubble Sort 32,10000,5875,0.392104
Bubble Sort 32,10000,5876,0.390092
Bubble Sort 32,10000,5877,0.393095
Bubble Sort 32,10000,5878,0.389016
Bubble Sort 32,10000,5879,0.391022
Bubble Sort 32,10000,5880,0.391409
Bubble Sort 32,10000,5881,0.390905
Bubble Sort 32,10000,5882,0.391649
Bubble Sort 32,10000,5883,0.393581
Bubble Sort 32,10000,5884,0.390375
Bubble Sort 32,10000,5885,0.391545
Bubble Sort 32,10000,5886,0.390492
Bubble Sort 32,10000,5887,0.389593
Bubble Sort 32,10000,5888,0.392492
Bubble Sort 32,10000,5889,0.381895
Bubble Sort 32,10000,5890,0.393126
Bubble Sort 32,10000,5891,0.389618
Bubble Sort 32,10000,5892,0.390659
Bubble Sort 32,10000,5893,0.391022
Bubble Sort 32,10000,5894,0.391846
Bubble Sort 32,10000,5895,0.393791
Bubble Sort 32,10000,5896,0.380313
Bubble Sort 32,10000,5897,0.390572
Bubble Sort 32,10000,5898,0.39176
Bubble Sort 32,10000,5899,0.390357
Bubble Sort 32,10000,5900,0.392018
Bubble Sort 32,10000,5901,0.392572
Bubble Sort 32,10000,5902,0.390111
Bubble Sort 32,10000,5903,0.392609
Bubble Sort 32,10000,5904,0.389514
Bubble Sort 32,10000,5905,0.391053
Bubble Sort 32,10000,5906,0.391194
Bubble Sort 32,10000,5907,0.392886
Bubble Sort 32,10000,5908,0.392548
Bubble Sort 32,10000,5909,0.392246
Bubble Sort 32,10000,5910,0.39136
Bubble Sort 32,10000,5911,0.394696
Bubble Sort 32,10000,5912,0.388191
Bubble Sort 32,10000,5913,0.391089
Bubble Sort 32,10000,5914,0.390486
Bubble Sort 32,10000,5915,0.388991
Bubble Sort 32,10000,5916,0.388751
Bubble Sort 32,10000,5917,0.391637
Bubble Sort 32,10000,5918,0.388031
Bubble Sort 32,10000,5919,0.390819
Bubble Sort 32,10000,5920,0.389803
Bubble Sort 32,10000,5921,0.389551
Bubble Sort 32,10000,5922,0.390683
Bubble Sort 32,10000,5923,0.395434
Bubble Sort 32,10000,5924,0.389932
Bubble Sort 32,10000,5925,0.389667
Bubble Sort 32,10000,5926,0.389526
Bubble Sort 32,10000,5927,0.39064
Bubble Sort 32,10000,5928,0.389705
Bubble Sort 32,10000,5929,0.390997
Bubble Sort 32,10000,5930,0.396209
Bubble Sort 32,10000,5931,0.38891
Bubble Sort 32,10000,5932,0.38832
Bubble Sort 32,10000,5933,0.391951
Bubble Sort 32,10000,5934,0.389704
Bubble Sort 32,10000,5935,0.393139
Bubble Sort 32,10000,5936,0.388966
Bubble Sort 32,10000,5937,0.394708
Bubble Sort 32,10000,5938,0.390818
Bubble Sort 32,10000,5939,0.390363
Bubble Sort 32,10000,5940,0.388283
Bubble Sort 32,10000,5941,0.39016
Bubble Sort 32,10000,5942,0.387667
Bubble Sort 32,10000,5943,0.391101
Bubble Sort 32,10000,5944,0.39184
Bubble Sort 32,10000,5945,0.389533
Bubble Sort 32,10000,5946,0.389969
Bubble Sort 32,10000,5947,0.391748
Bubble Sort 32,10000,5948,0.390437
Bubble Sort 32,10000,5949,0.390652
Bubble Sort 32,10000,5950,0.389797
Bubble Sort 32,10000,5951,0.390382
Bubble Sort 32,10000,5952,0.393101
Bubble Sort 32,10000,5953,0.389378
Bubble Sort 32,10000,5954,0.388381
Bubble Sort 32,10000,5955,0.388117
Bubble Sort 32,10000,5956,0.390104
Bubble Sort 32,10000,5957,0.392093
Bubble Sort 32,10000,5958,0.388573
Bubble Sort 32,10000,5959,0.391827
Bubble Sort 32,10000,5960,0.392191
Bubble Sort 32,10000,5961,0.391262
Bubble Sort 32,10000,5962,0.392123
Bubble Sort 32,10000,5963,0.390862
Bubble Sort 32,10000,5964,0.381569
Bubble Sort 32,10000,5965,0.389513
Bubble Sort 32,10000,5966,0.387742
Bubble Sort 32,10000,5967,0.389951
Bubble Sort 32,10000,5968,0.388449
Bubble Sort 32,10000,5969,0.389551
Bubble Sort 32,10000,5970,0.388178
Bubble Sort 32,10000,5971,0.391619
Bubble Sort 32,10000,5972,0.389828
Bubble Sort 32,10000,5973,0.391477
Bubble Sort 32,10000,5974,0.393447
Bubble Sort 32,10000,5975,0.390689
Bubble Sort 32,10000,5976,0.389415
Bubble Sort 32,10000,5977,0.387668
Bubble Sort 32,10000,5978,0.391612
Bubble Sort 32,10000,5979,0.391563
Bubble Sort 32,10000,5980,0.390061
Bubble Sort 32,10000,5981,0.389268
Bubble Sort 32,10000,5982,0.389908
Bubble Sort 32,10000,5983,0.391175
Bubble Sort 32,10000,5984,0.390148
Bubble Sort 32,10000,5985,0.392456
Bubble Sort 32,10000,5986,0.389145
Bubble Sort 32,10000,5987,0.390578
Bubble Sort 32,10000,5988,0.390246
Bubble Sort 32,10000,5989,0.390947
Bubble Sort 32,10000,5990,0.389914
Bubble Sort 32,10000,5991,0.386677
Bubble Sort 32,10000,5992,0.390092
Bubble Sort 32,10000,5993,0.3884
Bubble Sort 32,10000,5994,0.389754
Bubble Sort 32,10000,5995,0.386794
Bubble Sort 32,10000,5996,0.388892
Bubble Sort 32,10000,5997,0.391329
Bubble Sort 32,10000,5998,0.380566
Bubble Sort 32,10000,5999,0.390394
Bubble Sort 32,10000,6000,0.392412
Bubble Sort 32,10000,6001,0.399661
Bubble Sort 32,10000,6002,0.393102
Bubble Sort 32,10000,6003,0.393033
Bubble Sort 32,10000,6004,0.395464
Bubble Sort 32,10000,6005,0.394086
Bubble Sort 32,10000,6006,0.387618
Bubble Sort 32,10000,6007,0.394455
Bubble Sort 32,10000,6008,0.38995
Bubble Sort 32,10000,6009,0.39293
Bubble Sort 32,10000,6010,0.392326
Bubble Sort 32,10000,6011,0.396
Bubble Sort 32,10000,6012,0.392745
Bubble Sort 32,10000,6013,0.392739
Bubble Sort 32,10000,6014,0.393169
Bubble Sort 32,10000,6015,0.392757
Bubble Sort 32,10000,6016,0.3904
Bubble Sort 32,10000,6017,0.393908
Bubble Sort 32,10000,6018,0.390966
Bubble Sort 32,10000,6019,0.39488
Bubble Sort 32,10000,6020,0.391988
Bubble Sort 32,10000,6021,0.391945
Bubble Sort 32,10000,6022,0.39416
Bubble Sort 32,10000,6023,0.391563
Bubble Sort 32,10000,6024,0.380548
Bubble Sort 32,10000,6025,0.393046
Bubble Sort 32,10000,6026,0.391631
Bubble Sort 32,10000,6027,0.392843
Bubble Sort 32,10000,6028,0.391139
Bubble Sort 32,10000,6029,0.393655
Bubble Sort 32,10000,6030,0.391735
Bubble Sort 32,10000,6031,0.397821
Bubble Sort 32,10000,6032,0.391483
Bubble Sort 32,10000,6033,0.391138
Bubble Sort 32,10000,6034,0.396437
Bubble Sort 32,10000,6035,0.393139
Bubble Sort 32,10000,6036,0.396892
Bubble Sort 32,10000,6037,0.391963
Bubble Sort 32,10000,6038,0.392166
Bubble Sort 32,10000,6039,0.392381
Bubble Sort 32,10000,6040,0.390671
Bubble Sort 32,10000,6041,0.391188
Bubble Sort 32,10000,6042,0.392037
Bubble Sort 32,10000,6043,0.394345
Bubble Sort 32,10000,6044,0.392111
Bubble Sort 32,10000,6045,0.392505
Bubble Sort 32,10000,6046,0.392535
Bubble Sort 32,10000,6047,0.3916
Bubble Sort 32,10000,6048,0.392861
Bubble Sort 32,10000,6049,0.39312
Bubble Sort 32,10000,6050,0.39061
Bubble Sort 32,10000,6051,0.390677
Bubble Sort 32,10000,6052,0.39187
Bubble Sort 32,10000,6053,0.392425
Bubble Sort 32,10000,6054,0.391347
Bubble Sort 32,10000,6055,0.391231
Bubble Sort 32,10000,6056,0.392917
Bubble Sort 32,10000,6057,0.391354
Bubble Sort 32,10000,6058,0.399914
Bubble Sort 32,10000,6059,0.393052
Bubble Sort 32,10000,6060,0.391477
Bubble Sort 32,10000,6061,0.393237
Bubble Sort 32,10000,6062,0.394929
Bubble Sort 32,10000,6063,0.391834
Bubble Sort 32,10000,6064,0.392431
Bubble Sort 32,10000,6065,0.379834
Bubble Sort 32,10000,6066,0.39069
Bubble Sort 32,10000,6067,0.395151
Bubble Sort 32,10000,6068,0.387637
Bubble Sort 32,10000,6069,0.390265
Bubble Sort 32,10000,6070,0.388308
Bubble Sort 32,10000,6071,0.393403
Bubble Sort 32,10000,6072,0.390917
Bubble Sort 32,10000,6073,0.391421
Bubble Sort 32,10000,6074,0.391938
Bubble Sort 32,10000,6075,0.390596
Bubble Sort 32,10000,6076,0.390369
Bubble Sort 32,10000,6077,0.390953
Bubble Sort 32,10000,6078,0.393483
Bubble Sort 32,10000,6079,0.393206
Bubble Sort 32,10000,6080,0.391581
Bubble Sort 32,10000,6081,0.391194
Bubble Sort 32,10000,6082,0.392135
Bubble Sort 32,10000,6083,0.393175
Bubble Sort 32,10000,6084,0.391053
Bubble Sort 32,10000,6085,0.393668
Bubble Sort 32,10000,6086,0.394326
Bubble Sort 32,10000,6087,0.39131
Bubble Sort 32,10000,6088,0.392664
Bubble Sort 32,10000,6089,0.394043
Bubble Sort 32,10000,6090,0.39163
Bubble Sort 32,10000,6091,0.392431
Bubble Sort 32,10000,6092,0.391077
Bubble Sort 32,10000,6093,0.398861
Bubble Sort 32,10000,6094,0.393797
Bubble Sort 32,10000,6095,0.392117
Bubble Sort 32,10000,6096,0.391754
Bubble Sort 32,10000,6097,0.391569
Bubble Sort 32,10000,6098,0.392739
Bubble Sort 32,10000,6099,0.386917
Bubble Sort 32,10000,6100,0.39424
Bubble Sort 32,10000,6101,0.393649
Bubble Sort 32,10000,6102,0.394166
Bubble Sort 32,10000,6103,0.393022
Bubble Sort 32,10000,6104,0.392831
Bubble Sort 32,10000,6105,0.392418
Bubble Sort 32,10000,6106,0.395594
Bubble Sort 32,10000,6107,0.393213
Bubble Sort 32,10000,6108,0.393046
Bubble Sort 32,10000,6109,0.390942
Bubble Sort 32,10000,6110,0.391428
Bubble Sort 32,10000,6111,0.393581
Bubble Sort 32,10000,6112,0.389446
Bubble Sort 32,10000,6113,0.395299
Bubble Sort 32,10000,6114,0.394412
Bubble Sort 32,10000,6115,0.3952
Bubble Sort 32,10000,6116,0.390603
Bubble Sort 32,10000,6117,0.393175
Bubble Sort 32,10000,6118,0.392732
Bubble Sort 32,10000,6119,0.392148
Bubble Sort 32,10000,6120,0.392523
Bubble Sort 32,10000,6121,0.391914
Bubble Sort 32,10000,6122,0.393532
Bubble Sort 32,10000,6123,0.391372
Bubble Sort 32,10000,6124,0.391471
Bubble Sort 32,10000,6125,0.393834
Bubble Sort 32,10000,6126,0.39304
Bubble Sort 32,10000,6127,0.392142
Bubble Sort 32,10000,6128,0.392646
Bubble Sort 32,10000,6129,0.394007
Bubble Sort 32,10000,6130,0.392615
Bubble Sort 32,10000,6131,0.393483
Bubble Sort 32,10000,6132,0.390689
Bubble Sort 32,10000,6133,0.379803
Bubble Sort 32,10000,6134,0.392013
Bubble Sort 32,10000,6135,0.392732
Bubble Sort 32,10000,6136,0.393588
Bubble Sort 32,10000,6137,0.393052
Bubble Sort 32,10000,6138,0.397631
Bubble Sort 32,10000,6139,0.386824
Bubble Sort 32,10000,6140,0.397815
Bubble Sort 32,10000,6141,0.396628
Bubble Sort 32,10000,6142,0.38488
Bubble Sort 32,10000,6143,0.383896
Bubble Sort 32,10000,6144,0.388049
Bubble Sort 32,10000,6145,0.382308
Bubble Sort 32,10000,6146,0.400763
Bubble Sort 32,10000,6147,0.389157
Bubble Sort 32,10000,6148,0.396899
Bubble Sort 32,10000,6149,0.393982
Bubble Sort 32,10000,6150,0.383667
Bubble Sort 32,10000,6151,0.393465
Bubble Sort 32,10000,6152,0.389772
Bubble Sort 32,10000,6153,0.390216
Bubble Sort 32,10000,6154,0.390234
Bubble Sort 32,10000,6155,0.392277
Bubble Sort 32,10000,6156,0.390861
Bubble Sort 32,10000,6157,0.389335
Bubble Sort 32,10000,6158,0.391157
Bubble Sort 32,10000,6159,0.393908
Bubble Sort 32,10000,6160,0.391902
Bubble Sort 32,10000,6161,0.391446
Bubble Sort 32,10000,6162,0.391132
Bubble Sort 32,10000,6163,0.390769
Bubble Sort 32,10000,6164,0.394487
Bubble Sort 32,10000,6165,0.393729
Bubble Sort 32,10000,6166,0.39112
Bubble Sort 32,10000,6167,0.3888
Bubble Sort 32,10000,6168,0.392314
Bubble Sort 32,10000,6169,0.392751
Bubble Sort 32,10000,6170,0.38976
Bubble Sort 32,10000,6171,0.388973
Bubble Sort 32,10000,6172,0.39051
Bubble Sort 32,10000,6173,0.389181
Bubble Sort 32,10000,6174,0.391612
Bubble Sort 32,10000,6175,0.391286
Bubble Sort 32,10000,6176,0.395582
Bubble Sort 32,10000,6177,0.390677
Bubble Sort 32,10000,6178,0.389852
Bubble Sort 32,10000,6179,0.39088
Bubble Sort 32,10000,6180,0.387034
Bubble Sort 32,10000,6181,0.390007
Bubble Sort 32,10000,6182,0.391022
Bubble Sort 32,10000,6183,0.388253
Bubble Sort 32,10000,6184,0.397367
Bubble Sort 32,10000,6185,0.390153
Bubble Sort 32,10000,6186,0.391957
Bubble Sort 32,10000,6187,0.390597
Bubble Sort 32,10000,6188,0.388825
Bubble Sort 32,10000,6189,0.393323
Bubble Sort 32,10000,6190,0.393064
Bubble Sort 32,10000,6191,0.391753
Bubble Sort 32,10000,6192,0.389637
Bubble Sort 32,10000,6193,0.393286
Bubble Sort 32,10000,6194,0.392763
Bubble Sort 32,10000,6195,0.391372
Bubble Sort 32,10000,6196,0.393508
Bubble Sort 32,10000,6197,0.393434
Bubble Sort 32,10000,6198,0.395378
Bubble Sort 32,10000,6199,0.392167
Bubble Sort 32,10000,6200,0.391754
Bubble Sort 32,10000,6201,0.388474
Bubble Sort 32,10000,6202,0.390067
Bubble Sort 32,10000,6203,0.389477
Bubble Sort 32,10000,6204,0.394923
Bubble Sort 32,10000,6205,0.393643
Bubble Sort 32,10000,6206,0.389927
Bubble Sort 32,10000,6207,0.390658
Bubble Sort 32,10000,6208,0.38992
Bubble Sort 32,10000,6209,0.388456
Bubble Sort 32,10000,6210,0.391169
Bubble Sort 32,10000,6211,0.397101
Bubble Sort 32,10000,6212,0.390018
Bubble Sort 32,10000,6213,0.391034
Bubble Sort 32,10000,6214,0.392123
Bubble Sort 32,10000,6215,0.391336
Bubble Sort 32,10000,6216,0.388172
Bubble Sort 32,10000,6217,0.394018
Bubble Sort 32,10000,6218,0.391101
Bubble Sort 32,10000,6219,0.391397
Bubble Sort 32,10000,6220,0.390769
Bubble Sort 32,10000,6221,0.390277
Bubble Sort 32,10000,6222,0.389913
Bubble Sort 32,10000,6223,0.392055
Bubble Sort 32,10000,6224,0.389274
Bubble Sort 32,10000,6225,0.39272
Bubble Sort 32,10000,6226,0.391483
Bubble Sort 32,10000,6227,0.391391
Bubble Sort 32,10000,6228,0.39125
Bubble Sort 32,10000,6229,0.39488
Bubble Sort 32,10000,6230,0.391145
Bubble Sort 32,10000,6231,0.394117
Bubble Sort 32,10000,6232,0.390763
Bubble Sort 32,10000,6233,0.390868
Bubble Sort 32,10000,6234,0.394326
Bubble Sort 32,10000,6235,0.389827
Bubble Sort 32,10000,6236,0.389809
Bubble Sort 32,10000,6237,0.390634
Bubble Sort 32,10000,6238,0.38957
Bubble Sort 32,10000,6239,0.392086
Bubble Sort 32,10000,6240,0.390473
Bubble Sort 32,10000,6241,0.39072
Bubble Sort 32,10000,6242,0.391502
Bubble Sort 32,10000,6243,0.389902
Bubble Sort 32,10000,6244,0.39016
Bubble Sort 32,10000,6245,0.385784
Bubble Sort 32,10000,6246,0.387692
Bubble Sort 32,10000,6247,0.388794
Bubble Sort 32,10000,6248,0.391193
Bubble Sort 32,10000,6249,0.38965
Bubble Sort 32,10000,6250,0.390566
Bubble Sort 32,10000,6251,0.389791
Bubble Sort 32,10000,6252,0.3924
Bubble Sort 32,10000,6253,0.389588
Bubble Sort 32,10000,6254,0.391379
Bubble Sort 32,10000,6255,0.391699
Bubble Sort 32,10000,6256,0.391822
Bubble Sort 32,10000,6257,0.390339
Bubble Sort 32,10000,6258,0.392252
Bubble Sort 32,10000,6259,0.392923
Bubble Sort 32,10000,6260,0.390345
Bubble Sort 32,10000,6261,0.391342
Bubble Sort 32,10000,6262,0.390738
Bubble Sort 32,10000,6263,0.392812
Bubble Sort 32,10000,6264,0.390135
Bubble Sort 32,10000,6265,0.390591
Bubble Sort 32,10000,6266,0.389022
Bubble Sort 32,10000,6267,0.388419
Bubble Sort 32,10000,6268,0.388307
Bubble Sort 32,10000,6269,0.390578
Bubble Sort 32,10000,6270,0.391243
Bubble Sort 32,10000,6271,0.392295
Bubble Sort 32,10000,6272,0.42675
Bubble Sort 32,10000,6273,0.391895
Bubble Sort 32,10000,6274,0.390307
Bubble Sort 32,10000,6275,0.392615
Bubble Sort 32,10000,6276,0.389255
Bubble Sort 32,10000,6277,0.392579
Bubble Sort 32,10000,6278,0.390868
Bubble Sort 32,10000,6279,0.387034
Bubble Sort 32,10000,6280,0.391428
Bubble Sort 32,10000,6281,0.390861
Bubble Sort 32,10000,6282,0.393711
Bubble Sort 32,10000,6283,0.390628
Bubble Sort 32,10000,6284,0.390923
Bubble Sort 32,10000,6285,0.390929
Bubble Sort 32,10000,6286,0.39051
Bubble Sort 32,10000,6287,0.392295
Bubble Sort 32,10000,6288,0.388929
Bubble Sort 32,10000,6289,0.388867
Bubble Sort 32,10000,6290,0.393409
Bubble Sort 32,10000,6291,0.395052
Bubble Sort 32,10000,6292,0.392566
Bubble Sort 32,10000,6293,0.39192
Bubble Sort 32,10000,6294,0.392092
Bubble Sort 32,10000,6295,0.388302
Bubble Sort 32,10000,6296,0.387403
Bubble Sort 32,10000,6297,0.390314
Bubble Sort 32,10000,6298,0.391889
Bubble Sort 32,10000,6299,0.390856
Bubble Sort 32,10000,6300,0.390794
Bubble Sort 32,10000,6301,0.389951
Bubble Sort 32,10000,6302,0.390603
Bubble Sort 32,10000,6303,0.389785
Bubble Sort 32,10000,6304,0.388462
Bubble Sort 32,10000,6305,0.391569
Bubble Sort 32,10000,6306,0.391896
Bubble Sort 32,10000,6307,0.392856
Bubble Sort 32,10000,6308,0.389415
Bubble Sort 32,10000,6309,0.388806
Bubble Sort 32,10000,6310,0.388658
Bubble Sort 32,10000,6311,0.390905
Bubble Sort 32,10000,6312,0.390136
Bubble Sort 32,10000,6313,0.384978
Bubble Sort 32,10000,6314,0.389151
Bubble Sort 32,10000,6315,0.391391
Bubble Sort 32,10000,6316,0.389508
Bubble Sort 32,10000,6317,0.389698
Bubble Sort 32,10000,6318,0.388259
Bubble Sort 32,10000,6319,0.392837
Bubble Sort 32,10000,6320,0.390935
Bubble Sort 32,10000,6321,0.390499
Bubble Sort 32,10000,6322,0.388425
Bubble Sort 32,10000,6323,0.393833
Bubble Sort 32,10000,6324,0.387403
Bubble Sort 32,10000,6325,0.389594
Bubble Sort 32,10000,6326,0.389175
Bubble Sort 32,10000,6327,0.391932
Bubble Sort 32,10000,6328,0.388142
Bubble Sort 32,10000,6329,0.391994
Bubble Sort 32,10000,6330,0.390511
Bubble Sort 32,10000,6331,0.390418
Bubble Sort 32,10000,6332,0.389502
Bubble Sort 32,10000,6333,0.389305
Bubble Sort 32,10000,6334,0.391004
Bubble Sort 32,10000,6335,0.389385
Bubble Sort 32,10000,6336,0.388406
Bubble Sort 32,10000,6337,0.389151
Bubble Sort 32,10000,6338,0.389649
Bubble Sort 32,10000,6339,0.389754
Bubble Sort 32,10000,6340,0.390024
Bubble Sort 32,10000,6341,0.391329
Bubble Sort 32,10000,6342,0.390363
Bubble Sort 32,10000,6343,0.392215
Bubble Sort 32,10000,6344,0.390209
Bubble Sort 32,10000,6345,0.391249
Bubble Sort 32,10000,6346,0.389612
Bubble Sort 32,10000,6347,0.37856
Bubble Sort 32,10000,6348,0.390849
Bubble Sort 32,10000,6349,0.390486
Bubble Sort 32,10000,6350,0.39043
Bubble Sort 32,10000,6351,0.389409
Bubble Sort 32,10000,6352,0.39059
Bubble Sort 32,10000,6353,0.39112
Bubble Sort 32,10000,6354,0.378111
Bubble Sort 32,10000,6355,0.389809
Bubble Sort 32,10000,6356,0.390443
Bubble Sort 32,10000,6357,0.390455
Bubble Sort 32,10000,6358,0.388837
Bubble Sort 32,10000,6359,0.391058
Bubble Sort 32,10000,6360,0.387619
Bubble Sort 32,10000,6361,0.40139
Bubble Sort 32,10000,6362,0.391501
Bubble Sort 32,10000,6363,0.395988
Bubble Sort 32,10000,6364,0.392745
Bubble Sort 32,10000,6365,0.39139
Bubble Sort 32,10000,6366,0.394917
Bubble Sort 32,10000,6367,0.429009
Bubble Sort 32,10000,6368,0.393292
Bubble Sort 32,10000,6369,0.402394
Bubble Sort 32,10000,6370,0.413428
Bubble Sort 32,10000,6371,0.393206
Bubble Sort 32,10000,6372,0.391545
Bubble Sort 32,10000,6373,0.410407
Bubble Sort 32,10000,6374,0.394215
Bubble Sort 32,10000,6375,0.390425
Bubble Sort 32,10000,6376,0.390357
Bubble Sort 32,10000,6377,0.39624
Bubble Sort 32,10000,6378,0.397354
Bubble Sort 32,10000,6379,0.393151
Bubble Sort 32,10000,6380,0.38632
Bubble Sort 32,10000,6381,0.379637
Bubble Sort 32,10000,6382,0.393028
Bubble Sort 32,10000,6383,0.392
Bubble Sort 32,10000,6384,0.38888
Bubble Sort 32,10000,6385,0.390653
Bubble Sort 32,10000,6386,0.390221
Bubble Sort 32,10000,6387,0.3932
Bubble Sort 32,10000,6388,0.391957
Bubble Sort 32,10000,6389,0.392677
Bubble Sort 32,10000,6390,0.392419
Bubble Sort 32,10000,6391,0.390499
Bubble Sort 32,10000,6392,0.390616
Bubble Sort 32,10000,6393,0.39064
Bubble Sort 32,10000,6394,0.389027
Bubble Sort 32,10000,6395,0.393255
Bubble Sort 32,10000,6396,0.391206
Bubble Sort 32,10000,6397,0.390037
Bubble Sort 32,10000,6398,0.388972
Bubble Sort 32,10000,6399,0.390695
Bubble Sort 32,10000,6400,0.39232
Bubble Sort 32,10000,6401,0.391785
Bubble Sort 32,10000,6402,0.391065
Bubble Sort 32,10000,6403,0.387803
Bubble Sort 32,10000,6404,0.389237
Bubble Sort 32,10000,6405,0.391876
Bubble Sort 32,10000,6406,0.38853
Bubble Sort 32,10000,6407,0.390572
Bubble Sort 32,10000,6408,0.388259
Bubble Sort 32,10000,6409,0.392375
Bubble Sort 32,10000,6410,0.389784
Bubble Sort 32,10000,6411,0.392296
Bubble Sort 32,10000,6412,0.389501
Bubble Sort 32,10000,6413,0.390326
Bubble Sort 32,10000,6414,0.390486
Bubble Sort 32,10000,6415,0.392246
Bubble Sort 32,10000,6416,0.388043
Bubble Sort 32,10000,6417,0.38955
Bubble Sort 32,10000,6418,0.393428
Bubble Sort 32,10000,6419,0.393809
Bubble Sort 32,10000,6420,0.390744
Bubble Sort 32,10000,6421,0.392043
Bubble Sort 32,10000,6422,0.39208
Bubble Sort 32,10000,6423,0.391742
Bubble Sort 32,10000,6424,0.389452
Bubble Sort 32,10000,6425,0.391396
Bubble Sort 32,10000,6426,0.386819
Bubble Sort 32,10000,6427,0.392431
Bubble Sort 32,10000,6428,0.389791
Bubble Sort 32,10000,6429,0.38979
Bubble Sort 32,10000,6430,0.390258
Bubble Sort 32,10000,6431,0.391993
Bubble Sort 32,10000,6432,0.39232
Bubble Sort 32,10000,6433,0.389256
Bubble Sort 32,10000,6434,0.378954
Bubble Sort 32,10000,6435,0.390985
Bubble Sort 32,10000,6436,0.390104
Bubble Sort 32,10000,6437,0.388806
Bubble Sort 32,10000,6438,0.389619
Bubble Sort 32,10000,6439,0.391716
Bubble Sort 32,10000,6440,0.390018
Bubble Sort 32,10000,6441,0.393705
Bubble Sort 32,10000,6442,0.38872
Bubble Sort 32,10000,6443,0.391096
Bubble Sort 32,10000,6444,0.390382
Bubble Sort 32,10000,6445,0.391834
Bubble Sort 32,10000,6446,0.392277
Bubble Sort 32,10000,6447,0.392357
Bubble Sort 32,10000,6448,0.390825
Bubble Sort 32,10000,6449,0.390954
Bubble Sort 32,10000,6450,0.387305
Bubble Sort 32,10000,6451,0.392431
Bubble Sort 32,10000,6452,0.389926
Bubble Sort 32,10000,6453,0.391901
Bubble Sort 32,10000,6454,0.391287
Bubble Sort 32,10000,6455,0.390775
Bubble Sort 32,10000,6456,0.389705
Bubble Sort 32,10000,6457,0.391015
Bubble Sort 32,10000,6458,0.387138
Bubble Sort 32,10000,6459,0.390215
Bubble Sort 32,10000,6460,0.387637
Bubble Sort 32,10000,6461,0.391421
Bubble Sort 32,10000,6462,0.391853
Bubble Sort 32,10000,6463,0.390732
Bubble Sort 32,10000,6464,0.389588
Bubble Sort 32,10000,6465,0.392806
Bubble Sort 32,10000,6466,0.38848
Bubble Sort 32,10000,6467,0.390363
Bubble Sort 32,10000,6468,0.378548
Bubble Sort 32,10000,6469,0.39317
Bubble Sort 32,10000,6470,0.39056
Bubble Sort 32,10000,6471,0.394172
Bubble Sort 32,10000,6472,0.391994
Bubble Sort 32,10000,6473,0.391877
Bubble Sort 32,10000,6474,0.39312
Bubble Sort 32,10000,6475,0.395797
Bubble Sort 32,10000,6476,0.391022
Bubble Sort 32,10000,6477,0.392185
Bubble Sort 32,10000,6478,0.391656
Bubble Sort 32,10000,6479,0.392886
Bubble Sort 32,10000,6480,0.39184
Bubble Sort 32,10000,6481,0.392855
Bubble Sort 32,10000,6482,0.392
Bubble Sort 32,10000,6483,0.393207
Bubble Sort 32,10000,6484,0.391833
Bubble Sort 32,10000,6485,0.392849
Bubble Sort 32,10000,6486,0.39096
Bubble Sort 32,10000,6487,0.395458
Bubble Sort 32,10000,6488,0.391459
Bubble Sort 32,10000,6489,0.394289
Bubble Sort 32,10000,6490,0.392652
Bubble Sort 32,10000,6491,0.390886
Bubble Sort 32,10000,6492,0.39067
Bubble Sort 32,10000,6493,0.393957
Bubble Sort 32,10000,6494,0.394517
Bubble Sort 32,10000,6495,0.392658
Bubble Sort 32,10000,6496,0.390775
Bubble Sort 32,10000,6497,0.391065
Bubble Sort 32,10000,6498,0.388572
Bubble Sort 32,10000,6499,0.3896
Bubble Sort 32,10000,6500,0.392831
Bubble Sort 32,10000,6501,0.389557
Bubble Sort 32,10000,6502,0.395163
Bubble Sort 32,10000,6503,0.391846
Bubble Sort 32,10000,6504,0.387865
Bubble Sort 32,10000,6505,0.392062
Bubble Sort 32,10000,6506,0.392966
Bubble Sort 32,10000,6507,0.393705
Bubble Sort 32,10000,6508,0.389053
Bubble Sort 32,10000,6509,0.3936
Bubble Sort 32,10000,6510,0.387274
Bubble Sort 32,10000,6511,0.39029
Bubble Sort 32,10000,6512,0.389815
Bubble Sort 32,10000,6513,0.39059
Bubble Sort 32,10000,6514,0.391028
Bubble Sort 32,10000,6515,0.392431
Bubble Sort 32,10000,6516,0.39208
Bubble Sort 32,10000,6517,0.392437
Bubble Sort 32,10000,6518,0.390092
Bubble Sort 32,10000,6519,0.391748
Bubble Sort 32,10000,6520,0.388111
Bubble Sort 32,10000,6521,0.389631
Bubble Sort 32,10000,6522,0.389225
Bubble Sort 32,10000,6523,0.394215
Bubble Sort 32,10000,6524,0.390947
Bubble Sort 32,10000,6525,0.391403
Bubble Sort 32,10000,6526,0.390086
Bubble Sort 32,10000,6527,0.3932
Bubble Sort 32,10000,6528,0.391656
Bubble Sort 32,10000,6529,0.437723
Bubble Sort 32,10000,6530,0.393169
Bubble Sort 32,10000,6531,0.389606
Bubble Sort 32,10000,6532,0.389046
Bubble Sort 32,10000,6533,0.390683
Bubble Sort 32,10000,6534,0.391163
Bubble Sort 32,10000,6535,0.390474
Bubble Sort 32,10000,6536,0.377422
Bubble Sort 32,10000,6537,0.390991
Bubble Sort 32,10000,6538,0.391477
Bubble Sort 32,10000,6539,0.390068
Bubble Sort 32,10000,6540,0.388677
Bubble Sort 32,10000,6541,0.389471
Bubble Sort 32,10000,6542,0.391828
Bubble Sort 32,10000,6543,0.391754
Bubble Sort 32,10000,6544,0.392357
Bubble Sort 32,10000,6545,0.391827
Bubble Sort 32,10000,6546,0.391015
Bubble Sort 32,10000,6547,0.391532
Bubble Sort 32,10000,6548,0.389982
Bubble Sort 32,10000,6549,0.391304
Bubble Sort 32,10000,6550,0.39136
Bubble Sort 32,10000,6551,0.393489
Bubble Sort 32,10000,6552,0.389902
Bubble Sort 32,10000,6553,0.389828
Bubble Sort 32,10000,6554,0.389859
Bubble Sort 32,10000,6555,0.390382
Bubble Sort 32,10000,6556,0.388818
Bubble Sort 32,10000,6557,0.392769
Bubble Sort 32,10000,6558,0.395434
Bubble Sort 32,10000,6559,0.39024
Bubble Sort 32,10000,6560,0.388339
Bubble Sort 32,10000,6561,0.389397
Bubble Sort 32,10000,6562,0.388387
Bubble Sort 32,10000,6563,0.442819
Bubble Sort 32,10000,6564,0.390701
Bubble Sort 32,10000,6565,0.390929
Bubble Sort 32,10000,6566,0.389415
Bubble Sort 32,10000,6567,0.389754
Bubble Sort 32,10000,6568,0.390738
Bubble Sort 32,10000,6569,0.389828
Bubble Sort 32,10000,6570,0.378431
Bubble Sort 32,10000,6571,0.388504
Bubble Sort 32,10000,6572,0.390886
Bubble Sort 32,10000,6573,0.390523
Bubble Sort 32,10000,6574,0.388744
Bubble Sort 32,10000,6575,0.395218
Bubble Sort 32,10000,6576,0.389256
Bubble Sort 32,10000,6577,0.39328
Bubble Sort 32,10000,6578,0.389871
Bubble Sort 32,10000,6579,0.391452
Bubble Sort 32,10000,6580,0.392283
Bubble Sort 32,10000,6581,0.39227
Bubble Sort 32,10000,6582,0.390794
Bubble Sort 32,10000,6583,0.390997
Bubble Sort 32,10000,6584,0.39184
Bubble Sort 32,10000,6585,0.391064
Bubble Sort 32,10000,6586,0.390769
Bubble Sort 32,10000,6587,0.390314
Bubble Sort 32,10000,6588,0.388406
Bubble Sort 32,10000,6589,0.392258
Bubble Sort 32,10000,6590,0.390431
Bubble Sort 32,10000,6591,0.39163
Bubble Sort 32,10000,6592,0.389138
Bubble Sort 32,10000,6593,0.390467
Bubble Sort 32,10000,6594,0.391551
Bubble Sort 32,10000,6595,0.390093
Bubble Sort 32,10000,6596,0.388535
Bubble Sort 32,10000,6597,0.388425
Bubble Sort 32,10000,6598,0.391766
Bubble Sort 32,10000,6599,0.391877
Bubble Sort 32,10000,6600,0.388744
Bubble Sort 32,10000,6601,0.39088
Bubble Sort 32,10000,6602,0.386049
Bubble Sort 32,10000,6603,0.390659
Bubble Sort 32,10000,6604,0.39589
Bubble Sort 32,10000,6605,0.39064
Bubble Sort 32,10000,6606,0.389791
Bubble Sort 32,10000,6607,0.390271
Bubble Sort 32,10000,6608,0.390664
Bubble Sort 32,10000,6609,0.392191
Bubble Sort 32,10000,6610,0.389877
Bubble Sort 32,10000,6611,0.39643
Bubble Sort 32,10000,6612,0.390536
Bubble Sort 32,10000,6613,0.390585
Bubble Sort 32,10000,6614,0.389976
Bubble Sort 32,10000,6615,0.389766
Bubble Sort 32,10000,6616,0.39144
Bubble Sort 32,10000,6617,0.388991
Bubble Sort 32,10000,6618,0.391237
Bubble Sort 32,10000,6619,0.390147
Bubble Sort 32,10000,6620,0.39157
Bubble Sort 32,10000,6621,0.390972
Bubble Sort 32,10000,6622,0.389434
Bubble Sort 32,10000,6623,0.390295
Bubble Sort 32,10000,6624,0.390166
Bubble Sort 32,10000,6625,0.392751
Bubble Sort 32,10000,6626,0.388763
Bubble Sort 32,10000,6627,0.389003
Bubble Sort 32,10000,6628,0.390511
Bubble Sort 32,10000,6629,0.389508
Bubble Sort 32,10000,6630,0.390745
Bubble Sort 32,10000,6631,0.391212
Bubble Sort 32,10000,6632,0.391483
Bubble Sort 32,10000,6633,0.395852
Bubble Sort 32,10000,6634,0.39045
Bubble Sort 32,10000,6635,0.392443
Bubble Sort 32,10000,6636,0.390135
Bubble Sort 32,10000,6637,0.391704
Bubble Sort 32,10000,6638,0.425976
Bubble Sort 32,10000,6639,0.389046
Bubble Sort 32,10000,6640,0.390628
Bubble Sort 32,10000,6641,0.389452
Bubble Sort 32,10000,6642,0.391705
Bubble Sort 32,10000,6643,0.390757
Bubble Sort 32,10000,6644,0.391772
Bubble Sort 32,10000,6645,0.383428
Bubble Sort 32,10000,6646,0.389619
Bubble Sort 32,10000,6647,0.392535
Bubble Sort 32,10000,6648,0.388394
Bubble Sort 32,10000,6649,0.388775
Bubble Sort 32,10000,6650,0.390271
Bubble Sort 32,10000,6651,0.390868
Bubble Sort 32,10000,6652,0.389249
Bubble Sort 32,10000,6653,0.39256
Bubble Sort 32,10000,6654,0.388455
Bubble Sort 32,10000,6655,0.389102
Bubble Sort 32,10000,6656,0.391138
Bubble Sort 32,10000,6657,0.393422
Bubble Sort 32,10000,6658,0.390068
Bubble Sort 32,10000,6659,0.390898
Bubble Sort 32,10000,6660,0.390148
Bubble Sort 32,10000,6661,0.390431
Bubble Sort 32,10000,6662,0.387914
Bubble Sort 32,10000,6663,0.392068
Bubble Sort 32,10000,6664,0.387926
Bubble Sort 32,10000,6665,0.392252
Bubble Sort 32,10000,6666,0.392548
Bubble Sort 32,10000,6667,0.391766
Bubble Sort 32,10000,6668,0.388825
Bubble Sort 32,10000,6669,0.38989
Bubble Sort 32,10000,6670,0.388911
Bubble Sort 32,10000,6671,0.389723
Bubble Sort 32,10000,6672,0.43093
Bubble Sort 32,10000,6673,0.390019
Bubble Sort 32,10000,6674,0.390874
Bubble Sort 32,10000,6675,0.389944
Bubble Sort 32,10000,6676,0.392596
Bubble Sort 32,10000,6677,0.391742
Bubble Sort 32,10000,6678,0.389151
Bubble Sort 32,10000,6679,0.378437
Bubble Sort 32,10000,6680,0.390609
Bubble Sort 32,10000,6681,0.387729
Bubble Sort 32,10000,6682,0.391415
Bubble Sort 32,10000,6683,0.39056
Bubble Sort 32,10000,6684,0.390246
Bubble Sort 32,10000,6685,0.389865
Bubble Sort 32,10000,6686,0.391994
Bubble Sort 32,10000,6687,0.391951
Bubble Sort 32,10000,6688,0.388979
Bubble Sort 32,10000,6689,0.390259
Bubble Sort 32,10000,6690,0.391225
Bubble Sort 32,10000,6691,0.393255
Bubble Sort 32,10000,6692,0.390228
Bubble Sort 32,10000,6693,0.391526
Bubble Sort 32,10000,6694,0.391926
Bubble Sort 32,10000,6695,0.388105
Bubble Sort 32,10000,6696,0.388407
Bubble Sort 32,10000,6697,0.388831
Bubble Sort 32,10000,6698,0.38832
Bubble Sort 32,10000,6699,0.392923
Bubble Sort 32,10000,6700,0.393126
Bubble Sort 32,10000,6701,0.390929
Bubble Sort 32,10000,6702,0.390942
Bubble Sort 32,10000,6703,0.389692
Bubble Sort 32,10000,6704,0.39008
Bubble Sort 32,10000,6705,0.39056
Bubble Sort 32,10000,6706,0.387391
Bubble Sort 32,10000,6707,0.392419
Bubble Sort 32,10000,6708,0.39144
Bubble Sort 32,10000,6709,0.389981
Bubble Sort 32,10000,6710,0.389822
Bubble Sort 32,10000,6711,0.391003
Bubble Sort 32,10000,6712,0.389292
Bubble Sort 32,10000,6713,0.38056
Bubble Sort 32,10000,6714,0.390677
Bubble Sort 32,10000,6715,0.390043
Bubble Sort 32,10000,6716,0.38864
Bubble Sort 32,10000,6717,0.390013
Bubble Sort 32,10000,6718,0.390929
Bubble Sort 32,10000,6719,0.38891
Bubble Sort 32,10000,6720,0.385853
Bubble Sort 32,10000,6721,0.389052
Bubble Sort 32,10000,6722,0.387606
Bubble Sort 32,10000,6723,0.389889
Bubble Sort 32,10000,6724,0.389102
Bubble Sort 32,10000,6725,0.392271
Bubble Sort 32,10000,6726,0.391126
Bubble Sort 32,10000,6727,0.391077
Bubble Sort 32,10000,6728,0.390381
Bubble Sort 32,10000,6729,0.391569
Bubble Sort 32,10000,6730,0.3856
Bubble Sort 32,10000,6731,0.390296
Bubble Sort 32,10000,6732,0.390542
Bubble Sort 32,10000,6733,0.391698
Bubble Sort 32,10000,6734,0.391661
Bubble Sort 32,10000,6735,0.39171
Bubble Sort 32,10000,6736,0.389009
Bubble Sort 32,10000,6737,0.389575
Bubble Sort 32,10000,6738,0.392056
Bubble Sort 32,10000,6739,0.391846
Bubble Sort 32,10000,6740,0.389501
Bubble Sort 32,10000,6741,0.393686
Bubble Sort 32,10000,6742,0.390492
Bubble Sort 32,10000,6743,0.391637
Bubble Sort 32,10000,6744,0.390923
Bubble Sort 32,10000,6745,0.392702
Bubble Sort 32,10000,6746,0.393139
Bubble Sort 32,10000,6747,0.392744
Bubble Sort 32,10000,6748,0.387293
Bubble Sort 32,10000,6749,0.391163
Bubble Sort 32,10000,6750,0.392388
Bubble Sort 32,10000,6751,0.390535
Bubble Sort 32,10000,6752,0.387003
Bubble Sort 32,10000,6753,0.391901
Bubble Sort 32,10000,6754,0.377261
Bubble Sort 32,10000,6755,0.390763
Bubble Sort 32,10000,6756,0.389428
Bubble Sort 32,10000,6757,0.390837
Bubble Sort 32,10000,6758,0.390775
Bubble Sort 32,10000,6759,0.39133
Bubble Sort 32,10000,6760,0.390844
Bubble Sort 32,10000,6761,0.392923
Bubble Sort 32,10000,6762,0.38952
Bubble Sort 32,10000,6763,0.391692
Bubble Sort 32,10000,6764,0.390197
Bubble Sort 32,10000,6765,0.391588
Bubble Sort 32,10000,6766,0.38944
Bubble Sort 32,10000,6767,0.389846
Bubble Sort 32,10000,6768,0.391237
Bubble Sort 32,10000,6769,0.393544
Bubble Sort 32,10000,6770,0.392117
Bubble Sort 32,10000,6771,0.391576
Bubble Sort 32,10000,6772,0.388714
Bubble Sort 32,10000,6773,0.390536
Bubble Sort 32,10000,6774,0.392406
Bubble Sort 32,10000,6775,0.391366
Bubble Sort 32,10000,6776,0.390339
Bubble Sort 32,10000,6777,0.389533
Bubble Sort 32,10000,6778,0.38888
Bubble Sort 32,10000,6779,0.391736
Bubble Sort 32,10000,6780,0.39379
Bubble Sort 32,10000,6781,0.3916
Bubble Sort 32,10000,6782,0.388886
Bubble Sort 32,10000,6783,0.390104
Bubble Sort 32,10000,6784,0.393865
Bubble Sort 32,10000,6785,0.392658
Bubble Sort 32,10000,6786,0.389871
Bubble Sort 32,10000,6787,0.392634
Bubble Sort 32,10000,6788,0.385329
Bubble Sort 32,10000,6789,0.391833
Bubble Sort 32,10000,6790,0.390929
Bubble Sort 32,10000,6791,0.391692
Bubble Sort 32,10000,6792,0.392523
Bubble Sort 32,10000,6793,0.390732
Bubble Sort 32,10000,6794,0.389194
Bubble Sort 32,10000,6795,0.392332
Bubble Sort 32,10000,6796,0.388751
Bubble Sort 32,10000,6797,0.393471
Bubble Sort 32,10000,6798,0.38864
Bubble Sort 32,10000,6799,0.393784
Bubble Sort 32,10000,6800,0.392338
Bubble Sort 32,10000,6801,0.392468
Bubble Sort 32,10000,6802,0.390579
Bubble Sort 32,10000,6803,0.391348
Bubble Sort 32,10000,6804,0.39136
Bubble Sort 32,10000,6805,0.387827
Bubble Sort 32,10000,6806,0.391415
Bubble Sort 32,10000,6807,0.394647
Bubble Sort 32,10000,6808,0.388283
Bubble Sort 32,10000,6809,0.391975
Bubble Sort 32,10000,6810,0.389901
Bubble Sort 32,10000,6811,0.38992
Bubble Sort 32,10000,6812,0.390117
Bubble Sort 32,10000,6813,0.391427
Bubble Sort 32,10000,6814,0.390542
Bubble Sort 32,10000,6815,0.39253
Bubble Sort 32,10000,6816,0.39192
Bubble Sort 32,10000,6817,0.38992
Bubble Sort 32,10000,6818,0.390364
Bubble Sort 32,10000,6819,0.39208
Bubble Sort 32,10000,6820,0.389366
Bubble Sort 32,10000,6821,0.391225
Bubble Sort 32,10000,6822,0.383538
Bubble Sort 32,10000,6823,0.392443
Bubble Sort 32,10000,6824,0.390775
Bubble Sort 32,10000,6825,0.390117
Bubble Sort 32,10000,6826,0.39163
Bubble Sort 32,10000,6827,0.391649
Bubble Sort 32,10000,6828,0.389994
Bubble Sort 32,10000,6829,0.396129
Bubble Sort 32,10000,6830,0.390172
Bubble Sort 32,10000,6831,0.39267
Bubble Sort 32,10000,6832,0.390283
Bubble Sort 32,10000,6833,0.391994
Bubble Sort 32,10000,6834,0.392332
Bubble Sort 32,10000,6835,0.391458
Bubble Sort 32,10000,6836,0.39184
Bubble Sort 32,10000,6837,0.390147
Bubble Sort 32,10000,6838,0.390935
Bubble Sort 32,10000,6839,0.390221
Bubble Sort 32,10000,6840,0.391704
Bubble Sort 32,10000,6841,0.392653
Bubble Sort 32,10000,6842,0.392338
Bubble Sort 32,10000,6843,0.392708
Bubble Sort 32,10000,6844,0.38856
Bubble Sort 32,10000,6845,0.391053
Bubble Sort 32,10000,6846,0.390467
Bubble Sort 32,10000,6847,0.391102
Bubble Sort 32,10000,6848,0.390056
Bubble Sort 32,10000,6849,0.390671
Bubble Sort 32,10000,6850,0.389366
Bubble Sort 32,10000,6851,0.388246
Bubble Sort 32,10000,6852,0.393028
Bubble Sort 32,10000,6853,0.390252
Bubble Sort 32,10000,6854,0.389575
Bubble Sort 32,10000,6855,0.390523
Bubble Sort 32,10000,6856,0.390627
Bubble Sort 32,10000,6857,0.392671
Bubble Sort 32,10000,6858,0.390769
Bubble Sort 32,10000,6859,0.387803
Bubble Sort 32,10000,6860,0.392092
Bubble Sort 32,10000,6861,0.388486
Bubble Sort 32,10000,6862,0.387956
Bubble Sort 32,10000,6863,0.385876
Bubble Sort 32,10000,6864,0.392794
Bubble Sort 32,10000,6865,0.390437
Bubble Sort 32,10000,6866,0.389176
Bubble Sort 32,10000,6867,0.391428
Bubble Sort 32,10000,6868,0.390203
Bubble Sort 32,10000,6869,0.392542
Bubble Sort 32,10000,6870,0.39336
Bubble Sort 32,10000,6871,0.390899
Bubble Sort 32,10000,6872,0.390308
Bubble Sort 32,10000,6873,0.389065
Bubble Sort 32,10000,6874,0.389212
Bubble Sort 32,10000,6875,0.388375
Bubble Sort 32,10000,6876,0.389557
Bubble Sort 32,10000,6877,0.393164
Bubble Sort 32,10000,6878,0.38987
Bubble Sort 32,10000,6879,0.390695
Bubble Sort 32,10000,6880,0.390332
Bubble Sort 32,10000,6881,0.389871
Bubble Sort 32,10000,6882,0.387655
Bubble Sort 32,10000,6883,0.389569
Bubble Sort 32,10000,6884,0.39072
Bubble Sort 32,10000,6885,0.390154
Bubble Sort 32,10000,6886,0.390572
Bubble Sort 32,10000,6887,0.38712
Bubble Sort 32,10000,6888,0.389212
Bubble Sort 32,10000,6889,0.38837
Bubble Sort 32,10000,6890,0.389846
Bubble Sort 32,10000,6891,0.392535
Bubble Sort 32,10000,6892,0.388277
Bubble Sort 32,10000,6893,0.391188
Bubble Sort 32,10000,6894,0.39128
Bubble Sort 32,10000,6895,0.391827
Bubble Sort 32,10000,6896,0.388172
Bubble Sort 32,10000,6897,0.430929
Bubble Sort 32,10000,6898,0.387028
Bubble Sort 32,10000,6899,0.392025
Bubble Sort 32,10000,6900,0.390449
Bubble Sort 32,10000,6901,0.390055
Bubble Sort 32,10000,6902,0.388843
Bubble Sort 32,10000,6903,0.391533
Bubble Sort 32,10000,6904,0.381643
Bubble Sort 32,10000,6905,0.392369
Bubble Sort 32,10000,6906,0.392388
Bubble Sort 32,10000,6907,0.39208
Bubble Sort 32,10000,6908,0.388
Bubble Sort 32,10000,6909,0.390609
Bubble Sort 32,10000,6910,0.387729
Bubble Sort 32,10000,6911,0.393544
Bubble Sort 32,10000,6912,0.388917
Bubble Sort 32,10000,6913,0.392178
Bubble Sort 32,10000,6914,0.389514
Bubble Sort 32,10000,6915,0.390788
Bubble Sort 32,10000,6916,0.390147
Bubble Sort 32,10000,6917,0.390972
Bubble Sort 32,10000,6918,0.393249
Bubble Sort 32,10000,6919,0.393772
Bubble Sort 32,10000,6920,0.390339
Bubble Sort 32,10000,6921,0.390696
Bubble Sort 32,10000,6922,0.386929
Bubble Sort 32,10000,6923,0.389354
Bubble Sort 32,10000,6924,0.390542
Bubble Sort 32,10000,6925,0.39272
Bubble Sort 32,10000,6926,0.396179
Bubble Sort 32,10000,6927,0.391871
Bubble Sort 32,10000,6928,0.392615
Bubble Sort 32,10000,6929,0.390252
Bubble Sort 32,10000,6930,0.390954
Bubble Sort 32,10000,6931,0.391188
Bubble Sort 32,10000,6932,0.389151
Bubble Sort 32,10000,6933,0.394333
Bubble Sort 32,10000,6934,0.391206
Bubble Sort 32,10000,6935,0.391335
Bubble Sort 32,10000,6936,0.391256
Bubble Sort 32,10000,6937,0.391083
Bubble Sort 32,10000,6938,0.378535
Bubble Sort 32,10000,6939,0.392769
Bubble Sort 32,10000,6940,0.391982
Bubble Sort 32,10000,6941,0.393225
Bubble Sort 32,10000,6942,0.390302
Bubble Sort 32,10000,6943,0.393489
Bubble Sort 32,10000,6944,0.39091
Bubble Sort 32,10000,6945,0.392092
Bubble Sort 32,10000,6946,0.388443
Bubble Sort 32,10000,6947,0.38851
Bubble Sort 32,10000,6948,0.390007
Bubble Sort 32,10000,6949,0.391914
Bubble Sort 32,10000,6950,0.389736
Bubble Sort 32,10000,6951,0.389379
Bubble Sort 32,10000,6952,0.392849
Bubble Sort 32,10000,6953,0.391698
Bubble Sort 32,10000,6954,0.391772
Bubble Sort 32,10000,6955,0.391551
Bubble Sort 32,10000,6956,0.391464
Bubble Sort 32,10000,6957,0.389668
Bubble Sort 32,10000,6958,0.388252
Bubble Sort 32,10000,6959,0.390443
Bubble Sort 32,10000,6960,0.389102
Bubble Sort 32,10000,6961,0.388732
Bubble Sort 32,10000,6962,0.394301
Bubble Sort 32,10000,6963,0.388185
Bubble Sort 32,10000,6964,0.39056
Bubble Sort 32,10000,6965,0.387495
Bubble Sort 32,10000,6966,0.388775
Bubble Sort 32,10000,6967,0.391022
Bubble Sort 32,10000,6968,0.391323
Bubble Sort 32,10000,6969,0.389637
Bubble Sort 32,10000,6970,0.391193
Bubble Sort 32,10000,6971,0.391379
Bubble Sort 32,10000,6972,0.379477
Bubble Sort 32,10000,6973,0.392616
Bubble Sort 32,10000,6974,0.391563
Bubble Sort 32,10000,6975,0.391311
Bubble Sort 32,10000,6976,0.389606
Bubble Sort 32,10000,6977,0.389151
Bubble Sort 32,10000,6978,0.391446
Bubble Sort 32,10000,6979,0.393194
Bubble Sort 32,10000,6980,0.389434
Bubble Sort 32,10000,6981,0.388382
Bubble Sort 32,10000,6982,0.391471
Bubble Sort 32,10000,6983,0.392216
Bubble Sort 32,10000,6984,0.3884
Bubble Sort 32,10000,6985,0.392394
Bubble Sort 32,10000,6986,0.390597
Bubble Sort 32,10000,6987,0.393151
Bubble Sort 32,10000,6988,0.390246
Bubble Sort 32,10000,6989,0.390092
Bubble Sort 32,10000,6990,0.391809
Bubble Sort 32,10000,6991,0.38907
Bubble Sort 32,10000,6992,0.39032
Bubble Sort 32,10000,6993,0.391526
Bubble Sort 32,10000,6994,0.390068
Bubble Sort 32,10000,6995,0.39088
Bubble Sort 32,10000,6996,0.389883
Bubble Sort 32,10000,6997,0.391538
Bubble Sort 32,10000,6998,0.391483
Bubble Sort 32,10000,6999,0.392375
Bubble Sort 32,10000,7000,0.391009
Bubble Sort 32,10000,7001,0.397212
Bubble Sort 32,10000,7002,0.393717
Bubble Sort 32,10000,7003,0.393428
Bubble Sort 32,10000,7004,0.392345
Bubble Sort 32,10000,7005,0.378296
Bubble Sort 32,10000,7006,0.39157
Bubble Sort 32,10000,7007,0.393348
Bubble Sort 32,10000,7008,0.393095
Bubble Sort 32,10000,7009,0.393963
Bubble Sort 32,10000,7010,0.393459
Bubble Sort 32,10000,7011,0.391661
Bubble Sort 32,10000,7012,0.421187
Bubble Sort 32,10000,7013,0.392548
Bubble Sort 32,10000,7014,0.392837
Bubble Sort 32,10000,7015,0.393963
Bubble Sort 32,10000,7016,0.391139
Bubble Sort 32,10000,7017,0.392972
Bubble Sort 32,10000,7018,0.390406
Bubble Sort 32,10000,7019,0.393249
Bubble Sort 32,10000,7020,0.391169
Bubble Sort 32,10000,7021,0.392554
Bubble Sort 32,10000,7022,0.392603
Bubble Sort 32,10000,7023,0.393059
Bubble Sort 32,10000,7024,0.391557
Bubble Sort 32,10000,7025,0.390332
Bubble Sort 32,10000,7026,0.392714
Bubble Sort 32,10000,7027,0.393009
Bubble Sort 32,10000,7028,0.393206
Bubble Sort 32,10000,7029,0.391096
Bubble Sort 32,10000,7030,0.391797
Bubble Sort 32,10000,7031,0.391471
Bubble Sort 32,10000,7032,0.394437
Bubble Sort 32,10000,7033,0.393797
Bubble Sort 32,10000,7034,0.39112
Bubble Sort 32,10000,7035,0.392332
Bubble Sort 32,10000,7036,0.39339
Bubble Sort 32,10000,7037,0.392277
Bubble Sort 32,10000,7038,0.39085
Bubble Sort 32,10000,7039,0.436443
Bubble Sort 32,10000,7040,0.391022
Bubble Sort 32,10000,7041,0.392622
Bubble Sort 32,10000,7042,0.394382
Bubble Sort 32,10000,7043,0.395785
Bubble Sort 32,10000,7044,0.391526
Bubble Sort 32,10000,7045,0.39
Bubble Sort 32,10000,7046,0.379194
Bubble Sort 32,10000,7047,0.393526
Bubble Sort 32,10000,7048,0.391741
Bubble Sort 32,10000,7049,0.393661
Bubble Sort 32,10000,7050,0.378141
Bubble Sort 32,10000,7051,0.391945
Bubble Sort 32,10000,7052,0.393422
Bubble Sort 32,10000,7053,0.393698
Bubble Sort 32,10000,7054,0.391908
Bubble Sort 32,10000,7055,0.392628
Bubble Sort 32,10000,7056,0.39104
Bubble Sort 32,10000,7057,0.393421
Bubble Sort 32,10000,7058,0.390327
Bubble Sort 32,10000,7059,0.393416
Bubble Sort 32,10000,7060,0.39048
Bubble Sort 32,10000,7061,0.391545
Bubble Sort 32,10000,7062,0.390542
Bubble Sort 32,10000,7063,0.393065
Bubble Sort 32,10000,7064,0.394265
Bubble Sort 32,10000,7065,0.392185
Bubble Sort 32,10000,7066,0.394609
Bubble Sort 32,10000,7067,0.392597
Bubble Sort 32,10000,7068,0.39437
Bubble Sort 32,10000,7069,0.393348
Bubble Sort 32,10000,7070,0.39131
Bubble Sort 32,10000,7071,0.393249
Bubble Sort 32,10000,7072,0.391778
Bubble Sort 32,10000,7073,0.391865
Bubble Sort 32,10000,7074,0.392652
Bubble Sort 32,10000,7075,0.393483
Bubble Sort 32,10000,7076,0.390289
Bubble Sort 32,10000,7077,0.393815
Bubble Sort 32,10000,7078,0.388985
Bubble Sort 32,10000,7079,0.392609
Bubble Sort 32,10000,7080,0.381391
Bubble Sort 32,10000,7081,0.395065
Bubble Sort 32,10000,7082,0.392055
Bubble Sort 32,10000,7083,0.392221
Bubble Sort 32,10000,7084,0.390647
Bubble Sort 32,10000,7085,0.390443
Bubble Sort 32,10000,7086,0.390203
Bubble Sort 32,10000,7087,0.39224
Bubble Sort 32,10000,7088,0.394621
Bubble Sort 32,10000,7089,0.392523
Bubble Sort 32,10000,7090,0.388338
Bubble Sort 32,10000,7091,0.388911
Bubble Sort 32,10000,7092,0.39088
Bubble Sort 32,10000,7093,0.396646
Bubble Sort 32,10000,7094,0.392923
Bubble Sort 32,10000,7095,0.391723
Bubble Sort 32,10000,7096,0.393261
Bubble Sort 32,10000,7097,0.392874
Bubble Sort 32,10000,7098,0.388283
Bubble Sort 32,10000,7099,0.3936
Bubble Sort 32,10000,7100,0.391434
Bubble Sort 32,10000,7101,0.393305
Bubble Sort 32,10000,7102,0.393649
Bubble Sort 32,10000,7103,0.390061
Bubble Sort 32,10000,7104,0.390296
Bubble Sort 32,10000,7105,0.390179
Bubble Sort 32,10000,7106,0.392197
Bubble Sort 32,10000,7107,0.392763
Bubble Sort 32,10000,7108,0.392314
Bubble Sort 32,10000,7109,0.393957
Bubble Sort 32,10000,7110,0.39019
Bubble Sort 32,10000,7111,0.393077
Bubble Sort 32,10000,7112,0.389963
Bubble Sort 32,10000,7113,0.393809
Bubble Sort 32,10000,7114,0.398856
Bubble Sort 32,10000,7115,0.386431
Bubble Sort 32,10000,7116,0.395551
Bubble Sort 32,10000,7117,0.391784
Bubble Sort 32,10000,7118,0.391212
Bubble Sort 32,10000,7119,0.391693
Bubble Sort 32,10000,7120,0.391704
Bubble Sort 32,10000,7121,0.395502
Bubble Sort 32,10000,7122,0.393231
Bubble Sort 32,10000,7123,0.392221
Bubble Sort 32,10000,7124,0.38968
Bubble Sort 32,10000,7125,0.395064
Bubble Sort 32,10000,7126,0.390271
Bubble Sort 32,10000,7127,0.392541
Bubble Sort 32,10000,7128,0.392406
Bubble Sort 32,10000,7129,0.392985
Bubble Sort 32,10000,7130,0.393237
Bubble Sort 32,10000,7131,0.391101
Bubble Sort 32,10000,7132,0.39304
Bubble Sort 32,10000,7133,0.392264
Bubble Sort 32,10000,7134,0.390492
Bubble Sort 32,10000,7135,0.394215
Bubble Sort 32,10000,7136,0.393304
Bubble Sort 32,10000,7137,0.39491
Bubble Sort 32,10000,7138,0.398412
Bubble Sort 32,10000,7139,0.388234
Bubble Sort 32,10000,7140,0.401065
Bubble Sort 32,10000,7141,0.384104
Bubble Sort 32,10000,7142,0.385754
Bubble Sort 32,10000,7143,0.384326
Bubble Sort 32,10000,7144,0.390431
Bubble Sort 32,10000,7145,0.380837
Bubble Sort 32,10000,7146,0.38587
Bubble Sort 32,10000,7147,0.39664
Bubble Sort 32,10000,7148,0.401384
Bubble Sort 32,10000,7149,0.395206
Bubble Sort 32,10000,7150,0.395323
Bubble Sort 32,10000,7151,0.391625
Bubble Sort 32,10000,7152,0.395003
Bubble Sort 32,10000,7153,0.394554
Bubble Sort 32,10000,7154,0.393096
Bubble Sort 32,10000,7155,0.38099
Bubble Sort 32,10000,7156,0.394043
Bubble Sort 32,10000,7157,0.392209
Bubble Sort 32,10000,7158,0.394234
Bubble Sort 32,10000,7159,0.395957
Bubble Sort 32,10000,7160,0.394775
Bubble Sort 32,10000,7161,0.394024
Bubble Sort 32,10000,7162,0.394068
Bubble Sort 32,10000,7163,0.395298
Bubble Sort 32,10000,7164,0.392843
Bubble Sort 32,10000,7165,0.394696
Bubble Sort 32,10000,7166,0.391187
Bubble Sort 32,10000,7167,0.39752
Bubble Sort 32,10000,7168,0.392419
Bubble Sort 32,10000,7169,0.398295
Bubble Sort 32,10000,7170,0.392252
Bubble Sort 32,10000,7171,0.39357
Bubble Sort 32,10000,7172,0.392708
Bubble Sort 32,10000,7173,0.39248
Bubble Sort 32,10000,7174,0.393575
Bubble Sort 32,10000,7175,0.394314
Bubble Sort 32,10000,7176,0.394843
Bubble Sort 32,10000,7177,0.394394
Bubble Sort 32,10000,7178,0.392535
Bubble Sort 32,10000,7179,0.394375
Bubble Sort 32,10000,7180,0.392609
Bubble Sort 32,10000,7181,0.396597
Bubble Sort 32,10000,7182,0.393686
Bubble Sort 32,10000,7183,0.394234
Bubble Sort 32,10000,7184,0.391778
Bubble Sort 32,10000,7185,0.391963
Bubble Sort 32,10000,7186,0.393502
Bubble Sort 32,10000,7187,0.392461
Bubble Sort 32,10000,7188,0.393957
Bubble Sort 32,10000,7189,0.3932
Bubble Sort 32,10000,7190,0.395108
Bubble Sort 32,10000,7191,0.394191
Bubble Sort 32,10000,7192,0.394184
Bubble Sort 32,10000,7193,0.394837
Bubble Sort 32,10000,7194,0.392935
Bubble Sort 32,10000,7195,0.394252
Bubble Sort 32,10000,7196,0.39736
Bubble Sort 32,10000,7197,0.393391
Bubble Sort 32,10000,7198,0.394043
Bubble Sort 32,10000,7199,0.39296
Bubble Sort 32,10000,7200,0.390474
Bubble Sort 32,10000,7201,0.394523
Bubble Sort 32,10000,7202,0.393883
Bubble Sort 32,10000,7203,0.395803
Bubble Sort 32,10000,7204,0.393243
Bubble Sort 32,10000,7205,0.394493
Bubble Sort 32,10000,7206,0.394874
Bubble Sort 32,10000,7207,0.395932
Bubble Sort 32,10000,7208,0.393065
Bubble Sort 32,10000,7209,0.378025
Bubble Sort 32,10000,7210,0.397243
Bubble Sort 32,10000,7211,0.404314
Bubble Sort 32,10000,7212,0.41008
Bubble Sort 32,10000,7213,0.401206
Bubble Sort 32,10000,7214,0.397747
Bubble Sort 32,10000,7215,0.39104
Bubble Sort 32,10000,7216,0.392327
Bubble Sort 32,10000,7217,0.392012
Bubble Sort 32,10000,7218,0.408104
Bubble Sort 32,10000,7219,0.407292
Bubble Sort 32,10000,7220,0.400419
Bubble Sort 32,10000,7221,0.394142
Bubble Sort 32,10000,7222,0.388117
Bubble Sort 32,10000,7223,0.384713
Bubble Sort 32,10000,7224,0.41251
Bubble Sort 32,10000,7225,0.405021
Bubble Sort 32,10000,7226,0.396708
Bubble Sort 32,10000,7227,0.385526
Bubble Sort 32,10000,7228,0.382923
Bubble Sort 32,10000,7229,0.381077
Bubble Sort 32,10000,7230,0.405889
Bubble Sort 32,10000,7231,0.385034
Bubble Sort 32,10000,7232,0.398849
Bubble Sort 32,10000,7233,0.383255
Bubble Sort 32,10000,7234,0.395674
Bubble Sort 32,10000,7235,0.397901
Bubble Sort 32,10000,7236,0.39299
Bubble Sort 32,10000,7237,0.397816
Bubble Sort 32,10000,7238,0.394954
Bubble Sort 32,10000,7239,0.380388
Bubble Sort 32,10000,7240,0.397256
Bubble Sort 32,10000,7241,0.394105
Bubble Sort 32,10000,7242,0.395127
Bubble Sort 32,10000,7243,0.399378
Bubble Sort 32,10000,7244,0.39469
Bubble Sort 32,10000,7245,0.396087
Bubble Sort 32,10000,7246,0.398745
Bubble Sort 32,10000,7247,0.395828
Bubble Sort 32,10000,7248,0.395489
Bubble Sort 32,10000,7249,0.394505
Bubble Sort 32,10000,7250,0.387385
Bubble Sort 32,10000,7251,0.382726
Bubble Sort 32,10000,7252,0.396702
Bubble Sort 32,10000,7253,0.382467
Bubble Sort 32,10000,7254,0.402252
Bubble Sort 32,10000,7255,0.393944
Bubble Sort 32,10000,7256,0.382868
Bubble Sort 32,10000,7257,0.399643
Bubble Sort 32,10000,7258,0.393261
Bubble Sort 32,10000,7259,0.408732
Bubble Sort 32,10000,7260,0.404387
Bubble Sort 32,10000,7261,0.421256
Bubble Sort 32,10000,7262,0.394474
Bubble Sort 32,10000,7263,0.382234
Bubble Sort 32,10000,7264,0.413778
Bubble Sort 32,10000,7265,0.397655
Bubble Sort 32,10000,7266,0.389157
Bubble Sort 32,10000,7267,0.383218
Bubble Sort 32,10000,7268,0.40408
Bubble Sort 32,10000,7269,0.408166
Bubble Sort 32,10000,7270,1.786954
Bubble Sort 32,10000,7271,0.39101
Bubble Sort 32,10000,7272,0.385649
Bubble Sort 32,10000,7273,0.399754
Bubble Sort 32,10000,7274,0.410388
Bubble Sort 32,10000,7275,0.405588
Bubble Sort 32,10000,7276,0.386443
Bubble Sort 32,10000,7277,0.38608
Bubble Sort 32,10000,7278,0.414277
Bubble Sort 32,10000,7279,0.399797
Bubble Sort 32,10000,7280,0.383766
Bubble Sort 32,10000,7281,0.389791
Bubble Sort 32,10000,7282,0.398018
Bubble Sort 32,10000,7283,0.39381
Bubble Sort 32,10000,7284,0.397268
Bubble Sort 32,10000,7285,0.394763
Bubble Sort 32,10000,7286,0.394505
Bubble Sort 32,10000,7287,0.397237
Bubble Sort 32,10000,7288,0.395742
Bubble Sort 32,10000,7289,0.393828
Bubble Sort 32,10000,7290,0.39616
Bubble Sort 32,10000,7291,0.395987
Bubble Sort 32,10000,7292,0.393434
Bubble Sort 32,10000,7293,0.395256
Bubble Sort 32,10000,7294,0.396332
Bubble Sort 32,10000,7295,0.396284
Bubble Sort 32,10000,7296,0.393606
Bubble Sort 32,10000,7297,0.396123
Bubble Sort 32,10000,7298,0.395292
Bubble Sort 32,10000,7299,0.451292
Bubble Sort 32,10000,7300,0.384363
Bubble Sort 32,10000,7301,0.380628
Bubble Sort 32,10000,7302,0.381175
Bubble Sort 32,10000,7303,0.38685
Bubble Sort 32,10000,7304,0.407945
Bubble Sort 32,10000,7305,0.398947
Bubble Sort 32,10000,7306,0.392357
Bubble Sort 32,10000,7307,0.417292
Bubble Sort 32,10000,7308,0.399698
Bubble Sort 32,10000,7309,0.400978
Bubble Sort 32,10000,7310,0.40232
Bubble Sort 32,10000,7311,0.400474
Bubble Sort 32,10000,7312,0.424252
Bubble Sort 32,10000,7313,0.416166
Bubble Sort 32,10000,7314,0.397403
Bubble Sort 32,10000,7315,0.401335
Bubble Sort 32,10000,7316,0.4056
Bubble Sort 32,10000,7317,0.386234
Bubble Sort 32,10000,7318,0.393533
Bubble Sort 32,10000,7319,0.398056
Bubble Sort 32,10000,7320,0.394142
Bubble Sort 32,10000,7321,0.394351
Bubble Sort 32,10000,7322,0.397785
Bubble Sort 32,10000,7323,0.414209
Bubble Sort 32,10000,7324,0.395003
Bubble Sort 32,10000,7325,0.388646
Bubble Sort 32,10000,7326,0.405729
Bubble Sort 32,10000,7327,0.397058
Bubble Sort 32,10000,7328,0.405249
Bubble Sort 32,10000,7329,0.424006
Bubble Sort 32,10000,7330,0.404031
Bubble Sort 32,10000,7331,0.403613
Bubble Sort 32,10000,7332,0.413821
Bubble Sort 32,10000,7333,0.385207
Bubble Sort 32,10000,7334,0.381994
Bubble Sort 32,10000,7335,0.390652
Bubble Sort 32,10000,7336,0.394394
Bubble Sort 32,10000,7337,0.394031
Bubble Sort 32,10000,7338,0.391483
Bubble Sort 32,10000,7339,0.391021
Bubble Sort 32,10000,7340,0.393748
Bubble Sort 32,10000,7341,0.392603
Bubble Sort 32,10000,7342,0.394215
Bubble Sort 32,10000,7343,0.39355
Bubble Sort 32,10000,7344,0.389797
Bubble Sort 32,10000,7345,0.390111
Bubble Sort 32,10000,7346,0.382295
Bubble Sort 32,10000,7347,0.397422
Bubble Sort 32,10000,7348,0.393988
Bubble Sort 32,10000,7349,0.390843
Bubble Sort 32,10000,7350,0.391698
Bubble Sort 32,10000,7351,0.395643
Bubble Sort 32,10000,7352,0.390917
Bubble Sort 32,10000,7353,0.38848
Bubble Sort 32,10000,7354,0.393975
Bubble Sort 32,10000,7355,0.391624
Bubble Sort 32,10000,7356,0.39261
Bubble Sort 32,10000,7357,0.392997
Bubble Sort 32,10000,7358,0.393828
Bubble Sort 32,10000,7359,0.398363
Bubble Sort 32,10000,7360,0.396246
Bubble Sort 32,10000,7361,0.391723
Bubble Sort 32,10000,7362,0.393421
Bubble Sort 32,10000,7363,0.392308
Bubble Sort 32,10000,7364,0.393945
Bubble Sort 32,10000,7365,0.392738
Bubble Sort 32,10000,7366,0.392634
Bubble Sort 32,10000,7367,0.398025
Bubble Sort 32,10000,7368,0.393649
Bubble Sort 32,10000,7369,0.394899
Bubble Sort 32,10000,7370,0.39232
Bubble Sort 32,10000,7371,0.392837
Bubble Sort 32,10000,7372,0.393138
Bubble Sort 32,10000,7373,0.394203
Bubble Sort 32,10000,7374,0.395686
Bubble Sort 32,10000,7375,0.392739
Bubble Sort 32,10000,7376,0.393403
Bubble Sort 32,10000,7377,0.392984
Bubble Sort 32,10000,7378,0.390652
Bubble Sort 32,10000,7379,0.3932
Bubble Sort 32,10000,7380,0.386221
Bubble Sort 32,10000,7381,0.393286
Bubble Sort 32,10000,7382,0.393046
Bubble Sort 32,10000,7383,0.391833
Bubble Sort 32,10000,7384,0.391588
Bubble Sort 32,10000,7385,0.3948
Bubble Sort 32,10000,7386,0.394424
Bubble Sort 32,10000,7387,0.395311
Bubble Sort 32,10000,7388,0.394658
Bubble Sort 32,10000,7389,0.393416
Bubble Sort 32,10000,7390,0.392874
Bubble Sort 32,10000,7391,0.391267
Bubble Sort 32,10000,7392,0.390671
Bubble Sort 32,10000,7393,0.393053
Bubble Sort 32,10000,7394,0.394893
Bubble Sort 32,10000,7395,0.394258
Bubble Sort 32,10000,7396,0.391944
Bubble Sort 32,10000,7397,0.39416
Bubble Sort 32,10000,7398,0.39264
Bubble Sort 32,10000,7399,0.390966
Bubble Sort 32,10000,7400,0.394296
Bubble Sort 32,10000,7401,0.394345
Bubble Sort 32,10000,7402,0.394591
Bubble Sort 32,10000,7403,0.392215
Bubble Sort 32,10000,7404,0.391994
Bubble Sort 32,10000,7405,0.392849
Bubble Sort 32,10000,7406,0.394154
Bubble Sort 32,10000,7407,0.390966
Bubble Sort 32,10000,7408,0.39304
Bubble Sort 32,10000,7409,0.394111
Bubble Sort 32,10000,7410,0.3948
Bubble Sort 32,10000,7411,0.393686
Bubble Sort 32,10000,7412,0.39163
Bubble Sort 32,10000,7413,0.394271
Bubble Sort 32,10000,7414,0.420498
Bubble Sort 32,10000,7415,0.395667
Bubble Sort 32,10000,7416,0.391606
Bubble Sort 32,10000,7417,0.394727
Bubble Sort 32,10000,7418,0.394363
Bubble Sort 32,10000,7419,0.395101
Bubble Sort 32,10000,7420,0.395016
Bubble Sort 32,10000,7421,0.393994
Bubble Sort 32,10000,7422,0.393686
Bubble Sort 32,10000,7423,0.394215
Bubble Sort 32,10000,7424,0.39424
Bubble Sort 32,10000,7425,0.390504
Bubble Sort 32,10000,7426,0.394572
Bubble Sort 32,10000,7427,0.391815
Bubble Sort 32,10000,7428,0.392701
Bubble Sort 32,10000,7429,0.392062
Bubble Sort 32,10000,7430,0.396357
Bubble Sort 32,10000,7431,0.390788
Bubble Sort 32,10000,7432,0.39344
Bubble Sort 32,10000,7433,0.39704
Bubble Sort 32,10000,7434,0.393009
Bubble Sort 32,10000,7435,0.392289
Bubble Sort 32,10000,7436,0.39243
Bubble Sort 32,10000,7437,0.391428
Bubble Sort 32,10000,7438,0.394769
Bubble Sort 32,10000,7439,0.392443
Bubble Sort 32,10000,7440,0.393859
Bubble Sort 32,10000,7441,0.3892
Bubble Sort 32,10000,7442,0.39325
Bubble Sort 32,10000,7443,0.392554
Bubble Sort 32,10000,7444,0.395674
Bubble Sort 32,10000,7445,0.393784
Bubble Sort 32,10000,7446,0.394419
Bubble Sort 32,10000,7447,0.395938
Bubble Sort 32,10000,7448,0.392603
Bubble Sort 32,10000,7449,0.393028
Bubble Sort 32,10000,7450,0.393532
Bubble Sort 32,10000,7451,0.392339
Bubble Sort 32,10000,7452,0.393914
Bubble Sort 32,10000,7453,0.391458
Bubble Sort 32,10000,7454,0.392098
Bubble Sort 32,10000,7455,0.393815
Bubble Sort 32,10000,7456,0.391391
Bubble Sort 32,10000,7457,0.392424
Bubble Sort 32,10000,7458,0.391095
Bubble Sort 32,10000,7459,0.392375
Bubble Sort 32,10000,7460,0.393631
Bubble Sort 32,10000,7461,0.393089
Bubble Sort 32,10000,7462,0.394012
Bubble Sort 32,10000,7463,0.394689
Bubble Sort 32,10000,7464,0.392024
Bubble Sort 32,10000,7465,0.393015
Bubble Sort 32,10000,7466,0.393083
Bubble Sort 32,10000,7467,0.393194
Bubble Sort 32,10000,7468,0.392684
Bubble Sort 32,10000,7469,0.391446
Bubble Sort 32,10000,7470,0.394443
Bubble Sort 32,10000,7471,0.392449
Bubble Sort 32,10000,7472,0.392646
Bubble Sort 32,10000,7473,0.39072
Bubble Sort 32,10000,7474,0.39272
Bubble Sort 32,10000,7475,0.380413
Bubble Sort 32,10000,7476,0.39208
Bubble Sort 32,10000,7477,0.390344
Bubble Sort 32,10000,7478,0.3912
Bubble Sort 32,10000,7479,0.392264
Bubble Sort 32,10000,7480,0.394573
Bubble Sort 32,10000,7481,0.395126
Bubble Sort 32,10000,7482,0.402782
Bubble Sort 32,10000,7483,0.394301
Bubble Sort 32,10000,7484,0.392092
Bubble Sort 32,10000,7485,0.393292
Bubble Sort 32,10000,7486,0.395083
Bubble Sort 32,10000,7487,0.394296
Bubble Sort 32,10000,7488,0.393366
Bubble Sort 32,10000,7489,0.391292
Bubble Sort 32,10000,7490,0.392843
Bubble Sort 32,10000,7491,0.393655
Bubble Sort 32,10000,7492,0.393095
Bubble Sort 32,10000,7493,0.392782
Bubble Sort 32,10000,7494,0.393766
Bubble Sort 32,10000,7495,0.395422
Bubble Sort 32,10000,7496,0.393612
Bubble Sort 32,10000,7497,0.393796
Bubble Sort 32,10000,7498,0.390892
Bubble Sort 32,10000,7499,0.393877
Bubble Sort 32,10000,7500,0.390677
Bubble Sort 32,10000,7501,0.395594
Bubble Sort 32,10000,7502,0.393698
Bubble Sort 32,10000,7503,0.394025
Bubble Sort 32,10000,7504,0.391778
Bubble Sort 32,10000,7505,0.395913
Bubble Sort 32,10000,7506,0.390517
Bubble Sort 32,10000,7507,0.394283
Bubble Sort 32,10000,7508,0.393243
Bubble Sort 32,10000,7509,0.388166
Bubble Sort 32,10000,7510,0.3936
Bubble Sort 32,10000,7511,0.392006
Bubble Sort 32,10000,7512,0.394831
Bubble Sort 32,10000,7513,0.389717
Bubble Sort 32,10000,7514,0.394547
Bubble Sort 32,10000,7515,0.393391
Bubble Sort 32,10000,7516,0.378
Bubble Sort 32,10000,7517,0.393347
Bubble Sort 32,10000,7518,0.394627
Bubble Sort 32,10000,7519,0.390966
Bubble Sort 32,10000,7520,0.39168
Bubble Sort 32,10000,7521,0.392424
Bubble Sort 32,10000,7522,0.391914
Bubble Sort 32,10000,7523,0.396191
Bubble Sort 32,10000,7524,0.391969
Bubble Sort 32,10000,7525,0.392327
Bubble Sort 32,10000,7526,0.393483
Bubble Sort 32,10000,7527,0.392141
Bubble Sort 32,10000,7528,0.394677
Bubble Sort 32,10000,7529,0.394308
Bubble Sort 32,10000,7530,0.394898
Bubble Sort 32,10000,7531,0.392178
Bubble Sort 32,10000,7532,0.393951
Bubble Sort 32,10000,7533,0.393976
Bubble Sort 32,10000,7534,0.392554
Bubble Sort 32,10000,7535,0.391108
Bubble Sort 32,10000,7536,0.394548
Bubble Sort 32,10000,7537,0.394634
Bubble Sort 32,10000,7538,0.393157
Bubble Sort 32,10000,7539,0.39331
Bubble Sort 32,10000,7540,0.391206
Bubble Sort 32,10000,7541,0.393446
Bubble Sort 32,10000,7542,0.392265
Bubble Sort 32,10000,7543,0.393711
Bubble Sort 32,10000,7544,0.395803
Bubble Sort 32,10000,7545,0.390487
Bubble Sort 32,10000,7546,0.393643
Bubble Sort 32,10000,7547,0.391883
Bubble Sort 32,10000,7548,0.393933
Bubble Sort 32,10000,7549,0.393907
Bubble Sort 32,10000,7550,0.384874
Bubble Sort 32,10000,7551,0.393637
Bubble Sort 32,10000,7552,0.39131
Bubble Sort 32,10000,7553,0.395686
Bubble Sort 32,10000,7554,0.392419
Bubble Sort 32,10000,7555,0.393477
Bubble Sort 32,10000,7556,0.392683
Bubble Sort 32,10000,7557,0.393883
Bubble Sort 32,10000,7558,0.391347
Bubble Sort 32,10000,7559,0.39261
Bubble Sort 32,10000,7560,0.394726
Bubble Sort 32,10000,7561,0.394357
Bubble Sort 32,10000,7562,0.394788
Bubble Sort 32,10000,7563,0.393096
Bubble Sort 32,10000,7564,0.395809
Bubble Sort 32,10000,7565,0.394104
Bubble Sort 32,10000,7566,0.39472
Bubble Sort 32,10000,7567,0.392412
Bubble Sort 32,10000,7568,0.39195
Bubble Sort 32,10000,7569,0.391951
Bubble Sort 32,10000,7570,0.393828
Bubble Sort 32,10000,7571,0.394714
Bubble Sort 32,10000,7572,0.3924
Bubble Sort 32,10000,7573,0.390917
Bubble Sort 32,10000,7574,0.393218
Bubble Sort 32,10000,7575,0.393735
Bubble Sort 32,10000,7576,0.3916
Bubble Sort 32,10000,7577,0.392689
Bubble Sort 32,10000,7578,0.391225
Bubble Sort 32,10000,7579,0.392142
Bubble Sort 32,10000,7580,0.393022
Bubble Sort 32,10000,7581,0.39304
Bubble Sort 32,10000,7582,0.39304
Bubble Sort 32,10000,7583,0.393028
Bubble Sort 32,10000,7584,0.380129
Bubble Sort 32,10000,7585,0.394111
Bubble Sort 32,10000,7586,0.390677
Bubble Sort 32,10000,7587,0.391224
Bubble Sort 32,10000,7588,0.393089
Bubble Sort 32,10000,7589,0.391495
Bubble Sort 32,10000,7590,0.394215
Bubble Sort 32,10000,7591,0.384246
Bubble Sort 32,10000,7592,0.390431
Bubble Sort 32,10000,7593,0.393175
Bubble Sort 32,10000,7594,0.391717
Bubble Sort 32,10000,7595,0.391483
Bubble Sort 32,10000,7596,0.391292
Bubble Sort 32,10000,7597,0.391723
Bubble Sort 32,10000,7598,0.392535
Bubble Sort 32,10000,7599,0.392333
Bubble Sort 32,10000,7600,0.393385
Bubble Sort 32,10000,7601,0.393341
Bubble Sort 32,10000,7602,0.393667
Bubble Sort 32,10000,7603,0.39291
Bubble Sort 32,10000,7604,0.392689
Bubble Sort 32,10000,7605,0.393336
Bubble Sort 32,10000,7606,0.390996
Bubble Sort 32,10000,7607,0.394794
Bubble Sort 32,10000,7608,0.394689
Bubble Sort 32,10000,7609,0.393588
Bubble Sort 32,10000,7610,0.39251
Bubble Sort 32,10000,7611,0.393434
Bubble Sort 32,10000,7612,0.392615
Bubble Sort 32,10000,7613,0.392006
Bubble Sort 32,10000,7614,0.392104
Bubble Sort 32,10000,7615,0.393071
Bubble Sort 32,10000,7616,0.390893
Bubble Sort 32,10000,7617,0.392646
Bubble Sort 32,10000,7618,0.392966
Bubble Sort 32,10000,7619,0.394351
Bubble Sort 32,10000,7620,0.390634
Bubble Sort 32,10000,7621,0.392751
Bubble Sort 32,10000,7622,0.394092
Bubble Sort 32,10000,7623,0.39507
Bubble Sort 32,10000,7624,0.39109
Bubble Sort 32,10000,7625,0.504609
Bubble Sort 32,10000,7626,0.392695
Bubble Sort 32,10000,7627,0.396099
Bubble Sort 32,10000,7628,0.394425
Bubble Sort 32,10000,7629,0.390849
Bubble Sort 32,10000,7630,0.394179
Bubble Sort 32,10000,7631,0.394185
Bubble Sort 32,10000,7632,0.397286
Bubble Sort 32,10000,7633,0.392628
Bubble Sort 32,10000,7634,0.392092
Bubble Sort 32,10000,7635,0.394246
Bubble Sort 32,10000,7636,0.390129
Bubble Sort 32,10000,7637,0.394228
Bubble Sort 32,10000,7638,0.390646
Bubble Sort 32,10000,7639,0.394566
Bubble Sort 32,10000,7640,0.39152
Bubble Sort 32,10000,7641,0.392468
Bubble Sort 32,10000,7642,0.392873
Bubble Sort 32,10000,7643,0.391145
Bubble Sort 32,10000,7644,0.390357
Bubble Sort 32,10000,7645,0.394886
Bubble Sort 32,10000,7646,0.396142
Bubble Sort 32,10000,7647,0.394012
Bubble Sort 32,10000,7648,0.394517
Bubble Sort 32,10000,7649,0.393175
Bubble Sort 32,10000,7650,0.392775
Bubble Sort 32,10000,7651,0.392782
Bubble Sort 32,10000,7652,0.391465
Bubble Sort 32,10000,7653,0.393052
Bubble Sort 32,10000,7654,0.390394
Bubble Sort 32,10000,7655,0.391539
Bubble Sort 32,10000,7656,0.392221
Bubble Sort 32,10000,7657,0.393846
Bubble Sort 32,10000,7658,0.391625
Bubble Sort 32,10000,7659,0.412714
Bubble Sort 32,10000,7660,0.396542
Bubble Sort 32,10000,7661,0.391299
Bubble Sort 32,10000,7662,0.392313
Bubble Sort 32,10000,7663,0.389766
Bubble Sort 32,10000,7664,0.394068
Bubble Sort 32,10000,7665,0.392499
Bubble Sort 32,10000,7666,0.380357
Bubble Sort 32,10000,7667,0.393865
Bubble Sort 32,10000,7668,0.391668
Bubble Sort 32,10000,7669,0.392831
Bubble Sort 32,10000,7670,0.391544
Bubble Sort 32,10000,7671,0.395736
Bubble Sort 32,10000,7672,0.391378
Bubble Sort 32,10000,7673,0.394542
Bubble Sort 32,10000,7674,0.391194
Bubble Sort 32,10000,7675,0.39144
Bubble Sort 32,10000,7676,0.387464
Bubble Sort 32,10000,7677,0.393403
Bubble Sort 32,10000,7678,0.391655
Bubble Sort 32,10000,7679,0.39157
Bubble Sort 32,10000,7680,0.391434
Bubble Sort 32,10000,7681,0.39424
Bubble Sort 32,10000,7682,0.391828
Bubble Sort 32,10000,7683,0.391988
Bubble Sort 32,10000,7684,0.394031
Bubble Sort 32,10000,7685,0.390996
Bubble Sort 32,10000,7686,0.390209
Bubble Sort 32,10000,7687,0.39184
Bubble Sort 32,10000,7688,0.392701
Bubble Sort 32,10000,7689,0.393526
Bubble Sort 32,10000,7690,0.391046
Bubble Sort 32,10000,7691,0.392708
Bubble Sort 32,10000,7692,0.393508
Bubble Sort 32,10000,7693,0.391262
Bubble Sort 32,10000,7694,0.390486
Bubble Sort 32,10000,7695,0.392917
Bubble Sort 32,10000,7696,0.390419
Bubble Sort 32,10000,7697,0.38952
Bubble Sort 32,10000,7698,0.389705
Bubble Sort 32,10000,7699,0.38931
Bubble Sort 32,10000,7700,0.38141
Bubble Sort 32,10000,7701,0.391723
Bubble Sort 32,10000,7702,0.392449
Bubble Sort 32,10000,7703,0.389741
Bubble Sort 32,10000,7704,0.392154
Bubble Sort 32,10000,7705,0.390351
Bubble Sort 32,10000,7706,0.390634
Bubble Sort 32,10000,7707,0.432781
Bubble Sort 32,10000,7708,0.391618
Bubble Sort 32,10000,7709,0.391594
Bubble Sort 32,10000,7710,0.390098
Bubble Sort 32,10000,7711,0.391114
Bubble Sort 32,10000,7712,0.389588
Bubble Sort 32,10000,7713,0.392376
Bubble Sort 32,10000,7714,0.392276
Bubble Sort 32,10000,7715,0.394917
Bubble Sort 32,10000,7716,0.391151
Bubble Sort 32,10000,7717,0.391132
Bubble Sort 32,10000,7718,0.388923
Bubble Sort 32,10000,7719,0.39016
Bubble Sort 32,10000,7720,0.390178
Bubble Sort 32,10000,7721,0.390671
Bubble Sort 32,10000,7722,0.391237
Bubble Sort 32,10000,7723,0.39072
Bubble Sort 32,10000,7724,0.388757
Bubble Sort 32,10000,7725,0.391514
Bubble Sort 32,10000,7726,0.391877
Bubble Sort 32,10000,7727,0.39133
Bubble Sort 32,10000,7728,0.392185
Bubble Sort 32,10000,7729,0.391815
Bubble Sort 32,10000,7730,0.390461
Bubble Sort 32,10000,7731,0.391157
Bubble Sort 32,10000,7732,0.390473
Bubble Sort 32,10000,7733,0.392714
Bubble Sort 32,10000,7734,0.391354
Bubble Sort 32,10000,7735,0.39301
Bubble Sort 32,10000,7736,0.392831
Bubble Sort 32,10000,7737,0.393076
Bubble Sort 32,10000,7738,0.391865
Bubble Sort 32,10000,7739,0.393526
Bubble Sort 32,10000,7740,0.392098
Bubble Sort 32,10000,7741,0.38056
Bubble Sort 32,10000,7742,0.388966
Bubble Sort 32,10000,7743,0.39072
Bubble Sort 32,10000,7744,0.393003
Bubble Sort 32,10000,7745,0.389723
Bubble Sort 32,10000,7746,0.390991
Bubble Sort 32,10000,7747,0.39096
Bubble Sort 32,10000,7748,0.413699
Bubble Sort 32,10000,7749,0.392277
Bubble Sort 32,10000,7750,0.388468
Bubble Sort 32,10000,7751,0.392067
Bubble Sort 32,10000,7752,0.392105
Bubble Sort 32,10000,7753,0.392942
Bubble Sort 32,10000,7754,0.392511
Bubble Sort 32,10000,7755,0.391489
Bubble Sort 32,10000,7756,0.390424
Bubble Sort 32,10000,7757,0.390905
Bubble Sort 32,10000,7758,0.393003
Bubble Sort 32,10000,7759,0.392055
Bubble Sort 32,10000,7760,0.391575
Bubble Sort 32,10000,7761,0.390381
Bubble Sort 32,10000,7762,0.38968
Bubble Sort 32,10000,7763,0.390849
Bubble Sort 32,10000,7764,0.392443
Bubble Sort 32,10000,7765,0.391827
Bubble Sort 32,10000,7766,0.392579
Bubble Sort 32,10000,7767,0.390043
Bubble Sort 32,10000,7768,0.392812
Bubble Sort 32,10000,7769,0.391957
Bubble Sort 32,10000,7770,0.39237
Bubble Sort 32,10000,7771,0.38901
Bubble Sort 32,10000,7772,0.390172
Bubble Sort 32,10000,7773,0.390997
Bubble Sort 32,10000,7774,0.390677
Bubble Sort 32,10000,7775,0.391378
Bubble Sort 32,10000,7776,0.388813
Bubble Sort 32,10000,7777,0.38928
Bubble Sort 32,10000,7778,0.391594
Bubble Sort 32,10000,7779,0.389827
Bubble Sort 32,10000,7780,0.391421
Bubble Sort 32,10000,7781,0.393046
Bubble Sort 32,10000,7782,0.424443
Bubble Sort 32,10000,7783,0.392394
Bubble Sort 32,10000,7784,0.39368
Bubble Sort 32,10000,7785,0.391194
Bubble Sort 32,10000,7786,0.390185
Bubble Sort 32,10000,7787,0.389496
Bubble Sort 32,10000,7788,0.391483
Bubble Sort 32,10000,7789,0.384153
Bubble Sort 32,10000,7790,0.391618
Bubble Sort 32,10000,7791,0.39216
Bubble Sort 32,10000,7792,0.391188
Bubble Sort 32,10000,7793,0.394166
Bubble Sort 32,10000,7794,0.390813
Bubble Sort 32,10000,7795,0.391329
Bubble Sort 32,10000,7796,0.402068
Bubble Sort 32,10000,7797,0.391397
Bubble Sort 32,10000,7798,0.392861
Bubble Sort 32,10000,7799,0.389994
Bubble Sort 32,10000,7800,0.391833
Bubble Sort 32,10000,7801,0.394548
Bubble Sort 32,10000,7802,0.390702
Bubble Sort 32,10000,7803,0.392566
Bubble Sort 32,10000,7804,0.391803
Bubble Sort 32,10000,7805,0.393304
Bubble Sort 32,10000,7806,0.39088
Bubble Sort 32,10000,7807,0.390634
Bubble Sort 32,10000,7808,0.394523
Bubble Sort 32,10000,7809,0.393139
Bubble Sort 32,10000,7810,0.392572
Bubble Sort 32,10000,7811,0.394707
Bubble Sort 32,10000,7812,0.391421
Bubble Sort 32,10000,7813,0.391987
Bubble Sort 32,10000,7814,0.394763
Bubble Sort 32,10000,7815,0.393513
Bubble Sort 32,10000,7816,0.393686
Bubble Sort 32,10000,7817,0.394233
Bubble Sort 32,10000,7818,0.391009
Bubble Sort 32,10000,7819,0.390554
Bubble Sort 32,10000,7820,0.391219
Bubble Sort 32,10000,7821,0.392579
Bubble Sort 32,10000,7822,0.389237
Bubble Sort 32,10000,7823,0.440252
Bubble Sort 32,10000,7824,0.393286
Bubble Sort 32,10000,7825,0.390406
Bubble Sort 32,10000,7826,0.390357
Bubble Sort 32,10000,7827,0.392394
Bubble Sort 32,10000,7828,0.39152
Bubble Sort 32,10000,7829,0.390708
Bubble Sort 32,10000,7830,0.379957
Bubble Sort 32,10000,7831,0.391975
Bubble Sort 32,10000,7832,0.391348
Bubble Sort 32,10000,7833,0.390049
Bubble Sort 32,10000,7834,0.39096
Bubble Sort 32,10000,7835,0.390702
Bubble Sort 32,10000,7836,0.388129
Bubble Sort 32,10000,7837,0.394677
Bubble Sort 32,10000,7838,0.388456
Bubble Sort 32,10000,7839,0.390566
Bubble Sort 32,10000,7840,0.392887
Bubble Sort 32,10000,7841,0.391871
Bubble Sort 32,10000,7842,0.391969
Bubble Sort 32,10000,7843,0.390147
Bubble Sort 32,10000,7844,0.391637
Bubble Sort 32,10000,7845,0.388966
Bubble Sort 32,10000,7846,0.389323
Bubble Sort 32,10000,7847,0.390751
Bubble Sort 32,10000,7848,0.388394
Bubble Sort 32,10000,7849,0.39275
Bubble Sort 32,10000,7850,0.393193
Bubble Sort 32,10000,7851,0.392929
Bubble Sort 32,10000,7852,0.392597
Bubble Sort 32,10000,7853,0.39136
Bubble Sort 32,10000,7854,0.39152
Bubble Sort 32,10000,7855,0.390505
Bubble Sort 32,10000,7856,0.390936
Bubble Sort 32,10000,7857,0.3916
Bubble Sort 32,10000,7858,0.394424
Bubble Sort 32,10000,7859,0.390382
Bubble Sort 32,10000,7860,0.390018
Bubble Sort 32,10000,7861,0.391723
Bubble Sort 32,10000,7862,0.389403
Bubble Sort 32,10000,7863,0.391218
Bubble Sort 32,10000,7864,0.391181
Bubble Sort 32,10000,7865,0.389206
Bubble Sort 32,10000,7866,0.388419
Bubble Sort 32,10000,7867,0.390714
Bubble Sort 32,10000,7868,0.391545
Bubble Sort 32,10000,7869,0.390461
Bubble Sort 32,10000,7870,0.390831
Bubble Sort 32,10000,7871,0.381661
Bubble Sort 32,10000,7872,0.395151
Bubble Sort 32,10000,7873,0.393126
Bubble Sort 32,10000,7874,0.390997
Bubble Sort 32,10000,7875,0.391667
Bubble Sort 32,10000,7876,0.391975
Bubble Sort 32,10000,7877,0.393287
Bubble Sort 32,10000,7878,0.396535
Bubble Sort 32,10000,7879,0.393723
Bubble Sort 32,10000,7880,0.391613
Bubble Sort 32,10000,7881,0.393274
Bubble Sort 32,10000,7882,0.39024
Bubble Sort 32,10000,7883,0.39192
Bubble Sort 32,10000,7884,0.390221
Bubble Sort 32,10000,7885,0.396012
Bubble Sort 32,10000,7886,0.391157
Bubble Sort 32,10000,7887,0.39187
Bubble Sort 32,10000,7888,0.390652
Bubble Sort 32,10000,7889,0.39317
Bubble Sort 32,10000,7890,0.393729
Bubble Sort 32,10000,7891,0.392388
Bubble Sort 32,10000,7892,0.391489
Bubble Sort 32,10000,7893,0.394012
Bubble Sort 32,10000,7894,0.389649
Bubble Sort 32,10000,7895,0.391883
Bubble Sort 32,10000,7896,0.390277
Bubble Sort 32,10000,7897,0.388898
Bubble Sort 32,10000,7898,0.392338
Bubble Sort 32,10000,7899,0.393336
Bubble Sort 32,10000,7900,0.3892
Bubble Sort 32,10000,7901,0.395981
Bubble Sort 32,10000,7902,0.393169
Bubble Sort 32,10000,7903,0.392664
Bubble Sort 32,10000,7904,0.391563
Bubble Sort 32,10000,7905,0.390068
Bubble Sort 32,10000,7906,0.392837
Bubble Sort 32,10000,7907,0.392474
Bubble Sort 32,10000,7908,0.392302
Bubble Sort 32,10000,7909,0.391452
Bubble Sort 32,10000,7910,0.39133
Bubble Sort 32,10000,7911,0.393698
Bubble Sort 32,10000,7912,0.381846
Bubble Sort 32,10000,7913,0.393557
Bubble Sort 32,10000,7914,0.391637
Bubble Sort 32,10000,7915,0.390535
Bubble Sort 32,10000,7916,0.39051
Bubble Sort 32,10000,7917,0.390769
Bubble Sort 32,10000,7918,0.39059
Bubble Sort 32,10000,7919,0.397446
Bubble Sort 32,10000,7920,0.391687
Bubble Sort 32,10000,7921,0.390597
Bubble Sort 32,10000,7922,0.391735
Bubble Sort 32,10000,7923,0.389748
Bubble Sort 32,10000,7924,0.389495
Bubble Sort 32,10000,7925,0.393975
Bubble Sort 32,10000,7926,0.391631
Bubble Sort 32,10000,7927,0.395538
Bubble Sort 32,10000,7928,0.390258
Bubble Sort 32,10000,7929,0.392622
Bubble Sort 32,10000,7930,0.391342
Bubble Sort 32,10000,7931,0.391637
Bubble Sort 32,10000,7932,0.391477
Bubble Sort 32,10000,7933,0.391083
Bubble Sort 32,10000,7934,0.390061
Bubble Sort 32,10000,7935,0.391569
Bubble Sort 32,10000,7936,0.390418
Bubble Sort 32,10000,7937,0.39056
Bubble Sort 32,10000,7938,0.392517
Bubble Sort 32,10000,7939,0.391477
Bubble Sort 32,10000,7940,0.390166
Bubble Sort 32,10000,7941,0.389865
Bubble Sort 32,10000,7942,0.391428
Bubble Sort 32,10000,7943,0.390818
Bubble Sort 32,10000,7944,0.390086
Bubble Sort 32,10000,7945,0.391027
Bubble Sort 32,10000,7946,0.381126
Bubble Sort 32,10000,7947,0.388394
Bubble Sort 32,10000,7948,0.391114
Bubble Sort 32,10000,7949,0.389329
Bubble Sort 32,10000,7950,0.390068
Bubble Sort 32,10000,7951,0.389471
Bubble Sort 32,10000,7952,0.390622
Bubble Sort 32,10000,7953,0.396443
Bubble Sort 32,10000,7954,0.393427
Bubble Sort 32,10000,7955,0.391065
Bubble Sort 32,10000,7956,0.392653
Bubble Sort 32,10000,7957,0.392431
Bubble Sort 32,10000,7958,0.389077
Bubble Sort 32,10000,7959,0.389729
Bubble Sort 32,10000,7960,0.390862
Bubble Sort 32,10000,7961,0.391064
Bubble Sort 32,10000,7962,0.390621
Bubble Sort 32,10000,7963,0.391311
Bubble Sort 32,10000,7964,0.391883
Bubble Sort 32,10000,7965,0.388911
Bubble Sort 32,10000,7966,0.389698
Bubble Sort 32,10000,7967,0.390443
Bubble Sort 32,10000,7968,0.391261
Bubble Sort 32,10000,7969,0.391723
Bubble Sort 32,10000,7970,0.389754
Bubble Sort 32,10000,7971,0.389747
Bubble Sort 32,10000,7972,0.388628
Bubble Sort 32,10000,7973,0.389514
Bubble Sort 32,10000,7974,0.388467
Bubble Sort 32,10000,7975,0.3884
Bubble Sort 32,10000,7976,0.391846
Bubble Sort 32,10000,7977,0.391957
Bubble Sort 32,10000,7978,0.390819
Bubble Sort 32,10000,7979,0.390056
Bubble Sort 32,10000,7980,0.391187
Bubble Sort 32,10000,7981,0.394436
Bubble Sort 32,10000,7982,0.394197
Bubble Sort 32,10000,7983,0.390942
Bubble Sort 32,10000,7984,0.390197
Bubble Sort 32,10000,7985,0.391901
Bubble Sort 32,10000,7986,0.389348
Bubble Sort 32,10000,7987,0.389108
Bubble Sort 32,10000,7988,0.392302
Bubble Sort 32,10000,7989,0.390794
Bubble Sort 32,10000,7990,0.389853
Bubble Sort 32,10000,7991,0.391815
Bubble Sort 32,10000,7992,0.389779
Bubble Sort 32,10000,7993,0.387532
Bubble Sort 32,10000,7994,0.382277
Bubble Sort 32,10000,7995,0.392037
Bubble Sort 32,10000,7996,0.389976
Bubble Sort 32,10000,7997,0.390431
Bubble Sort 32,10000,7998,0.392689
Bubble Sort 32,10000,7999,0.392252
Bubble Sort 32,10000,8000,0.389643
Bubble Sort 32,10000,8001,0.396523
Bubble Sort 32,10000,8002,0.391619
Bubble Sort 32,10000,8003,0.391705
Bubble Sort 32,10000,8004,0.388905
Bubble Sort 32,10000,8005,0.39184
Bubble Sort 32,10000,8006,0.393139
Bubble Sort 32,10000,8007,0.395354
Bubble Sort 32,10000,8008,0.390129
Bubble Sort 32,10000,8009,0.389877
Bubble Sort 32,10000,8010,0.392652
Bubble Sort 32,10000,8011,0.395526
Bubble Sort 32,10000,8012,0.391064
Bubble Sort 32,10000,8013,0.391108
Bubble Sort 32,10000,8014,0.391471
Bubble Sort 32,10000,8015,0.389483
Bubble Sort 32,10000,8016,0.38272
Bubble Sort 32,10000,8017,0.391779
Bubble Sort 32,10000,8018,0.382209
Bubble Sort 32,10000,8019,0.393662
Bubble Sort 32,10000,8020,0.396104
Bubble Sort 32,10000,8021,0.396461
Bubble Sort 32,10000,8022,0.393261
Bubble Sort 32,10000,8023,0.392732
Bubble Sort 32,10000,8024,0.38947
Bubble Sort 32,10000,8025,0.393009
Bubble Sort 32,10000,8026,0.392763
Bubble Sort 32,10000,8027,0.391095
Bubble Sort 32,10000,8028,0.391926
Bubble Sort 32,10000,8029,0.391957
Bubble Sort 32,10000,8030,0.390665
Bubble Sort 32,10000,8031,0.389532
Bubble Sort 32,10000,8032,0.389852
Bubble Sort 32,10000,8033,0.392394
Bubble Sort 32,10000,8034,0.392868
Bubble Sort 32,10000,8035,0.393071
Bubble Sort 32,10000,8036,0.390585
Bubble Sort 32,10000,8037,0.389372
Bubble Sort 32,10000,8038,0.391391
Bubble Sort 32,10000,8039,0.393606
Bubble Sort 32,10000,8040,0.388948
Bubble Sort 32,10000,8041,0.39304
Bubble Sort 32,10000,8042,0.390633
Bubble Sort 32,10000,8043,0.39144
Bubble Sort 32,10000,8044,0.390055
Bubble Sort 32,10000,8045,0.391348
Bubble Sort 32,10000,8046,0.390991
Bubble Sort 32,10000,8047,0.385366
Bubble Sort 32,10000,8048,0.392074
Bubble Sort 32,10000,8049,0.390437
Bubble Sort 32,10000,8050,0.391593
Bubble Sort 32,10000,8051,0.392234
Bubble Sort 32,10000,8052,0.393612
Bubble Sort 32,10000,8053,0.391083
Bubble Sort 32,10000,8054,0.387833
Bubble Sort 32,10000,8055,0.393502
Bubble Sort 32,10000,8056,0.391107
Bubble Sort 32,10000,8057,0.389938
Bubble Sort 32,10000,8058,0.394302
Bubble Sort 32,10000,8059,0.39072
Bubble Sort 32,10000,8060,0.391311
Bubble Sort 32,10000,8061,0.394738
Bubble Sort 32,10000,8062,0.394
Bubble Sort 32,10000,8063,0.392197
Bubble Sort 32,10000,8064,0.388775
Bubble Sort 32,10000,8065,0.394191
Bubble Sort 32,10000,8066,0.397889
Bubble Sort 32,10000,8067,0.392449
Bubble Sort 32,10000,8068,0.395255
Bubble Sort 32,10000,8069,0.395631
Bubble Sort 32,10000,8070,0.395175
Bubble Sort 32,10000,8071,0.39363
Bubble Sort 32,10000,8072,0.391624
Bubble Sort 32,10000,8073,0.393126
Bubble Sort 32,10000,8074,0.392849
Bubble Sort 32,10000,8075,0.396726
Bubble Sort 32,10000,8076,0.393649
Bubble Sort 32,10000,8077,0.390123
Bubble Sort 32,10000,8078,0.392763
Bubble Sort 32,10000,8079,0.395452
Bubble Sort 32,10000,8080,0.391391
Bubble Sort 32,10000,8081,0.391465
Bubble Sort 32,10000,8082,0.392874
Bubble Sort 32,10000,8083,0.393501
Bubble Sort 32,10000,8084,0.39365
Bubble Sort 32,10000,8085,0.39323
Bubble Sort 32,10000,8086,0.391397
Bubble Sort 32,10000,8087,0.39197
Bubble Sort 32,10000,8088,0.397705
Bubble Sort 32,10000,8089,0.392
Bubble Sort 32,10000,8090,0.394843
Bubble Sort 32,10000,8091,0.394714
Bubble Sort 32,10000,8092,0.392824
Bubble Sort 32,10000,8093,0.393514
Bubble Sort 32,10000,8094,0.39152
Bubble Sort 32,10000,8095,0.381083
Bubble Sort 32,10000,8096,0.392308
Bubble Sort 32,10000,8097,0.391471
Bubble Sort 32,10000,8098,0.388683
Bubble Sort 32,10000,8099,0.392874
Bubble Sort 32,10000,8100,0.392055
Bubble Sort 32,10000,8101,0.394597
Bubble Sort 32,10000,8102,0.39272
Bubble Sort 32,10000,8103,0.394062
Bubble Sort 32,10000,8104,0.394369
Bubble Sort 32,10000,8105,0.39293
Bubble Sort 32,10000,8106,0.393181
Bubble Sort 32,10000,8107,0.395809
Bubble Sort 32,10000,8108,0.394443
Bubble Sort 32,10000,8109,0.394197
Bubble Sort 32,10000,8110,0.393766
Bubble Sort 32,10000,8111,0.392985
Bubble Sort 32,10000,8112,0.391766
Bubble Sort 32,10000,8113,0.393268
Bubble Sort 32,10000,8114,0.393404
Bubble Sort 32,10000,8115,0.394252
Bubble Sort 32,10000,8116,0.392295
Bubble Sort 32,10000,8117,0.390905
Bubble Sort 32,10000,8118,0.392314
Bubble Sort 32,10000,8119,0.394228
Bubble Sort 32,10000,8120,0.393643
Bubble Sort 32,10000,8121,0.390141
Bubble Sort 32,10000,8122,0.392277
Bubble Sort 32,10000,8123,0.394683
Bubble Sort 32,10000,8124,0.3928
Bubble Sort 32,10000,8125,0.391957
Bubble Sort 32,10000,8126,0.391963
Bubble Sort 32,10000,8127,0.395446
Bubble Sort 32,10000,8128,0.392653
Bubble Sort 32,10000,8129,0.39347
Bubble Sort 32,10000,8130,0.39296
Bubble Sort 32,10000,8131,0.395021
Bubble Sort 32,10000,8132,0.396314
Bubble Sort 32,10000,8133,0.394566
Bubble Sort 32,10000,8134,0.393138
Bubble Sort 32,10000,8135,0.391864
Bubble Sort 32,10000,8136,0.380997
Bubble Sort 32,10000,8137,0.394892
Bubble Sort 32,10000,8138,0.397847
Bubble Sort 32,10000,8139,0.390862
Bubble Sort 32,10000,8140,0.398117
Bubble Sort 32,10000,8141,0.385464
Bubble Sort 32,10000,8142,0.388517
Bubble Sort 32,10000,8143,0.38448
Bubble Sort 32,10000,8144,0.390449
Bubble Sort 32,10000,8145,0.397317
Bubble Sort 32,10000,8146,0.394825
Bubble Sort 32,10000,8147,0.396843
Bubble Sort 32,10000,8148,0.391317
Bubble Sort 32,10000,8149,0.39221
Bubble Sort 32,10000,8150,0.392701
Bubble Sort 32,10000,8151,0.390726
Bubble Sort 32,10000,8152,0.394394
Bubble Sort 32,10000,8153,0.39445
Bubble Sort 32,10000,8154,0.392695
Bubble Sort 32,10000,8155,0.391476
Bubble Sort 32,10000,8156,0.391901
Bubble Sort 32,10000,8157,0.394203
Bubble Sort 32,10000,8158,0.394068
Bubble Sort 32,10000,8159,0.393625
Bubble Sort 32,10000,8160,0.392763
Bubble Sort 32,10000,8161,0.391938
Bubble Sort 32,10000,8162,0.393618
Bubble Sort 32,10000,8163,0.393372
Bubble Sort 32,10000,8164,0.393618
Bubble Sort 32,10000,8165,0.395489
Bubble Sort 32,10000,8166,0.392554
Bubble Sort 32,10000,8167,0.39227
Bubble Sort 32,10000,8168,0.392049
Bubble Sort 32,10000,8169,0.394892
Bubble Sort 32,10000,8170,0.378825
Bubble Sort 32,10000,8171,0.392437
Bubble Sort 32,10000,8172,0.391446
Bubble Sort 32,10000,8173,0.392222
Bubble Sort 32,10000,8174,0.391231
Bubble Sort 32,10000,8175,0.393452
Bubble Sort 32,10000,8176,0.394302
Bubble Sort 32,10000,8177,0.39539
Bubble Sort 32,10000,8178,0.393286
Bubble Sort 32,10000,8179,0.396092
Bubble Sort 32,10000,8180,0.3928
Bubble Sort 32,10000,8181,0.393434
Bubble Sort 32,10000,8182,0.393551
Bubble Sort 32,10000,8183,0.394991
Bubble Sort 32,10000,8184,0.39504
Bubble Sort 32,10000,8185,0.394018
Bubble Sort 32,10000,8186,0.391126
Bubble Sort 32,10000,8187,0.391329
Bubble Sort 32,10000,8188,0.390123
Bubble Sort 32,10000,8189,0.394265
Bubble Sort 32,10000,8190,0.393686
Bubble Sort 32,10000,8191,0.391699
Bubble Sort 32,10000,8192,0.392093
Bubble Sort 32,10000,8193,0.393274
Bubble Sort 32,10000,8194,0.393477
Bubble Sort 32,10000,8195,0.393834
Bubble Sort 32,10000,8196,0.391975
Bubble Sort 32,10000,8197,0.391403
Bubble Sort 32,10000,8198,0.391317
Bubble Sort 32,10000,8199,0.389489
Bubble Sort 32,10000,8200,0.392425
Bubble Sort 32,10000,8201,0.390812
Bubble Sort 32,10000,8202,0.390653
Bubble Sort 32,10000,8203,0.380917
Bubble Sort 32,10000,8204,0.394068
Bubble Sort 32,10000,8205,0.392296
Bubble Sort 32,10000,8206,0.391649
Bubble Sort 32,10000,8207,0.392929
Bubble Sort 32,10000,8208,0.391255
Bubble Sort 32,10000,8209,0.39443
Bubble Sort 32,10000,8210,0.390671
Bubble Sort 32,10000,8211,0.391785
Bubble Sort 32,10000,8212,0.390911
Bubble Sort 32,10000,8213,0.391514
Bubble Sort 32,10000,8214,0.388806
Bubble Sort 32,10000,8215,0.387736
Bubble Sort 32,10000,8216,0.387902
Bubble Sort 32,10000,8217,0.390578
Bubble Sort 32,10000,8218,0.38912
Bubble Sort 32,10000,8219,0.391255
Bubble Sort 32,10000,8220,0.39069
Bubble Sort 32,10000,8221,0.391231
Bubble Sort 32,10000,8222,0.391434
Bubble Sort 32,10000,8223,0.393138
Bubble Sort 32,10000,8224,0.39555
Bubble Sort 32,10000,8225,0.390135
Bubble Sort 32,10000,8226,0.394246
Bubble Sort 32,10000,8227,0.391612
Bubble Sort 32,10000,8228,0.391348
Bubble Sort 32,10000,8229,0.390191
Bubble Sort 32,10000,8230,0.38976
Bubble Sort 32,10000,8231,0.3844
Bubble Sort 32,10000,8232,0.389809
Bubble Sort 32,10000,8233,0.391963
Bubble Sort 32,10000,8234,0.39216
Bubble Sort 32,10000,8235,0.391293
Bubble Sort 32,10000,8236,0.390498
Bubble Sort 32,10000,8237,0.392197
Bubble Sort 32,10000,8238,0.39424
Bubble Sort 32,10000,8239,0.391538
Bubble Sort 32,10000,8240,0.392271
Bubble Sort 32,10000,8241,0.388554
Bubble Sort 32,10000,8242,0.39072
Bubble Sort 32,10000,8243,0.389274
Bubble Sort 32,10000,8244,0.390781
Bubble Sort 32,10000,8245,0.392369
Bubble Sort 32,10000,8246,0.387636
Bubble Sort 32,10000,8247,0.3908
Bubble Sort 32,10000,8248,0.390997
Bubble Sort 32,10000,8249,0.391237
Bubble Sort 32,10000,8250,0.392868
Bubble Sort 32,10000,8251,0.393735
Bubble Sort 32,10000,8252,0.39099
Bubble Sort 32,10000,8253,0.390898
Bubble Sort 32,10000,8254,0.389447
Bubble Sort 32,10000,8255,0.390449
Bubble Sort 32,10000,8256,0.392388
Bubble Sort 32,10000,8257,0.390203
Bubble Sort 32,10000,8258,0.39304
Bubble Sort 32,10000,8259,0.392369
Bubble Sort 32,10000,8260,0.393354
Bubble Sort 32,10000,8261,0.391945
Bubble Sort 32,10000,8262,0.39344
Bubble Sort 32,10000,8263,0.392074
Bubble Sort 32,10000,8264,0.392493
Bubble Sort 32,10000,8265,0.397716
Bubble Sort 32,10000,8266,0.389107
Bubble Sort 32,10000,8267,0.391951
Bubble Sort 32,10000,8268,0.390776
Bubble Sort 32,10000,8269,0.390197
Bubble Sort 32,10000,8270,0.392634
Bubble Sort 32,10000,8271,0.391385
Bubble Sort 32,10000,8272,0.37824
Bubble Sort 32,10000,8273,0.393022
Bubble Sort 32,10000,8274,0.391784
Bubble Sort 32,10000,8275,0.392086
Bubble Sort 32,10000,8276,0.392019
Bubble Sort 32,10000,8277,0.387871
Bubble Sort 32,10000,8278,0.388092
Bubble Sort 32,10000,8279,0.391311
Bubble Sort 32,10000,8280,0.394953
Bubble Sort 32,10000,8281,0.390456
Bubble Sort 32,10000,8282,0.392726
Bubble Sort 32,10000,8283,0.392794
Bubble Sort 32,10000,8284,0.392985
Bubble Sort 32,10000,8285,0.392578
Bubble Sort 32,10000,8286,0.389889
Bubble Sort 32,10000,8287,0.393138
Bubble Sort 32,10000,8288,0.392123
Bubble Sort 32,10000,8289,0.391354
Bubble Sort 32,10000,8290,0.388991
Bubble Sort 32,10000,8291,0.389354
Bubble Sort 32,10000,8292,0.390837
Bubble Sort 32,10000,8293,0.392788
Bubble Sort 32,10000,8294,0.391582
Bubble Sort 32,10000,8295,0.391268
Bubble Sort 32,10000,8296,0.389544
Bubble Sort 32,10000,8297,0.389976
Bubble Sort 32,10000,8298,0.391347
Bubble Sort 32,10000,8299,0.391028
Bubble Sort 32,10000,8300,0.390228
Bubble Sort 32,10000,8301,0.391723
Bubble Sort 32,10000,8302,0.390185
Bubble Sort 32,10000,8303,0.391944
Bubble Sort 32,10000,8304,0.390782
Bubble Sort 32,10000,8305,0.390873
Bubble Sort 32,10000,8306,0.381581
Bubble Sort 32,10000,8307,0.391902
Bubble Sort 32,10000,8308,0.389754
Bubble Sort 32,10000,8309,0.390523
Bubble Sort 32,10000,8310,0.392616
Bubble Sort 32,10000,8311,0.390609
Bubble Sort 32,10000,8312,0.392172
Bubble Sort 32,10000,8313,0.391963
Bubble Sort 32,10000,8314,0.389625
Bubble Sort 32,10000,8315,0.391704
Bubble Sort 32,10000,8316,0.390849
Bubble Sort 32,10000,8317,0.390628
Bubble Sort 32,10000,8318,0.391446
Bubble Sort 32,10000,8319,0.389218
Bubble Sort 32,10000,8320,0.393607
Bubble Sort 32,10000,8321,0.39195
Bubble Sort 32,10000,8322,0.388923
Bubble Sort 32,10000,8323,0.390665
Bubble Sort 32,10000,8324,0.391397
Bubble Sort 32,10000,8325,0.39344
Bubble Sort 32,10000,8326,0.391243
Bubble Sort 32,10000,8327,0.3928
Bubble Sort 32,10000,8328,0.391858
Bubble Sort 32,10000,8329,0.39192
Bubble Sort 32,10000,8330,0.390443
Bubble Sort 32,10000,8331,0.391138
Bubble Sort 32,10000,8332,0.394898
Bubble Sort 32,10000,8333,0.38104
Bubble Sort 32,10000,8334,0.392867
Bubble Sort 32,10000,8335,0.394836
Bubble Sort 32,10000,8336,0.393243
Bubble Sort 32,10000,8337,0.391317
Bubble Sort 32,10000,8338,0.390566
Bubble Sort 32,10000,8339,0.38968
Bubble Sort 32,10000,8340,0.39659
Bubble Sort 32,10000,8341,0.391458
Bubble Sort 32,10000,8342,0.39104
Bubble Sort 32,10000,8343,0.392659
Bubble Sort 32,10000,8344,0.38968
Bubble Sort 32,10000,8345,0.391532
Bubble Sort 32,10000,8346,0.391668
Bubble Sort 32,10000,8347,0.391545
Bubble Sort 32,10000,8348,0.390677
Bubble Sort 32,10000,8349,0.391544
Bubble Sort 32,10000,8350,0.389268
Bubble Sort 32,10000,8351,0.389908
Bubble Sort 32,10000,8352,0.390837
Bubble Sort 32,10000,8353,0.392135
Bubble Sort 32,10000,8354,0.3924
Bubble Sort 32,10000,8355,0.392221
Bubble Sort 32,10000,8356,0.391582
Bubble Sort 32,10000,8357,0.391987
Bubble Sort 32,10000,8358,0.39373
Bubble Sort 32,10000,8359,0.391988
Bubble Sort 32,10000,8360,0.391255
Bubble Sort 32,10000,8361,0.391495
Bubble Sort 32,10000,8362,0.39072
Bubble Sort 32,10000,8363,0.389624
Bubble Sort 32,10000,8364,0.390567
Bubble Sort 32,10000,8365,0.392819
Bubble Sort 32,10000,8366,0.392142
Bubble Sort 32,10000,8367,0.420843
Bubble Sort 32,10000,8368,0.392843
Bubble Sort 32,10000,8369,0.392197
Bubble Sort 32,10000,8370,0.391785
Bubble Sort 32,10000,8371,0.390055
Bubble Sort 32,10000,8372,0.39232
Bubble Sort 32,10000,8373,0.39408
Bubble Sort 32,10000,8374,0.37877
Bubble Sort 32,10000,8375,0.391883
Bubble Sort 32,10000,8376,0.392837
Bubble Sort 32,10000,8377,0.388658
Bubble Sort 32,10000,8378,0.3908
Bubble Sort 32,10000,8379,0.39229
Bubble Sort 32,10000,8380,0.39059
Bubble Sort 32,10000,8381,0.390726
Bubble Sort 32,10000,8382,0.392413
Bubble Sort 32,10000,8383,0.391415
Bubble Sort 32,10000,8384,0.391778
Bubble Sort 32,10000,8385,0.390837
Bubble Sort 32,10000,8386,0.388769
Bubble Sort 32,10000,8387,0.389588
Bubble Sort 32,10000,8388,0.390474
Bubble Sort 32,10000,8389,0.391551
Bubble Sort 32,10000,8390,0.392141
Bubble Sort 32,10000,8391,0.391305
Bubble Sort 32,10000,8392,0.390776
Bubble Sort 32,10000,8393,0.387858
Bubble Sort 32,10000,8394,0.39032
Bubble Sort 32,10000,8395,0.391587
Bubble Sort 32,10000,8396,0.38904
Bubble Sort 32,10000,8397,0.391846
Bubble Sort 32,10000,8398,0.391225
Bubble Sort 32,10000,8399,0.390566
Bubble Sort 32,10000,8400,0.388991
Bubble Sort 32,10000,8401,0.389877
Bubble Sort 32,10000,8402,0.387803
Bubble Sort 32,10000,8403,0.389987
Bubble Sort 32,10000,8404,0.389865
Bubble Sort 32,10000,8405,0.392141
Bubble Sort 32,10000,8406,0.39099
Bubble Sort 32,10000,8407,0.389747
Bubble Sort 32,10000,8408,0.378474
Bubble Sort 32,10000,8409,0.392456
Bubble Sort 32,10000,8410,0.391717
Bubble Sort 32,10000,8411,0.393175
Bubble Sort 32,10000,8412,0.391778
Bubble Sort 32,10000,8413,0.390935
Bubble Sort 32,10000,8414,0.38976
Bubble Sort 32,10000,8415,0.393323
Bubble Sort 32,10000,8416,0.392493
Bubble Sort 32,10000,8417,0.39096
Bubble Sort 32,10000,8418,0.390941
Bubble Sort 32,10000,8419,0.390037
Bubble Sort 32,10000,8420,0.389748
Bubble Sort 32,10000,8421,0.393588
Bubble Sort 32,10000,8422,0.391028
Bubble Sort 32,10000,8423,0.391317
Bubble Sort 32,10000,8424,0.390185
Bubble Sort 32,10000,8425,0.390893
Bubble Sort 32,10000,8426,0.390474
Bubble Sort 32,10000,8427,0.389299
Bubble Sort 32,10000,8428,0.39139
Bubble Sort 32,10000,8429,0.391077
Bubble Sort 32,10000,8430,0.390726
Bubble Sort 32,10000,8431,0.391871
Bubble Sort 32,10000,8432,0.388178
Bubble Sort 32,10000,8433,0.391409
Bubble Sort 32,10000,8434,0.391846
Bubble Sort 32,10000,8435,0.396067
Bubble Sort 32,10000,8436,0.390092
Bubble Sort 32,10000,8437,0.390407
Bubble Sort 32,10000,8438,0.38984
Bubble Sort 32,10000,8439,0.390055
Bubble Sort 32,10000,8440,0.389982
Bubble Sort 32,10000,8441,0.387699
Bubble Sort 32,10000,8442,0.384733
Bubble Sort 32,10000,8443,0.391975
Bubble Sort 32,10000,8444,0.388333
Bubble Sort 32,10000,8445,0.390966
Bubble Sort 32,10000,8446,0.389981
Bubble Sort 32,10000,8447,0.390413
Bubble Sort 32,10000,8448,0.391132
Bubble Sort 32,10000,8449,0.395766
Bubble Sort 32,10000,8450,0.392388
Bubble Sort 32,10000,8451,0.392073
Bubble Sort 32,10000,8452,0.393908
Bubble Sort 32,10000,8453,0.39264
Bubble Sort 32,10000,8454,0.389692
Bubble Sort 32,10000,8455,0.394216
Bubble Sort 32,10000,8456,0.389507
Bubble Sort 32,10000,8457,0.393095
Bubble Sort 32,10000,8458,0.3904
Bubble Sort 32,10000,8459,0.393963
Bubble Sort 32,10000,8460,0.391403
Bubble Sort 32,10000,8461,0.393304
Bubble Sort 32,10000,8462,0.392055
Bubble Sort 32,10000,8463,0.391944
Bubble Sort 32,10000,8464,0.392646
Bubble Sort 32,10000,8465,0.394043
Bubble Sort 32,10000,8466,0.393618
Bubble Sort 32,10000,8467,0.39131
Bubble Sort 32,10000,8468,0.391969
Bubble Sort 32,10000,8469,0.395643
Bubble Sort 32,10000,8470,0.391827
Bubble Sort 32,10000,8471,0.393643
Bubble Sort 32,10000,8472,0.391636
Bubble Sort 32,10000,8473,0.390665
Bubble Sort 32,10000,8474,0.394615
Bubble Sort 32,10000,8475,0.390665
Bubble Sort 32,10000,8476,0.396979
Bubble Sort 32,10000,8477,0.392831
Bubble Sort 32,10000,8478,0.392843
Bubble Sort 32,10000,8479,0.391102
Bubble Sort 32,10000,8480,0.390283
Bubble Sort 32,10000,8481,0.394806
Bubble Sort 32,10000,8482,0.391729
Bubble Sort 32,10000,8483,0.390344
Bubble Sort 32,10000,8484,0.39395
Bubble Sort 32,10000,8485,0.392689
Bubble Sort 32,10000,8486,0.391354
Bubble Sort 32,10000,8487,0.39192
Bubble Sort 32,10000,8488,0.393225
Bubble Sort 32,10000,8489,0.39211
Bubble Sort 32,10000,8490,0.392061
Bubble Sort 32,10000,8491,0.3916
Bubble Sort 32,10000,8492,0.387619
Bubble Sort 32,10000,8493,0.392751
Bubble Sort 32,10000,8494,0.387686
Bubble Sort 32,10000,8495,0.393127
Bubble Sort 32,10000,8496,0.392707
Bubble Sort 32,10000,8497,0.392221
Bubble Sort 32,10000,8498,0.390708
Bubble Sort 32,10000,8499,0.39368
Bubble Sort 32,10000,8500,0.390492
Bubble Sort 32,10000,8501,0.390492
Bubble Sort 32,10000,8502,0.390062
Bubble Sort 32,10000,8503,0.427594
Bubble Sort 32,10000,8504,0.392566
Bubble Sort 32,10000,8505,0.392695
Bubble Sort 32,10000,8506,0.390185
Bubble Sort 32,10000,8507,0.393859
Bubble Sort 32,10000,8508,0.3904
Bubble Sort 32,10000,8509,0.388492
Bubble Sort 32,10000,8510,0.392738
Bubble Sort 32,10000,8511,0.389705
Bubble Sort 32,10000,8512,0.390529
Bubble Sort 32,10000,8513,0.392203
Bubble Sort 32,10000,8514,0.389293
Bubble Sort 32,10000,8515,0.394092
Bubble Sort 32,10000,8516,0.391034
Bubble Sort 32,10000,8517,0.390074
Bubble Sort 32,10000,8518,0.391612
Bubble Sort 32,10000,8519,0.391729
Bubble Sort 32,10000,8520,0.391501
Bubble Sort 32,10000,8521,0.387772
Bubble Sort 32,10000,8522,0.391502
Bubble Sort 32,10000,8523,0.389422
Bubble Sort 32,10000,8524,0.391821
Bubble Sort 32,10000,8525,0.39264
Bubble Sort 32,10000,8526,0.389452
Bubble Sort 32,10000,8527,0.392812
Bubble Sort 32,10000,8528,0.39152
Bubble Sort 32,10000,8529,0.390394
Bubble Sort 32,10000,8530,0.389717
Bubble Sort 32,10000,8531,0.391803
Bubble Sort 32,10000,8532,0.390142
Bubble Sort 32,10000,8533,0.390363
Bubble Sort 32,10000,8534,0.389538
Bubble Sort 32,10000,8535,0.391336
Bubble Sort 32,10000,8536,0.392634
Bubble Sort 32,10000,8537,0.390676
Bubble Sort 32,10000,8538,0.390536
Bubble Sort 32,10000,8539,0.391274
Bubble Sort 32,10000,8540,0.389489
Bubble Sort 32,10000,8541,0.389458
Bubble Sort 32,10000,8542,0.39075
Bubble Sort 32,10000,8543,0.390707
Bubble Sort 32,10000,8544,0.378093
Bubble Sort 32,10000,8545,0.390419
Bubble Sort 32,10000,8546,0.392425
Bubble Sort 32,10000,8547,0.389698
Bubble Sort 32,10000,8548,0.391766
Bubble Sort 32,10000,8549,0.389139
Bubble Sort 32,10000,8550,0.39179
Bubble Sort 32,10000,8551,0.396935
Bubble Sort 32,10000,8552,0.390659
Bubble Sort 32,10000,8553,0.391976
Bubble Sort 32,10000,8554,0.3908
Bubble Sort 32,10000,8555,0.392043
Bubble Sort 32,10000,8556,0.388517
Bubble Sort 32,10000,8557,0.393446
Bubble Sort 32,10000,8558,0.38992
Bubble Sort 32,10000,8559,0.392437
Bubble Sort 32,10000,8560,0.391704
Bubble Sort 32,10000,8561,0.389513
Bubble Sort 32,10000,8562,0.387404
Bubble Sort 32,10000,8563,0.392609
Bubble Sort 32,10000,8564,0.390173
Bubble Sort 32,10000,8565,0.390831
Bubble Sort 32,10000,8566,0.390948
Bubble Sort 32,10000,8567,0.391956
Bubble Sort 32,10000,8568,0.392062
Bubble Sort 32,10000,8569,0.394062
Bubble Sort 32,10000,8570,0.390924
Bubble Sort 32,10000,8571,0.391754
Bubble Sort 32,10000,8572,0.391994
Bubble Sort 32,10000,8573,0.391034
Bubble Sort 32,10000,8574,0.389944
Bubble Sort 32,10000,8575,0.393853
Bubble Sort 32,10000,8576,0.392781
Bubble Sort 32,10000,8577,0.394523
Bubble Sort 32,10000,8578,0.416013
Bubble Sort 32,10000,8579,0.390923
Bubble Sort 32,10000,8580,0.390837
Bubble Sort 32,10000,8581,0.390634
Bubble Sort 32,10000,8582,0.39235
Bubble Sort 32,10000,8583,0.391637
Bubble Sort 32,10000,8584,0.389348
Bubble Sort 32,10000,8585,0.379791
Bubble Sort 32,10000,8586,0.390676
Bubble Sort 32,10000,8587,0.390246
Bubble Sort 32,10000,8588,0.390898
Bubble Sort 32,10000,8589,0.390856
Bubble Sort 32,10000,8590,0.388813
Bubble Sort 32,10000,8591,0.391927
Bubble Sort 32,10000,8592,0.387853
Bubble Sort 32,10000,8593,0.391391
Bubble Sort 32,10000,8594,0.390209
Bubble Sort 32,10000,8595,0.389305
Bubble Sort 32,10000,8596,0.388794
Bubble Sort 32,10000,8597,0.393932
Bubble Sort 32,10000,8598,0.388253
Bubble Sort 32,10000,8599,0.391773
Bubble Sort 32,10000,8600,0.391716
Bubble Sort 32,10000,8601,0.390862
Bubble Sort 32,10000,8602,0.390923
Bubble Sort 32,10000,8603,0.389987
Bubble Sort 32,10000,8604,0.390517
Bubble Sort 32,10000,8605,0.39144
Bubble Sort 32,10000,8606,0.391649
Bubble Sort 32,10000,8607,0.392499
Bubble Sort 32,10000,8608,0.391859
Bubble Sort 32,10000,8609,0.391053
Bubble Sort 32,10000,8610,0.38989
Bubble Sort 32,10000,8611,0.391427
Bubble Sort 32,10000,8612,0.389693
Bubble Sort 32,10000,8613,0.390923
Bubble Sort 32,10000,8614,0.388585
Bubble Sort 32,10000,8615,0.389077
Bubble Sort 32,10000,8616,0.391077
Bubble Sort 32,10000,8617,0.392486
Bubble Sort 32,10000,8618,0.390142
Bubble Sort 32,10000,8619,0.397218
Bubble Sort 32,10000,8620,0.38928
Bubble Sort 32,10000,8621,0.389914
Bubble Sort 32,10000,8622,0.389834
Bubble Sort 32,10000,8623,0.392849
Bubble Sort 32,10000,8624,0.390615
Bubble Sort 32,10000,8625,0.391625
Bubble Sort 32,10000,8626,0.379163
Bubble Sort 32,10000,8627,0.393822
Bubble Sort 32,10000,8628,0.39096
Bubble Sort 32,10000,8629,0.391452
Bubble Sort 32,10000,8630,0.389939
Bubble Sort 32,10000,8631,0.390554
Bubble Sort 32,10000,8632,0.390898
Bubble Sort 32,10000,8633,0.39141
Bubble Sort 32,10000,8634,0.391225
Bubble Sort 32,10000,8635,0.391169
Bubble Sort 32,10000,8636,0.389982
Bubble Sort 32,10000,8637,0.389268
Bubble Sort 32,10000,8638,0.388209
Bubble Sort 32,10000,8639,0.392646
Bubble Sort 32,10000,8640,0.391871
Bubble Sort 32,10000,8641,0.393508
Bubble Sort 32,10000,8642,0.390049
Bubble Sort 32,10000,8643,0.39136
Bubble Sort 32,10000,8644,0.391077
Bubble Sort 32,10000,8645,0.392806
Bubble Sort 32,10000,8646,0.391723
Bubble Sort 32,10000,8647,0.394197
Bubble Sort 32,10000,8648,0.392714
Bubble Sort 32,10000,8649,0.389588
Bubble Sort 32,10000,8650,0.390098
Bubble Sort 32,10000,8651,0.39152
Bubble Sort 32,10000,8652,0.389569
Bubble Sort 32,10000,8653,0.388905
Bubble Sort 32,10000,8654,0.391058
Bubble Sort 32,10000,8655,0.39128
Bubble Sort 32,10000,8656,0.389778
Bubble Sort 32,10000,8657,0.391865
Bubble Sort 32,10000,8658,0.389643
Bubble Sort 32,10000,8659,0.390436
Bubble Sort 32,10000,8660,0.385064
Bubble Sort 32,10000,8661,0.392566
Bubble Sort 32,10000,8662,0.391268
Bubble Sort 32,10000,8663,0.394991
Bubble Sort 32,10000,8664,0.393249
Bubble Sort 32,10000,8665,0.392818
Bubble Sort 32,10000,8666,0.391674
Bubble Sort 32,10000,8667,0.396326
Bubble Sort 32,10000,8668,0.390936
Bubble Sort 32,10000,8669,0.392166
Bubble Sort 32,10000,8670,0.390467
Bubble Sort 32,10000,8671,0.39059
Bubble Sort 32,10000,8672,0.390892
Bubble Sort 32,10000,8673,0.393625
Bubble Sort 32,10000,8674,0.390529
Bubble Sort 32,10000,8675,0.393625
Bubble Sort 32,10000,8676,0.3908
Bubble Sort 32,10000,8677,0.389354
Bubble Sort 32,10000,8678,0.388031
Bubble Sort 32,10000,8679,0.391323
Bubble Sort 32,10000,8680,0.390345
Bubble Sort 32,10000,8681,0.389815
Bubble Sort 32,10000,8682,0.392462
Bubble Sort 32,10000,8683,0.389797
Bubble Sort 32,10000,8684,0.391212
Bubble Sort 32,10000,8685,0.39067
Bubble Sort 32,10000,8686,0.389748
Bubble Sort 32,10000,8687,0.39176
Bubble Sort 32,10000,8688,0.390689
Bubble Sort 32,10000,8689,0.392136
Bubble Sort 32,10000,8690,0.387384
Bubble Sort 32,10000,8691,0.391495
Bubble Sort 32,10000,8692,0.390191
Bubble Sort 32,10000,8693,0.391077
Bubble Sort 32,10000,8694,0.3924
Bubble Sort 32,10000,8695,0.393317
Bubble Sort 32,10000,8696,0.389588
Bubble Sort 32,10000,8697,0.38995
Bubble Sort 32,10000,8698,0.393791
Bubble Sort 32,10000,8699,0.391908
Bubble Sort 32,10000,8700,0.389895
Bubble Sort 32,10000,8701,0.378954
Bubble Sort 32,10000,8702,0.38952
Bubble Sort 32,10000,8703,0.392357
Bubble Sort 32,10000,8704,0.393649
Bubble Sort 32,10000,8705,0.39272
Bubble Sort 32,10000,8706,0.392455
Bubble Sort 32,10000,8707,0.389871
Bubble Sort 32,10000,8708,0.392345
Bubble Sort 32,10000,8709,0.390985
Bubble Sort 32,10000,8710,0.391674
Bubble Sort 32,10000,8711,0.39131
Bubble Sort 32,10000,8712,0.391145
Bubble Sort 32,10000,8713,0.391157
Bubble Sort 32,10000,8714,0.390942
Bubble Sort 32,10000,8715,0.393231
Bubble Sort 32,10000,8716,0.39112
Bubble Sort 32,10000,8717,0.392671
Bubble Sort 32,10000,8718,0.392696
Bubble Sort 32,10000,8719,0.389575
Bubble Sort 32,10000,8720,0.390406
Bubble Sort 32,10000,8721,0.39248
Bubble Sort 32,10000,8722,0.393114
Bubble Sort 32,10000,8723,0.393187
Bubble Sort 32,10000,8724,0.39128
Bubble Sort 32,10000,8725,0.390917
Bubble Sort 32,10000,8726,0.389341
Bubble Sort 32,10000,8727,0.390055
Bubble Sort 32,10000,8728,0.393329
Bubble Sort 32,10000,8729,0.392677
Bubble Sort 32,10000,8730,0.393249
Bubble Sort 32,10000,8731,0.393421
Bubble Sort 32,10000,8732,0.390985
Bubble Sort 32,10000,8733,0.392473
Bubble Sort 32,10000,8734,0.389643
Bubble Sort 32,10000,8735,0.386044
Bubble Sort 32,10000,8736,0.391729
Bubble Sort 32,10000,8737,0.391052
Bubble Sort 32,10000,8738,0.391065
Bubble Sort 32,10000,8739,0.391876
Bubble Sort 32,10000,8740,0.391145
Bubble Sort 32,10000,8741,0.395612
Bubble Sort 32,10000,8742,0.394314
Bubble Sort 32,10000,8743,0.393582
Bubble Sort 32,10000,8744,0.391612
Bubble Sort 32,10000,8745,0.392407
Bubble Sort 32,10000,8746,0.39389
Bubble Sort 32,10000,8747,0.392332
Bubble Sort 32,10000,8748,0.392141
Bubble Sort 32,10000,8749,0.392603
Bubble Sort 32,10000,8750,0.390621
Bubble Sort 32,10000,8751,0.391773
Bubble Sort 32,10000,8752,0.391194
Bubble Sort 32,10000,8753,0.39267
Bubble Sort 32,10000,8754,0.391729
Bubble Sort 32,10000,8755,0.392166
Bubble Sort 32,10000,8756,0.392006
Bubble Sort 32,10000,8757,0.391182
Bubble Sort 32,10000,8758,0.38752
Bubble Sort 32,10000,8759,0.393342
Bubble Sort 32,10000,8760,0.393582
Bubble Sort 32,10000,8761,0.393458
Bubble Sort 32,10000,8762,0.391988
Bubble Sort 32,10000,8763,0.392339
Bubble Sort 32,10000,8764,0.39349
Bubble Sort 32,10000,8765,0.390904
Bubble Sort 32,10000,8766,0.390425
Bubble Sort 32,10000,8767,0.390332
Bubble Sort 32,10000,8768,0.39331
Bubble Sort 32,10000,8769,0.402455
Bubble Sort 32,10000,8770,0.39264
Bubble Sort 32,10000,8771,0.392369
Bubble Sort 32,10000,8772,0.391895
Bubble Sort 32,10000,8773,0.391858
Bubble Sort 32,10000,8774,0.39136
Bubble Sort 32,10000,8775,0.391785
Bubble Sort 32,10000,8776,0.384283
Bubble Sort 32,10000,8777,0.393618
Bubble Sort 32,10000,8778,0.389624
Bubble Sort 32,10000,8779,0.388917
Bubble Sort 32,10000,8780,0.392332
Bubble Sort 32,10000,8781,0.391003
Bubble Sort 32,10000,8782,0.393944
Bubble Sort 32,10000,8783,0.391212
Bubble Sort 32,10000,8784,0.388259
Bubble Sort 32,10000,8785,0.392418
Bubble Sort 32,10000,8786,0.391618
Bubble Sort 32,10000,8787,0.391391
Bubble Sort 32,10000,8788,0.389883
Bubble Sort 32,10000,8789,0.392985
Bubble Sort 32,10000,8790,0.393865
Bubble Sort 32,10000,8791,0.390714
Bubble Sort 32,10000,8792,0.391975
Bubble Sort 32,10000,8793,0.390542
Bubble Sort 32,10000,8794,0.389341
Bubble Sort 32,10000,8795,0.392419
Bubble Sort 32,10000,8796,0.391501
Bubble Sort 32,10000,8797,0.396007
Bubble Sort 32,10000,8798,0.389255
Bubble Sort 32,10000,8799,0.39165
Bubble Sort 32,10000,8800,0.392307
Bubble Sort 32,10000,8801,0.39085
Bubble Sort 32,10000,8802,0.390954
Bubble Sort 32,10000,8803,0.388689
Bubble Sort 32,10000,8804,0.392351
Bubble Sort 32,10000,8805,0.392671
Bubble Sort 32,10000,8806,0.391157
Bubble Sort 32,10000,8807,0.390979
Bubble Sort 32,10000,8808,0.392216
Bubble Sort 32,10000,8809,0.391557
Bubble Sort 32,10000,8810,0.397059
Bubble Sort 32,10000,8811,0.389779
Bubble Sort 32,10000,8812,0.394166
Bubble Sort 32,10000,8813,0.390775
Bubble Sort 32,10000,8814,0.390862
Bubble Sort 32,10000,8815,0.390905
Bubble Sort 32,10000,8816,0.388966
Bubble Sort 32,10000,8817,0.379218
Bubble Sort 32,10000,8818,0.390037
Bubble Sort 32,10000,8819,0.393156
Bubble Sort 32,10000,8820,0.388086
Bubble Sort 32,10000,8821,0.389717
Bubble Sort 32,10000,8822,0.393446
Bubble Sort 32,10000,8823,0.392043
Bubble Sort 32,10000,8824,0.394874
Bubble Sort 32,10000,8825,0.391994
Bubble Sort 32,10000,8826,0.390553
Bubble Sort 32,10000,8827,0.390092
Bubble Sort 32,10000,8828,0.392887
Bubble Sort 32,10000,8829,0.392671
Bubble Sort 32,10000,8830,0.392948
Bubble Sort 32,10000,8831,0.396153
Bubble Sort 32,10000,8832,0.393816
Bubble Sort 32,10000,8833,0.394123
Bubble Sort 32,10000,8834,0.391212
Bubble Sort 32,10000,8835,0.390468
Bubble Sort 32,10000,8836,0.390923
Bubble Sort 32,10000,8837,0.392843
Bubble Sort 32,10000,8838,0.395347
Bubble Sort 32,10000,8839,0.394874
Bubble Sort 32,10000,8840,0.393138
Bubble Sort 32,10000,8841,0.390203
Bubble Sort 32,10000,8842,0.392689
Bubble Sort 32,10000,8843,0.39176
Bubble Sort 32,10000,8844,0.425052
Bubble Sort 32,10000,8845,0.392289
Bubble Sort 32,10000,8846,0.390843
Bubble Sort 32,10000,8847,0.392172
Bubble Sort 32,10000,8848,0.393132
Bubble Sort 32,10000,8849,0.392707
Bubble Sort 32,10000,8850,0.38995
Bubble Sort 32,10000,8851,0.37853
Bubble Sort 32,10000,8852,0.390357
Bubble Sort 32,10000,8853,0.394948
Bubble Sort 32,10000,8854,0.393563
Bubble Sort 32,10000,8855,0.392424
Bubble Sort 32,10000,8856,0.391335
Bubble Sort 32,10000,8857,0.392776
Bubble Sort 32,10000,8858,0.39232
Bubble Sort 32,10000,8859,0.394123
Bubble Sort 32,10000,8860,0.391625
Bubble Sort 32,10000,8861,0.390756
Bubble Sort 32,10000,8862,0.391864
Bubble Sort 32,10000,8863,0.393336
Bubble Sort 32,10000,8864,0.390517
Bubble Sort 32,10000,8865,0.392985
Bubble Sort 32,10000,8866,0.391877
Bubble Sort 32,10000,8867,0.391902
Bubble Sort 32,10000,8868,0.388388
Bubble Sort 32,10000,8869,0.3916
Bubble Sort 32,10000,8870,0.390413
Bubble Sort 32,10000,8871,0.390086
Bubble Sort 32,10000,8872,0.390689
Bubble Sort 32,10000,8873,0.39061
Bubble Sort 32,10000,8874,0.393895
Bubble Sort 32,10000,8875,0.393717
Bubble Sort 32,10000,8876,0.393255
Bubble Sort 32,10000,8877,0.393335
Bubble Sort 32,10000,8878,0.390824
Bubble Sort 32,10000,8879,0.389895
Bubble Sort 32,10000,8880,0.391717
Bubble Sort 32,10000,8881,0.393563
Bubble Sort 32,10000,8882,0.392073
Bubble Sort 32,10000,8883,0.39307
Bubble Sort 32,10000,8884,0.391859
Bubble Sort 32,10000,8885,0.384751
Bubble Sort 32,10000,8886,0.390197
Bubble Sort 32,10000,8887,0.390289
Bubble Sort 32,10000,8888,0.390043
Bubble Sort 32,10000,8889,0.390653
Bubble Sort 32,10000,8890,0.391563
Bubble Sort 32,10000,8891,0.39272
Bubble Sort 32,10000,8892,0.397286
Bubble Sort 32,10000,8893,0.392129
Bubble Sort 32,10000,8894,0.392412
Bubble Sort 32,10000,8895,0.390498
Bubble Sort 32,10000,8896,0.393237
Bubble Sort 32,10000,8897,0.390775
Bubble Sort 32,10000,8898,0.392953
Bubble Sort 32,10000,8899,0.391366
Bubble Sort 32,10000,8900,0.389976
Bubble Sort 32,10000,8901,0.392246
Bubble Sort 32,10000,8902,0.392671
Bubble Sort 32,10000,8903,0.393526
Bubble Sort 32,10000,8904,0.391194
Bubble Sort 32,10000,8905,0.393114
Bubble Sort 32,10000,8906,0.392209
Bubble Sort 32,10000,8907,0.390517
Bubble Sort 32,10000,8908,0.390905
Bubble Sort 32,10000,8909,0.393083
Bubble Sort 32,10000,8910,0.391643
Bubble Sort 32,10000,8911,0.393938
Bubble Sort 32,10000,8912,0.391016
Bubble Sort 32,10000,8913,0.393046
Bubble Sort 32,10000,8914,0.392093
Bubble Sort 32,10000,8915,0.391034
Bubble Sort 32,10000,8916,0.391477
Bubble Sort 32,10000,8917,0.391218
Bubble Sort 32,10000,8918,0.390012
Bubble Sort 32,10000,8919,0.398314
Bubble Sort 32,10000,8920,0.392622
Bubble Sort 32,10000,8921,0.393803
Bubble Sort 32,10000,8922,0.389865
Bubble Sort 32,10000,8923,0.393372
Bubble Sort 32,10000,8924,0.391397
Bubble Sort 32,10000,8925,0.39325
Bubble Sort 32,10000,8926,0.383065
Bubble Sort 32,10000,8927,0.391496
Bubble Sort 32,10000,8928,0.392511
Bubble Sort 32,10000,8929,0.389403
Bubble Sort 32,10000,8930,0.392013
Bubble Sort 32,10000,8931,0.393139
Bubble Sort 32,10000,8932,0.391225
Bubble Sort 32,10000,8933,0.394769
Bubble Sort 32,10000,8934,0.39008
Bubble Sort 32,10000,8935,0.393027
Bubble Sort 32,10000,8936,0.387465
Bubble Sort 32,10000,8937,0.394098
Bubble Sort 32,10000,8938,0.390665
Bubble Sort 32,10000,8939,0.391231
Bubble Sort 32,10000,8940,0.394517
Bubble Sort 32,10000,8941,0.389243
Bubble Sort 32,10000,8942,0.391563
Bubble Sort 32,10000,8943,0.388818
Bubble Sort 32,10000,8944,0.392277
Bubble Sort 32,10000,8945,0.392523
Bubble Sort 32,10000,8946,0.392062
Bubble Sort 32,10000,8947,0.394295
Bubble Sort 32,10000,8948,0.390184
Bubble Sort 32,10000,8949,0.3928
Bubble Sort 32,10000,8950,0.394837
Bubble Sort 32,10000,8951,0.395089
Bubble Sort 32,10000,8952,0.392659
Bubble Sort 32,10000,8953,0.394142
Bubble Sort 32,10000,8954,0.39064
Bubble Sort 32,10000,8955,0.391089
Bubble Sort 32,10000,8956,0.391317
Bubble Sort 32,10000,8957,0.392745
Bubble Sort 32,10000,8958,0.395828
Bubble Sort 32,10000,8959,0.395452
Bubble Sort 32,10000,8960,0.383944
Bubble Sort 32,10000,8961,0.392276
Bubble Sort 32,10000,8962,0.391852
Bubble Sort 32,10000,8963,0.390739
Bubble Sort 32,10000,8964,0.392677
Bubble Sort 32,10000,8965,0.39133
Bubble Sort 32,10000,8966,0.394344
Bubble Sort 32,10000,8967,0.392289
Bubble Sort 32,10000,8968,0.388573
Bubble Sort 32,10000,8969,0.390966
Bubble Sort 32,10000,8970,0.391274
Bubble Sort 32,10000,8971,0.392517
Bubble Sort 32,10000,8972,0.390855
Bubble Sort 32,10000,8973,0.392862
Bubble Sort 32,10000,8974,0.390603
Bubble Sort 32,10000,8975,0.393495
Bubble Sort 32,10000,8976,0.389895
Bubble Sort 32,10000,8977,0.390806
Bubble Sort 32,10000,8978,0.38955
Bubble Sort 32,10000,8979,0.393175
Bubble Sort 32,10000,8980,0.393982
Bubble Sort 32,10000,8981,0.393827
Bubble Sort 32,10000,8982,0.390837
Bubble Sort 32,10000,8983,0.392012
Bubble Sort 32,10000,8984,0.392628
Bubble Sort 32,10000,8985,0.391895
Bubble Sort 32,10000,8986,0.390573
Bubble Sort 32,10000,8987,0.392425
Bubble Sort 32,10000,8988,0.389403
Bubble Sort 32,10000,8989,0.390295
Bubble Sort 32,10000,8990,0.389047
Bubble Sort 32,10000,8991,0.390973
Bubble Sort 32,10000,8992,0.390929
Bubble Sort 32,10000,8993,0.391514
Bubble Sort 32,10000,8994,0.397877
Bubble Sort 32,10000,8995,0.3928
Bubble Sort 32,10000,8996,0.392253
Bubble Sort 32,10000,8997,0.392154
Bubble Sort 32,10000,8998,0.392443
Bubble Sort 32,10000,8999,0.389988
Bubble Sort 32,10000,9000,0.39056
Bubble Sort 32,10000,9001,0.399495
Bubble Sort 32,10000,9002,0.392628
Bubble Sort 32,10000,9003,0.394499
Bubble Sort 32,10000,9004,0.397151
Bubble Sort 32,10000,9005,0.390517
Bubble Sort 32,10000,9006,0.393612
Bubble Sort 32,10000,9007,0.39496
Bubble Sort 32,10000,9008,0.39349
Bubble Sort 32,10000,9009,0.395231
Bubble Sort 32,10000,9010,0.392825
Bubble Sort 32,10000,9011,0.394062
Bubble Sort 32,10000,9012,0.39149
Bubble Sort 32,10000,9013,0.393613
Bubble Sort 32,10000,9014,0.392234
Bubble Sort 32,10000,9015,0.393084
Bubble Sort 32,10000,9016,0.392609
Bubble Sort 32,10000,9017,0.393009
Bubble Sort 32,10000,9018,0.392806
Bubble Sort 32,10000,9019,0.392216
Bubble Sort 32,10000,9020,0.437834
Bubble Sort 32,10000,9021,0.392597
Bubble Sort 32,10000,9022,0.39232
Bubble Sort 32,10000,9023,0.39248
Bubble Sort 32,10000,9024,0.39272
Bubble Sort 32,10000,9025,0.394609
Bubble Sort 32,10000,9026,0.391674
Bubble Sort 32,10000,9027,0.397459
Bubble Sort 32,10000,9028,0.392536
Bubble Sort 32,10000,9029,0.393631
Bubble Sort 32,10000,9030,0.393009
Bubble Sort 32,10000,9031,0.391544
Bubble Sort 32,10000,9032,0.393397
Bubble Sort 32,10000,9033,0.394222
Bubble Sort 32,10000,9034,0.39624
Bubble Sort 32,10000,9035,0.393717
Bubble Sort 32,10000,9036,0.391367
Bubble Sort 32,10000,9037,0.391298
Bubble Sort 32,10000,9038,0.392191
Bubble Sort 32,10000,9039,0.392271
Bubble Sort 32,10000,9040,0.3912
Bubble Sort 32,10000,9041,0.393477
Bubble Sort 32,10000,9042,0.389729
Bubble Sort 32,10000,9043,0.396566
Bubble Sort 32,10000,9044,0.394123
Bubble Sort 32,10000,9045,0.393477
Bubble Sort 32,10000,9046,0.392499
Bubble Sort 32,10000,9047,0.392991
Bubble Sort 32,10000,9048,0.395083
Bubble Sort 32,10000,9049,0.395286
Bubble Sort 32,10000,9050,0.3936
Bubble Sort 32,10000,9051,0.390899
Bubble Sort 32,10000,9052,0.3952
Bubble Sort 32,10000,9053,0.395231
Bubble Sort 32,10000,9054,0.390573
Bubble Sort 32,10000,9055,0.395225
Bubble Sort 32,10000,9056,0.391354
Bubble Sort 32,10000,9057,0.392776
Bubble Sort 32,10000,9058,0.392467
Bubble Sort 32,10000,9059,0.394007
Bubble Sort 32,10000,9060,0.394991
Bubble Sort 32,10000,9061,0.383225
Bubble Sort 32,10000,9062,0.394455
Bubble Sort 32,10000,9063,0.393699
Bubble Sort 32,10000,9064,0.390406
Bubble Sort 32,10000,9065,0.39024
Bubble Sort 32,10000,9066,0.393576
Bubble Sort 32,10000,9067,0.393053
Bubble Sort 32,10000,9068,0.392984
Bubble Sort 32,10000,9069,0.391729
Bubble Sort 32,10000,9070,0.391329
Bubble Sort 32,10000,9071,0.393231
Bubble Sort 32,10000,9072,0.392055
Bubble Sort 32,10000,9073,0.394382
Bubble Sort 32,10000,9074,0.395914
Bubble Sort 32,10000,9075,0.396117
Bubble Sort 32,10000,9076,0.395409
Bubble Sort 32,10000,9077,0.396302
Bubble Sort 32,10000,9078,0.391452
Bubble Sort 32,10000,9079,0.3916
Bubble Sort 32,10000,9080,0.392707
Bubble Sort 32,10000,9081,0.392264
Bubble Sort 32,10000,9082,0.379298
Bubble Sort 32,10000,9083,0.393932
Bubble Sort 32,10000,9084,0.390696
Bubble Sort 32,10000,9085,0.391329
Bubble Sort 32,10000,9086,0.393206
Bubble Sort 32,10000,9087,0.391458
Bubble Sort 32,10000,9088,0.392381
Bubble Sort 32,10000,9089,0.393107
Bubble Sort 32,10000,9090,0.393896
Bubble Sort 32,10000,9091,0.396412
Bubble Sort 32,10000,9092,0.39133
Bubble Sort 32,10000,9093,0.392388
Bubble Sort 32,10000,9094,0.393212
Bubble Sort 32,10000,9095,0.383772
Bubble Sort 32,10000,9096,0.394745
Bubble Sort 32,10000,9097,0.39184
Bubble Sort 32,10000,9098,0.392184
Bubble Sort 32,10000,9099,0.393643
Bubble Sort 32,10000,9100,0.391163
Bubble Sort 32,10000,9101,0.390327
Bubble Sort 32,10000,9102,0.430781
Bubble Sort 32,10000,9103,0.392788
Bubble Sort 32,10000,9104,0.391927
Bubble Sort 32,10000,9105,0.393686
Bubble Sort 32,10000,9106,0.389889
Bubble Sort 32,10000,9107,0.392123
Bubble Sort 32,10000,9108,0.393607
Bubble Sort 32,10000,9109,0.384769
Bubble Sort 32,10000,9110,0.396388
Bubble Sort 32,10000,9111,0.3924
Bubble Sort 32,10000,9112,0.392997
Bubble Sort 32,10000,9113,0.395175
Bubble Sort 32,10000,9114,0.391945
Bubble Sort 32,10000,9115,0.394566
Bubble Sort 32,10000,9116,0.394733
Bubble Sort 32,10000,9117,0.394295
Bubble Sort 32,10000,9118,0.390954
Bubble Sort 32,10000,9119,0.394283
Bubble Sort 32,10000,9120,0.389372
Bubble Sort 32,10000,9121,0.393298
Bubble Sort 32,10000,9122,0.394068
Bubble Sort 32,10000,9123,0.392166
Bubble Sort 32,10000,9124,0.391711
Bubble Sort 32,10000,9125,0.393342
Bubble Sort 32,10000,9126,0.392793
Bubble Sort 32,10000,9127,0.392523
Bubble Sort 32,10000,9128,0.391292
Bubble Sort 32,10000,9129,0.389311
Bubble Sort 32,10000,9130,0.394572
Bubble Sort 32,10000,9131,0.394332
Bubble Sort 32,10000,9132,0.393015
Bubble Sort 32,10000,9133,0.394646
Bubble Sort 32,10000,9134,0.391674
Bubble Sort 32,10000,9135,0.394043
Bubble Sort 32,10000,9136,0.393699
Bubble Sort 32,10000,9137,0.394437
Bubble Sort 32,10000,9138,0.380837
Bubble Sort 32,10000,9139,0.391797
Bubble Sort 32,10000,9140,0.39824
Bubble Sort 32,10000,9141,0.397938
Bubble Sort 32,10000,9142,0.387459
Bubble Sort 32,10000,9143,0.387323
Bubble Sort 32,10000,9144,0.382456
Bubble Sort 32,10000,9145,0.383034
Bubble Sort 32,10000,9146,0.38043
Bubble Sort 32,10000,9147,0.386689
Bubble Sort 32,10000,9148,0.385901
Bubble Sort 32,10000,9149,0.399133
Bubble Sort 32,10000,9150,0.393354
Bubble Sort 32,10000,9151,0.393422
Bubble Sort 32,10000,9152,0.392135
Bubble Sort 32,10000,9153,0.39589
Bubble Sort 32,10000,9154,0.392467
Bubble Sort 32,10000,9155,0.394597
Bubble Sort 32,10000,9156,0.392591
Bubble Sort 32,10000,9157,0.395686
Bubble Sort 32,10000,9158,0.394462
Bubble Sort 32,10000,9159,0.394407
Bubble Sort 32,10000,9160,0.396831
Bubble Sort 32,10000,9161,0.394726
Bubble Sort 32,10000,9162,0.389907
Bubble Sort 32,10000,9163,0.393593
Bubble Sort 32,10000,9164,0.392966
Bubble Sort 32,10000,9165,0.393625
Bubble Sort 32,10000,9166,0.394615
Bubble Sort 32,10000,9167,0.393231
Bubble Sort 32,10000,9168,0.392111
Bubble Sort 32,10000,9169,0.395316
Bubble Sort 32,10000,9170,0.393101
Bubble Sort 32,10000,9171,0.393927
Bubble Sort 32,10000,9172,0.39208
Bubble Sort 32,10000,9173,0.385655
Bubble Sort 32,10000,9174,0.394185
Bubble Sort 32,10000,9175,0.395323
Bubble Sort 32,10000,9176,0.392837
Bubble Sort 32,10000,9177,0.394222
Bubble Sort 32,10000,9178,0.391914
Bubble Sort 32,10000,9179,0.396344
Bubble Sort 32,10000,9180,0.392713
Bubble Sort 32,10000,9181,0.394696
Bubble Sort 32,10000,9182,0.394781
Bubble Sort 32,10000,9183,0.394567
Bubble Sort 32,10000,9184,0.392973
Bubble Sort 32,10000,9185,0.393403
Bubble Sort 32,10000,9186,0.390634
Bubble Sort 32,10000,9187,0.3928
Bubble Sort 32,10000,9188,0.393126
Bubble Sort 32,10000,9189,0.391963
Bubble Sort 32,10000,9190,0.397267
Bubble Sort 32,10000,9191,0.391785
Bubble Sort 32,10000,9192,0.392173
Bubble Sort 32,10000,9193,0.391169
Bubble Sort 32,10000,9194,0.396738
Bubble Sort 32,10000,9195,0.396221
Bubble Sort 32,10000,9196,0.394387
Bubble Sort 32,10000,9197,0.395932
Bubble Sort 32,10000,9198,0.393711
Bubble Sort 32,10000,9199,0.394911
Bubble Sort 32,10000,9200,0.392283
Bubble Sort 32,10000,9201,0.395686
Bubble Sort 32,10000,9202,0.390973
Bubble Sort 32,10000,9203,0.390936
Bubble Sort 32,10000,9204,0.391403
Bubble Sort 32,10000,9205,0.394363
Bubble Sort 32,10000,9206,0.392738
Bubble Sort 32,10000,9207,0.395748
Bubble Sort 32,10000,9208,0.391379
Bubble Sort 32,10000,9209,0.392972
Bubble Sort 32,10000,9210,0.395662
Bubble Sort 32,10000,9211,0.397465
Bubble Sort 32,10000,9212,0.393735
Bubble Sort 32,10000,9213,0.393464
Bubble Sort 32,10000,9214,0.392812
Bubble Sort 32,10000,9215,0.390566
Bubble Sort 32,10000,9216,0.3916
Bubble Sort 32,10000,9217,0.392474
Bubble Sort 32,10000,9218,0.392178
Bubble Sort 32,10000,9219,0.390566
Bubble Sort 32,10000,9220,0.392554
Bubble Sort 32,10000,9221,0.394898
Bubble Sort 32,10000,9222,0.392831
Bubble Sort 32,10000,9223,0.394339
Bubble Sort 32,10000,9224,0.391852
Bubble Sort 32,10000,9225,0.393858
Bubble Sort 32,10000,9226,0.390092
Bubble Sort 32,10000,9227,0.435975
Bubble Sort 32,10000,9228,0.390197
Bubble Sort 32,10000,9229,0.390388
Bubble Sort 32,10000,9230,0.392782
Bubble Sort 32,10000,9231,0.391507
Bubble Sort 32,10000,9232,0.39392
Bubble Sort 32,10000,9233,0.39627
Bubble Sort 32,10000,9234,0.383698
Bubble Sort 32,10000,9235,0.393299
Bubble Sort 32,10000,9236,0.39088
Bubble Sort 32,10000,9237,0.393243
Bubble Sort 32,10000,9238,0.39184
Bubble Sort 32,10000,9239,0.392553
Bubble Sort 32,10000,9240,0.391218
Bubble Sort 32,10000,9241,0.395828
Bubble Sort 32,10000,9242,0.393009
Bubble Sort 32,10000,9243,0.39208
Bubble Sort 32,10000,9244,0.39005
Bubble Sort 32,10000,9245,0.39251
Bubble Sort 32,10000,9246,0.390806
Bubble Sort 32,10000,9247,0.391784
Bubble Sort 32,10000,9248,0.396713
Bubble Sort 32,10000,9249,0.390714
Bubble Sort 32,10000,9250,0.390424
Bubble Sort 32,10000,9251,0.392191
Bubble Sort 32,10000,9252,0.391021
Bubble Sort 32,10000,9253,0.392702
Bubble Sort 32,10000,9254,0.389668
Bubble Sort 32,10000,9255,0.392499
Bubble Sort 32,10000,9256,0.391428
Bubble Sort 32,10000,9257,0.390394
Bubble Sort 32,10000,9258,0.389643
Bubble Sort 32,10000,9259,0.393587
Bubble Sort 32,10000,9260,0.392467
Bubble Sort 32,10000,9261,0.395133
Bubble Sort 32,10000,9262,0.38891
Bubble Sort 32,10000,9263,0.390086
Bubble Sort 32,10000,9264,0.392234
Bubble Sort 32,10000,9265,0.39085
Bubble Sort 32,10000,9266,0.389459
Bubble Sort 32,10000,9267,0.391588
Bubble Sort 32,10000,9268,0.386653
Bubble Sort 32,10000,9269,0.394812
Bubble Sort 32,10000,9270,0.391698
Bubble Sort 32,10000,9271,0.390596
Bubble Sort 32,10000,9272,0.390314
Bubble Sort 32,10000,9273,0.388584
Bubble Sort 32,10000,9274,0.389557
Bubble Sort 32,10000,9275,0.380197
Bubble Sort 32,10000,9276,0.392259
Bubble Sort 32,10000,9277,0.392775
Bubble Sort 32,10000,9278,0.389305
Bubble Sort 32,10000,9279,0.391963
Bubble Sort 32,10000,9280,0.39043
Bubble Sort 32,10000,9281,0.391212
Bubble Sort 32,10000,9282,0.391268
Bubble Sort 32,10000,9283,0.389816
Bubble Sort 32,10000,9284,0.390418
Bubble Sort 32,10000,9285,0.392387
Bubble Sort 32,10000,9286,0.389785
Bubble Sort 32,10000,9287,0.391064
Bubble Sort 32,10000,9288,0.390862
Bubble Sort 32,10000,9289,0.393539
Bubble Sort 32,10000,9290,0.391643
Bubble Sort 32,10000,9291,0.392505
Bubble Sort 32,10000,9292,0.389988
Bubble Sort 32,10000,9293,0.391698
Bubble Sort 32,10000,9294,0.389286
Bubble Sort 32,10000,9295,0.392597
Bubble Sort 32,10000,9296,0.39189
Bubble Sort 32,10000,9297,0.392683
Bubble Sort 32,10000,9298,0.39104
Bubble Sort 32,10000,9299,0.390203
Bubble Sort 32,10000,9300,0.389772
Bubble Sort 32,10000,9301,0.394117
Bubble Sort 32,10000,9302,0.39253
Bubble Sort 32,10000,9303,0.394123
Bubble Sort 32,10000,9304,0.39011
Bubble Sort 32,10000,9305,0.393255
Bubble Sort 32,10000,9306,0.389261
Bubble Sort 32,10000,9307,0.390529
Bubble Sort 32,10000,9308,0.389508
Bubble Sort 32,10000,9309,0.389009
Bubble Sort 32,10000,9310,0.392216
Bubble Sort 32,10000,9311,0.390393
Bubble Sort 32,10000,9312,0.391876
Bubble Sort 32,10000,9313,0.391902
Bubble Sort 32,10000,9314,0.392037
Bubble Sort 32,10000,9315,0.392713
Bubble Sort 32,10000,9316,0.379397
Bubble Sort 32,10000,9317,0.391858
Bubble Sort 32,10000,9318,0.39136
Bubble Sort 32,10000,9319,0.391532
Bubble Sort 32,10000,9320,0.392252
Bubble Sort 32,10000,9321,0.392837
Bubble Sort 32,10000,9322,0.391366
Bubble Sort 32,10000,9323,0.393268
Bubble Sort 32,10000,9324,0.390782
Bubble Sort 32,10000,9325,0.391138
Bubble Sort 32,10000,9326,0.393194
Bubble Sort 32,10000,9327,0.390548
Bubble Sort 32,10000,9328,0.390579
Bubble Sort 32,10000,9329,0.392566
Bubble Sort 32,10000,9330,0.392628
Bubble Sort 32,10000,9331,0.390327
Bubble Sort 32,10000,9332,0.391981
Bubble Sort 32,10000,9333,0.39352
Bubble Sort 32,10000,9334,0.391692
Bubble Sort 32,10000,9335,0.389496
Bubble Sort 32,10000,9336,0.391569
Bubble Sort 32,10000,9337,0.394166
Bubble Sort 32,10000,9338,0.392818
Bubble Sort 32,10000,9339,0.392609
Bubble Sort 32,10000,9340,0.394702
Bubble Sort 32,10000,9341,0.390997
Bubble Sort 32,10000,9342,0.392812
Bubble Sort 32,10000,9343,0.382781
Bubble Sort 32,10000,9344,0.391612
Bubble Sort 32,10000,9345,0.393655
Bubble Sort 32,10000,9346,0.390172
Bubble Sort 32,10000,9347,0.391754
Bubble Sort 32,10000,9348,0.389766
Bubble Sort 32,10000,9349,0.396603
Bubble Sort 32,10000,9350,0.378905
Bubble Sort 32,10000,9351,0.391742
Bubble Sort 32,10000,9352,0.389711
Bubble Sort 32,10000,9353,0.391231
Bubble Sort 32,10000,9354,0.390012
Bubble Sort 32,10000,9355,0.391994
Bubble Sort 32,10000,9356,0.390012
Bubble Sort 32,10000,9357,0.392874
Bubble Sort 32,10000,9358,0.391317
Bubble Sort 32,10000,9359,0.390313
Bubble Sort 32,10000,9360,0.390394
Bubble Sort 32,10000,9361,0.395034
Bubble Sort 32,10000,9362,0.390061
Bubble Sort 32,10000,9363,0.392467
Bubble Sort 32,10000,9364,0.390167
Bubble Sort 32,10000,9365,0.392307
Bubble Sort 32,10000,9366,0.3932
Bubble Sort 32,10000,9367,0.390504
Bubble Sort 32,10000,9368,0.390769
Bubble Sort 32,10000,9369,0.391785
Bubble Sort 32,10000,9370,0.38944
Bubble Sort 32,10000,9371,0.388831
Bubble Sort 32,10000,9372,0.393194
Bubble Sort 32,10000,9373,0.390985
Bubble Sort 32,10000,9374,0.392695
Bubble Sort 32,10000,9375,0.391403
Bubble Sort 32,10000,9376,0.392277
Bubble Sort 32,10000,9377,0.390013
Bubble Sort 32,10000,9378,0.389828
Bubble Sort 32,10000,9379,0.392948
Bubble Sort 32,10000,9380,0.392
Bubble Sort 32,10000,9381,0.393502
Bubble Sort 32,10000,9382,0.390185
Bubble Sort 32,10000,9383,0.392683
Bubble Sort 32,10000,9384,0.380917
Bubble Sort 32,10000,9385,0.390677
Bubble Sort 32,10000,9386,0.389298
Bubble Sort 32,10000,9387,0.391539
Bubble Sort 32,10000,9388,0.391102
Bubble Sort 32,10000,9389,0.388855
Bubble Sort 32,10000,9390,0.389317
Bubble Sort 32,10000,9391,0.393225
Bubble Sort 32,10000,9392,0.391169
Bubble Sort 32,10000,9393,0.390824
Bubble Sort 32,10000,9394,0.389507
Bubble Sort 32,10000,9395,0.391815
Bubble Sort 32,10000,9396,0.390437
Bubble Sort 32,10000,9397,0.39216
Bubble Sort 32,10000,9398,0.390991
Bubble Sort 32,10000,9399,0.389889
Bubble Sort 32,10000,9400,0.391305
Bubble Sort 32,10000,9401,0.392917
Bubble Sort 32,10000,9402,0.389723
Bubble Sort 32,10000,9403,0.390228
Bubble Sort 32,10000,9404,0.393563
Bubble Sort 32,10000,9405,0.393151
Bubble Sort 32,10000,9406,0.387957
Bubble Sort 32,10000,9407,0.392905
Bubble Sort 32,10000,9408,0.391311
Bubble Sort 32,10000,9409,0.389896
Bubble Sort 32,10000,9410,0.388381
Bubble Sort 32,10000,9411,0.393618
Bubble Sort 32,10000,9412,0.389784
Bubble Sort 32,10000,9413,0.393606
Bubble Sort 32,10000,9414,0.390517
Bubble Sort 32,10000,9415,0.39
Bubble Sort 32,10000,9416,0.38856
Bubble Sort 32,10000,9417,0.390474
Bubble Sort 32,10000,9418,0.437391
Bubble Sort 32,10000,9419,0.392677
Bubble Sort 32,10000,9420,0.390775
Bubble Sort 32,10000,9421,0.390068
Bubble Sort 32,10000,9422,0.393231
Bubble Sort 32,10000,9423,0.391268
Bubble Sort 32,10000,9424,0.391963
Bubble Sort 32,10000,9425,0.379053
Bubble Sort 32,10000,9426,0.388351
Bubble Sort 32,10000,9427,0.392634
Bubble Sort 32,10000,9428,0.389625
Bubble Sort 32,10000,9429,0.391348
Bubble Sort 32,10000,9430,0.391391
Bubble Sort 32,10000,9431,0.391594
Bubble Sort 32,10000,9432,0.391489
Bubble Sort 32,10000,9433,0.39184
Bubble Sort 32,10000,9434,0.390597
Bubble Sort 32,10000,9435,0.39352
Bubble Sort 32,10000,9436,0.392234
Bubble Sort 32,10000,9437,0.39152
Bubble Sort 32,10000,9438,0.389994
Bubble Sort 32,10000,9439,0.390923
Bubble Sort 32,10000,9440,0.393403
Bubble Sort 32,10000,9441,0.393987
Bubble Sort 32,10000,9442,0.390517
Bubble Sort 32,10000,9443,0.390437
Bubble Sort 32,10000,9444,0.391353
Bubble Sort 32,10000,9445,0.392086
Bubble Sort 32,10000,9446,0.3936
Bubble Sort 32,10000,9447,0.392228
Bubble Sort 32,10000,9448,0.390886
Bubble Sort 32,10000,9449,0.393065
Bubble Sort 32,10000,9450,0.39232
Bubble Sort 32,10000,9451,0.38968
Bubble Sort 32,10000,9452,0.389951
Bubble Sort 32,10000,9453,0.391852
Bubble Sort 32,10000,9454,0.389661
Bubble Sort 32,10000,9455,0.392873
Bubble Sort 32,10000,9456,0.391613
Bubble Sort 32,10000,9457,0.393477
Bubble Sort 32,10000,9458,0.392566
Bubble Sort 32,10000,9459,0.379022
Bubble Sort 32,10000,9460,0.391557
Bubble Sort 32,10000,9461,0.392849
Bubble Sort 32,10000,9462,0.389163
Bubble Sort 32,10000,9463,0.391582
Bubble Sort 32,10000,9464,0.39053
Bubble Sort 32,10000,9465,0.395797
Bubble Sort 32,10000,9466,0.39776
Bubble Sort 32,10000,9467,0.391699
Bubble Sort 32,10000,9468,0.390031
Bubble Sort 32,10000,9469,0.391224
Bubble Sort 32,10000,9470,0.389741
Bubble Sort 32,10000,9471,0.393458
Bubble Sort 32,10000,9472,0.391028
Bubble Sort 32,10000,9473,0.39389
Bubble Sort 32,10000,9474,0.392677
Bubble Sort 32,10000,9475,0.388966
Bubble Sort 32,10000,9476,0.393059
Bubble Sort 32,10000,9477,0.391378
Bubble Sort 32,10000,9478,0.390732
Bubble Sort 32,10000,9479,0.389188
Bubble Sort 32,10000,9480,0.390647
Bubble Sort 32,10000,9481,0.389828
Bubble Sort 32,10000,9482,0.391126
Bubble Sort 32,10000,9483,0.390732
Bubble Sort 32,10000,9484,0.390603
Bubble Sort 32,10000,9485,0.388615
Bubble Sort 32,10000,9486,0.391193
Bubble Sort 32,10000,9487,0.391655
Bubble Sort 32,10000,9488,0.392086
Bubble Sort 32,10000,9489,0.390221
Bubble Sort 32,10000,9490,0.387964
Bubble Sort 32,10000,9491,0.38995
Bubble Sort 32,10000,9492,0.389003
Bubble Sort 32,10000,9493,0.379169
Bubble Sort 32,10000,9494,0.391907
Bubble Sort 32,10000,9495,0.38933
Bubble Sort 32,10000,9496,0.389028
Bubble Sort 32,10000,9497,0.391453
Bubble Sort 32,10000,9498,0.392135
Bubble Sort 32,10000,9499,0.390886
Bubble Sort 32,10000,9500,0.39824
Bubble Sort 32,10000,9501,0.389994
Bubble Sort 32,10000,9502,0.390154
Bubble Sort 32,10000,9503,0.391729
Bubble Sort 32,10000,9504,0.390068
Bubble Sort 32,10000,9505,0.391858
Bubble Sort 32,10000,9506,0.393421
Bubble Sort 32,10000,9507,0.39176
Bubble Sort 32,10000,9508,0.390271
Bubble Sort 32,10000,9509,0.3936
Bubble Sort 32,10000,9510,0.388289
Bubble Sort 32,10000,9511,0.391347
Bubble Sort 32,10000,9512,0.38968
Bubble Sort 32,10000,9513,0.391901
Bubble Sort 32,10000,9514,0.393526
Bubble Sort 32,10000,9515,0.391692
Bubble Sort 32,10000,9516,0.391396
Bubble Sort 32,10000,9517,0.391083
Bubble Sort 32,10000,9518,0.39056
Bubble Sort 32,10000,9519,0.395249
Bubble Sort 32,10000,9520,0.389311
Bubble Sort 32,10000,9521,0.39224
Bubble Sort 32,10000,9522,0.391933
Bubble Sort 32,10000,9523,0.391261
Bubble Sort 32,10000,9524,0.388861
Bubble Sort 32,10000,9525,0.390062
Bubble Sort 32,10000,9526,0.390326
Bubble Sort 32,10000,9527,0.398788
Bubble Sort 32,10000,9528,0.390935
Bubble Sort 32,10000,9529,0.389711
Bubble Sort 32,10000,9530,0.393434
Bubble Sort 32,10000,9531,0.393028
Bubble Sort 32,10000,9532,0.390898
Bubble Sort 32,10000,9533,0.39011
Bubble Sort 32,10000,9534,0.392812
Bubble Sort 32,10000,9535,0.391723
Bubble Sort 32,10000,9536,0.389127
Bubble Sort 32,10000,9537,0.391747
Bubble Sort 32,10000,9538,0.391354
Bubble Sort 32,10000,9539,0.389212
Bubble Sort 32,10000,9540,0.390357
Bubble Sort 32,10000,9541,0.391341
Bubble Sort 32,10000,9542,0.389951
Bubble Sort 32,10000,9543,0.391336
Bubble Sort 32,10000,9544,0.391926
Bubble Sort 32,10000,9545,0.393347
Bubble Sort 32,10000,9546,0.389674
Bubble Sort 32,10000,9547,0.389711
Bubble Sort 32,10000,9548,0.391803
Bubble Sort 32,10000,9549,0.392634
Bubble Sort 32,10000,9550,0.389286
Bubble Sort 32,10000,9551,0.39032
Bubble Sort 32,10000,9552,0.38971
Bubble Sort 32,10000,9553,0.391415
Bubble Sort 32,10000,9554,0.393723
Bubble Sort 32,10000,9555,0.392886
Bubble Sort 32,10000,9556,0.387846
Bubble Sort 32,10000,9557,0.391951
Bubble Sort 32,10000,9558,0.390831
Bubble Sort 32,10000,9559,0.3884
Bubble Sort 32,10000,9560,0.389225
Bubble Sort 32,10000,9561,0.392751
Bubble Sort 32,10000,9562,0.392874
Bubble Sort 32,10000,9563,0.39224
Bubble Sort 32,10000,9564,0.390431
Bubble Sort 32,10000,9565,0.393378
Bubble Sort 32,10000,9566,0.388695
Bubble Sort 32,10000,9567,0.394104
Bubble Sort 32,10000,9568,0.376973
Bubble Sort 32,10000,9569,0.392769
Bubble Sort 32,10000,9570,0.388339
Bubble Sort 32,10000,9571,0.392652
Bubble Sort 32,10000,9572,0.389453
Bubble Sort 32,10000,9573,0.390326
Bubble Sort 32,10000,9574,0.390191
Bubble Sort 32,10000,9575,0.39123
Bubble Sort 32,10000,9576,0.388462
Bubble Sort 32,10000,9577,0.389255
Bubble Sort 32,10000,9578,0.390037
Bubble Sort 32,10000,9579,0.388418
Bubble Sort 32,10000,9580,0.387052
Bubble Sort 32,10000,9581,0.391157
Bubble Sort 32,10000,9582,0.391163
Bubble Sort 32,10000,9583,0.39085
Bubble Sort 32,10000,9584,0.388345
Bubble Sort 32,10000,9585,0.391797
Bubble Sort 32,10000,9586,0.388424
Bubble Sort 32,10000,9587,0.389828
Bubble Sort 32,10000,9588,0.393821
Bubble Sort 32,10000,9589,0.389963
Bubble Sort 32,10000,9590,0.389305
Bubble Sort 32,10000,9591,0.394018
Bubble Sort 32,10000,9592,0.392061
Bubble Sort 32,10000,9593,0.392043
Bubble Sort 32,10000,9594,0.393126
Bubble Sort 32,10000,9595,0.392184
Bubble Sort 32,10000,9596,0.391736
Bubble Sort 32,10000,9597,0.39256
Bubble Sort 32,10000,9598,0.39048
Bubble Sort 32,10000,9599,0.391544
Bubble Sort 32,10000,9600,0.390616
Bubble Sort 32,10000,9601,0.391569
Bubble Sort 32,10000,9602,0.40253
Bubble Sort 32,10000,9603,0.392258
Bubble Sort 32,10000,9604,0.39064
Bubble Sort 32,10000,9605,0.388794
Bubble Sort 32,10000,9606,0.390597
Bubble Sort 32,10000,9607,0.389963
Bubble Sort 32,10000,9608,0.390991
Bubble Sort 32,10000,9609,0.380738
Bubble Sort 32,10000,9610,0.392313
Bubble Sort 32,10000,9611,0.389723
Bubble Sort 32,10000,9612,0.390394
Bubble Sort 32,10000,9613,0.389089
Bubble Sort 32,10000,9614,0.391016
Bubble Sort 32,10000,9615,0.390597
Bubble Sort 32,10000,9616,0.391372
Bubble Sort 32,10000,9617,0.391803
Bubble Sort 32,10000,9618,0.391539
Bubble Sort 32,10000,9619,0.391594
Bubble Sort 32,10000,9620,0.390209
Bubble Sort 32,10000,9621,0.392591
Bubble Sort 32,10000,9622,0.389724
Bubble Sort 32,10000,9623,0.392196
Bubble Sort 32,10000,9624,0.391138
Bubble Sort 32,10000,9625,0.391908
Bubble Sort 32,10000,9626,0.388966
Bubble Sort 32,10000,9627,0.392708
Bubble Sort 32,10000,9628,0.39016
Bubble Sort 32,10000,9629,0.392049
Bubble Sort 32,10000,9630,0.391809
Bubble Sort 32,10000,9631,0.392837
Bubble Sort 32,10000,9632,0.391581
Bubble Sort 32,10000,9633,0.390714
Bubble Sort 32,10000,9634,0.390942
Bubble Sort 32,10000,9635,0.391563
Bubble Sort 32,10000,9636,0.386394
Bubble Sort 32,10000,9637,0.391452
Bubble Sort 32,10000,9638,0.3908
Bubble Sort 32,10000,9639,0.391766
Bubble Sort 32,10000,9640,0.387588
Bubble Sort 32,10000,9641,0.392664
Bubble Sort 32,10000,9642,0.390474
Bubble Sort 32,10000,9643,0.384733
Bubble Sort 32,10000,9644,0.390868
Bubble Sort 32,10000,9645,0.392609
Bubble Sort 32,10000,9646,0.391409
Bubble Sort 32,10000,9647,0.389926
Bubble Sort 32,10000,9648,0.389662
Bubble Sort 32,10000,9649,0.393249
Bubble Sort 32,10000,9650,0.398825
Bubble Sort 32,10000,9651,0.390455
Bubble Sort 32,10000,9652,0.389169
Bubble Sort 32,10000,9653,0.390597
Bubble Sort 32,10000,9654,0.390775
Bubble Sort 32,10000,9655,0.391286
Bubble Sort 32,10000,9656,0.391932
Bubble Sort 32,10000,9657,0.393243
Bubble Sort 32,10000,9658,0.390154
Bubble Sort 32,10000,9659,0.3924
Bubble Sort 32,10000,9660,0.391446
Bubble Sort 32,10000,9661,0.392849
Bubble Sort 32,10000,9662,0.391668
Bubble Sort 32,10000,9663,0.39109
Bubble Sort 32,10000,9664,0.390683
Bubble Sort 32,10000,9665,0.38976
Bubble Sort 32,10000,9666,0.391735
Bubble Sort 32,10000,9667,0.392296
Bubble Sort 32,10000,9668,0.390025
Bubble Sort 32,10000,9669,0.397864
Bubble Sort 32,10000,9670,0.390683
Bubble Sort 32,10000,9671,0.393612
Bubble Sort 32,10000,9672,0.391766
Bubble Sort 32,10000,9673,0.391594
Bubble Sort 32,10000,9674,0.392757
Bubble Sort 32,10000,9675,0.392541
Bubble Sort 32,10000,9676,0.391889
Bubble Sort 32,10000,9677,0.38176
Bubble Sort 32,10000,9678,0.391182
Bubble Sort 32,10000,9679,0.391532
Bubble Sort 32,10000,9680,0.391268
Bubble Sort 32,10000,9681,0.392726
Bubble Sort 32,10000,9682,0.39104
Bubble Sort 32,10000,9683,0.39024
Bubble Sort 32,10000,9684,0.397027
Bubble Sort 32,10000,9685,0.392579
Bubble Sort 32,10000,9686,0.393403
Bubble Sort 32,10000,9687,0.392265
Bubble Sort 32,10000,9688,0.391624
Bubble Sort 32,10000,9689,0.392271
Bubble Sort 32,10000,9690,0.392505
Bubble Sort 32,10000,9691,0.392862
Bubble Sort 32,10000,9692,0.391489
Bubble Sort 32,10000,9693,0.390794
Bubble Sort 32,10000,9694,0.389889
Bubble Sort 32,10000,9695,0.38973
Bubble Sort 32,10000,9696,0.39075
Bubble Sort 32,10000,9697,0.391212
Bubble Sort 32,10000,9698,0.392609
Bubble Sort 32,10000,9699,0.390062
Bubble Sort 32,10000,9700,0.391114
Bubble Sort 32,10000,9701,0.390923
Bubble Sort 32,10000,9702,0.391736
Bubble Sort 32,10000,9703,0.391526
Bubble Sort 32,10000,9704,0.391427
Bubble Sort 32,10000,9705,0.393526
Bubble Sort 32,10000,9706,0.38979
Bubble Sort 32,10000,9707,0.390991
Bubble Sort 32,10000,9708,0.392547
Bubble Sort 32,10000,9709,0.391139
Bubble Sort 32,10000,9710,0.388874
Bubble Sort 32,10000,9711,0.390357
Bubble Sort 32,10000,9712,0.391569
Bubble Sort 32,10000,9713,0.394087
Bubble Sort 32,10000,9714,0.390849
Bubble Sort 32,10000,9715,0.391631
Bubble Sort 32,10000,9716,0.389194
Bubble Sort 32,10000,9717,0.391095
Bubble Sort 32,10000,9718,0.381373
Bubble Sort 32,10000,9719,0.393219
Bubble Sort 32,10000,9720,0.39296
Bubble Sort 32,10000,9721,0.392751
Bubble Sort 32,10000,9722,0.391846
Bubble Sort 32,10000,9723,0.391723
Bubble Sort 32,10000,9724,0.392997
Bubble Sort 32,10000,9725,0.39248
Bubble Sort 32,10000,9726,0.394308
Bubble Sort 32,10000,9727,0.391181
Bubble Sort 32,10000,9728,0.392609
Bubble Sort 32,10000,9729,0.391901
Bubble Sort 32,10000,9730,0.391791
Bubble Sort 32,10000,9731,0.392056
Bubble Sort 32,10000,9732,0.392941
Bubble Sort 32,10000,9733,0.395551
Bubble Sort 32,10000,9734,0.391114
Bubble Sort 32,10000,9735,0.390812
Bubble Sort 32,10000,9736,0.390824
Bubble Sort 32,10000,9737,0.392326
Bubble Sort 32,10000,9738,0.392769
Bubble Sort 32,10000,9739,0.395163
Bubble Sort 32,10000,9740,0.393458
Bubble Sort 32,10000,9741,0.392763
Bubble Sort 32,10000,9742,0.391003
Bubble Sort 32,10000,9743,0.392357
Bubble Sort 32,10000,9744,0.390019
Bubble Sort 32,10000,9745,0.402726
Bubble Sort 32,10000,9746,0.39053
Bubble Sort 32,10000,9747,0.390147
Bubble Sort 32,10000,9748,0.389945
Bubble Sort 32,10000,9749,0.391347
Bubble Sort 32,10000,9750,0.391471
Bubble Sort 32,10000,9751,0.391501
Bubble Sort 32,10000,9752,0.378929
Bubble Sort 32,10000,9753,0.391643
Bubble Sort 32,10000,9754,0.392074
Bubble Sort 32,10000,9755,0.392548
Bubble Sort 32,10000,9756,0.393513
Bubble Sort 32,10000,9757,0.392296
Bubble Sort 32,10000,9758,0.390203
Bubble Sort 32,10000,9759,0.392
Bubble Sort 32,10000,9760,0.393945
Bubble Sort 32,10000,9761,0.391538
Bubble Sort 32,10000,9762,0.391772
Bubble Sort 32,10000,9763,0.391169
Bubble Sort 32,10000,9764,0.390394
Bubble Sort 32,10000,9765,0.392148
Bubble Sort 32,10000,9766,0.393218
Bubble Sort 32,10000,9767,0.39272
Bubble Sort 32,10000,9768,0.389139
Bubble Sort 32,10000,9769,0.390671
Bubble Sort 32,10000,9770,0.391717
Bubble Sort 32,10000,9771,0.393582
Bubble Sort 32,10000,9772,0.391311
Bubble Sort 32,10000,9773,0.391385
Bubble Sort 32,10000,9774,0.394283
Bubble Sort 32,10000,9775,0.39213
Bubble Sort 32,10000,9776,0.391772
Bubble Sort 32,10000,9777,0.391557
Bubble Sort 32,10000,9778,0.389735
Bubble Sort 32,10000,9779,0.392745
Bubble Sort 32,10000,9780,0.388935
Bubble Sort 32,10000,9781,0.394031
Bubble Sort 32,10000,9782,0.391274
Bubble Sort 32,10000,9783,0.390892
Bubble Sort 32,10000,9784,0.391575
Bubble Sort 32,10000,9785,0.390289
Bubble Sort 32,10000,9786,0.380024
Bubble Sort 32,10000,9787,0.391427
Bubble Sort 32,10000,9788,0.389945
Bubble Sort 32,10000,9789,0.38819
Bubble Sort 32,10000,9790,0.391766
Bubble Sort 32,10000,9791,0.389828
Bubble Sort 32,10000,9792,0.38968
Bubble Sort 32,10000,9793,0.389951
Bubble Sort 32,10000,9794,0.390036
Bubble Sort 32,10000,9795,0.391723
Bubble Sort 32,10000,9796,0.390179
Bubble Sort 32,10000,9797,0.391735
Bubble Sort 32,10000,9798,0.388751
Bubble Sort 32,10000,9799,0.391176
Bubble Sort 32,10000,9800,0.388394
Bubble Sort 32,10000,9801,0.390622
Bubble Sort 32,10000,9802,0.393305
Bubble Sort 32,10000,9803,0.390456
Bubble Sort 32,10000,9804,0.388123
Bubble Sort 32,10000,9805,0.391649
Bubble Sort 32,10000,9806,0.391748
Bubble Sort 32,10000,9807,0.392166
Bubble Sort 32,10000,9808,0.392037
Bubble Sort 32,10000,9809,0.390794
Bubble Sort 32,10000,9810,0.390456
Bubble Sort 32,10000,9811,0.39088
Bubble Sort 32,10000,9812,0.391304
Bubble Sort 32,10000,9813,0.392566
Bubble Sort 32,10000,9814,0.390277
Bubble Sort 32,10000,9815,0.39208
Bubble Sort 32,10000,9816,0.390049
Bubble Sort 32,10000,9817,0.389871
Bubble Sort 32,10000,9818,0.390129
Bubble Sort 32,10000,9819,0.390517
Bubble Sort 32,10000,9820,0.42376
Bubble Sort 32,10000,9821,0.389459
Bubble Sort 32,10000,9822,0.389495
Bubble Sort 32,10000,9823,0.390345
Bubble Sort 32,10000,9824,0.392856
Bubble Sort 32,10000,9825,0.389809
Bubble Sort 32,10000,9826,0.391754
Bubble Sort 32,10000,9827,0.393926
Bubble Sort 32,10000,9828,0.3908
Bubble Sort 32,10000,9829,0.393397
Bubble Sort 32,10000,9830,0.392904
Bubble Sort 32,10000,9831,0.392714
Bubble Sort 32,10000,9832,0.392837
Bubble Sort 32,10000,9833,0.391157
Bubble Sort 32,10000,9834,0.391256
Bubble Sort 32,10000,9835,0.394018
Bubble Sort 32,10000,9836,0.390757
Bubble Sort 32,10000,9837,0.393717
Bubble Sort 32,10000,9838,0.390154
Bubble Sort 32,10000,9839,0.392197
Bubble Sort 32,10000,9840,0.390178
Bubble Sort 32,10000,9841,0.393662
Bubble Sort 32,10000,9842,0.389373
Bubble Sort 32,10000,9843,0.391391
Bubble Sort 32,10000,9844,0.390979
Bubble Sort 32,10000,9845,0.390646
Bubble Sort 32,10000,9846,0.394049
Bubble Sort 32,10000,9847,0.393132
Bubble Sort 32,10000,9848,0.394049
Bubble Sort 32,10000,9849,0.392701
Bubble Sort 32,10000,9850,0.391797
Bubble Sort 32,10000,9851,0.389354
Bubble Sort 32,10000,9852,0.391453
Bubble Sort 32,10000,9853,0.391698
Bubble Sort 32,10000,9854,0.380247
Bubble Sort 32,10000,9855,0.388831
Bubble Sort 32,10000,9856,0.389908
Bubble Sort 32,10000,9857,0.390468
Bubble Sort 32,10000,9858,0.386812
Bubble Sort 32,10000,9859,0.38875
Bubble Sort 32,10000,9860,0.390363
Bubble Sort 32,10000,9861,0.376954
Bubble Sort 32,10000,9862,0.389526
Bubble Sort 32,10000,9863,0.388505
Bubble Sort 32,10000,9864,0.390185
Bubble Sort 32,10000,9865,0.38912
Bubble Sort 32,10000,9866,0.386529
Bubble Sort 32,10000,9867,0.388634
Bubble Sort 32,10000,9868,0.392173
Bubble Sort 32,10000,9869,0.389212
Bubble Sort 32,10000,9870,0.388449
Bubble Sort 32,10000,9871,0.391846
Bubble Sort 32,10000,9872,0.389699
Bubble Sort 32,10000,9873,0.387852
Bubble Sort 32,10000,9874,0.389027
Bubble Sort 32,10000,9875,0.39104
Bubble Sort 32,10000,9876,0.389883
Bubble Sort 32,10000,9877,0.390733
Bubble Sort 32,10000,9878,0.389304
Bubble Sort 32,10000,9879,0.388425
Bubble Sort 32,10000,9880,0.388498
Bubble Sort 32,10000,9881,0.390634
Bubble Sort 32,10000,9882,0.38917
Bubble Sort 32,10000,9883,0.388492
Bubble Sort 32,10000,9884,0.388954
Bubble Sort 32,10000,9885,0.389569
Bubble Sort 32,10000,9886,0.391828
Bubble Sort 32,10000,9887,0.389299
Bubble Sort 32,10000,9888,0.387975
Bubble Sort 32,10000,9889,0.38795
Bubble Sort 32,10000,9890,0.390609
Bubble Sort 32,10000,9891,0.388339
Bubble Sort 32,10000,9892,0.389544
Bubble Sort 32,10000,9893,0.389618
Bubble Sort 32,10000,9894,0.388449
Bubble Sort 32,10000,9895,0.39208
Bubble Sort 32,10000,9896,0.389367
Bubble Sort 32,10000,9897,0.390806
Bubble Sort 32,10000,9898,0.390013
Bubble Sort 32,10000,9899,0.391963
Bubble Sort 32,10000,9900,0.389465
Bubble Sort 32,10000,9901,0.391852
Bubble Sort 32,10000,9902,0.386775
Bubble Sort 32,10000,9903,0.390086
Bubble Sort 32,10000,9904,0.389059
Bubble Sort 32,10000,9905,0.391299
Bubble Sort 32,10000,9906,0.389994
Bubble Sort 32,10000,9907,0.38632
Bubble Sort 32,10000,9908,0.390413
Bubble Sort 32,10000,9909,0.391187
Bubble Sort 32,10000,9910,0.389126
Bubble Sort 32,10000,9911,0.391747
Bubble Sort 32,10000,9912,0.38931
Bubble Sort 32,10000,9913,0.391852
Bubble Sort 32,10000,9914,0.38947
Bubble Sort 32,10000,9915,0.39005
Bubble Sort 32,10000,9916,0.390836
Bubble Sort 32,10000,9917,0.390123
Bubble Sort 32,10000,9918,0.390308
Bubble Sort 32,10000,9919,0.389034
Bubble Sort 32,10000,9920,0.390203
Bubble Sort 32,10000,9921,0.388284
Bubble Sort 32,10000,9922,0.389114
Bubble Sort 32,10000,9923,0.391231
Bubble Sort 32,10000,9924,0.387403
Bubble Sort 32,10000,9925,0.388394
Bubble Sort 32,10000,9926,0.389717
Bubble Sort 32,10000,9927,0.391132
Bubble Sort 32,10000,9928,0.390302
Bubble Sort 32,10000,9929,0.391754
Bubble Sort 32,10000,9930,0.392905
Bubble Sort 32,10000,9931,0.391139
Bubble Sort 32,10000,9932,0.38899
Bubble Sort 32,10000,9933,0.391384
Bubble Sort 32,10000,9934,0.39328
Bubble Sort 32,10000,9935,0.39144
Bubble Sort 32,10000,9936,0.391526
Bubble Sort 32,10000,9937,0.389513
Bubble Sort 32,10000,9938,0.390314
Bubble Sort 32,10000,9939,0.389902
Bubble Sort 32,10000,9940,0.389157
Bubble Sort 32,10000,9941,0.38864
Bubble Sort 32,10000,9942,0.388234
Bubble Sort 32,10000,9943,0.379908
Bubble Sort 32,10000,9944,0.392701
Bubble Sort 32,10000,9945,0.390074
Bubble Sort 32,10000,9946,0.390837
Bubble Sort 32,10000,9947,0.388172
Bubble Sort 32,10000,9948,0.39304
Bubble Sort 32,10000,9949,0.388018
Bubble Sort 32,10000,9950,0.415298
Bubble Sort 32,10000,9951,0.390308
Bubble Sort 32,10000,9952,0.390376
Bubble Sort 32,10000,9953,0.389034
Bubble Sort 32,10000,9954,0.389108
Bubble Sort 32,10000,9955,0.389347
Bubble Sort 32,10000,9956,0.389421
Bubble Sort 32,10000,9957,0.389496
Bubble Sort 32,10000,9958,0.388825
Bubble Sort 32,10000,9959,0.39101
Bubble Sort 32,10000,9960,0.390763
Bubble Sort 32,10000,9961,0.388806
Bubble Sort 32,10000,9962,0.38893
Bubble Sort 32,10000,9963,0.390215
Bubble Sort 32,10000,9964,0.390437
Bubble Sort 32,10000,9965,0.388604
Bubble Sort 32,10000,9966,0.390283
Bubble Sort 32,10000,9967,0.389409
Bubble Sort 32,10000,9968,0.390658
Bubble Sort 32,10000,9969,0.389649
Bubble Sort 32,10000,9970,0.387957
Bubble Sort 32,10000,9971,0.391483
Bubble Sort 32,10000,9972,0.391255
Bubble Sort 32,10000,9973,0.388443
Bubble Sort 32,10000,9974,0.38936
Bubble Sort 32,10000,9975,0.392147
Bubble Sort 32,10000,9976,0.390154
Bubble Sort 32,10000,9977,0.397144
Bubble Sort 32,10000,9978,0.389877
Bubble Sort 32,10000,9979,0.391717
Bubble Sort 32,10000,9980,0.393268
Bubble Sort 32,10000,9981,0.391877
Bubble Sort 32,10000,9982,0.387434
Bubble Sort 32,10000,9983,0.392191
Bubble Sort 32,10000,9984,0.379926
Bubble Sort 32,10000,9985,0.391539
Bubble Sort 32,10000,9986,0.391723
Bubble Sort 32,10000,9987,0.392172
Bubble Sort 32,10000,9988,0.38901
Bubble Sort 32,10000,9989,0.393545
Bubble Sort 32,10000,9990,0.388197
Bubble Sort 32,10000,9991,0.39416
Bubble Sort 32,10000,9992,0.386941
Bubble Sort 32,10000,9993,0.391421
Bubble Sort 32,10000,9994,0.390148
Bubble Sort 32,10000,9995,0.391348
Bubble Sort 32,10000,9996,0.387624
Bubble Sort 32,10000,9997,0.390467
Bubble Sort 32,10000,9998,0.388775
Bubble Sort 32,10000,9999,0.388567
Bubble Sort 32,10000,10000,0.390363
Arithmetic 32,100,1,0.057945
Arithmetic 32,100,2,0.054499
Arithmetic 32,100,3,0.05501
Arithmetic 32,100,4,0.106781
Arithmetic 32,100,5,0.055157
Arithmetic 32,100,6,0.054265
Arithmetic 32,100,7,0.053846
Arithmetic 32,100,8,0.054227
Arithmetic 32,100,9,0.053735
Arithmetic 32,100,10,0.054462
Arithmetic 32,100,11,0.054727
Arithmetic 32,100,12,0.053631
Arithmetic 32,100,13,0.055151
Arithmetic 32,100,14,0.054498
Arithmetic 32,100,15,0.05368
Arithmetic 32,100,16,0.052843
Arithmetic 32,100,17,0.05488
Arithmetic 32,100,18,0.0536
Arithmetic 32,100,19,0.054222
Arithmetic 32,100,20,0.05392
Arithmetic 32,100,21,0.054862
Arithmetic 32,100,22,0.053945
Arithmetic 32,100,23,0.054413
Arithmetic 32,100,24,0.055003
Arithmetic 32,100,25,0.05456
Arithmetic 32,100,26,0.054283
Arithmetic 32,100,27,0.055009
Arithmetic 32,100,28,0.054905
Arithmetic 32,100,29,0.0544
Arithmetic 32,100,30,0.055587
Arithmetic 32,100,31,0.056166
Arithmetic 32,100,32,0.053058
Arithmetic 32,100,33,0.055169
Arithmetic 32,100,34,0.053847
Arithmetic 32,100,35,0.05373
Arithmetic 32,100,36,0.05347
Arithmetic 32,100,37,0.054381
Arithmetic 32,100,38,0.053133
Arithmetic 32,100,39,0.054745
Arithmetic 32,100,40,0.054129
Arithmetic 32,100,41,0.054529
Arithmetic 32,100,42,0.054006
Arithmetic 32,100,43,0.054677
Arithmetic 32,100,44,0.053471
Arithmetic 32,100,45,0.053945
Arithmetic 32,100,46,0.053951
Arithmetic 32,100,47,0.054684
Arithmetic 32,100,48,0.053914
Arithmetic 32,100,49,0.054486
Arithmetic 32,100,50,0.053501
Arithmetic 32,100,51,0.055052
Arithmetic 32,100,52,0.052886
Arithmetic 32,100,53,0.054111
Arithmetic 32,100,54,0.0548
Arithmetic 32,100,55,0.055009
Arithmetic 32,100,56,0.053341
Arithmetic 32,100,57,0.054295
Arithmetic 32,100,58,0.05429
Arithmetic 32,100,59,0.054591
Arithmetic 32,100,60,0.053877
Arithmetic 32,100,61,0.055286
Arithmetic 32,100,62,0.053976
Arithmetic 32,100,63,0.054449
Arithmetic 32,100,64,0.053711
Arithmetic 32,100,65,0.05413
Arithmetic 32,100,66,0.054086
Arithmetic 32,100,67,0.055212
Arithmetic 32,100,68,0.053748
Arithmetic 32,100,69,0.0548
Arithmetic 32,100,70,0.05392
Arithmetic 32,100,71,0.054837
Arithmetic 32,100,72,0.0548
Arithmetic 32,100,73,0.055335
Arithmetic 32,100,74,0.053588
Arithmetic 32,100,75,0.057095
Arithmetic 32,100,76,0.054492
Arithmetic 32,100,77,0.054338
Arithmetic 32,100,78,0.054868
Arithmetic 32,100,79,0.054265
Arithmetic 32,100,80,0.053939
Arithmetic 32,100,81,0.054055
Arithmetic 32,100,82,0.053612
Arithmetic 32,100,83,0.053341
Arithmetic 32,100,84,0.054695
Arithmetic 32,100,85,0.054289
Arithmetic 32,100,86,0.053422
Arithmetic 32,100,87,0.054431
Arithmetic 32,100,88,0.055077
Arithmetic 32,100,89,0.054227
Arithmetic 32,100,90,0.053908
Arithmetic 32,100,91,0.054621
Arithmetic 32,100,92,0.053545
Arithmetic 32,100,93,0.055347
Arithmetic 32,100,94,0.053932
Arithmetic 32,100,95,0.05416
Arithmetic 32,100,96,0.054424
Arithmetic 32,100,97,0.055138
Arithmetic 32,100,98,0.053631
Arithmetic 32,100,99,0.054234
Arithmetic 32,100,100,0.053613
Arithmetic 32,1000,1,0.058701
Arithmetic 32,1000,2,0.055249
Arithmetic 32,1000,3,0.054905
Arithmetic 32,1000,4,0.054868
Arithmetic 32,1000,5,0.053403
Arithmetic 32,1000,6,0.054271
Arithmetic 32,1000,7,0.055526
Arithmetic 32,1000,8,0.054831
Arithmetic 32,1000,9,0.05448
Arithmetic 32,1000,10,0.054154
Arithmetic 32,1000,11,0.054627
Arithmetic 32,1000,12,0.053556
Arithmetic 32,1000,13,0.054277
Arithmetic 32,1000,14,0.053385
Arithmetic 32,1000,15,0.054819
Arithmetic 32,1000,16,0.054744
Arithmetic 32,1000,17,0.054486
Arithmetic 32,1000,18,0.054732
Arithmetic 32,1000,19,0.05504
Arithmetic 32,1000,20,0.054357
Arithmetic 32,1000,21,0.055625
Arithmetic 32,1000,22,0.052807
Arithmetic 32,1000,23,0.053895
Arithmetic 32,1000,24,0.053053
Arithmetic 32,1000,25,0.054861
Arithmetic 32,1000,26,0.053385
Arithmetic 32,1000,27,0.054061
Arithmetic 32,1000,28,0.053932
Arithmetic 32,1000,29,0.055046
Arithmetic 32,1000,30,0.053636
Arithmetic 32,1000,31,0.055336
Arithmetic 32,1000,32,0.053674
Arithmetic 32,1000,33,0.055649
Arithmetic 32,1000,34,0.054787
Arithmetic 32,1000,35,0.055286
Arithmetic 32,1000,36,0.054751
Arithmetic 32,1000,37,0.054492
Arithmetic 32,1000,38,0.055317
Arithmetic 32,1000,39,0.053858
Arithmetic 32,1000,40,0.052862
Arithmetic 32,1000,41,0.053859
Arithmetic 32,1000,42,0.053926
Arithmetic 32,1000,43,0.054179
Arithmetic 32,1000,44,0.053409
Arithmetic 32,1000,45,0.054874
Arithmetic 32,1000,46,0.053594
Arithmetic 32,1000,47,0.054406
Arithmetic 32,1000,48,0.054369
Arithmetic 32,1000,49,0.054775
Arithmetic 32,1000,50,0.054357
Arithmetic 32,1000,51,0.053231
Arithmetic 32,1000,52,0.053692
Arithmetic 32,1000,53,0.054191
Arithmetic 32,1000,54,0.054653
Arithmetic 32,1000,55,0.055551
Arithmetic 32,1000,56,0.059551
Arithmetic 32,1000,57,0.059988
Arithmetic 32,1000,58,0.064714
Arithmetic 32,1000,59,0.068517
Arithmetic 32,1000,60,0.06408
Arithmetic 32,1000,61,0.061028
Arithmetic 32,1000,62,0.063563
Arithmetic 32,1000,63,0.060086
Arithmetic 32,1000,64,0.05987
Arithmetic 32,1000,65,0.064369
Arithmetic 32,1000,66,0.059981
Arithmetic 32,1000,67,0.061858
Arithmetic 32,1000,68,0.067305
Arithmetic 32,1000,69,0.057711
Arithmetic 32,1000,70,0.054548
Arithmetic 32,1000,71,0.053532
Arithmetic 32,1000,72,0.053914
Arithmetic 32,1000,73,0.054123
Arithmetic 32,1000,74,0.055913
Arithmetic 32,1000,75,0.055803
Arithmetic 32,1000,76,0.054868
Arithmetic 32,1000,77,0.054886
Arithmetic 32,1000,78,0.053649
Arithmetic 32,1000,79,0.054203
Arithmetic 32,1000,80,0.053095
Arithmetic 32,1000,81,0.054498
Arithmetic 32,1000,82,0.11179
Arithmetic 32,1000,83,0.054985
Arithmetic 32,1000,84,0.054209
Arithmetic 32,1000,85,0.055828
Arithmetic 32,1000,86,0.055132
Arithmetic 32,1000,87,0.054302
Arithmetic 32,1000,88,0.05453
Arithmetic 32,1000,89,0.053378
Arithmetic 32,1000,90,0.054203
Arithmetic 32,1000,91,0.055293
Arithmetic 32,1000,92,0.05392
Arithmetic 32,1000,93,0.054019
Arithmetic 32,1000,94,0.053852
Arithmetic 32,1000,95,0.055151
Arithmetic 32,1000,96,0.054264
Arithmetic 32,1000,97,0.054191
Arithmetic 32,1000,98,0.053588
Arithmetic 32,1000,99,0.053569
Arithmetic 32,1000,100,0.054394
Arithmetic 32,1000,101,0.059391
Arithmetic 32,1000,102,0.055034
Arithmetic 32,1000,103,0.053883
Arithmetic 32,1000,104,0.054769
Arithmetic 32,1000,105,0.055249
Arithmetic 32,1000,106,0.053212
Arithmetic 32,1000,107,0.055963
Arithmetic 32,1000,108,0.054584
Arithmetic 32,1000,109,0.054073
Arithmetic 32,1000,110,0.054683
Arithmetic 32,1000,111,0.054123
Arithmetic 32,1000,112,0.053544
Arithmetic 32,1000,113,0.054123
Arithmetic 32,1000,114,0.054086
Arithmetic 32,1000,115,0.054756
Arithmetic 32,1000,116,0.054683
Arithmetic 32,1000,117,0.053464
Arithmetic 32,1000,118,0.053741
Arithmetic 32,1000,119,0.054499
Arithmetic 32,1000,120,0.053914
Arithmetic 32,1000,121,0.054332
Arithmetic 32,1000,122,0.053662
Arithmetic 32,1000,123,0.054049
Arithmetic 32,1000,124,0.054296
Arithmetic 32,1000,125,0.055489
Arithmetic 32,1000,126,0.054055
Arithmetic 32,1000,127,0.054148
Arithmetic 32,1000,128,0.053433
Arithmetic 32,1000,129,0.054504
Arithmetic 32,1000,130,0.052671
Arithmetic 32,1000,131,0.055065
Arithmetic 32,1000,132,0.053773
Arithmetic 32,1000,133,0.053655
Arithmetic 32,1000,134,0.054985
Arithmetic 32,1000,135,0.054142
Arithmetic 32,1000,136,0.054037
Arithmetic 32,1000,137,0.053544
Arithmetic 32,1000,138,0.054246
Arithmetic 32,1000,139,0.054744
Arithmetic 32,1000,140,0.054012
Arithmetic 32,1000,141,0.054234
Arithmetic 32,1000,142,0.053908
Arithmetic 32,1000,143,0.055034
Arithmetic 32,1000,144,0.054572
Arithmetic 32,1000,145,0.055163
Arithmetic 32,1000,146,0.055101
Arithmetic 32,1000,147,0.054153
Arithmetic 32,1000,148,0.053637
Arithmetic 32,1000,149,0.054215
Arithmetic 32,1000,150,0.054788
Arithmetic 32,1000,151,0.053816
Arithmetic 32,1000,152,0.053716
Arithmetic 32,1000,153,0.056283
Arithmetic 32,1000,154,0.054665
Arithmetic 32,1000,155,0.054849
Arithmetic 32,1000,156,0.054178
Arithmetic 32,1000,157,0.054486
Arithmetic 32,1000,158,0.05387
Arithmetic 32,1000,159,0.05427
Arithmetic 32,1000,160,0.054856
Arithmetic 32,1000,161,0.054289
Arithmetic 32,1000,162,0.053963
Arithmetic 32,1000,163,0.054745
Arithmetic 32,1000,164,0.053489
Arithmetic 32,1000,165,0.054696
Arithmetic 32,1000,166,0.054788
Arithmetic 32,1000,167,0.053815
Arithmetic 32,1000,168,0.053853
Arithmetic 32,1000,169,0.055034
Arithmetic 32,1000,170,0.054375
Arithmetic 32,1000,171,0.054591
Arithmetic 32,1000,172,0.05384
Arithmetic 32,1000,173,0.054541
Arithmetic 32,1000,174,0.054467
Arithmetic 32,1000,175,0.053828
Arithmetic 32,1000,176,0.053889
Arithmetic 32,1000,177,0.054105
Arithmetic 32,1000,178,0.054363
Arithmetic 32,1000,179,0.054406
Arithmetic 32,1000,180,0.053662
Arithmetic 32,1000,181,0.055016
Arithmetic 32,1000,182,0.054197
Arithmetic 32,1000,183,0.05384
Arithmetic 32,1000,184,0.053821
Arithmetic 32,1000,185,0.054375
Arithmetic 32,1000,186,0.053821
Arithmetic 32,1000,187,0.054726
Arithmetic 32,1000,188,0.054209
Arithmetic 32,1000,189,0.054529
Arithmetic 32,1000,190,0.054301
Arithmetic 32,1000,191,0.053649
Arithmetic 32,1000,192,0.054363
Arithmetic 32,1000,193,0.053865
Arithmetic 32,1000,194,0.05328
Arithmetic 32,1000,195,0.054855
Arithmetic 32,1000,196,0.054129
Arithmetic 32,1000,197,0.053852
Arithmetic 32,1000,198,0.052775
Arithmetic 32,1000,199,0.05448
Arithmetic 32,1000,200,0.054068
Arithmetic 32,1000,201,0.054652
Arithmetic 32,1000,202,0.05432
Arithmetic 32,1000,203,0.055077
Arithmetic 32,1000,204,0.054855
Arithmetic 32,1000,205,0.054627
Arithmetic 32,1000,206,0.053889
Arithmetic 32,1000,207,0.054449
Arithmetic 32,1000,208,0.0536
Arithmetic 32,1000,209,0.055145
Arithmetic 32,1000,210,0.053514
Arithmetic 32,1000,211,0.05384
Arithmetic 32,1000,212,0.127507
Arithmetic 32,1000,213,0.071071
Arithmetic 32,1000,214,0.059631
Arithmetic 32,1000,215,0.055778
Arithmetic 32,1000,216,0.054086
Arithmetic 32,1000,217,0.054837
Arithmetic 32,1000,218,0.054757
Arithmetic 32,1000,219,0.054185
Arithmetic 32,1000,220,0.053631
Arithmetic 32,1000,221,0.054468
Arithmetic 32,1000,222,0.054209
Arithmetic 32,1000,223,0.05621
Arithmetic 32,1000,224,0.0552
Arithmetic 32,1000,225,0.053778
Arithmetic 32,1000,226,0.053502
Arithmetic 32,1000,227,0.053945
Arithmetic 32,1000,228,0.053828
Arithmetic 32,1000,229,0.054012
Arithmetic 32,1000,230,0.053716
Arithmetic 32,1000,231,0.053815
Arithmetic 32,1000,232,0.056351
Arithmetic 32,1000,233,0.055822
Arithmetic 32,1000,234,0.054547
Arithmetic 32,1000,235,0.053957
Arithmetic 32,1000,236,0.053292
Arithmetic 32,1000,237,0.054695
Arithmetic 32,1000,238,0.053311
Arithmetic 32,1000,239,0.054621
Arithmetic 32,1000,240,0.054345
Arithmetic 32,1000,241,0.055582
Arithmetic 32,1000,242,0.054517
Arithmetic 32,1000,243,0.053649
Arithmetic 32,1000,244,0.053926
Arithmetic 32,1000,245,0.054616
Arithmetic 32,1000,246,0.054345
Arithmetic 32,1000,247,0.05424
Arithmetic 32,1000,248,0.054234
Arithmetic 32,1000,249,0.054443
Arithmetic 32,1000,250,0.055286
Arithmetic 32,1000,251,0.055095
Arithmetic 32,1000,252,0.054387
Arithmetic 32,1000,253,0.054831
Arithmetic 32,1000,254,0.054486
Arithmetic 32,1000,255,0.054418
Arithmetic 32,1000,256,0.054289
Arithmetic 32,1000,257,0.053803
Arithmetic 32,1000,258,0.054209
Arithmetic 32,1000,259,0.054185
Arithmetic 32,1000,260,0.05384
Arithmetic 32,1000,261,0.054086
Arithmetic 32,1000,262,0.05376
Arithmetic 32,1000,263,0.054013
Arithmetic 32,1000,264,0.053674
Arithmetic 32,1000,265,0.053656
Arithmetic 32,1000,266,0.055034
Arithmetic 32,1000,267,0.055372
Arithmetic 32,1000,268,0.055409
Arithmetic 32,1000,269,0.054529
Arithmetic 32,1000,270,0.054018
Arithmetic 32,1000,271,0.054892
Arithmetic 32,1000,272,0.053914
Arithmetic 32,1000,273,0.054473
Arithmetic 32,1000,274,0.054572
Arithmetic 32,1000,275,0.054099
Arithmetic 32,1000,276,0.053422
Arithmetic 32,1000,277,0.055243
Arithmetic 32,1000,278,0.054173
Arithmetic 32,1000,279,0.053698
Arithmetic 32,1000,280,0.058689
Arithmetic 32,1000,281,0.059422
Arithmetic 32,1000,282,0.065458
Arithmetic 32,1000,283,0.066369
Arithmetic 32,1000,284,0.062259
Arithmetic 32,1000,285,0.061145
Arithmetic 32,1000,286,0.060689
Arithmetic 32,1000,287,0.064929
Arithmetic 32,1000,288,0.062086
Arithmetic 32,1000,289,0.062468
Arithmetic 32,1000,290,0.061889
Arithmetic 32,1000,291,0.062092
Arithmetic 32,1000,292,0.062493
Arithmetic 32,1000,293,0.060338
Arithmetic 32,1000,294,0.055372
Arithmetic 32,1000,295,0.055059
Arithmetic 32,1000,296,0.0548
Arithmetic 32,1000,297,0.055655
Arithmetic 32,1000,298,0.055323
Arithmetic 32,1000,299,0.055133
Arithmetic 32,1000,300,0.054553
Arithmetic 32,1000,301,0.059557
Arithmetic 32,1000,302,0.055877
Arithmetic 32,1000,303,0.054788
Arithmetic 32,1000,304,0.05453
Arithmetic 32,1000,305,0.054628
Arithmetic 32,1000,306,0.055409
Arithmetic 32,1000,307,0.054037
Arithmetic 32,1000,308,0.054788
Arithmetic 32,1000,309,0.055434
Arithmetic 32,1000,310,0.053071
Arithmetic 32,1000,311,0.054825
Arithmetic 32,1000,312,0.053089
Arithmetic 32,1000,313,0.054788
Arithmetic 32,1000,314,0.054597
Arithmetic 32,1000,315,0.054511
Arithmetic 32,1000,316,0.054603
Arithmetic 32,1000,317,0.054252
Arithmetic 32,1000,318,0.054345
Arithmetic 32,1000,319,0.054511
Arithmetic 32,1000,320,0.053785
Arithmetic 32,1000,321,0.053828
Arithmetic 32,1000,322,0.053286
Arithmetic 32,1000,323,0.054265
Arithmetic 32,1000,324,0.054394
Arithmetic 32,1000,325,0.055477
Arithmetic 32,1000,326,0.054831
Arithmetic 32,1000,327,0.055028
Arithmetic 32,1000,328,0.053612
Arithmetic 32,1000,329,0.054123
Arithmetic 32,1000,330,0.056431
Arithmetic 32,1000,331,0.05643
Arithmetic 32,1000,332,0.054166
Arithmetic 32,1000,333,0.056092
Arithmetic 32,1000,334,0.055083
Arithmetic 32,1000,335,0.055016
Arithmetic 32,1000,336,0.053428
Arithmetic 32,1000,337,0.055465
Arithmetic 32,1000,338,0.053661
Arithmetic 32,1000,339,0.05435
Arithmetic 32,1000,340,0.053311
Arithmetic 32,1000,341,0.054437
Arithmetic 32,1000,342,0.054553
Arithmetic 32,1000,343,0.055206
Arithmetic 32,1000,344,0.054093
Arithmetic 32,1000,345,0.053926
Arithmetic 32,1000,346,0.054535
Arithmetic 32,1000,347,0.053704
Arithmetic 32,1000,348,0.054375
Arithmetic 32,1000,349,0.054486
Arithmetic 32,1000,350,0.053994
Arithmetic 32,1000,351,0.054997
Arithmetic 32,1000,352,0.053896
Arithmetic 32,1000,353,0.055101
Arithmetic 32,1000,354,0.054061
Arithmetic 32,1000,355,0.055742
Arithmetic 32,1000,356,0.053483
Arithmetic 32,1000,357,0.054234
Arithmetic 32,1000,358,0.054277
Arithmetic 32,1000,359,0.054283
Arithmetic 32,1000,360,0.053686
Arithmetic 32,1000,361,0.054388
Arithmetic 32,1000,362,0.053969
Arithmetic 32,1000,363,0.055625
Arithmetic 32,1000,364,0.054203
Arithmetic 32,1000,365,0.054819
Arithmetic 32,1000,366,0.052935
Arithmetic 32,1000,367,0.054787
Arithmetic 32,1000,368,0.064351
Arithmetic 32,1000,369,0.053551
Arithmetic 32,1000,370,0.054055
Arithmetic 32,1000,371,0.053853
Arithmetic 32,1000,372,0.05464
Arithmetic 32,1000,373,0.053779
Arithmetic 32,1000,374,0.054067
Arithmetic 32,1000,375,0.054246
Arithmetic 32,1000,376,0.053193
Arithmetic 32,1000,377,0.055157
Arithmetic 32,1000,378,0.053926
Arithmetic 32,1000,379,0.053889
Arithmetic 32,1000,380,0.054812
Arithmetic 32,1000,381,0.054068
Arithmetic 32,1000,382,0.052849
Arithmetic 32,1000,383,0.054935
Arithmetic 32,1000,384,0.054123
Arithmetic 32,1000,385,0.054886
Arithmetic 32,1000,386,0.054006
Arithmetic 32,1000,387,0.054862
Arithmetic 32,1000,388,0.053286
Arithmetic 32,1000,389,0.054456
Arithmetic 32,1000,390,0.053237
Arithmetic 32,1000,391,0.05403
Arithmetic 32,1000,392,0.052781
Arithmetic 32,1000,393,0.05328
Arithmetic 32,1000,394,0.054037
Arithmetic 32,1000,395,0.055169
Arithmetic 32,1000,396,0.053249
Arithmetic 32,1000,397,0.05421
Arithmetic 32,1000,398,0.05389
Arithmetic 32,1000,399,0.055416
Arithmetic 32,1000,400,0.054012
Arithmetic 32,1000,401,0.055667
Arithmetic 32,1000,402,0.053533
Arithmetic 32,1000,403,0.053895
Arithmetic 32,1000,404,0.054535
Arithmetic 32,1000,405,0.053692
Arithmetic 32,1000,406,0.052954
Arithmetic 32,1000,407,0.053828
Arithmetic 32,1000,408,0.054683
Arithmetic 32,1000,409,0.053434
Arithmetic 32,1000,410,0.053914
Arithmetic 32,1000,411,0.054443
Arithmetic 32,1000,412,0.0532
Arithmetic 32,1000,413,0.055274
Arithmetic 32,1000,414,0.053778
Arithmetic 32,1000,415,0.054289
Arithmetic 32,1000,416,0.053569
Arithmetic 32,1000,417,0.05315
Arithmetic 32,1000,418,0.05357
Arithmetic 32,1000,419,0.054339
Arithmetic 32,1000,420,0.053311
Arithmetic 32,1000,421,0.055594
Arithmetic 32,1000,422,0.056461
Arithmetic 32,1000,423,0.054868
Arithmetic 32,1000,424,0.053729
Arithmetic 32,1000,425,0.054757
Arithmetic 32,1000,426,0.052886
Arithmetic 32,1000,427,0.053126
Arithmetic 32,1000,428,0.05368
Arithmetic 32,1000,429,0.054572
Arithmetic 32,1000,430,0.05504
Arithmetic 32,1000,431,0.05488
Arithmetic 32,1000,432,0.055071
Arithmetic 32,1000,433,0.054707
Arithmetic 32,1000,434,0.054
Arithmetic 32,1000,435,0.054067
Arithmetic 32,1000,436,0.052991
Arithmetic 32,1000,437,0.0548
Arithmetic 32,1000,438,0.052794
Arithmetic 32,1000,439,0.053243
Arithmetic 32,1000,440,0.055286
Arithmetic 32,1000,441,0.054535
Arithmetic 32,1000,442,0.0536
Arithmetic 32,1000,443,0.053649
Arithmetic 32,1000,444,0.052861
Arithmetic 32,1000,445,0.053385
Arithmetic 32,1000,446,0.053704
Arithmetic 32,1000,447,0.054246
Arithmetic 32,1000,448,0.053409
Arithmetic 32,1000,449,0.054985
Arithmetic 32,1000,450,0.05408
Arithmetic 32,1000,451,0.052923
Arithmetic 32,1000,452,0.054468
Arithmetic 32,1000,453,0.054216
Arithmetic 32,1000,454,0.052954
Arithmetic 32,1000,455,0.055656
Arithmetic 32,1000,456,0.053175
Arithmetic 32,1000,457,0.053342
Arithmetic 32,1000,458,0.054339
Arithmetic 32,1000,459,0.055255
Arithmetic 32,1000,460,0.053963
Arithmetic 32,1000,461,0.054849
Arithmetic 32,1000,462,0.052843
Arithmetic 32,1000,463,0.054394
Arithmetic 32,1000,464,0.053403
Arithmetic 32,1000,465,0.054271
Arithmetic 32,1000,466,0.053342
Arithmetic 32,1000,467,0.05459
Arithmetic 32,1000,468,0.053797
Arithmetic 32,1000,469,0.054345
Arithmetic 32,1000,470,0.053834
Arithmetic 32,1000,471,0.053145
Arithmetic 32,1000,472,0.054203
Arithmetic 32,1000,473,0.053926
Arithmetic 32,1000,474,0.054185
Arithmetic 32,1000,475,0.054572
Arithmetic 32,1000,476,0.053724
Arithmetic 32,1000,477,0.054843
Arithmetic 32,1000,478,0.053527
Arithmetic 32,1000,479,0.055015
Arithmetic 32,1000,480,0.058363
Arithmetic 32,1000,481,0.06739
Arithmetic 32,1000,482,0.069341
Arithmetic 32,1000,483,0.064664
Arithmetic 32,1000,484,0.059464
Arithmetic 32,1000,485,0.061071
Arithmetic 32,1000,486,0.061366
Arithmetic 32,1000,487,0.058806
Arithmetic 32,1000,488,0.062849
Arithmetic 32,1000,489,0.062031
Arithmetic 32,1000,490,0.062308
Arithmetic 32,1000,491,0.066018
Arithmetic 32,1000,492,0.058843
Arithmetic 32,1000,493,0.055058
Arithmetic 32,1000,494,0.053748
Arithmetic 32,1000,495,0.054647
Arithmetic 32,1000,496,0.054406
Arithmetic 32,1000,497,0.05419
Arithmetic 32,1000,498,0.055286
Arithmetic 32,1000,499,0.055046
Arithmetic 32,1000,500,0.054517
Arithmetic 32,1000,501,0.057643
Arithmetic 32,1000,502,0.055126
Arithmetic 32,1000,503,0.054172
Arithmetic 32,1000,504,0.054498
Arithmetic 32,1000,505,0.056215
Arithmetic 32,1000,506,0.054265
Arithmetic 32,1000,507,0.054067
Arithmetic 32,1000,508,0.054603
Arithmetic 32,1000,509,0.054554
Arithmetic 32,1000,510,0.054289
Arithmetic 32,1000,511,0.054
Arithmetic 32,1000,512,0.054215
Arithmetic 32,1000,513,0.054905
Arithmetic 32,1000,514,0.054646
Arithmetic 32,1000,515,0.054868
Arithmetic 32,1000,516,0.054653
Arithmetic 32,1000,517,0.05392
Arithmetic 32,1000,518,0.053711
Arithmetic 32,1000,519,0.054923
Arithmetic 32,1000,520,0.05464
Arithmetic 32,1000,521,0.05435
Arithmetic 32,1000,522,0.054111
Arithmetic 32,1000,523,0.055348
Arithmetic 32,1000,524,0.053779
Arithmetic 32,1000,525,0.055182
Arithmetic 32,1000,526,0.053163
Arithmetic 32,1000,527,0.055102
Arithmetic 32,1000,528,0.053896
Arithmetic 32,1000,529,0.054
Arithmetic 32,1000,530,0.05352
Arithmetic 32,1000,531,0.054984
Arithmetic 32,1000,532,0.054775
Arithmetic 32,1000,533,0.056886
Arithmetic 32,1000,534,0.056184
Arithmetic 32,1000,535,0.055594
Arithmetic 32,1000,536,0.054105
Arithmetic 32,1000,537,0.054166
Arithmetic 32,1000,538,0.053883
Arithmetic 32,1000,539,0.055163
Arithmetic 32,1000,540,0.053988
Arithmetic 32,1000,541,0.054739
Arithmetic 32,1000,542,0.053982
Arithmetic 32,1000,543,0.054314
Arithmetic 32,1000,544,0.053526
Arithmetic 32,1000,545,0.053612
Arithmetic 32,1000,546,0.053828
Arithmetic 32,1000,547,0.053145
Arithmetic 32,1000,548,0.055403
Arithmetic 32,1000,549,0.056363
Arithmetic 32,1000,550,0.055274
Arithmetic 32,1000,551,0.054812
Arithmetic 32,1000,552,0.053625
Arithmetic 32,1000,553,0.054302
Arithmetic 32,1000,554,0.054184
Arithmetic 32,1000,555,0.053754
Arithmetic 32,1000,556,0.05416
Arithmetic 32,1000,557,0.054074
Arithmetic 32,1000,558,0.053249
Arithmetic 32,1000,559,0.054105
Arithmetic 32,1000,560,0.054234
Arithmetic 32,1000,561,0.053994
Arithmetic 32,1000,562,0.053403
Arithmetic 32,1000,563,0.055526
Arithmetic 32,1000,564,0.053815
Arithmetic 32,1000,565,0.055065
Arithmetic 32,1000,566,0.053489
Arithmetic 32,1000,567,0.055108
Arithmetic 32,1000,568,0.053736
Arithmetic 32,1000,569,0.05432
Arithmetic 32,1000,570,0.054006
Arithmetic 32,1000,571,0.055102
Arithmetic 32,1000,572,0.054732
Arithmetic 32,1000,573,0.053661
Arithmetic 32,1000,574,0.053828
Arithmetic 32,1000,575,0.05536
Arithmetic 32,1000,576,0.182905
Arithmetic 32,1000,577,0.057588
Arithmetic 32,1000,578,0.054849
Arithmetic 32,1000,579,0.054899
Arithmetic 32,1000,580,0.0556
Arithmetic 32,1000,581,0.054905
Arithmetic 32,1000,582,0.053987
Arithmetic 32,1000,583,0.054215
Arithmetic 32,1000,584,0.054597
Arithmetic 32,1000,585,0.056812
Arithmetic 32,1000,586,0.054855
Arithmetic 32,1000,587,0.054695
Arithmetic 32,1000,588,0.053883
Arithmetic 32,1000,589,0.054634
Arithmetic 32,1000,590,0.054498
Arithmetic 32,1000,591,0.054634
Arithmetic 32,1000,592,0.053803
Arithmetic 32,1000,593,0.054369
Arithmetic 32,1000,594,0.055144
Arithmetic 32,1000,595,0.054905
Arithmetic 32,1000,596,0.054135
Arithmetic 32,1000,597,0.05389
Arithmetic 32,1000,598,0.05456
Arithmetic 32,1000,599,0.053397
Arithmetic 32,1000,600,0.05344
Arithmetic 32,1000,601,0.055981
Arithmetic 32,1000,602,0.054277
Arithmetic 32,1000,603,0.056172
Arithmetic 32,1000,604,0.055711
Arithmetic 32,1000,605,0.054406
Arithmetic 32,1000,606,0.054129
Arithmetic 32,1000,607,0.053483
Arithmetic 32,1000,608,0.055304
Arithmetic 32,1000,609,0.054603
Arithmetic 32,1000,610,0.055526
Arithmetic 32,1000,611,0.063704
Arithmetic 32,1000,612,0.067311
Arithmetic 32,1000,613,0.057736
Arithmetic 32,1000,614,0.054812
Arithmetic 32,1000,615,0.054548
Arithmetic 32,1000,616,0.05533
Arithmetic 32,1000,617,0.055194
Arithmetic 32,1000,618,0.053606
Arithmetic 32,1000,619,0.054493
Arithmetic 32,1000,620,0.056147
Arithmetic 32,1000,621,0.054197
Arithmetic 32,1000,622,0.060326
Arithmetic 32,1000,623,0.055661
Arithmetic 32,1000,624,0.054517
Arithmetic 32,1000,625,0.0548
Arithmetic 32,1000,626,0.056258
Arithmetic 32,1000,627,0.05576
Arithmetic 32,1000,628,0.054043
Arithmetic 32,1000,629,0.055089
Arithmetic 32,1000,630,0.055674
Arithmetic 32,1000,631,0.055668
Arithmetic 32,1000,632,0.055606
Arithmetic 32,1000,633,0.05435
Arithmetic 32,1000,634,0.053803
Arithmetic 32,1000,635,0.055833
Arithmetic 32,1000,636,0.054283
Arithmetic 32,1000,637,0.056659
Arithmetic 32,1000,638,0.05536
Arithmetic 32,1000,639,0.055292
Arithmetic 32,1000,640,0.053926
Arithmetic 32,1000,641,0.054591
Arithmetic 32,1000,642,0.053914
Arithmetic 32,1000,643,0.053976
Arithmetic 32,1000,644,0.054283
Arithmetic 32,1000,645,0.054696
Arithmetic 32,1000,646,0.057293
Arithmetic 32,1000,647,0.055157
Arithmetic 32,1000,648,0.054012
Arithmetic 32,1000,649,0.055673
Arithmetic 32,1000,650,0.053797
Arithmetic 32,1000,651,0.054573
Arithmetic 32,1000,652,0.053982
Arithmetic 32,1000,653,0.054277
Arithmetic 32,1000,654,0.054179
Arithmetic 32,1000,655,0.056363
Arithmetic 32,1000,656,0.054166
Arithmetic 32,1000,657,0.055237
Arithmetic 32,1000,658,0.054185
Arithmetic 32,1000,659,0.056209
Arithmetic 32,1000,660,0.054166
Arithmetic 32,1000,661,0.053379
Arithmetic 32,1000,662,0.053956
Arithmetic 32,1000,663,0.054726
Arithmetic 32,1000,664,0.055476
Arithmetic 32,1000,665,0.054499
Arithmetic 32,1000,666,0.05488
Arithmetic 32,1000,667,0.054124
Arithmetic 32,1000,668,0.054338
Arithmetic 32,1000,669,0.054043
Arithmetic 32,1000,670,0.053957
Arithmetic 32,1000,671,0.054326
Arithmetic 32,1000,672,0.054326
Arithmetic 32,1000,673,0.054498
Arithmetic 32,1000,674,0.055631
Arithmetic 32,1000,675,0.055624
Arithmetic 32,1000,676,0.056313
Arithmetic 32,1000,677,0.055354
Arithmetic 32,1000,678,0.060203
Arithmetic 32,1000,679,0.060234
Arithmetic 32,1000,680,0.065108
Arithmetic 32,1000,681,0.065797
Arithmetic 32,1000,682,0.066647
Arithmetic 32,1000,683,0.059539
Arithmetic 32,1000,684,0.063107
Arithmetic 32,1000,685,0.066142
Arithmetic 32,1000,686,0.062573
Arithmetic 32,1000,687,0.060203
Arithmetic 32,1000,688,0.060787
Arithmetic 32,1000,689,0.070339
Arithmetic 32,1000,690,0.061495
Arithmetic 32,1000,691,0.055366
Arithmetic 32,1000,692,0.05488
Arithmetic 32,1000,693,0.054437
Arithmetic 32,1000,694,0.054178
Arithmetic 32,1000,695,0.054763
Arithmetic 32,1000,696,0.053803
Arithmetic 32,1000,697,0.05544
Arithmetic 32,1000,698,0.05472
Arithmetic 32,1000,699,0.054529
Arithmetic 32,1000,700,0.053692
Arithmetic 32,1000,701,0.059341
Arithmetic 32,1000,702,0.055262
Arithmetic 32,1000,703,0.05616
Arithmetic 32,1000,704,0.054234
Arithmetic 32,1000,705,0.054781
Arithmetic 32,1000,706,0.053545
Arithmetic 32,1000,707,0.05355
Arithmetic 32,1000,708,0.054344
Arithmetic 32,1000,709,0.054677
Arithmetic 32,1000,710,0.054197
Arithmetic 32,1000,711,0.059027
Arithmetic 32,1000,712,0.053827
Arithmetic 32,1000,713,0.054135
Arithmetic 32,1000,714,0.054763
Arithmetic 32,1000,715,0.055797
Arithmetic 32,1000,716,0.053951
Arithmetic 32,1000,717,0.054357
Arithmetic 32,1000,718,0.053157
Arithmetic 32,1000,719,0.053877
Arithmetic 32,1000,720,0.054702
Arithmetic 32,1000,721,0.05504
Arithmetic 32,1000,722,0.054627
Arithmetic 32,1000,723,0.055139
Arithmetic 32,1000,724,0.05512
Arithmetic 32,1000,725,0.055803
Arithmetic 32,1000,726,0.056886
Arithmetic 32,1000,727,0.056332
Arithmetic 32,1000,728,0.054738
Arithmetic 32,1000,729,0.056283
Arithmetic 32,1000,730,0.054622
Arithmetic 32,1000,731,0.055077
Arithmetic 32,1000,732,0.053976
Arithmetic 32,1000,733,0.053742
Arithmetic 32,1000,734,0.05504
Arithmetic 32,1000,735,0.053655
Arithmetic 32,1000,736,0.054179
Arithmetic 32,1000,737,0.054387
Arithmetic 32,1000,738,0.054499
Arithmetic 32,1000,739,0.054886
Arithmetic 32,1000,740,0.054916
Arithmetic 32,1000,741,0.055034
Arithmetic 32,1000,742,0.055741
Arithmetic 32,1000,743,0.05528
Arithmetic 32,1000,744,0.054726
Arithmetic 32,1000,745,0.054843
Arithmetic 32,1000,746,0.053378
Arithmetic 32,1000,747,0.055126
Arithmetic 32,1000,748,0.055323
Arithmetic 32,1000,749,0.055514
Arithmetic 32,1000,750,0.053625
Arithmetic 32,1000,751,0.054837
Arithmetic 32,1000,752,0.054855
Arithmetic 32,1000,753,0.05432
Arithmetic 32,1000,754,0.054265
Arithmetic 32,1000,755,0.053945
Arithmetic 32,1000,756,0.053827
Arithmetic 32,1000,757,0.05472
Arithmetic 32,1000,758,0.053735
Arithmetic 32,1000,759,0.054702
Arithmetic 32,1000,760,0.055059
Arithmetic 32,1000,761,0.054351
Arithmetic 32,1000,762,0.054733
Arithmetic 32,1000,763,0.055643
Arithmetic 32,1000,764,0.062216
Arithmetic 32,1000,765,0.055729
Arithmetic 32,1000,766,0.053514
Arithmetic 32,1000,767,0.053864
Arithmetic 32,1000,768,0.05488
Arithmetic 32,1000,769,0.054844
Arithmetic 32,1000,770,0.054216
Arithmetic 32,1000,771,0.055144
Arithmetic 32,1000,772,0.054499
Arithmetic 32,1000,773,0.055489
Arithmetic 32,1000,774,0.054056
Arithmetic 32,1000,775,0.05384
Arithmetic 32,1000,776,0.052966
Arithmetic 32,1000,777,0.053686
Arithmetic 32,1000,778,0.053434
Arithmetic 32,1000,779,0.053815
Arithmetic 32,1000,780,0.053231
Arithmetic 32,1000,781,0.054689
Arithmetic 32,1000,782,0.055637
Arithmetic 32,1000,783,0.054831
Arithmetic 32,1000,784,0.053336
Arithmetic 32,1000,785,0.054363
Arithmetic 32,1000,786,0.054141
Arithmetic 32,1000,787,0.05491
Arithmetic 32,1000,788,0.053735
Arithmetic 32,1000,789,0.054492
Arithmetic 32,1000,790,0.054511
Arithmetic 32,1000,791,0.056739
Arithmetic 32,1000,792,0.053827
Arithmetic 32,1000,793,0.054179
Arithmetic 32,1000,794,0.053606
Arithmetic 32,1000,795,0.054437
Arithmetic 32,1000,796,0.054098
Arithmetic 32,1000,797,0.055268
Arithmetic 32,1000,798,0.053957
Arithmetic 32,1000,799,0.05587
Arithmetic 32,1000,800,0.055613
Arithmetic 32,1000,801,0.0564
Arithmetic 32,1000,802,0.054868
Arithmetic 32,1000,803,0.056572
Arithmetic 32,1000,804,0.054301
Arithmetic 32,1000,805,0.055046
Arithmetic 32,1000,806,0.053969
Arithmetic 32,1000,807,0.054265
Arithmetic 32,1000,808,0.054
Arithmetic 32,1000,809,0.055181
Arithmetic 32,1000,810,0.054062
Arithmetic 32,1000,811,0.055704
Arithmetic 32,1000,812,0.053237
Arithmetic 32,1000,813,0.053483
Arithmetic 32,1000,814,0.054493
Arithmetic 32,1000,815,0.054037
Arithmetic 32,1000,816,0.055655
Arithmetic 32,1000,817,0.053969
Arithmetic 32,1000,818,0.055138
Arithmetic 32,1000,819,0.054394
Arithmetic 32,1000,820,0.053797
Arithmetic 32,1000,821,0.053274
Arithmetic 32,1000,822,0.054234
Arithmetic 32,1000,823,0.054062
Arithmetic 32,1000,824,0.054418
Arithmetic 32,1000,825,0.055114
Arithmetic 32,1000,826,0.0536
Arithmetic 32,1000,827,0.053656
Arithmetic 32,1000,828,0.052978
Arithmetic 32,1000,829,0.053976
Arithmetic 32,1000,830,0.053957
Arithmetic 32,1000,831,0.054111
Arithmetic 32,1000,832,0.05424
Arithmetic 32,1000,833,0.054308
Arithmetic 32,1000,834,0.054351
Arithmetic 32,1000,835,0.054523
Arithmetic 32,1000,836,0.054313
Arithmetic 32,1000,837,0.05563
Arithmetic 32,1000,838,0.054658
Arithmetic 32,1000,839,0.053304
Arithmetic 32,1000,840,0.054369
Arithmetic 32,1000,841,0.055027
Arithmetic 32,1000,842,0.054406
Arithmetic 32,1000,843,0.054498
Arithmetic 32,1000,844,0.05365
Arithmetic 32,1000,845,0.054819
Arithmetic 32,1000,846,0.05384
Arithmetic 32,1000,847,0.05432
Arithmetic 32,1000,848,0.054289
Arithmetic 32,1000,849,0.05461
Arithmetic 32,1000,850,0.054997
Arithmetic 32,1000,851,0.053723
Arithmetic 32,1000,852,0.053416
Arithmetic 32,1000,853,0.054904
Arithmetic 32,1000,854,0.053717
Arithmetic 32,1000,855,0.054701
Arithmetic 32,1000,856,0.053865
Arithmetic 32,1000,857,0.054929
Arithmetic 32,1000,858,0.054277
Arithmetic 32,1000,859,0.055028
Arithmetic 32,1000,860,0.05301
Arithmetic 32,1000,861,0.053933
Arithmetic 32,1000,862,0.093182
Arithmetic 32,1000,863,0.054087
Arithmetic 32,1000,864,0.05459
Arithmetic 32,1000,865,0.054653
Arithmetic 32,1000,866,0.053994
Arithmetic 32,1000,867,0.054689
Arithmetic 32,1000,868,0.052474
Arithmetic 32,1000,869,0.054406
Arithmetic 32,1000,870,0.053366
Arithmetic 32,1000,871,0.097336
Arithmetic 32,1000,872,0.054019
Arithmetic 32,1000,873,0.055372
Arithmetic 32,1000,874,0.053459
Arithmetic 32,1000,875,0.054394
Arithmetic 32,1000,876,0.054283
Arithmetic 32,1000,877,0.054997
Arithmetic 32,1000,878,0.054055
Arithmetic 32,1000,879,0.054332
Arithmetic 32,1000,880,0.06048
Arithmetic 32,1000,881,0.058086
Arithmetic 32,1000,882,0.066844
Arithmetic 32,1000,883,0.069342
Arithmetic 32,1000,884,0.061539
Arithmetic 32,1000,885,0.061502
Arithmetic 32,1000,886,0.062271
Arithmetic 32,1000,887,0.060542
Arithmetic 32,1000,888,0.0604
Arithmetic 32,1000,889,0.064511
Arithmetic 32,1000,890,0.127631
Arithmetic 32,1000,891,0.055853
Arithmetic 32,1000,892,0.054861
Arithmetic 32,1000,893,0.055298
Arithmetic 32,1000,894,0.053447
Arithmetic 32,1000,895,0.053895
Arithmetic 32,1000,896,0.054148
Arithmetic 32,1000,897,0.053471
Arithmetic 32,1000,898,0.053644
Arithmetic 32,1000,899,0.055883
Arithmetic 32,1000,900,0.053828
Arithmetic 32,1000,901,0.059446
Arithmetic 32,1000,902,0.054227
Arithmetic 32,1000,903,0.054228
Arithmetic 32,1000,904,0.05437
Arithmetic 32,1000,905,0.054905
Arithmetic 32,1000,906,0.054597
Arithmetic 32,1000,907,0.054917
Arithmetic 32,1000,908,0.053391
Arithmetic 32,1000,909,0.054701
Arithmetic 32,1000,910,0.053711
Arithmetic 32,1000,911,0.05496
Arithmetic 32,1000,912,0.05456
Arithmetic 32,1000,913,0.053717
Arithmetic 32,1000,914,0.054092
Arithmetic 32,1000,915,0.055083
Arithmetic 32,1000,916,0.067083
Arithmetic 32,1000,917,0.086172
Arithmetic 32,1000,918,0.054948
Arithmetic 32,1000,919,0.05672
Arithmetic 32,1000,920,0.054123
Arithmetic 32,1000,921,0.056185
Arithmetic 32,1000,922,0.069575
Arithmetic 32,1000,923,0.055747
Arithmetic 32,1000,924,0.055717
Arithmetic 32,1000,925,0.061631
Arithmetic 32,1000,926,0.054461
Arithmetic 32,1000,927,0.05544
Arithmetic 32,1000,928,0.096277
Arithmetic 32,1000,929,0.056935
Arithmetic 32,1000,930,0.056111
Arithmetic 32,1000,931,0.056105
Arithmetic 32,1000,932,0.055803
Arithmetic 32,1000,933,0.055446
Arithmetic 32,1000,934,0.069446
Arithmetic 32,1000,935,0.055526
Arithmetic 32,1000,936,0.055877
Arithmetic 32,1000,937,0.056905
Arithmetic 32,1000,938,0.055083
Arithmetic 32,1000,939,0.05517
Arithmetic 32,1000,940,0.057902
Arithmetic 32,1000,941,0.058794
Arithmetic 32,1000,942,0.080942
Arithmetic 32,1000,943,0.056523
Arithmetic 32,1000,944,0.05472
Arithmetic 32,1000,945,0.067674
Arithmetic 32,1000,946,0.056092
Arithmetic 32,1000,947,0.055502
Arithmetic 32,1000,948,0.058098
Arithmetic 32,1000,949,0.094259
Arithmetic 32,1000,950,0.055791
Arithmetic 32,1000,951,0.055779
Arithmetic 32,1000,952,0.080203
Arithmetic 32,1000,953,0.055409
Arithmetic 32,1000,954,0.054726
Arithmetic 32,1000,955,0.065673
Arithmetic 32,1000,956,0.062252
Arithmetic 32,1000,957,0.054111
Arithmetic 32,1000,958,0.053489
Arithmetic 32,1000,959,0.054615
Arithmetic 32,1000,960,0.053428
Arithmetic 32,1000,961,0.055323
Arithmetic 32,1000,962,0.053464
Arithmetic 32,1000,963,0.05544
Arithmetic 32,1000,964,0.053637
Arithmetic 32,1000,965,0.055717
Arithmetic 32,1000,966,0.054197
Arithmetic 32,1000,967,0.055889
Arithmetic 32,1000,968,0.055366
Arithmetic 32,1000,969,0.053698
Arithmetic 32,1000,970,0.054345
Arithmetic 32,1000,971,0.055582
Arithmetic 32,1000,972,0.054905
Arithmetic 32,1000,973,0.0548
Arithmetic 32,1000,974,0.054856
Arithmetic 32,1000,975,0.055305
Arithmetic 32,1000,976,0.054585
Arithmetic 32,1000,977,0.054227
Arithmetic 32,1000,978,0.05432
Arithmetic 32,1000,979,0.053575
Arithmetic 32,1000,980,0.053951
Arithmetic 32,1000,981,0.05488
Arithmetic 32,1000,982,0.053773
Arithmetic 32,1000,983,0.055557
Arithmetic 32,1000,984,0.05392
Arithmetic 32,1000,985,0.055502
Arithmetic 32,1000,986,0.05445
Arithmetic 32,1000,987,0.05464
Arithmetic 32,1000,988,0.054363
Arithmetic 32,1000,989,0.053988
Arithmetic 32,1000,990,0.053779
Arithmetic 32,1000,991,0.055156
Arithmetic 32,1000,992,0.053779
Arithmetic 32,1000,993,0.054456
Arithmetic 32,1000,994,0.053624
Arithmetic 32,1000,995,0.054942
Arithmetic 32,1000,996,0.054124
Arithmetic 32,1000,997,0.054073
Arithmetic 32,1000,998,0.054191
Arithmetic 32,1000,999,0.055348
Arithmetic 32,1000,1000,0.053815
Arithmetic 32,10000,1,0.059643
Arithmetic 32,10000,2,0.055939
Arithmetic 32,10000,3,0.054295
Arithmetic 32,10000,4,0.054326
Arithmetic 32,10000,5,0.05672
Arithmetic 32,10000,6,0.05488
Arithmetic 32,10000,7,0.054942
Arithmetic 32,10000,8,0.055107
Arithmetic 32,10000,9,0.05501
Arithmetic 32,10000,10,0.054486
Arithmetic 32,10000,11,0.053784
Arithmetic 32,10000,12,0.05456
Arithmetic 32,10000,13,0.054622
Arithmetic 32,10000,14,0.055194
Arithmetic 32,10000,15,0.05563
Arithmetic 32,10000,16,0.0544
Arithmetic 32,10000,17,0.054437
Arithmetic 32,10000,18,0.054726
Arithmetic 32,10000,19,0.053415
Arithmetic 32,10000,20,0.053741
Arithmetic 32,10000,21,0.054585
Arithmetic 32,10000,22,0.054523
Arithmetic 32,10000,23,0.055181
Arithmetic 32,10000,24,0.054628
Arithmetic 32,10000,25,0.054265
Arithmetic 32,10000,26,0.053625
Arithmetic 32,10000,27,0.055022
Arithmetic 32,10000,28,0.054677
Arithmetic 32,10000,29,0.053649
Arithmetic 32,10000,30,0.05376
Arithmetic 32,10000,31,0.053699
Arithmetic 32,10000,32,0.054369
Arithmetic 32,10000,33,0.053243
Arithmetic 32,10000,34,0.054473
Arithmetic 32,10000,35,0.054701
Arithmetic 32,10000,36,0.054818
Arithmetic 32,10000,37,0.055009
Arithmetic 32,10000,38,0.053569
Arithmetic 32,10000,39,0.054
Arithmetic 32,10000,40,0.054166
Arithmetic 32,10000,41,0.054689
Arithmetic 32,10000,42,0.053434
Arithmetic 32,10000,43,0.053877
Arithmetic 32,10000,44,0.054603
Arithmetic 32,10000,45,0.054333
Arithmetic 32,10000,46,0.054628
Arithmetic 32,10000,47,0.05488
Arithmetic 32,10000,48,0.053261
Arithmetic 32,10000,49,0.09408
Arithmetic 32,10000,50,0.055594
Arithmetic 32,10000,51,0.054942
Arithmetic 32,10000,52,0.054609
Arithmetic 32,10000,53,0.053753
Arithmetic 32,10000,54,0.054504
Arithmetic 32,10000,55,0.055336
Arithmetic 32,10000,56,0.05368
Arithmetic 32,10000,57,0.05416
Arithmetic 32,10000,58,0.114529
Arithmetic 32,10000,59,0.055428
Arithmetic 32,10000,60,0.054449
Arithmetic 32,10000,61,0.05528
Arithmetic 32,10000,62,0.052702
Arithmetic 32,10000,63,0.05536
Arithmetic 32,10000,64,0.053779
Arithmetic 32,10000,65,0.054031
Arithmetic 32,10000,66,0.054333
Arithmetic 32,10000,67,0.05448
Arithmetic 32,10000,68,0.054523
Arithmetic 32,10000,69,0.054203
Arithmetic 32,10000,70,0.054437
Arithmetic 32,10000,71,0.059188
Arithmetic 32,10000,72,0.065471
Arithmetic 32,10000,73,0.065963
Arithmetic 32,10000,74,0.063784
Arithmetic 32,10000,75,0.062708
Arithmetic 32,10000,76,0.063064
Arithmetic 32,10000,77,0.062388
Arithmetic 32,10000,78,0.063938
Arithmetic 32,10000,79,0.061809
Arithmetic 32,10000,80,0.060708
Arithmetic 32,10000,81,0.064154
Arithmetic 32,10000,82,0.067938
Arithmetic 32,10000,83,0.056972
Arithmetic 32,10000,84,0.054634
Arithmetic 32,10000,85,0.054899
Arithmetic 32,10000,86,0.054806
Arithmetic 32,10000,87,0.054892
Arithmetic 32,10000,88,0.053895
Arithmetic 32,10000,89,0.05605
Arithmetic 32,10000,90,0.054061
Arithmetic 32,10000,91,0.054031
Arithmetic 32,10000,92,0.053367
Arithmetic 32,10000,93,0.054867
Arithmetic 32,10000,94,0.054056
Arithmetic 32,10000,95,0.053975
Arithmetic 32,10000,96,0.05336
Arithmetic 32,10000,97,0.054135
Arithmetic 32,10000,98,0.054696
Arithmetic 32,10000,99,0.05453
Arithmetic 32,10000,100,0.054436
Arithmetic 32,10000,101,0.054505
Arithmetic 32,10000,102,0.054086
Arithmetic 32,10000,103,0.054154
Arithmetic 32,10000,104,0.052763
Arithmetic 32,10000,105,0.05357
Arithmetic 32,10000,106,0.055255
Arithmetic 32,10000,107,0.055655
Arithmetic 32,10000,108,0.055317
Arithmetic 32,10000,109,0.055833
Arithmetic 32,10000,110,0.05515
Arithmetic 32,10000,111,0.054283
Arithmetic 32,10000,112,0.053889
Arithmetic 32,10000,113,0.054467
Arithmetic 32,10000,114,0.054013
Arithmetic 32,10000,115,0.054013
Arithmetic 32,10000,116,0.053828
Arithmetic 32,10000,117,0.055618
Arithmetic 32,10000,118,0.054
Arithmetic 32,10000,119,0.055317
Arithmetic 32,10000,120,0.053994
Arithmetic 32,10000,121,0.054824
Arithmetic 32,10000,122,0.054289
Arithmetic 32,10000,123,0.056388
Arithmetic 32,10000,124,0.054326
Arithmetic 32,10000,125,0.055907
Arithmetic 32,10000,126,0.055126
Arithmetic 32,10000,127,0.054671
Arithmetic 32,10000,128,0.053452
Arithmetic 32,10000,129,0.053668
Arithmetic 32,10000,130,0.053551
Arithmetic 32,10000,131,0.054579
Arithmetic 32,10000,132,0.053766
Arithmetic 32,10000,133,0.053865
Arithmetic 32,10000,134,0.054517
Arithmetic 32,10000,135,0.054277
Arithmetic 32,10000,136,0.054548
Arithmetic 32,10000,137,0.053692
Arithmetic 32,10000,138,0.054289
Arithmetic 32,10000,139,0.054215
Arithmetic 32,10000,140,0.054215
Arithmetic 32,10000,141,0.054978
Arithmetic 32,10000,142,0.054541
Arithmetic 32,10000,143,0.054455
Arithmetic 32,10000,144,0.054369
Arithmetic 32,10000,145,0.054228
Arithmetic 32,10000,146,0.053539
Arithmetic 32,10000,147,0.053785
Arithmetic 32,10000,148,0.054295
Arithmetic 32,10000,149,0.054492
Arithmetic 32,10000,150,0.054467
Arithmetic 32,10000,151,0.05504
Arithmetic 32,10000,152,0.055139
Arithmetic 32,10000,153,0.053391
Arithmetic 32,10000,154,0.053391
Arithmetic 32,10000,155,0.055625
Arithmetic 32,10000,156,0.054633
Arithmetic 32,10000,157,0.054179
Arithmetic 32,10000,158,0.05416
Arithmetic 32,10000,159,0.054825
Arithmetic 32,10000,160,0.053981
Arithmetic 32,10000,161,0.054886
Arithmetic 32,10000,162,0.054923
Arithmetic 32,10000,163,0.053532
Arithmetic 32,10000,164,0.053612
Arithmetic 32,10000,165,0.05544
Arithmetic 32,10000,166,0.054265
Arithmetic 32,10000,167,0.055496
Arithmetic 32,10000,168,0.054013
Arithmetic 32,10000,169,0.054824
Arithmetic 32,10000,170,0.053773
Arithmetic 32,10000,171,0.054622
Arithmetic 32,10000,172,0.053495
Arithmetic 32,10000,173,0.053767
Arithmetic 32,10000,174,0.054258
Arithmetic 32,10000,175,0.054548
Arithmetic 32,10000,176,0.053747
Arithmetic 32,10000,177,0.054184
Arithmetic 32,10000,178,0.053539
Arithmetic 32,10000,179,0.054671
Arithmetic 32,10000,180,0.05368
Arithmetic 32,10000,181,0.053951
Arithmetic 32,10000,182,0.054074
Arithmetic 32,10000,183,0.053975
Arithmetic 32,10000,184,0.054627
Arithmetic 32,10000,185,0.054314
Arithmetic 32,10000,186,0.0544
Arithmetic 32,10000,187,0.054086
Arithmetic 32,10000,188,0.053575
Arithmetic 32,10000,189,0.054013
Arithmetic 32,10000,190,0.054425
Arithmetic 32,10000,191,0.05472
Arithmetic 32,10000,192,0.053581
Arithmetic 32,10000,193,0.053182
Arithmetic 32,10000,194,0.053754
Arithmetic 32,10000,195,0.054338
Arithmetic 32,10000,196,0.054461
Arithmetic 32,10000,197,0.055286
Arithmetic 32,10000,198,0.054006
Arithmetic 32,10000,199,0.054536
Arithmetic 32,10000,200,0.054209
Arithmetic 32,10000,201,0.054123
Arithmetic 32,10000,202,0.054074
Arithmetic 32,10000,203,0.054191
Arithmetic 32,10000,204,0.054258
Arithmetic 32,10000,205,0.054616
Arithmetic 32,10000,206,0.054056
Arithmetic 32,10000,207,0.054197
Arithmetic 32,10000,208,0.052997
Arithmetic 32,10000,209,0.055267
Arithmetic 32,10000,210,0.053606
Arithmetic 32,10000,211,0.053994
Arithmetic 32,10000,212,0.054019
Arithmetic 32,10000,213,0.054277
Arithmetic 32,10000,214,0.053502
Arithmetic 32,10000,215,0.053969
Arithmetic 32,10000,216,0.054086
Arithmetic 32,10000,217,0.055342
Arithmetic 32,10000,218,0.054221
Arithmetic 32,10000,219,0.054197
Arithmetic 32,10000,220,0.053803
Arithmetic 32,10000,221,0.053557
Arithmetic 32,10000,222,0.054277
Arithmetic 32,10000,223,0.055354
Arithmetic 32,10000,224,0.054431
Arithmetic 32,10000,225,0.054689
Arithmetic 32,10000,226,0.054499
Arithmetic 32,10000,227,0.05355
Arithmetic 32,10000,228,0.053981
Arithmetic 32,10000,229,0.054542
Arithmetic 32,10000,230,0.054209
Arithmetic 32,10000,231,0.054055
Arithmetic 32,10000,232,0.053717
Arithmetic 32,10000,233,0.056271
Arithmetic 32,10000,234,0.054215
Arithmetic 32,10000,235,0.055631
Arithmetic 32,10000,236,0.054455
Arithmetic 32,10000,237,0.053803
Arithmetic 32,10000,238,0.053372
Arithmetic 32,10000,239,0.05445
Arithmetic 32,10000,240,0.054289
Arithmetic 32,10000,241,0.053034
Arithmetic 32,10000,242,0.055557
Arithmetic 32,10000,243,0.055021
Arithmetic 32,10000,244,0.053594
Arithmetic 32,10000,245,0.053594
Arithmetic 32,10000,246,0.053502
Arithmetic 32,10000,247,0.055502
Arithmetic 32,10000,248,0.053459
Arithmetic 32,10000,249,0.055409
Arithmetic 32,10000,250,0.053858
Arithmetic 32,10000,251,0.054861
Arithmetic 32,10000,252,0.053932
Arithmetic 32,10000,253,0.053785
Arithmetic 32,10000,254,0.053047
Arithmetic 32,10000,255,0.053933
Arithmetic 32,10000,256,0.053046
Arithmetic 32,10000,257,0.054536
Arithmetic 32,10000,258,0.054104
Arithmetic 32,10000,259,0.053705
Arithmetic 32,10000,260,0.054357
Arithmetic 32,10000,261,0.053415
Arithmetic 32,10000,262,0.053883
Arithmetic 32,10000,263,0.05421
Arithmetic 32,10000,264,0.053877
Arithmetic 32,10000,265,0.053089
Arithmetic 32,10000,266,0.054184
Arithmetic 32,10000,267,0.054566
Arithmetic 32,10000,268,0.054
Arithmetic 32,10000,269,0.054985
Arithmetic 32,10000,270,0.054572
Arithmetic 32,10000,271,0.053304
Arithmetic 32,10000,272,0.054357
Arithmetic 32,10000,273,0.054265
Arithmetic 32,10000,274,0.053945
Arithmetic 32,10000,275,0.053877
Arithmetic 32,10000,276,0.053705
Arithmetic 32,10000,277,0.054597
Arithmetic 32,10000,278,0.053188
Arithmetic 32,10000,279,0.054548
Arithmetic 32,10000,280,0.053827
Arithmetic 32,10000,281,0.05464
Arithmetic 32,10000,282,0.054024
Arithmetic 32,10000,283,0.05475
Arithmetic 32,10000,284,0.054769
Arithmetic 32,10000,285,0.054733
Arithmetic 32,10000,286,0.053446
Arithmetic 32,10000,287,0.055028
Arithmetic 32,10000,288,0.053145
Arithmetic 32,10000,289,0.055723
Arithmetic 32,10000,290,0.05416
Arithmetic 32,10000,291,0.054265
Arithmetic 32,10000,292,0.053748
Arithmetic 32,10000,293,0.053206
Arithmetic 32,10000,294,0.053107
Arithmetic 32,10000,295,0.054092
Arithmetic 32,10000,296,0.053483
Arithmetic 32,10000,297,0.054148
Arithmetic 32,10000,298,0.054474
Arithmetic 32,10000,299,0.054123
Arithmetic 32,10000,300,0.053698
Arithmetic 32,10000,301,0.054542
Arithmetic 32,10000,302,0.054209
Arithmetic 32,10000,303,0.055674
Arithmetic 32,10000,304,0.054701
Arithmetic 32,10000,305,0.055495
Arithmetic 32,10000,306,0.053582
Arithmetic 32,10000,307,0.054
Arithmetic 32,10000,308,0.05496
Arithmetic 32,10000,309,0.053896
Arithmetic 32,10000,310,0.055151
Arithmetic 32,10000,311,0.05496
Arithmetic 32,10000,312,0.054554
Arithmetic 32,10000,313,0.095982
Arithmetic 32,10000,314,0.055477
Arithmetic 32,10000,315,0.054523
Arithmetic 32,10000,316,0.054123
Arithmetic 32,10000,317,0.053576
Arithmetic 32,10000,318,0.054332
Arithmetic 32,10000,319,0.054585
Arithmetic 32,10000,320,0.053477
Arithmetic 32,10000,321,0.0576
Arithmetic 32,10000,322,0.066284
Arithmetic 32,10000,323,0.056966
Arithmetic 32,10000,324,0.054013
Arithmetic 32,10000,325,0.055052
Arithmetic 32,10000,326,0.054776
Arithmetic 32,10000,327,0.055379
Arithmetic 32,10000,328,0.05384
Arithmetic 32,10000,329,0.055077
Arithmetic 32,10000,330,0.054209
Arithmetic 32,10000,331,0.056708
Arithmetic 32,10000,332,0.055027
Arithmetic 32,10000,333,0.054166
Arithmetic 32,10000,334,0.05528
Arithmetic 32,10000,335,0.054117
Arithmetic 32,10000,336,0.054997
Arithmetic 32,10000,337,0.055237
Arithmetic 32,10000,338,0.054093
Arithmetic 32,10000,339,0.054025
Arithmetic 32,10000,340,0.055022
Arithmetic 32,10000,341,0.054074
Arithmetic 32,10000,342,0.054074
Arithmetic 32,10000,343,0.054973
Arithmetic 32,10000,344,0.053083
Arithmetic 32,10000,345,0.055083
Arithmetic 32,10000,346,0.053994
Arithmetic 32,10000,347,0.054572
Arithmetic 32,10000,348,0.054363
Arithmetic 32,10000,349,0.055846
Arithmetic 32,10000,350,0.054166
Arithmetic 32,10000,351,0.054935
Arithmetic 32,10000,352,0.05416
Arithmetic 32,10000,353,0.054615
Arithmetic 32,10000,354,0.055053
Arithmetic 32,10000,355,0.053865
Arithmetic 32,10000,356,0.054634
Arithmetic 32,10000,357,0.054277
Arithmetic 32,10000,358,0.053926
Arithmetic 32,10000,359,0.05376
Arithmetic 32,10000,360,0.053852
Arithmetic 32,10000,361,0.053563
Arithmetic 32,10000,362,0.054523
Arithmetic 32,10000,363,0.05459
Arithmetic 32,10000,364,0.055385
Arithmetic 32,10000,365,0.053865
Arithmetic 32,10000,366,0.053975
Arithmetic 32,10000,367,0.054941
Arithmetic 32,10000,368,0.055452
Arithmetic 32,10000,369,0.053667
Arithmetic 32,10000,370,0.054787
Arithmetic 32,10000,371,0.05384
Arithmetic 32,10000,372,0.062979
Arithmetic 32,10000,373,0.059268
Arithmetic 32,10000,374,0.055797
Arithmetic 32,10000,375,0.054098
Arithmetic 32,10000,376,0.054979
Arithmetic 32,10000,377,0.054253
Arithmetic 32,10000,378,0.053773
Arithmetic 32,10000,379,0.055194
Arithmetic 32,10000,380,0.05317
Arithmetic 32,10000,381,0.054474
Arithmetic 32,10000,382,0.054007
Arithmetic 32,10000,383,0.055176
Arithmetic 32,10000,384,0.054738
Arithmetic 32,10000,385,0.053914
Arithmetic 32,10000,386,0.053809
Arithmetic 32,10000,387,0.054855
Arithmetic 32,10000,388,0.05424
Arithmetic 32,10000,389,0.055452
Arithmetic 32,10000,390,0.053704
Arithmetic 32,10000,391,0.054714
Arithmetic 32,10000,392,0.053951
Arithmetic 32,10000,393,0.054302
Arithmetic 32,10000,394,0.0552
Arithmetic 32,10000,395,0.055582
Arithmetic 32,10000,396,0.054308
Arithmetic 32,10000,397,0.053957
Arithmetic 32,10000,398,0.052997
Arithmetic 32,10000,399,0.054338
Arithmetic 32,10000,400,0.053773
Arithmetic 32,10000,401,0.054271
Arithmetic 32,10000,402,0.054093
Arithmetic 32,10000,403,0.055717
Arithmetic 32,10000,404,0.055274
Arithmetic 32,10000,405,0.053785
Arithmetic 32,10000,406,0.053489
Arithmetic 32,10000,407,0.053649
Arithmetic 32,10000,408,0.05512
Arithmetic 32,10000,409,0.055323
Arithmetic 32,10000,410,0.054055
Arithmetic 32,10000,411,0.063637
Arithmetic 32,10000,412,0.05456
Arithmetic 32,10000,413,0.054289
Arithmetic 32,10000,414,0.054873
Arithmetic 32,10000,415,0.054517
Arithmetic 32,10000,416,0.053656
Arithmetic 32,10000,417,0.053452
Arithmetic 32,10000,418,0.053883
Arithmetic 32,10000,419,0.053963
Arithmetic 32,10000,420,0.059483
Arithmetic 32,10000,421,0.055976
Arithmetic 32,10000,422,0.053495
Arithmetic 32,10000,423,0.054837
Arithmetic 32,10000,424,0.054597
Arithmetic 32,10000,425,0.054984
Arithmetic 32,10000,426,0.053422
Arithmetic 32,10000,427,0.054523
Arithmetic 32,10000,428,0.054634
Arithmetic 32,10000,429,0.056253
Arithmetic 32,10000,430,0.055255
Arithmetic 32,10000,431,0.053988
Arithmetic 32,10000,432,0.054264
Arithmetic 32,10000,433,0.053859
Arithmetic 32,10000,434,0.055022
Arithmetic 32,10000,435,0.056603
Arithmetic 32,10000,436,0.055052
Arithmetic 32,10000,437,0.056185
Arithmetic 32,10000,438,0.055489
Arithmetic 32,10000,439,0.055224
Arithmetic 32,10000,440,0.053415
Arithmetic 32,10000,441,0.054129
Arithmetic 32,10000,442,0.055748
Arithmetic 32,10000,443,0.054012
Arithmetic 32,10000,444,0.053163
Arithmetic 32,10000,445,0.054843
Arithmetic 32,10000,446,0.054104
Arithmetic 32,10000,447,0.054486
Arithmetic 32,10000,448,0.054849
Arithmetic 32,10000,449,0.053846
Arithmetic 32,10000,450,0.054265
Arithmetic 32,10000,451,0.055133
Arithmetic 32,10000,452,0.053957
Arithmetic 32,10000,453,0.052818
Arithmetic 32,10000,454,0.052874
Arithmetic 32,10000,455,0.055465
Arithmetic 32,10000,456,0.054788
Arithmetic 32,10000,457,0.054388
Arithmetic 32,10000,458,0.053366
Arithmetic 32,10000,459,0.053803
Arithmetic 32,10000,460,0.054387
Arithmetic 32,10000,461,0.054868
Arithmetic 32,10000,462,0.054573
Arithmetic 32,10000,463,0.054117
Arithmetic 32,10000,464,0.053483
Arithmetic 32,10000,465,0.055754
Arithmetic 32,10000,466,0.054665
Arithmetic 32,10000,467,0.053926
Arithmetic 32,10000,468,0.053889
Arithmetic 32,10000,469,0.054634
Arithmetic 32,10000,470,0.0536
Arithmetic 32,10000,471,0.054904
Arithmetic 32,10000,472,0.053594
Arithmetic 32,10000,473,0.054006
Arithmetic 32,10000,474,0.054166
Arithmetic 32,10000,475,0.055742
Arithmetic 32,10000,476,0.05443
Arithmetic 32,10000,477,0.054745
Arithmetic 32,10000,478,0.054056
Arithmetic 32,10000,479,0.054616
Arithmetic 32,10000,480,0.053452
Arithmetic 32,10000,481,0.054277
Arithmetic 32,10000,482,0.053299
Arithmetic 32,10000,483,0.054142
Arithmetic 32,10000,484,0.053637
Arithmetic 32,10000,485,0.054339
Arithmetic 32,10000,486,0.054529
Arithmetic 32,10000,487,0.054726
Arithmetic 32,10000,488,0.054437
Arithmetic 32,10000,489,0.054486
Arithmetic 32,10000,490,0.054289
Arithmetic 32,10000,491,0.054541
Arithmetic 32,10000,492,0.054566
Arithmetic 32,10000,493,0.054068
Arithmetic 32,10000,494,0.054062
Arithmetic 32,10000,495,0.054511
Arithmetic 32,10000,496,0.054326
Arithmetic 32,10000,497,0.053963
Arithmetic 32,10000,498,0.054277
Arithmetic 32,10000,499,0.053348
Arithmetic 32,10000,500,0.053594
Arithmetic 32,10000,501,0.055656
Arithmetic 32,10000,502,0.053409
Arithmetic 32,10000,503,0.055132
Arithmetic 32,10000,504,0.054166
Arithmetic 32,10000,505,0.054597
Arithmetic 32,10000,506,0.053779
Arithmetic 32,10000,507,0.054136
Arithmetic 32,10000,508,0.053508
Arithmetic 32,10000,509,0.054332
Arithmetic 32,10000,510,0.053779
Arithmetic 32,10000,511,0.055108
Arithmetic 32,10000,512,0.054166
Arithmetic 32,10000,513,0.053422
Arithmetic 32,10000,514,0.053225
Arithmetic 32,10000,515,0.055262
Arithmetic 32,10000,516,0.053501
Arithmetic 32,10000,517,0.054486
Arithmetic 32,10000,518,0.053711
Arithmetic 32,10000,519,0.055095
Arithmetic 32,10000,520,0.054099
Arithmetic 32,10000,521,0.05472
Arithmetic 32,10000,522,0.054868
Arithmetic 32,10000,523,0.05477
Arithmetic 32,10000,524,0.054259
Arithmetic 32,10000,525,0.05371
Arithmetic 32,10000,526,0.053114
Arithmetic 32,10000,527,0.054265
Arithmetic 32,10000,528,0.054862
Arithmetic 32,10000,529,0.054166
Arithmetic 32,10000,530,0.053452
Arithmetic 32,10000,531,0.054899
Arithmetic 32,10000,532,0.053341
Arithmetic 32,10000,533,0.054874
Arithmetic 32,10000,534,0.054634
Arithmetic 32,10000,535,0.054
Arithmetic 32,10000,536,0.053803
Arithmetic 32,10000,537,0.054978
Arithmetic 32,10000,538,0.054326
Arithmetic 32,10000,539,0.054086
Arithmetic 32,10000,540,0.05389
Arithmetic 32,10000,541,0.053612
Arithmetic 32,10000,542,0.054332
Arithmetic 32,10000,543,0.054382
Arithmetic 32,10000,544,0.054246
Arithmetic 32,10000,545,0.05432
Arithmetic 32,10000,546,0.053403
Arithmetic 32,10000,547,0.056191
Arithmetic 32,10000,548,0.054486
Arithmetic 32,10000,549,0.054794
Arithmetic 32,10000,550,0.054664
Arithmetic 32,10000,551,0.05504
Arithmetic 32,10000,552,0.054074
Arithmetic 32,10000,553,0.053699
Arithmetic 32,10000,554,0.053243
Arithmetic 32,10000,555,0.053661
Arithmetic 32,10000,556,0.054387
Arithmetic 32,10000,557,0.055557
Arithmetic 32,10000,558,0.054455
Arithmetic 32,10000,559,0.054942
Arithmetic 32,10000,560,0.053336
Arithmetic 32,10000,561,0.053668
Arithmetic 32,10000,562,0.053594
Arithmetic 32,10000,563,0.055311
Arithmetic 32,10000,564,0.054904
Arithmetic 32,10000,565,0.054843
Arithmetic 32,10000,566,0.053773
Arithmetic 32,10000,567,0.053557
Arithmetic 32,10000,568,0.05456
Arithmetic 32,10000,569,0.05357
Arithmetic 32,10000,570,0.053194
Arithmetic 32,10000,571,0.054505
Arithmetic 32,10000,572,0.054019
Arithmetic 32,10000,573,0.05416
Arithmetic 32,10000,574,0.053126
Arithmetic 32,10000,575,0.054511
Arithmetic 32,10000,576,0.054301
Arithmetic 32,10000,577,0.054806
Arithmetic 32,10000,578,0.053661
Arithmetic 32,10000,579,0.054517
Arithmetic 32,10000,580,0.055127
Arithmetic 32,10000,581,0.096535
Arithmetic 32,10000,582,0.055661
Arithmetic 32,10000,583,0.054462
Arithmetic 32,10000,584,0.053582
Arithmetic 32,10000,585,0.054523
Arithmetic 32,10000,586,0.053384
Arithmetic 32,10000,587,0.053778
Arithmetic 32,10000,588,0.053643
Arithmetic 32,10000,589,0.054098
Arithmetic 32,10000,590,0.103415
Arithmetic 32,10000,591,0.054271
Arithmetic 32,10000,592,0.054197
Arithmetic 32,10000,593,0.054006
Arithmetic 32,10000,594,0.054197
Arithmetic 32,10000,595,0.054474
Arithmetic 32,10000,596,0.053181
Arithmetic 32,10000,597,0.055114
Arithmetic 32,10000,598,0.05288
Arithmetic 32,10000,599,0.059741
Arithmetic 32,10000,600,0.053976
Arithmetic 32,10000,601,0.054461
Arithmetic 32,10000,602,0.054013
Arithmetic 32,10000,603,0.053575
Arithmetic 32,10000,604,0.054123
Arithmetic 32,10000,605,0.0536
Arithmetic 32,10000,606,0.054252
Arithmetic 32,10000,607,0.055471
Arithmetic 32,10000,608,0.056757
Arithmetic 32,10000,609,0.053773
Arithmetic 32,10000,610,0.05368
Arithmetic 32,10000,611,0.055083
Arithmetic 32,10000,612,0.054184
Arithmetic 32,10000,613,0.054659
Arithmetic 32,10000,614,0.054547
Arithmetic 32,10000,615,0.054487
Arithmetic 32,10000,616,0.054154
Arithmetic 32,10000,617,0.055674
Arithmetic 32,10000,618,0.054824
Arithmetic 32,10000,619,0.05448
Arithmetic 32,10000,620,0.054492
Arithmetic 32,10000,621,0.053267
Arithmetic 32,10000,622,0.054172
Arithmetic 32,10000,623,0.054013
Arithmetic 32,10000,624,0.053353
Arithmetic 32,10000,625,0.056302
Arithmetic 32,10000,626,0.054788
Arithmetic 32,10000,627,0.05453
Arithmetic 32,10000,628,0.054529
Arithmetic 32,10000,629,0.054856
Arithmetic 32,10000,630,0.054203
Arithmetic 32,10000,631,0.054449
Arithmetic 32,10000,632,0.053945
Arithmetic 32,10000,633,0.055563
Arithmetic 32,10000,634,0.054542
Arithmetic 32,10000,635,0.054954
Arithmetic 32,10000,636,0.053994
Arithmetic 32,10000,637,0.054136
Arithmetic 32,10000,638,0.05344
Arithmetic 32,10000,639,0.055268
Arithmetic 32,10000,640,0.054381
Arithmetic 32,10000,641,0.053249
Arithmetic 32,10000,642,0.053624
Arithmetic 32,10000,643,0.053594
Arithmetic 32,10000,644,0.054917
Arithmetic 32,10000,645,0.053895
Arithmetic 32,10000,646,0.05464
Arithmetic 32,10000,647,0.0552
Arithmetic 32,10000,648,0.055465
Arithmetic 32,10000,649,0.0544
Arithmetic 32,10000,650,0.053902
Arithmetic 32,10000,651,0.054714
Arithmetic 32,10000,652,0.054037
Arithmetic 32,10000,653,0.054406
Arithmetic 32,10000,654,0.053791
Arithmetic 32,10000,655,0.054775
Arithmetic 32,10000,656,0.05389
Arithmetic 32,10000,657,0.053563
Arithmetic 32,10000,658,0.053347
Arithmetic 32,10000,659,0.053274
Arithmetic 32,10000,660,0.05539
Arithmetic 32,10000,661,0.054265
Arithmetic 32,10000,662,0.054037
Arithmetic 32,10000,663,0.054917
Arithmetic 32,10000,664,0.0544
Arithmetic 32,10000,665,0.054104
Arithmetic 32,10000,666,0.053926
Arithmetic 32,10000,667,0.054025
Arithmetic 32,10000,668,0.053244
Arithmetic 32,10000,669,0.053268
Arithmetic 32,10000,670,0.054191
Arithmetic 32,10000,671,0.055342
Arithmetic 32,10000,672,0.054197
Arithmetic 32,10000,673,0.05429
Arithmetic 32,10000,674,0.054584
Arithmetic 32,10000,675,0.054338
Arithmetic 32,10000,676,0.054493
Arithmetic 32,10000,677,0.055009
Arithmetic 32,10000,678,0.053299
Arithmetic 32,10000,679,0.05472
Arithmetic 32,10000,680,0.053661
Arithmetic 32,10000,681,0.055618
Arithmetic 32,10000,682,0.054068
Arithmetic 32,10000,683,0.054972
Arithmetic 32,10000,684,0.05464
Arithmetic 32,10000,685,0.05307
Arithmetic 32,10000,686,0.054553
Arithmetic 32,10000,687,0.054492
Arithmetic 32,10000,688,0.054431
Arithmetic 32,10000,689,0.067821
Arithmetic 32,10000,690,0.05864
Arithmetic 32,10000,691,0.05704
Arithmetic 32,10000,692,0.054972
Arithmetic 32,10000,693,0.055901
Arithmetic 32,10000,694,0.053723
Arithmetic 32,10000,695,0.054794
Arithmetic 32,10000,696,0.05448
Arithmetic 32,10000,697,0.055674
Arithmetic 32,10000,698,0.056419
Arithmetic 32,10000,699,0.054744
Arithmetic 32,10000,700,0.05349
Arithmetic 32,10000,701,0.053532
Arithmetic 32,10000,702,0.05464
Arithmetic 32,10000,703,0.053852
Arithmetic 32,10000,704,0.054867
Arithmetic 32,10000,705,0.054443
Arithmetic 32,10000,706,0.05469
Arithmetic 32,10000,707,0.054831
Arithmetic 32,10000,708,0.054849
Arithmetic 32,10000,709,0.054837
Arithmetic 32,10000,710,0.05427
Arithmetic 32,10000,711,0.053741
Arithmetic 32,10000,712,0.054105
Arithmetic 32,10000,713,0.05464
Arithmetic 32,10000,714,0.054652
Arithmetic 32,10000,715,0.055926
Arithmetic 32,10000,716,0.054412
Arithmetic 32,10000,717,0.05472
Arithmetic 32,10000,718,0.054449
Arithmetic 32,10000,719,0.054868
Arithmetic 32,10000,720,0.054462
Arithmetic 32,10000,721,0.054825
Arithmetic 32,10000,722,0.05389
Arithmetic 32,10000,723,0.053003
Arithmetic 32,10000,724,0.053458
Arithmetic 32,10000,725,0.055187
Arithmetic 32,10000,726,0.054462
Arithmetic 32,10000,727,0.054074
Arithmetic 32,10000,728,0.053705
Arithmetic 32,10000,729,0.054412
Arithmetic 32,10000,730,0.05525
Arithmetic 32,10000,731,0.054861
Arithmetic 32,10000,732,0.053582
Arithmetic 32,10000,733,0.055532
Arithmetic 32,10000,734,0.054431
Arithmetic 32,10000,735,0.054505
Arithmetic 32,10000,736,0.054259
Arithmetic 32,10000,737,0.05424
Arithmetic 32,10000,738,0.05384
Arithmetic 32,10000,739,0.054166
Arithmetic 32,10000,740,0.054338
Arithmetic 32,10000,741,0.054074
Arithmetic 32,10000,742,0.054554
Arithmetic 32,10000,743,0.05472
Arithmetic 32,10000,744,0.053889
Arithmetic 32,10000,745,0.054456
Arithmetic 32,10000,746,0.0532
Arithmetic 32,10000,747,0.054647
Arithmetic 32,10000,748,0.054302
Arithmetic 32,10000,749,0.054289
Arithmetic 32,10000,750,0.05392
Arithmetic 32,10000,751,0.055095
Arithmetic 32,10000,752,0.05464
Arithmetic 32,10000,753,0.053502
Arithmetic 32,10000,754,0.05365
Arithmetic 32,10000,755,0.055058
Arithmetic 32,10000,756,0.054806
Arithmetic 32,10000,757,0.054653
Arithmetic 32,10000,758,0.053508
Arithmetic 32,10000,759,0.055077
Arithmetic 32,10000,760,0.054572
Arithmetic 32,10000,761,0.053822
Arithmetic 32,10000,762,0.053434
Arithmetic 32,10000,763,0.055071
Arithmetic 32,10000,764,0.053852
Arithmetic 32,10000,765,0.053883
Arithmetic 32,10000,766,0.054203
Arithmetic 32,10000,767,0.053668
Arithmetic 32,10000,768,0.053249
Arithmetic 32,10000,769,0.055397
Arithmetic 32,10000,770,0.054985
Arithmetic 32,10000,771,0.055748
Arithmetic 32,10000,772,0.054554
Arithmetic 32,10000,773,0.0548
Arithmetic 32,10000,774,0.053864
Arithmetic 32,10000,775,0.053526
Arithmetic 32,10000,776,0.054166
Arithmetic 32,10000,777,0.054172
Arithmetic 32,10000,778,0.055194
Arithmetic 32,10000,779,0.053803
Arithmetic 32,10000,780,0.05288
Arithmetic 32,10000,781,0.053877
Arithmetic 32,10000,782,0.054105
Arithmetic 32,10000,783,0.054215
Arithmetic 32,10000,784,0.053564
Arithmetic 32,10000,785,0.053914
Arithmetic 32,10000,786,0.054246
Arithmetic 32,10000,787,0.054148
Arithmetic 32,10000,788,0.055304
Arithmetic 32,10000,789,0.054061
Arithmetic 32,10000,790,0.054277
Arithmetic 32,10000,791,0.055372
Arithmetic 32,10000,792,0.055047
Arithmetic 32,10000,793,0.054585
Arithmetic 32,10000,794,0.053453
Arithmetic 32,10000,795,0.05336
Arithmetic 32,10000,796,0.05432
Arithmetic 32,10000,797,0.053778
Arithmetic 32,10000,798,0.054283
Arithmetic 32,10000,799,0.053908
Arithmetic 32,10000,800,0.053237
Arithmetic 32,10000,801,0.053846
Arithmetic 32,10000,802,0.053735
Arithmetic 32,10000,803,0.054247
Arithmetic 32,10000,804,0.054117
Arithmetic 32,10000,805,0.05456
Arithmetic 32,10000,806,0.053982
Arithmetic 32,10000,807,0.054031
Arithmetic 32,10000,808,0.053341
Arithmetic 32,10000,809,0.054708
Arithmetic 32,10000,810,0.054702
Arithmetic 32,10000,811,0.054511
Arithmetic 32,10000,812,0.05336
Arithmetic 32,10000,813,0.0548
Arithmetic 32,10000,814,0.055391
Arithmetic 32,10000,815,0.054609
Arithmetic 32,10000,816,0.054043
Arithmetic 32,10000,817,0.053951
Arithmetic 32,10000,818,0.055095
Arithmetic 32,10000,819,0.054407
Arithmetic 32,10000,820,0.053385
Arithmetic 32,10000,821,0.053699
Arithmetic 32,10000,822,0.097194
Arithmetic 32,10000,823,0.053465
Arithmetic 32,10000,824,0.053465
Arithmetic 32,10000,825,0.054689
Arithmetic 32,10000,826,0.054105
Arithmetic 32,10000,827,0.053514
Arithmetic 32,10000,828,0.053317
Arithmetic 32,10000,829,0.054554
Arithmetic 32,10000,830,0.054308
Arithmetic 32,10000,831,0.056566
Arithmetic 32,10000,832,0.05357
Arithmetic 32,10000,833,0.053483
Arithmetic 32,10000,834,0.054265
Arithmetic 32,10000,835,0.054166
Arithmetic 32,10000,836,0.054117
Arithmetic 32,10000,837,0.053329
Arithmetic 32,10000,838,0.0536
Arithmetic 32,10000,839,0.054966
Arithmetic 32,10000,840,0.056
Arithmetic 32,10000,841,0.054536
Arithmetic 32,10000,842,0.054006
Arithmetic 32,10000,843,0.054929
Arithmetic 32,10000,844,0.053637
Arithmetic 32,10000,845,0.054431
Arithmetic 32,10000,846,0.053176
Arithmetic 32,10000,847,0.05368
Arithmetic 32,10000,848,0.054345
Arithmetic 32,10000,849,0.054536
Arithmetic 32,10000,850,0.05392
Arithmetic 32,10000,851,0.054905
Arithmetic 32,10000,852,0.054086
Arithmetic 32,10000,853,0.053889
Arithmetic 32,10000,854,0.054413
Arithmetic 32,10000,855,0.054092
Arithmetic 32,10000,856,0.053853
Arithmetic 32,10000,857,0.053877
Arithmetic 32,10000,858,0.055458
Arithmetic 32,10000,859,0.053551
Arithmetic 32,10000,860,0.053711
Arithmetic 32,10000,861,0.054227
Arithmetic 32,10000,862,0.055071
Arithmetic 32,10000,863,0.054751
Arithmetic 32,10000,864,0.053649
Arithmetic 32,10000,865,0.05376
Arithmetic 32,10000,866,0.053828
Arithmetic 32,10000,867,0.05424
Arithmetic 32,10000,868,0.053767
Arithmetic 32,10000,869,0.05427
Arithmetic 32,10000,870,0.053963
Arithmetic 32,10000,871,0.053938
Arithmetic 32,10000,872,0.054696
Arithmetic 32,10000,873,0.053711
Arithmetic 32,10000,874,0.053809
Arithmetic 32,10000,875,0.054345
Arithmetic 32,10000,876,0.055107
Arithmetic 32,10000,877,0.05461
Arithmetic 32,10000,878,0.054099
Arithmetic 32,10000,879,0.05397
Arithmetic 32,10000,880,0.053569
Arithmetic 32,10000,881,0.054283
Arithmetic 32,10000,882,0.053212
Arithmetic 32,10000,883,0.055575
Arithmetic 32,10000,884,0.053736
Arithmetic 32,10000,885,0.053686
Arithmetic 32,10000,886,0.054308
Arithmetic 32,10000,887,0.054664
Arithmetic 32,10000,888,0.053938
Arithmetic 32,10000,889,0.054948
Arithmetic 32,10000,890,0.053618
Arithmetic 32,10000,891,0.055009
Arithmetic 32,10000,892,0.05344
Arithmetic 32,10000,893,0.053927
Arithmetic 32,10000,894,0.055132
Arithmetic 32,10000,895,0.055015
Arithmetic 32,10000,896,0.053668
Arithmetic 32,10000,897,0.053656
Arithmetic 32,10000,898,0.054456
Arithmetic 32,10000,899,0.053896
Arithmetic 32,10000,900,0.053803
Arithmetic 32,10000,901,0.055416
Arithmetic 32,10000,902,0.05424
Arithmetic 32,10000,903,0.055754
Arithmetic 32,10000,904,0.055397
Arithmetic 32,10000,905,0.053631
Arithmetic 32,10000,906,0.054504
Arithmetic 32,10000,907,0.055009
Arithmetic 32,10000,908,0.053378
Arithmetic 32,10000,909,0.054954
Arithmetic 32,10000,910,0.053612
Arithmetic 32,10000,911,0.054234
Arithmetic 32,10000,912,0.054307
Arithmetic 32,10000,913,0.053458
Arithmetic 32,10000,914,0.054142
Arithmetic 32,10000,915,0.054147
Arithmetic 32,10000,916,0.054751
Arithmetic 32,10000,917,0.054394
Arithmetic 32,10000,918,0.05312
Arithmetic 32,10000,919,0.054099
Arithmetic 32,10000,920,0.052997
Arithmetic 32,10000,921,0.055145
Arithmetic 32,10000,922,0.053249
Arithmetic 32,10000,923,0.053379
Arithmetic 32,10000,924,0.053255
Arithmetic 32,10000,925,0.05443
Arithmetic 32,10000,926,0.054246
Arithmetic 32,10000,927,0.05467
Arithmetic 32,10000,928,0.053323
Arithmetic 32,10000,929,0.053403
Arithmetic 32,10000,930,0.053539
Arithmetic 32,10000,931,0.054714
Arithmetic 32,10000,932,0.054499
Arithmetic 32,10000,933,0.054369
Arithmetic 32,10000,934,0.053723
Arithmetic 32,10000,935,0.053496
Arithmetic 32,10000,936,0.05376
Arithmetic 32,10000,937,0.053772
Arithmetic 32,10000,938,0.054511
Arithmetic 32,10000,939,0.055483
Arithmetic 32,10000,940,0.053828
Arithmetic 32,10000,941,0.053963
Arithmetic 32,10000,942,0.053353
Arithmetic 32,10000,943,0.055883
Arithmetic 32,10000,944,0.052984
Arithmetic 32,10000,945,0.054787
Arithmetic 32,10000,946,0.054191
Arithmetic 32,10000,947,0.054228
Arithmetic 32,10000,948,0.054178
Arithmetic 32,10000,949,0.054308
Arithmetic 32,10000,950,0.053914
Arithmetic 32,10000,951,0.053871
Arithmetic 32,10000,952,0.05328
Arithmetic 32,10000,953,0.053354
Arithmetic 32,10000,954,0.052707
Arithmetic 32,10000,955,0.054154
Arithmetic 32,10000,956,0.053773
Arithmetic 32,10000,957,0.055545
Arithmetic 32,10000,958,0.053698
Arithmetic 32,10000,959,0.054259
Arithmetic 32,10000,960,0.05376
Arithmetic 32,10000,961,0.054369
Arithmetic 32,10000,962,0.054535
Arithmetic 32,10000,963,0.055157
Arithmetic 32,10000,964,0.053656
Arithmetic 32,10000,965,0.053391
Arithmetic 32,10000,966,0.053784
Arithmetic 32,10000,967,0.05429
Arithmetic 32,10000,968,0.05387
Arithmetic 32,10000,969,0.054099
Arithmetic 32,10000,970,0.05304
Arithmetic 32,10000,971,0.053957
Arithmetic 32,10000,972,0.053852
Arithmetic 32,10000,973,0.053225
Arithmetic 32,10000,974,0.053723
Arithmetic 32,10000,975,0.053588
Arithmetic 32,10000,976,0.053809
Arithmetic 32,10000,977,0.053415
Arithmetic 32,10000,978,0.054073
Arithmetic 32,10000,979,0.054007
Arithmetic 32,10000,980,0.053557
Arithmetic 32,10000,981,0.053754
Arithmetic 32,10000,982,0.053784
Arithmetic 32,10000,983,0.05323
Arithmetic 32,10000,984,0.052892
Arithmetic 32,10000,985,0.053151
Arithmetic 32,10000,986,0.054074
Arithmetic 32,10000,987,0.053588
Arithmetic 32,10000,988,0.052572
Arithmetic 32,10000,989,0.05435
Arithmetic 32,10000,990,0.055157
Arithmetic 32,10000,991,0.054572
Arithmetic 32,10000,992,0.053975
Arithmetic 32,10000,993,0.054775
Arithmetic 32,10000,994,0.053693
Arithmetic 32,10000,995,0.054529
Arithmetic 32,10000,996,0.054677
Arithmetic 32,10000,997,0.054135
Arithmetic 32,10000,998,0.055053
Arithmetic 32,10000,999,0.054806
Arithmetic 32,10000,1000,0.054136
Arithmetic 32,10000,1001,0.058683
Arithmetic 32,10000,1002,0.054436
Arithmetic 32,10000,1003,0.055052
Arithmetic 32,10000,1004,0.05429
Arithmetic 32,10000,1005,0.054394
Arithmetic 32,10000,1006,0.053747
Arithmetic 32,10000,1007,0.054769
Arithmetic 32,10000,1008,0.053729
Arithmetic 32,10000,1009,0.056067
Arithmetic 32,10000,1010,0.054006
Arithmetic 32,10000,1011,0.055342
Arithmetic 32,10000,1012,0.054535
Arithmetic 32,10000,1013,0.054332
Arithmetic 32,10000,1014,0.054301
Arithmetic 32,10000,1015,0.054455
Arithmetic 32,10000,1016,0.054018
Arithmetic 32,10000,1017,0.05384
Arithmetic 32,10000,1018,0.054006
Arithmetic 32,10000,1019,0.053779
Arithmetic 32,10000,1020,0.053982
Arithmetic 32,10000,1021,0.054929
Arithmetic 32,10000,1022,0.054621
Arithmetic 32,10000,1023,0.053551
Arithmetic 32,10000,1024,0.054554
Arithmetic 32,10000,1025,0.054136
Arithmetic 32,10000,1026,0.054369
Arithmetic 32,10000,1027,0.055237
Arithmetic 32,10000,1028,0.053741
Arithmetic 32,10000,1029,0.053803
Arithmetic 32,10000,1030,0.054991
Arithmetic 32,10000,1031,0.054929
Arithmetic 32,10000,1032,0.054474
Arithmetic 32,10000,1033,0.054536
Arithmetic 32,10000,1034,0.055366
Arithmetic 32,10000,1035,0.054185
Arithmetic 32,10000,1036,0.054222
Arithmetic 32,10000,1037,0.054203
Arithmetic 32,10000,1038,0.053693
Arithmetic 32,10000,1039,0.055071
Arithmetic 32,10000,1040,0.053034
Arithmetic 32,10000,1041,0.054314
Arithmetic 32,10000,1042,0.054333
Arithmetic 32,10000,1043,0.05336
Arithmetic 32,10000,1044,0.053852
Arithmetic 32,10000,1045,0.056031
Arithmetic 32,10000,1046,0.054892
Arithmetic 32,10000,1047,0.053994
Arithmetic 32,10000,1048,0.053459
Arithmetic 32,10000,1049,0.054658
Arithmetic 32,10000,1050,0.055261
Arithmetic 32,10000,1051,0.053563
Arithmetic 32,10000,1052,0.054382
Arithmetic 32,10000,1053,0.054099
Arithmetic 32,10000,1054,0.054979
Arithmetic 32,10000,1055,0.053833
Arithmetic 32,10000,1056,0.054369
Arithmetic 32,10000,1057,0.053637
Arithmetic 32,10000,1058,0.05285
Arithmetic 32,10000,1059,0.054664
Arithmetic 32,10000,1060,0.053982
Arithmetic 32,10000,1061,0.054363
Arithmetic 32,10000,1062,0.052769
Arithmetic 32,10000,1063,0.054135
Arithmetic 32,10000,1064,0.054406
Arithmetic 32,10000,1065,0.054277
Arithmetic 32,10000,1066,0.053834
Arithmetic 32,10000,1067,0.053791
Arithmetic 32,10000,1068,0.05419
Arithmetic 32,10000,1069,0.055926
Arithmetic 32,10000,1070,0.05488
Arithmetic 32,10000,1071,0.055433
Arithmetic 32,10000,1072,0.05475
Arithmetic 32,10000,1073,0.05456
Arithmetic 32,10000,1074,0.054769
Arithmetic 32,10000,1075,0.054597
Arithmetic 32,10000,1076,0.054529
Arithmetic 32,10000,1077,0.053526
Arithmetic 32,10000,1078,0.05344
Arithmetic 32,10000,1079,0.054136
Arithmetic 32,10000,1080,0.054376
Arithmetic 32,10000,1081,0.054609
Arithmetic 32,10000,1082,0.054037
Arithmetic 32,10000,1083,0.055101
Arithmetic 32,10000,1084,0.053883
Arithmetic 32,10000,1085,0.055145
Arithmetic 32,10000,1086,0.054769
Arithmetic 32,10000,1087,0.054831
Arithmetic 32,10000,1088,0.054277
Arithmetic 32,10000,1089,0.097932
Arithmetic 32,10000,1090,0.053926
Arithmetic 32,10000,1091,0.053988
Arithmetic 32,10000,1092,0.05323
Arithmetic 32,10000,1093,0.054812
Arithmetic 32,10000,1094,0.053003
Arithmetic 32,10000,1095,0.053852
Arithmetic 32,10000,1096,0.054911
Arithmetic 32,10000,1097,0.054652
Arithmetic 32,10000,1098,0.095686
Arithmetic 32,10000,1099,0.054308
Arithmetic 32,10000,1100,0.053569
Arithmetic 32,10000,1101,0.054788
Arithmetic 32,10000,1102,0.054271
Arithmetic 32,10000,1103,0.054874
Arithmetic 32,10000,1104,0.053865
Arithmetic 32,10000,1105,0.05421
Arithmetic 32,10000,1106,0.053329
Arithmetic 32,10000,1107,0.056067
Arithmetic 32,10000,1108,0.054388
Arithmetic 32,10000,1109,0.054055
Arithmetic 32,10000,1110,0.052997
Arithmetic 32,10000,1111,0.053735
Arithmetic 32,10000,1112,0.053656
Arithmetic 32,10000,1113,0.054775
Arithmetic 32,10000,1114,0.0544
Arithmetic 32,10000,1115,0.054166
Arithmetic 32,10000,1116,0.055206
Arithmetic 32,10000,1117,0.054215
Arithmetic 32,10000,1118,0.055108
Arithmetic 32,10000,1119,0.053686
Arithmetic 32,10000,1120,0.054018
Arithmetic 32,10000,1121,0.053526
Arithmetic 32,10000,1122,0.054129
Arithmetic 32,10000,1123,0.054739
Arithmetic 32,10000,1124,0.054579
Arithmetic 32,10000,1125,0.055354
Arithmetic 32,10000,1126,0.053895
Arithmetic 32,10000,1127,0.053225
Arithmetic 32,10000,1128,0.054769
Arithmetic 32,10000,1129,0.054911
Arithmetic 32,10000,1130,0.054018
Arithmetic 32,10000,1131,0.054148
Arithmetic 32,10000,1132,0.054566
Arithmetic 32,10000,1133,0.054277
Arithmetic 32,10000,1134,0.054295
Arithmetic 32,10000,1135,0.054486
Arithmetic 32,10000,1136,0.054148
Arithmetic 32,10000,1137,0.054665
Arithmetic 32,10000,1138,0.053748
Arithmetic 32,10000,1139,0.055009
Arithmetic 32,10000,1140,0.053735
Arithmetic 32,10000,1141,0.054745
Arithmetic 32,10000,1142,0.05408
Arithmetic 32,10000,1143,0.054443
Arithmetic 32,10000,1144,0.05371
Arithmetic 32,10000,1145,0.054031
Arithmetic 32,10000,1146,0.054006
Arithmetic 32,10000,1147,0.054431
Arithmetic 32,10000,1148,0.054535
Arithmetic 32,10000,1149,0.053422
Arithmetic 32,10000,1150,0.055009
Arithmetic 32,10000,1151,0.054148
Arithmetic 32,10000,1152,0.053785
Arithmetic 32,10000,1153,0.05424
Arithmetic 32,10000,1154,0.054843
Arithmetic 32,10000,1155,0.055064
Arithmetic 32,10000,1156,0.053391
Arithmetic 32,10000,1157,0.054474
Arithmetic 32,10000,1158,0.053883
Arithmetic 32,10000,1159,0.053883
Arithmetic 32,10000,1160,0.053902
Arithmetic 32,10000,1161,0.054173
Arithmetic 32,10000,1162,0.054277
Arithmetic 32,10000,1163,0.053975
Arithmetic 32,10000,1164,0.053747
Arithmetic 32,10000,1165,0.053938
Arithmetic 32,10000,1166,0.05312
Arithmetic 32,10000,1167,0.053815
Arithmetic 32,10000,1168,0.054652
Arithmetic 32,10000,1169,0.053661
Arithmetic 32,10000,1170,0.054708
Arithmetic 32,10000,1171,0.0544
Arithmetic 32,10000,1172,0.054733
Arithmetic 32,10000,1173,0.053563
Arithmetic 32,10000,1174,0.054049
Arithmetic 32,10000,1175,0.053957
Arithmetic 32,10000,1176,0.054911
Arithmetic 32,10000,1177,0.055194
Arithmetic 32,10000,1178,0.053175
Arithmetic 32,10000,1179,0.055742
Arithmetic 32,10000,1180,0.058665
Arithmetic 32,10000,1181,0.066209
Arithmetic 32,10000,1182,0.065619
Arithmetic 32,10000,1183,0.065089
Arithmetic 32,10000,1184,0.062898
Arithmetic 32,10000,1185,0.061532
Arithmetic 32,10000,1186,0.061895
Arithmetic 32,10000,1187,0.061378
Arithmetic 32,10000,1188,0.059889
Arithmetic 32,10000,1189,0.06043
Arithmetic 32,10000,1190,0.062702
Arithmetic 32,10000,1191,0.064295
Arithmetic 32,10000,1192,0.059089
Arithmetic 32,10000,1193,0.054898
Arithmetic 32,10000,1194,0.054585
Arithmetic 32,10000,1195,0.054086
Arithmetic 32,10000,1196,0.05376
Arithmetic 32,10000,1197,0.056424
Arithmetic 32,10000,1198,0.055889
Arithmetic 32,10000,1199,0.0548
Arithmetic 32,10000,1200,0.055403
Arithmetic 32,10000,1201,0.054726
Arithmetic 32,10000,1202,0.055016
Arithmetic 32,10000,1203,0.054585
Arithmetic 32,10000,1204,0.054012
Arithmetic 32,10000,1205,0.054406
Arithmetic 32,10000,1206,0.055212
Arithmetic 32,10000,1207,0.054061
Arithmetic 32,10000,1208,0.053865
Arithmetic 32,10000,1209,0.054308
Arithmetic 32,10000,1210,0.054462
Arithmetic 32,10000,1211,0.054363
Arithmetic 32,10000,1212,0.053815
Arithmetic 32,10000,1213,0.05536
Arithmetic 32,10000,1214,0.052757
Arithmetic 32,10000,1215,0.055575
Arithmetic 32,10000,1216,0.054093
Arithmetic 32,10000,1217,0.054246
Arithmetic 32,10000,1218,0.053957
Arithmetic 32,10000,1219,0.055329
Arithmetic 32,10000,1220,0.053495
Arithmetic 32,10000,1221,0.054314
Arithmetic 32,10000,1222,0.05352
Arithmetic 32,10000,1223,0.055896
Arithmetic 32,10000,1224,0.054535
Arithmetic 32,10000,1225,0.054215
Arithmetic 32,10000,1226,0.053409
Arithmetic 32,10000,1227,0.054942
Arithmetic 32,10000,1228,0.054517
Arithmetic 32,10000,1229,0.053569
Arithmetic 32,10000,1230,0.053348
Arithmetic 32,10000,1231,0.054468
Arithmetic 32,10000,1232,0.054197
Arithmetic 32,10000,1233,0.054043
Arithmetic 32,10000,1234,0.05368
Arithmetic 32,10000,1235,0.053927
Arithmetic 32,10000,1236,0.054708
Arithmetic 32,10000,1237,0.059151
Arithmetic 32,10000,1238,0.053471
Arithmetic 32,10000,1239,0.054856
Arithmetic 32,10000,1240,0.054424
Arithmetic 32,10000,1241,0.054455
Arithmetic 32,10000,1242,0.055033
Arithmetic 32,10000,1243,0.054529
Arithmetic 32,10000,1244,0.054019
Arithmetic 32,10000,1245,0.053816
Arithmetic 32,10000,1246,0.053557
Arithmetic 32,10000,1247,0.054874
Arithmetic 32,10000,1248,0.05443
Arithmetic 32,10000,1249,0.055366
Arithmetic 32,10000,1250,0.053969
Arithmetic 32,10000,1251,0.053809
Arithmetic 32,10000,1252,0.0548
Arithmetic 32,10000,1253,0.053607
Arithmetic 32,10000,1254,0.054179
Arithmetic 32,10000,1255,0.054936
Arithmetic 32,10000,1256,0.055378
Arithmetic 32,10000,1257,0.054788
Arithmetic 32,10000,1258,0.054707
Arithmetic 32,10000,1259,0.054247
Arithmetic 32,10000,1260,0.05381
Arithmetic 32,10000,1261,0.05488
Arithmetic 32,10000,1262,0.053686
Arithmetic 32,10000,1263,0.055311
Arithmetic 32,10000,1264,0.054191
Arithmetic 32,10000,1265,0.054406
Arithmetic 32,10000,1266,0.054173
Arithmetic 32,10000,1267,0.054966
Arithmetic 32,10000,1268,0.055373
Arithmetic 32,10000,1269,0.054702
Arithmetic 32,10000,1270,0.053206
Arithmetic 32,10000,1271,0.055034
Arithmetic 32,10000,1272,0.053034
Arithmetic 32,10000,1273,0.05429
Arithmetic 32,10000,1274,0.055077
Arithmetic 32,10000,1275,0.053594
Arithmetic 32,10000,1276,0.053914
Arithmetic 32,10000,1277,0.054117
Arithmetic 32,10000,1278,0.053034
Arithmetic 32,10000,1279,0.055021
Arithmetic 32,10000,1280,0.054621
Arithmetic 32,10000,1281,0.05528
Arithmetic 32,10000,1282,0.055206
Arithmetic 32,10000,1283,0.054732
Arithmetic 32,10000,1284,0.054092
Arithmetic 32,10000,1285,0.054406
Arithmetic 32,10000,1286,0.053994
Arithmetic 32,10000,1287,0.054745
Arithmetic 32,10000,1288,0.054431
Arithmetic 32,10000,1289,0.054806
Arithmetic 32,10000,1290,0.053951
Arithmetic 32,10000,1291,0.055698
Arithmetic 32,10000,1292,0.053908
Arithmetic 32,10000,1293,0.054566
Arithmetic 32,10000,1294,0.053907
Arithmetic 32,10000,1295,0.053981
Arithmetic 32,10000,1296,0.05384
Arithmetic 32,10000,1297,0.053619
Arithmetic 32,10000,1298,0.053526
Arithmetic 32,10000,1299,0.054338
Arithmetic 32,10000,1300,0.053618
Arithmetic 32,10000,1301,0.054209
Arithmetic 32,10000,1302,0.053569
Arithmetic 32,10000,1303,0.054222
Arithmetic 32,10000,1304,0.05352
Arithmetic 32,10000,1305,0.053459
Arithmetic 32,10000,1306,0.053815
Arithmetic 32,10000,1307,0.054535
Arithmetic 32,10000,1308,0.05451
Arithmetic 32,10000,1309,0.054456
Arithmetic 32,10000,1310,0.053938
Arithmetic 32,10000,1311,0.053372
Arithmetic 32,10000,1312,0.054456
Arithmetic 32,10000,1313,0.054523
Arithmetic 32,10000,1314,0.054677
Arithmetic 32,10000,1315,0.054751
Arithmetic 32,10000,1316,0.05344
Arithmetic 32,10000,1317,0.054584
Arithmetic 32,10000,1318,0.054622
Arithmetic 32,10000,1319,0.054025
Arithmetic 32,10000,1320,0.054
Arithmetic 32,10000,1321,0.054191
Arithmetic 32,10000,1322,0.053969
Arithmetic 32,10000,1323,0.054548
Arithmetic 32,10000,1324,0.054209
Arithmetic 32,10000,1325,0.055053
Arithmetic 32,10000,1326,0.05427
Arithmetic 32,10000,1327,0.056584
Arithmetic 32,10000,1328,0.054216
Arithmetic 32,10000,1329,0.053981
Arithmetic 32,10000,1330,0.054062
Arithmetic 32,10000,1331,0.054136
Arithmetic 32,10000,1332,0.054215
Arithmetic 32,10000,1333,0.054147
Arithmetic 32,10000,1334,0.053704
Arithmetic 32,10000,1335,0.054646
Arithmetic 32,10000,1336,0.054344
Arithmetic 32,10000,1337,0.05416
Arithmetic 32,10000,1338,0.05344
Arithmetic 32,10000,1339,0.054037
Arithmetic 32,10000,1340,0.054793
Arithmetic 32,10000,1341,0.054345
Arithmetic 32,10000,1342,0.05304
Arithmetic 32,10000,1343,0.05656
Arithmetic 32,10000,1344,0.054591
Arithmetic 32,10000,1345,0.055483
Arithmetic 32,10000,1346,0.053945
Arithmetic 32,10000,1347,0.054216
Arithmetic 32,10000,1348,0.053557
Arithmetic 32,10000,1349,0.055059
Arithmetic 32,10000,1350,0.054153
Arithmetic 32,10000,1351,0.054523
Arithmetic 32,10000,1352,0.054221
Arithmetic 32,10000,1353,0.054413
Arithmetic 32,10000,1354,0.054615
Arithmetic 32,10000,1355,0.054898
Arithmetic 32,10000,1356,0.054333
Arithmetic 32,10000,1357,0.054351
Arithmetic 32,10000,1358,0.053883
Arithmetic 32,10000,1359,0.054332
Arithmetic 32,10000,1360,0.053225
Arithmetic 32,10000,1361,0.054855
Arithmetic 32,10000,1362,0.054412
Arithmetic 32,10000,1363,0.055816
Arithmetic 32,10000,1364,0.054259
Arithmetic 32,10000,1365,0.053747
Arithmetic 32,10000,1366,0.053939
Arithmetic 32,10000,1367,0.053699
Arithmetic 32,10000,1368,0.053661
Arithmetic 32,10000,1369,0.054505
Arithmetic 32,10000,1370,0.053938
Arithmetic 32,10000,1371,0.054825
Arithmetic 32,10000,1372,0.05456
Arithmetic 32,10000,1373,0.054621
Arithmetic 32,10000,1374,0.05363
Arithmetic 32,10000,1375,0.054136
Arithmetic 32,10000,1376,0.054418
Arithmetic 32,10000,1377,0.05448
Arithmetic 32,10000,1378,0.054061
Arithmetic 32,10000,1379,0.054738
Arithmetic 32,10000,1380,0.05341
Arithmetic 32,10000,1381,0.054911
Arithmetic 32,10000,1382,0.055717
Arithmetic 32,10000,1383,0.054197
Arithmetic 32,10000,1384,0.054056
Arithmetic 32,10000,1385,0.053969
Arithmetic 32,10000,1386,0.054099
Arithmetic 32,10000,1387,0.053551
Arithmetic 32,10000,1388,0.053834
Arithmetic 32,10000,1389,0.054548
Arithmetic 32,10000,1390,0.05472
Arithmetic 32,10000,1391,0.054696
Arithmetic 32,10000,1392,0.05341
Arithmetic 32,10000,1393,0.05445
Arithmetic 32,10000,1394,0.054086
Arithmetic 32,10000,1395,0.053213
Arithmetic 32,10000,1396,0.053668
Arithmetic 32,10000,1397,0.054504
Arithmetic 32,10000,1398,0.055138
Arithmetic 32,10000,1399,0.055452
Arithmetic 32,10000,1400,0.054707
Arithmetic 32,10000,1401,0.054173
Arithmetic 32,10000,1402,0.054529
Arithmetic 32,10000,1403,0.053877
Arithmetic 32,10000,1404,0.054117
Arithmetic 32,10000,1405,0.054012
Arithmetic 32,10000,1406,0.05435
Arithmetic 32,10000,1407,0.053877
Arithmetic 32,10000,1408,0.053883
Arithmetic 32,10000,1409,0.055028
Arithmetic 32,10000,1410,0.054068
Arithmetic 32,10000,1411,0.054948
Arithmetic 32,10000,1412,0.054726
Arithmetic 32,10000,1413,0.054178
Arithmetic 32,10000,1414,0.054055
Arithmetic 32,10000,1415,0.053944
Arithmetic 32,10000,1416,0.053994
Arithmetic 32,10000,1417,0.055778
Arithmetic 32,10000,1418,0.054301
Arithmetic 32,10000,1419,0.053643
Arithmetic 32,10000,1420,0.053261
Arithmetic 32,10000,1421,0.054135
Arithmetic 32,10000,1422,0.054455
Arithmetic 32,10000,1423,0.054776
Arithmetic 32,10000,1424,0.053514
Arithmetic 32,10000,1425,0.053674
Arithmetic 32,10000,1426,0.053422
Arithmetic 32,10000,1427,0.054664
Arithmetic 32,10000,1428,0.053975
Arithmetic 32,10000,1429,0.054234
Arithmetic 32,10000,1430,0.053933
Arithmetic 32,10000,1431,0.054763
Arithmetic 32,10000,1432,0.053741
Arithmetic 32,10000,1433,0.054345
Arithmetic 32,10000,1434,0.053532
Arithmetic 32,10000,1435,0.054184
Arithmetic 32,10000,1436,0.054123
Arithmetic 32,10000,1437,0.055107
Arithmetic 32,10000,1438,0.054301
Arithmetic 32,10000,1439,0.053846
Arithmetic 32,10000,1440,0.054295
Arithmetic 32,10000,1441,0.054363
Arithmetic 32,10000,1442,0.053557
Arithmetic 32,10000,1443,0.054314
Arithmetic 32,10000,1444,0.054339
Arithmetic 32,10000,1445,0.054745
Arithmetic 32,10000,1446,0.054043
Arithmetic 32,10000,1447,0.053827
Arithmetic 32,10000,1448,0.053858
Arithmetic 32,10000,1449,0.053902
Arithmetic 32,10000,1450,0.05432
Arithmetic 32,10000,1451,0.054744
Arithmetic 32,10000,1452,0.055483
Arithmetic 32,10000,1453,0.056037
Arithmetic 32,10000,1454,0.054499
Arithmetic 32,10000,1455,0.055015
Arithmetic 32,10000,1456,0.054584
Arithmetic 32,10000,1457,0.053526
Arithmetic 32,10000,1458,0.053889
Arithmetic 32,10000,1459,0.054178
Arithmetic 32,10000,1460,0.053464
Arithmetic 32,10000,1461,0.05416
Arithmetic 32,10000,1462,0.055341
Arithmetic 32,10000,1463,0.054886
Arithmetic 32,10000,1464,0.053212
Arithmetic 32,10000,1465,0.053354
Arithmetic 32,10000,1466,0.054154
Arithmetic 32,10000,1467,0.053729
Arithmetic 32,10000,1468,0.053372
Arithmetic 32,10000,1469,0.054178
Arithmetic 32,10000,1470,0.052929
Arithmetic 32,10000,1471,0.053612
Arithmetic 32,10000,1472,0.053871
Arithmetic 32,10000,1473,0.053809
Arithmetic 32,10000,1474,0.053901
Arithmetic 32,10000,1475,0.053317
Arithmetic 32,10000,1476,0.053975
Arithmetic 32,10000,1477,0.053606
Arithmetic 32,10000,1478,0.053354
Arithmetic 32,10000,1479,0.054332
Arithmetic 32,10000,1480,0.054381
Arithmetic 32,10000,1481,0.053464
Arithmetic 32,10000,1482,0.053471
Arithmetic 32,10000,1483,0.054523
Arithmetic 32,10000,1484,0.053951
Arithmetic 32,10000,1485,0.053268
Arithmetic 32,10000,1486,0.053551
Arithmetic 32,10000,1487,0.054332
Arithmetic 32,10000,1488,0.053791
Arithmetic 32,10000,1489,0.054596
Arithmetic 32,10000,1490,0.053717
Arithmetic 32,10000,1491,0.054228
Arithmetic 32,10000,1492,0.054215
Arithmetic 32,10000,1493,0.054216
Arithmetic 32,10000,1494,0.053249
Arithmetic 32,10000,1495,0.053754
Arithmetic 32,10000,1496,0.05344
Arithmetic 32,10000,1497,0.053126
Arithmetic 32,10000,1498,0.054061
Arithmetic 32,10000,1499,0.054406
Arithmetic 32,10000,1500,0.054437
Arithmetic 32,10000,1501,0.053957
Arithmetic 32,10000,1502,0.05371
Arithmetic 32,10000,1503,0.054307
Arithmetic 32,10000,1504,0.054757
Arithmetic 32,10000,1505,0.053526
Arithmetic 32,10000,1506,0.053495
Arithmetic 32,10000,1507,0.053416
Arithmetic 32,10000,1508,0.054283
Arithmetic 32,10000,1509,0.054302
Arithmetic 32,10000,1510,0.054738
Arithmetic 32,10000,1511,0.053686
Arithmetic 32,10000,1512,0.052898
Arithmetic 32,10000,1513,0.05384
Arithmetic 32,10000,1514,0.053625
Arithmetic 32,10000,1515,0.053969
Arithmetic 32,10000,1516,0.054455
Arithmetic 32,10000,1517,0.054868
Arithmetic 32,10000,1518,0.053859
Arithmetic 32,10000,1519,0.05395
Arithmetic 32,10000,1520,0.053539
Arithmetic 32,10000,1521,0.055034
Arithmetic 32,10000,1522,0.053754
Arithmetic 32,10000,1523,0.054265
Arithmetic 32,10000,1524,0.055938
Arithmetic 32,10000,1525,0.055489
Arithmetic 32,10000,1526,0.053742
Arithmetic 32,10000,1527,0.054566
Arithmetic 32,10000,1528,0.053655
Arithmetic 32,10000,1529,0.054215
Arithmetic 32,10000,1530,0.053772
Arithmetic 32,10000,1531,0.05368
Arithmetic 32,10000,1532,0.05392
Arithmetic 32,10000,1533,0.053582
Arithmetic 32,10000,1534,0.054843
Arithmetic 32,10000,1535,0.055471
Arithmetic 32,10000,1536,0.053311
Arithmetic 32,10000,1537,0.0544
Arithmetic 32,10000,1538,0.053932
Arithmetic 32,10000,1539,0.053624
Arithmetic 32,10000,1540,0.054807
Arithmetic 32,10000,1541,0.055114
Arithmetic 32,10000,1542,0.05424
Arithmetic 32,10000,1543,0.054418
Arithmetic 32,10000,1544,0.053545
Arithmetic 32,10000,1545,0.054141
Arithmetic 32,10000,1546,0.054252
Arithmetic 32,10000,1547,0.054665
Arithmetic 32,10000,1548,0.054154
Arithmetic 32,10000,1549,0.054591
Arithmetic 32,10000,1550,0.054147
Arithmetic 32,10000,1551,0.053249
Arithmetic 32,10000,1552,0.053447
Arithmetic 32,10000,1553,0.054979
Arithmetic 32,10000,1554,0.052978
Arithmetic 32,10000,1555,0.055415
Arithmetic 32,10000,1556,0.053927
Arithmetic 32,10000,1557,0.05405
Arithmetic 32,10000,1558,0.054935
Arithmetic 32,10000,1559,0.05464
Arithmetic 32,10000,1560,0.052985
Arithmetic 32,10000,1561,0.053723
Arithmetic 32,10000,1562,0.052252
Arithmetic 32,10000,1563,0.054529
Arithmetic 32,10000,1564,0.053594
Arithmetic 32,10000,1565,0.054295
Arithmetic 32,10000,1566,0.053766
Arithmetic 32,10000,1567,0.054443
Arithmetic 32,10000,1568,0.054499
Arithmetic 32,10000,1569,0.053003
Arithmetic 32,10000,1570,0.053353
Arithmetic 32,10000,1571,0.053452
Arithmetic 32,10000,1572,0.053028
Arithmetic 32,10000,1573,0.054228
Arithmetic 32,10000,1574,0.05384
Arithmetic 32,10000,1575,0.053538
Arithmetic 32,10000,1576,0.053151
Arithmetic 32,10000,1577,0.053009
Arithmetic 32,10000,1578,0.054923
Arithmetic 32,10000,1579,0.054849
Arithmetic 32,10000,1580,0.054646
Arithmetic 32,10000,1581,0.054431
Arithmetic 32,10000,1582,0.053619
Arithmetic 32,10000,1583,0.054566
Arithmetic 32,10000,1584,0.053175
Arithmetic 32,10000,1585,0.054043
Arithmetic 32,10000,1586,0.052364
Arithmetic 32,10000,1587,0.053551
Arithmetic 32,10000,1588,0.052886
Arithmetic 32,10000,1589,0.053384
Arithmetic 32,10000,1590,0.052739
Arithmetic 32,10000,1591,0.05445
Arithmetic 32,10000,1592,0.053828
Arithmetic 32,10000,1593,0.053495
Arithmetic 32,10000,1594,0.053772
Arithmetic 32,10000,1595,0.053465
Arithmetic 32,10000,1596,0.05368
Arithmetic 32,10000,1597,0.053662
Arithmetic 32,10000,1598,0.05411
Arithmetic 32,10000,1599,0.053625
Arithmetic 32,10000,1600,0.053649
Arithmetic 32,10000,1601,0.053379
Arithmetic 32,10000,1602,0.053132
Arithmetic 32,10000,1603,0.05285
Arithmetic 32,10000,1604,0.05448
Arithmetic 32,10000,1605,0.053576
Arithmetic 32,10000,1606,0.055193
Arithmetic 32,10000,1607,0.0544
Arithmetic 32,10000,1608,0.053698
Arithmetic 32,10000,1609,0.053969
Arithmetic 32,10000,1610,0.05323
Arithmetic 32,10000,1611,0.054554
Arithmetic 32,10000,1612,0.053206
Arithmetic 32,10000,1613,0.054179
Arithmetic 32,10000,1614,0.053403
Arithmetic 32,10000,1615,0.056948
Arithmetic 32,10000,1616,0.053945
Arithmetic 32,10000,1617,0.055163
Arithmetic 32,10000,1618,0.053846
Arithmetic 32,10000,1619,0.054733
Arithmetic 32,10000,1620,0.05317
Arithmetic 32,10000,1621,0.053649
Arithmetic 32,10000,1622,0.052892
Arithmetic 32,10000,1623,0.054369
Arithmetic 32,10000,1624,0.054677
Arithmetic 32,10000,1625,0.053969
Arithmetic 32,10000,1626,0.052978
Arithmetic 32,10000,1627,0.054936
Arithmetic 32,10000,1628,0.053378
Arithmetic 32,10000,1629,0.053883
Arithmetic 32,10000,1630,0.053237
Arithmetic 32,10000,1631,0.054105
Arithmetic 32,10000,1632,0.052018
Arithmetic 32,10000,1633,0.054338
Arithmetic 32,10000,1634,0.053581
Arithmetic 32,10000,1635,0.054259
Arithmetic 32,10000,1636,0.054388
Arithmetic 32,10000,1637,0.055182
Arithmetic 32,10000,1638,0.054468
Arithmetic 32,10000,1639,0.053157
Arithmetic 32,10000,1640,0.053736
Arithmetic 32,10000,1641,0.054536
Arithmetic 32,10000,1642,0.054123
Arithmetic 32,10000,1643,0.055299
Arithmetic 32,10000,1644,0.053452
Arithmetic 32,10000,1645,0.053292
Arithmetic 32,10000,1646,0.054665
Arithmetic 32,10000,1647,0.053938
Arithmetic 32,10000,1648,0.054019
Arithmetic 32,10000,1649,0.053508
Arithmetic 32,10000,1650,0.053877
Arithmetic 32,10000,1651,0.054259
Arithmetic 32,10000,1652,0.053723
Arithmetic 32,10000,1653,0.054837
Arithmetic 32,10000,1654,0.054407
Arithmetic 32,10000,1655,0.054757
Arithmetic 32,10000,1656,0.053957
Arithmetic 32,10000,1657,0.054406
Arithmetic 32,10000,1658,0.054412
Arithmetic 32,10000,1659,0.053784
Arithmetic 32,10000,1660,0.053944
Arithmetic 32,10000,1661,0.053704
Arithmetic 32,10000,1662,0.053711
Arithmetic 32,10000,1663,0.054154
Arithmetic 32,10000,1664,0.053194
Arithmetic 32,10000,1665,0.052843
Arithmetic 32,10000,1666,0.053846
Arithmetic 32,10000,1667,0.053212
Arithmetic 32,10000,1668,0.053748
Arithmetic 32,10000,1669,0.054031
Arithmetic 32,10000,1670,0.054055
Arithmetic 32,10000,1671,0.054609
Arithmetic 32,10000,1672,0.05384
Arithmetic 32,10000,1673,0.054179
Arithmetic 32,10000,1674,0.053237
Arithmetic 32,10000,1675,0.054006
Arithmetic 32,10000,1676,0.053108
Arithmetic 32,10000,1677,0.054511
Arithmetic 32,10000,1678,0.054726
Arithmetic 32,10000,1679,0.054763
Arithmetic 32,10000,1680,0.05357
Arithmetic 32,10000,1681,0.053833
Arithmetic 32,10000,1682,0.054284
Arithmetic 32,10000,1683,0.053914
Arithmetic 32,10000,1684,0.054055
Arithmetic 32,10000,1685,0.05389
Arithmetic 32,10000,1686,0.05344
Arithmetic 32,10000,1687,0.054646
Arithmetic 32,10000,1688,0.053095
Arithmetic 32,10000,1689,0.057403
Arithmetic 32,10000,1690,0.053901
Arithmetic 32,10000,1691,0.054247
Arithmetic 32,10000,1692,0.053643
Arithmetic 32,10000,1693,0.054671
Arithmetic 32,10000,1694,0.054419
Arithmetic 32,10000,1695,0.054357
Arithmetic 32,10000,1696,0.054671
Arithmetic 32,10000,1697,0.055225
Arithmetic 32,10000,1698,0.05389
Arithmetic 32,10000,1699,0.055107
Arithmetic 32,10000,1700,0.052923
Arithmetic 32,10000,1701,0.053409
Arithmetic 32,10000,1702,0.054259
Arithmetic 32,10000,1703,0.054664
Arithmetic 32,10000,1704,0.054129
Arithmetic 32,10000,1705,0.055151
Arithmetic 32,10000,1706,0.055317
Arithmetic 32,10000,1707,0.055089
Arithmetic 32,10000,1708,0.054621
Arithmetic 32,10000,1709,0.053944
Arithmetic 32,10000,1710,0.05312
Arithmetic 32,10000,1711,0.054425
Arithmetic 32,10000,1712,0.053938
Arithmetic 32,10000,1713,0.054283
Arithmetic 32,10000,1714,0.054929
Arithmetic 32,10000,1715,0.054043
Arithmetic 32,10000,1716,0.053631
Arithmetic 32,10000,1717,0.053618
Arithmetic 32,10000,1718,0.052904
Arithmetic 32,10000,1719,0.054296
Arithmetic 32,10000,1720,0.054086
Arithmetic 32,10000,1721,0.054185
Arithmetic 32,10000,1722,0.053717
Arithmetic 32,10000,1723,0.054745
Arithmetic 32,10000,1724,0.053576
Arithmetic 32,10000,1725,0.053944
Arithmetic 32,10000,1726,0.05344
Arithmetic 32,10000,1727,0.053821
Arithmetic 32,10000,1728,0.053379
Arithmetic 32,10000,1729,0.054689
Arithmetic 32,10000,1730,0.053982
Arithmetic 32,10000,1731,0.054172
Arithmetic 32,10000,1732,0.055015
Arithmetic 32,10000,1733,0.054394
Arithmetic 32,10000,1734,0.053323
Arithmetic 32,10000,1735,0.054382
Arithmetic 32,10000,1736,0.053366
Arithmetic 32,10000,1737,0.054695
Arithmetic 32,10000,1738,0.053692
Arithmetic 32,10000,1739,0.053631
Arithmetic 32,10000,1740,0.053883
Arithmetic 32,10000,1741,0.054972
Arithmetic 32,10000,1742,0.053083
Arithmetic 32,10000,1743,0.05392
Arithmetic 32,10000,1744,0.053613
Arithmetic 32,10000,1745,0.05344
Arithmetic 32,10000,1746,0.052954
Arithmetic 32,10000,1747,0.053975
Arithmetic 32,10000,1748,0.05384
Arithmetic 32,10000,1749,0.05392
Arithmetic 32,10000,1750,0.053249
Arithmetic 32,10000,1751,0.053932
Arithmetic 32,10000,1752,0.054222
Arithmetic 32,10000,1753,0.05304
Arithmetic 32,10000,1754,0.053348
Arithmetic 32,10000,1755,0.053501
Arithmetic 32,10000,1756,0.053699
Arithmetic 32,10000,1757,0.054117
Arithmetic 32,10000,1758,0.05288
Arithmetic 32,10000,1759,0.054554
Arithmetic 32,10000,1760,0.054302
Arithmetic 32,10000,1761,0.053354
Arithmetic 32,10000,1762,0.053378
Arithmetic 32,10000,1763,0.052862
Arithmetic 32,10000,1764,0.053656
Arithmetic 32,10000,1765,0.053914
Arithmetic 32,10000,1766,0.052726
Arithmetic 32,10000,1767,0.053483
Arithmetic 32,10000,1768,0.054129
Arithmetic 32,10000,1769,0.05517
Arithmetic 32,10000,1770,0.053809
Arithmetic 32,10000,1771,0.05363
Arithmetic 32,10000,1772,0.053939
Arithmetic 32,10000,1773,0.053816
Arithmetic 32,10000,1774,0.053114
Arithmetic 32,10000,1775,0.054443
Arithmetic 32,10000,1776,0.053797
Arithmetic 32,10000,1777,0.053711
Arithmetic 32,10000,1778,0.053883
Arithmetic 32,10000,1779,0.054388
Arithmetic 32,10000,1780,0.052831
Arithmetic 32,10000,1781,0.054333
Arithmetic 32,10000,1782,0.053366
Arithmetic 32,10000,1783,0.054615
Arithmetic 32,10000,1784,0.052591
Arithmetic 32,10000,1785,0.053483
Arithmetic 32,10000,1786,0.054856
Arithmetic 32,10000,1787,0.054979
Arithmetic 32,10000,1788,0.055409
Arithmetic 32,10000,1789,0.054259
Arithmetic 32,10000,1790,0.053273
Arithmetic 32,10000,1791,0.054105
Arithmetic 32,10000,1792,0.054301
Arithmetic 32,10000,1793,0.054929
Arithmetic 32,10000,1794,0.054584
Arithmetic 32,10000,1795,0.055163
Arithmetic 32,10000,1796,0.05392
Arithmetic 32,10000,1797,0.05371
Arithmetic 32,10000,1798,0.054757
Arithmetic 32,10000,1799,0.054492
Arithmetic 32,10000,1800,0.052203
Arithmetic 32,10000,1801,0.053563
Arithmetic 32,10000,1802,0.054296
Arithmetic 32,10000,1803,0.053815
Arithmetic 32,10000,1804,0.054129
Arithmetic 32,10000,1805,0.053876
Arithmetic 32,10000,1806,0.053268
Arithmetic 32,10000,1807,0.054154
Arithmetic 32,10000,1808,0.05376
Arithmetic 32,10000,1809,0.054142
Arithmetic 32,10000,1810,0.053687
Arithmetic 32,10000,1811,0.053907
Arithmetic 32,10000,1812,0.053059
Arithmetic 32,10000,1813,0.055071
Arithmetic 32,10000,1814,0.054233
Arithmetic 32,10000,1815,0.054437
Arithmetic 32,10000,1816,0.053957
Arithmetic 32,10000,1817,0.054271
Arithmetic 32,10000,1818,0.05288
Arithmetic 32,10000,1819,0.054972
Arithmetic 32,10000,1820,0.054062
Arithmetic 32,10000,1821,0.054381
Arithmetic 32,10000,1822,0.054253
Arithmetic 32,10000,1823,0.054253
Arithmetic 32,10000,1824,0.054259
Arithmetic 32,10000,1825,0.054997
Arithmetic 32,10000,1826,0.054197
Arithmetic 32,10000,1827,0.052714
Arithmetic 32,10000,1828,0.053379
Arithmetic 32,10000,1829,0.053003
Arithmetic 32,10000,1830,0.05312
Arithmetic 32,10000,1831,0.054394
Arithmetic 32,10000,1832,0.055298
Arithmetic 32,10000,1833,0.054726
Arithmetic 32,10000,1834,0.054529
Arithmetic 32,10000,1835,0.054338
Arithmetic 32,10000,1836,0.054917
Arithmetic 32,10000,1837,0.054419
Arithmetic 32,10000,1838,0.053643
Arithmetic 32,10000,1839,0.054344
Arithmetic 32,10000,1840,0.054043
Arithmetic 32,10000,1841,0.053988
Arithmetic 32,10000,1842,0.053083
Arithmetic 32,10000,1843,0.05392
Arithmetic 32,10000,1844,0.054443
Arithmetic 32,10000,1845,0.053384
Arithmetic 32,10000,1846,0.054843
Arithmetic 32,10000,1847,0.054123
Arithmetic 32,10000,1848,0.053083
Arithmetic 32,10000,1849,0.055139
Arithmetic 32,10000,1850,0.054591
Arithmetic 32,10000,1851,0.053914
Arithmetic 32,10000,1852,0.054628
Arithmetic 32,10000,1853,0.055046
Arithmetic 32,10000,1854,0.052646
Arithmetic 32,10000,1855,0.054529
Arithmetic 32,10000,1856,0.05472
Arithmetic 32,10000,1857,0.053243
Arithmetic 32,10000,1858,0.054646
Arithmetic 32,10000,1859,0.053735
Arithmetic 32,10000,1860,0.053717
Arithmetic 32,10000,1861,0.054148
Arithmetic 32,10000,1862,0.053532
Arithmetic 32,10000,1863,0.053483
Arithmetic 32,10000,1864,0.05408
Arithmetic 32,10000,1865,0.054381
Arithmetic 32,10000,1866,0.052997
Arithmetic 32,10000,1867,0.055526
Arithmetic 32,10000,1868,0.053957
Arithmetic 32,10000,1869,0.054486
Arithmetic 32,10000,1870,0.053157
Arithmetic 32,10000,1871,0.053711
Arithmetic 32,10000,1872,0.054154
Arithmetic 32,10000,1873,0.053988
Arithmetic 32,10000,1874,0.05336
Arithmetic 32,10000,1875,0.054369
Arithmetic 32,10000,1876,0.054061
Arithmetic 32,10000,1877,0.054412
Arithmetic 32,10000,1878,0.053342
Arithmetic 32,10000,1879,0.053477
Arithmetic 32,10000,1880,0.054148
Arithmetic 32,10000,1881,0.054092
Arithmetic 32,10000,1882,0.053631
Arithmetic 32,10000,1883,0.05416
Arithmetic 32,10000,1884,0.053551
Arithmetic 32,10000,1885,0.054018
Arithmetic 32,10000,1886,0.05347
Arithmetic 32,10000,1887,0.053341
Arithmetic 32,10000,1888,0.054247
Arithmetic 32,10000,1889,0.053815
Arithmetic 32,10000,1890,0.054314
Arithmetic 32,10000,1891,0.054412
Arithmetic 32,10000,1892,0.053864
Arithmetic 32,10000,1893,0.053668
Arithmetic 32,10000,1894,0.054837
Arithmetic 32,10000,1895,0.054813
Arithmetic 32,10000,1896,0.054062
Arithmetic 32,10000,1897,0.054326
Arithmetic 32,10000,1898,0.054135
Arithmetic 32,10000,1899,0.053932
Arithmetic 32,10000,1900,0.05389
Arithmetic 32,10000,1901,0.054098
Arithmetic 32,10000,1902,0.053477
Arithmetic 32,10000,1903,0.05328
Arithmetic 32,10000,1904,0.053373
Arithmetic 32,10000,1905,0.055206
Arithmetic 32,10000,1906,0.052862
Arithmetic 32,10000,1907,0.053329
Arithmetic 32,10000,1908,0.053373
Arithmetic 32,10000,1909,0.053384
Arithmetic 32,10000,1910,0.054308
Arithmetic 32,10000,1911,0.053274
Arithmetic 32,10000,1912,0.054197
Arithmetic 32,10000,1913,0.053951
Arithmetic 32,10000,1914,0.053409
Arithmetic 32,10000,1915,0.054357
Arithmetic 32,10000,1916,0.053686
Arithmetic 32,10000,1917,0.054923
Arithmetic 32,10000,1918,0.053674
Arithmetic 32,10000,1919,0.054093
Arithmetic 32,10000,1920,0.053957
Arithmetic 32,10000,1921,0.055028
Arithmetic 32,10000,1922,0.054818
Arithmetic 32,10000,1923,0.053902
Arithmetic 32,10000,1924,0.052954
Arithmetic 32,10000,1925,0.053773
Arithmetic 32,10000,1926,0.052763
Arithmetic 32,10000,1927,0.053901
Arithmetic 32,10000,1928,0.054153
Arithmetic 32,10000,1929,0.054087
Arithmetic 32,10000,1930,0.054062
Arithmetic 32,10000,1931,0.054652
Arithmetic 32,10000,1932,0.053853
Arithmetic 32,10000,1933,0.052892
Arithmetic 32,10000,1934,0.05472
Arithmetic 32,10000,1935,0.054215
Arithmetic 32,10000,1936,0.054117
Arithmetic 32,10000,1937,0.054074
Arithmetic 32,10000,1938,0.053305
Arithmetic 32,10000,1939,0.054259
Arithmetic 32,10000,1940,0.054154
Arithmetic 32,10000,1941,0.054628
Arithmetic 32,10000,1942,0.053484
Arithmetic 32,10000,1943,0.052948
Arithmetic 32,10000,1944,0.053132
Arithmetic 32,10000,1945,0.053932
Arithmetic 32,10000,1946,0.055218
Arithmetic 32,10000,1947,0.053606
Arithmetic 32,10000,1948,0.054135
Arithmetic 32,10000,1949,0.05512
Arithmetic 32,10000,1950,0.052646
Arithmetic 32,10000,1951,0.053729
Arithmetic 32,10000,1952,0.053342
Arithmetic 32,10000,1953,0.055422
Arithmetic 32,10000,1954,0.053157
Arithmetic 32,10000,1955,0.054222
Arithmetic 32,10000,1956,0.053686
Arithmetic 32,10000,1957,0.053939
Arithmetic 32,10000,1958,0.054135
Arithmetic 32,10000,1959,0.05547
Arithmetic 32,10000,1960,0.054233
Arithmetic 32,10000,1961,0.053194
Arithmetic 32,10000,1962,0.054659
Arithmetic 32,10000,1963,0.054179
Arithmetic 32,10000,1964,0.053502
Arithmetic 32,10000,1965,0.055058
Arithmetic 32,10000,1966,0.054394
Arithmetic 32,10000,1967,0.054455
Arithmetic 32,10000,1968,0.053643
Arithmetic 32,10000,1969,0.054074
Arithmetic 32,10000,1970,0.053163
Arithmetic 32,10000,1971,0.054474
Arithmetic 32,10000,1972,0.053508
Arithmetic 32,10000,1973,0.054099
Arithmetic 32,10000,1974,0.055237
Arithmetic 32,10000,1975,0.054886
Arithmetic 32,10000,1976,0.054634
Arithmetic 32,10000,1977,0.054209
Arithmetic 32,10000,1978,0.053833
Arithmetic 32,10000,1979,0.054542
Arithmetic 32,10000,1980,0.053385
Arithmetic 32,10000,1981,0.054357
Arithmetic 32,10000,1982,0.054781
Arithmetic 32,10000,1983,0.053877
Arithmetic 32,10000,1984,0.054751
Arithmetic 32,10000,1985,0.054375
Arithmetic 32,10000,1986,0.053686
Arithmetic 32,10000,1987,0.054449
Arithmetic 32,10000,1988,0.053433
Arithmetic 32,10000,1989,0.053883
Arithmetic 32,10000,1990,0.053311
Arithmetic 32,10000,1991,0.054862
Arithmetic 32,10000,1992,0.053317
Arithmetic 32,10000,1993,0.053797
Arithmetic 32,10000,1994,0.053821
Arithmetic 32,10000,1995,0.054019
Arithmetic 32,10000,1996,0.053495
Arithmetic 32,10000,1997,0.054812
Arithmetic 32,10000,1998,0.053428
Arithmetic 32,10000,1999,0.054154
Arithmetic 32,10000,2000,0.053397
Arithmetic 32,10000,2001,0.059243
Arithmetic 32,10000,2002,0.055729
Arithmetic 32,10000,2003,0.055145
Arithmetic 32,10000,2004,0.054701
Arithmetic 32,10000,2005,0.054812
Arithmetic 32,10000,2006,0.053668
Arithmetic 32,10000,2007,0.054221
Arithmetic 32,10000,2008,0.055354
Arithmetic 32,10000,2009,0.056763
Arithmetic 32,10000,2010,0.053545
Arithmetic 32,10000,2011,0.054609
Arithmetic 32,10000,2012,0.054388
Arithmetic 32,10000,2013,0.054043
Arithmetic 32,10000,2014,0.054813
Arithmetic 32,10000,2015,0.054677
Arithmetic 32,10000,2016,0.054566
Arithmetic 32,10000,2017,0.053976
Arithmetic 32,10000,2018,0.055415
Arithmetic 32,10000,2019,0.054486
Arithmetic 32,10000,2020,0.053212
Arithmetic 32,10000,2021,0.054308
Arithmetic 32,10000,2022,0.054523
Arithmetic 32,10000,2023,0.054056
Arithmetic 32,10000,2024,0.053384
Arithmetic 32,10000,2025,0.053914
Arithmetic 32,10000,2026,0.054308
Arithmetic 32,10000,2027,0.054185
Arithmetic 32,10000,2028,0.054264
Arithmetic 32,10000,2029,0.054744
Arithmetic 32,10000,2030,0.054173
Arithmetic 32,10000,2031,0.05408
Arithmetic 32,10000,2032,0.053889
Arithmetic 32,10000,2033,0.054873
Arithmetic 32,10000,2034,0.054923
Arithmetic 32,10000,2035,0.0552
Arithmetic 32,10000,2036,0.054837
Arithmetic 32,10000,2037,0.053822
Arithmetic 32,10000,2038,0.05424
Arithmetic 32,10000,2039,0.054597
Arithmetic 32,10000,2040,0.054265
Arithmetic 32,10000,2041,0.054062
Arithmetic 32,10000,2042,0.053741
Arithmetic 32,10000,2043,0.055243
Arithmetic 32,10000,2044,0.05421
Arithmetic 32,10000,2045,0.054333
Arithmetic 32,10000,2046,0.053969
Arithmetic 32,10000,2047,0.054751
Arithmetic 32,10000,2048,0.054751
Arithmetic 32,10000,2049,0.05445
Arithmetic 32,10000,2050,0.055292
Arithmetic 32,10000,2051,0.054782
Arithmetic 32,10000,2052,0.054616
Arithmetic 32,10000,2053,0.054535
Arithmetic 32,10000,2054,0.054806
Arithmetic 32,10000,2055,0.05432
Arithmetic 32,10000,2056,0.054246
Arithmetic 32,10000,2057,0.053772
Arithmetic 32,10000,2058,0.053403
Arithmetic 32,10000,2059,0.054264
Arithmetic 32,10000,2060,0.055391
Arithmetic 32,10000,2061,0.053987
Arithmetic 32,10000,2062,0.054899
Arithmetic 32,10000,2063,0.054572
Arithmetic 32,10000,2064,0.054043
Arithmetic 32,10000,2065,0.054646
Arithmetic 32,10000,2066,0.053895
Arithmetic 32,10000,2067,0.054443
Arithmetic 32,10000,2068,0.05405
Arithmetic 32,10000,2069,0.054517
Arithmetic 32,10000,2070,0.053766
Arithmetic 32,10000,2071,0.054
Arithmetic 32,10000,2072,0.05424
Arithmetic 32,10000,2073,0.05472
Arithmetic 32,10000,2074,0.053944
Arithmetic 32,10000,2075,0.054339
Arithmetic 32,10000,2076,0.05371
Arithmetic 32,10000,2077,0.054462
Arithmetic 32,10000,2078,0.053988
Arithmetic 32,10000,2079,0.054474
Arithmetic 32,10000,2080,0.053741
Arithmetic 32,10000,2081,0.054061
Arithmetic 32,10000,2082,0.055034
Arithmetic 32,10000,2083,0.054086
Arithmetic 32,10000,2084,0.055981
Arithmetic 32,10000,2085,0.056739
Arithmetic 32,10000,2086,0.054689
Arithmetic 32,10000,2087,0.054584
Arithmetic 32,10000,2088,0.055243
Arithmetic 32,10000,2089,0.054295
Arithmetic 32,10000,2090,0.053803
Arithmetic 32,10000,2091,0.054646
Arithmetic 32,10000,2092,0.054462
Arithmetic 32,10000,2093,0.053613
Arithmetic 32,10000,2094,0.053551
Arithmetic 32,10000,2095,0.055015
Arithmetic 32,10000,2096,0.054136
Arithmetic 32,10000,2097,0.053661
Arithmetic 32,10000,2098,0.053655
Arithmetic 32,10000,2099,0.056178
Arithmetic 32,10000,2100,0.054086
Arithmetic 32,10000,2101,0.054018
Arithmetic 32,10000,2102,0.054584
Arithmetic 32,10000,2103,0.0556
Arithmetic 32,10000,2104,0.054338
Arithmetic 32,10000,2105,0.054184
Arithmetic 32,10000,2106,0.054862
Arithmetic 32,10000,2107,0.054375
Arithmetic 32,10000,2108,0.055299
Arithmetic 32,10000,2109,0.053484
Arithmetic 32,10000,2110,0.053662
Arithmetic 32,10000,2111,0.054806
Arithmetic 32,10000,2112,0.0548
Arithmetic 32,10000,2113,0.05408
Arithmetic 32,10000,2114,0.054572
Arithmetic 32,10000,2115,0.054185
Arithmetic 32,10000,2116,0.054936
Arithmetic 32,10000,2117,0.054954
Arithmetic 32,10000,2118,0.055317
Arithmetic 32,10000,2119,0.05432
Arithmetic 32,10000,2120,0.053661
Arithmetic 32,10000,2121,0.054227
Arithmetic 32,10000,2122,0.054284
Arithmetic 32,10000,2123,0.055188
Arithmetic 32,10000,2124,0.054455
Arithmetic 32,10000,2125,0.054345
Arithmetic 32,10000,2126,0.054394
Arithmetic 32,10000,2127,0.055003
Arithmetic 32,10000,2128,0.054874
Arithmetic 32,10000,2129,0.05453
Arithmetic 32,10000,2130,0.054018
Arithmetic 32,10000,2131,0.053907
Arithmetic 32,10000,2132,0.053828
Arithmetic 32,10000,2133,0.054105
Arithmetic 32,10000,2134,0.053963
Arithmetic 32,10000,2135,0.055754
Arithmetic 32,10000,2136,0.054425
Arithmetic 32,10000,2137,0.055434
Arithmetic 32,10000,2138,0.05379
Arithmetic 32,10000,2139,0.055188
Arithmetic 32,10000,2140,0.054492
Arithmetic 32,10000,2141,0.054658
Arithmetic 32,10000,2142,0.053662
Arithmetic 32,10000,2143,0.054997
Arithmetic 32,10000,2144,0.054283
Arithmetic 32,10000,2145,0.054566
Arithmetic 32,10000,2146,0.053988
Arithmetic 32,10000,2147,0.054418
Arithmetic 32,10000,2148,0.054123
Arithmetic 32,10000,2149,0.05488
Arithmetic 32,10000,2150,0.054191
Arithmetic 32,10000,2151,0.054899
Arithmetic 32,10000,2152,0.054462
Arithmetic 32,10000,2153,0.055107
Arithmetic 32,10000,2154,0.054375
Arithmetic 32,10000,2155,0.053612
Arithmetic 32,10000,2156,0.052836
Arithmetic 32,10000,2157,0.054191
Arithmetic 32,10000,2158,0.053563
Arithmetic 32,10000,2159,0.05448
Arithmetic 32,10000,2160,0.053896
Arithmetic 32,10000,2161,0.054689
Arithmetic 32,10000,2162,0.0548
Arithmetic 32,10000,2163,0.059637
Arithmetic 32,10000,2164,0.054585
Arithmetic 32,10000,2165,0.054436
Arithmetic 32,10000,2166,0.054418
Arithmetic 32,10000,2167,0.054344
Arithmetic 32,10000,2168,0.053748
Arithmetic 32,10000,2169,0.054695
Arithmetic 32,10000,2170,0.054154
Arithmetic 32,10000,2171,0.054412
Arithmetic 32,10000,2172,0.053625
Arithmetic 32,10000,2173,0.054585
Arithmetic 32,10000,2174,0.053268
Arithmetic 32,10000,2175,0.053385
Arithmetic 32,10000,2176,0.053729
Arithmetic 32,10000,2177,0.053982
Arithmetic 32,10000,2178,0.054376
Arithmetic 32,10000,2179,0.054461
Arithmetic 32,10000,2180,0.06144
Arithmetic 32,10000,2181,0.060751
Arithmetic 32,10000,2182,0.063021
Arithmetic 32,10000,2183,0.062567
Arithmetic 32,10000,2184,0.064326
Arithmetic 32,10000,2185,0.062554
Arithmetic 32,10000,2186,0.061908
Arithmetic 32,10000,2187,0.065815
Arithmetic 32,10000,2188,0.063957
Arithmetic 32,10000,2189,0.060702
Arithmetic 32,10000,2190,0.062123
Arithmetic 32,10000,2191,0.067662
Arithmetic 32,10000,2192,0.059988
Arithmetic 32,10000,2193,0.056067
Arithmetic 32,10000,2194,0.054289
Arithmetic 32,10000,2195,0.054474
Arithmetic 32,10000,2196,0.053957
Arithmetic 32,10000,2197,0.054363
Arithmetic 32,10000,2198,0.05467
Arithmetic 32,10000,2199,0.054825
Arithmetic 32,10000,2200,0.05581
Arithmetic 32,10000,2201,0.05504
Arithmetic 32,10000,2202,0.053803
Arithmetic 32,10000,2203,0.054455
Arithmetic 32,10000,2204,0.053453
Arithmetic 32,10000,2205,0.054006
Arithmetic 32,10000,2206,0.054197
Arithmetic 32,10000,2207,0.054468
Arithmetic 32,10000,2208,0.053778
Arithmetic 32,10000,2209,0.054289
Arithmetic 32,10000,2210,0.05368
Arithmetic 32,10000,2211,0.054302
Arithmetic 32,10000,2212,0.054049
Arithmetic 32,10000,2213,0.055575
Arithmetic 32,10000,2214,0.055544
Arithmetic 32,10000,2215,0.055163
Arithmetic 32,10000,2216,0.055606
Arithmetic 32,10000,2217,0.053858
Arithmetic 32,10000,2218,0.054339
Arithmetic 32,10000,2219,0.055299
Arithmetic 32,10000,2220,0.053939
Arithmetic 32,10000,2221,0.054948
Arithmetic 32,10000,2222,0.05437
Arithmetic 32,10000,2223,0.05456
Arithmetic 32,10000,2224,0.054732
Arithmetic 32,10000,2225,0.054781
Arithmetic 32,10000,2226,0.05461
Arithmetic 32,10000,2227,0.055532
Arithmetic 32,10000,2228,0.055163
Arithmetic 32,10000,2229,0.055982
Arithmetic 32,10000,2230,0.053348
Arithmetic 32,10000,2231,0.054941
Arithmetic 32,10000,2232,0.054764
Arithmetic 32,10000,2233,0.054
Arithmetic 32,10000,2234,0.053908
Arithmetic 32,10000,2235,0.056148
Arithmetic 32,10000,2236,0.054043
Arithmetic 32,10000,2237,0.053969
Arithmetic 32,10000,2238,0.053699
Arithmetic 32,10000,2239,0.054147
Arithmetic 32,10000,2240,0.053699
Arithmetic 32,10000,2241,0.190412
Arithmetic 32,10000,2242,0.05507
Arithmetic 32,10000,2243,0.055127
Arithmetic 32,10000,2244,0.053674
Arithmetic 32,10000,2245,0.054658
Arithmetic 32,10000,2246,0.054111
Arithmetic 32,10000,2247,0.054387
Arithmetic 32,10000,2248,0.053619
Arithmetic 32,10000,2249,0.054659
Arithmetic 32,10000,2250,0.054781
Arithmetic 32,10000,2251,0.054333
Arithmetic 32,10000,2252,0.054818
Arithmetic 32,10000,2253,0.053858
Arithmetic 32,10000,2254,0.054954
Arithmetic 32,10000,2255,0.053433
Arithmetic 32,10000,2256,0.053945
Arithmetic 32,10000,2257,0.053785
Arithmetic 32,10000,2258,0.055182
Arithmetic 32,10000,2259,0.053982
Arithmetic 32,10000,2260,0.054067
Arithmetic 32,10000,2261,0.054326
Arithmetic 32,10000,2262,0.093101
Arithmetic 32,10000,2263,0.055533
Arithmetic 32,10000,2264,0.053606
Arithmetic 32,10000,2265,0.05368
Arithmetic 32,10000,2266,0.053705
Arithmetic 32,10000,2267,0.054953
Arithmetic 32,10000,2268,0.054338
Arithmetic 32,10000,2269,0.053003
Arithmetic 32,10000,2270,0.054375
Arithmetic 32,10000,2271,0.096142
Arithmetic 32,10000,2272,0.053717
Arithmetic 32,10000,2273,0.054781
Arithmetic 32,10000,2274,0.055705
Arithmetic 32,10000,2275,0.056221
Arithmetic 32,10000,2276,0.053877
Arithmetic 32,10000,2277,0.054073
Arithmetic 32,10000,2278,0.053828
Arithmetic 32,10000,2279,0.054966
Arithmetic 32,10000,2280,0.056044
Arithmetic 32,10000,2281,0.054585
Arithmetic 32,10000,2282,0.053741
Arithmetic 32,10000,2283,0.054825
Arithmetic 32,10000,2284,0.053464
Arithmetic 32,10000,2285,0.054487
Arithmetic 32,10000,2286,0.053803
Arithmetic 32,10000,2287,0.054732
Arithmetic 32,10000,2288,0.053373
Arithmetic 32,10000,2289,0.054973
Arithmetic 32,10000,2290,0.053994
Arithmetic 32,10000,2291,0.05368
Arithmetic 32,10000,2292,0.054567
Arithmetic 32,10000,2293,0.055225
Arithmetic 32,10000,2294,0.054056
Arithmetic 32,10000,2295,0.054819
Arithmetic 32,10000,2296,0.054246
Arithmetic 32,10000,2297,0.054855
Arithmetic 32,10000,2298,0.053951
Arithmetic 32,10000,2299,0.054904
Arithmetic 32,10000,2300,0.053243
Arithmetic 32,10000,2301,0.054954
Arithmetic 32,10000,2302,0.054523
Arithmetic 32,10000,2303,0.054806
Arithmetic 32,10000,2304,0.053508
Arithmetic 32,10000,2305,0.054283
Arithmetic 32,10000,2306,0.053926
Arithmetic 32,10000,2307,0.05525
Arithmetic 32,10000,2308,0.054
Arithmetic 32,10000,2309,0.05488
Arithmetic 32,10000,2310,0.053496
Arithmetic 32,10000,2311,0.055015
Arithmetic 32,10000,2312,0.053594
Arithmetic 32,10000,2313,0.053458
Arithmetic 32,10000,2314,0.054498
Arithmetic 32,10000,2315,0.05496
Arithmetic 32,10000,2316,0.055151
Arithmetic 32,10000,2317,0.053988
Arithmetic 32,10000,2318,0.053224
Arithmetic 32,10000,2319,0.054209
Arithmetic 32,10000,2320,0.054941
Arithmetic 32,10000,2321,0.054197
Arithmetic 32,10000,2322,0.054745
Arithmetic 32,10000,2323,0.05443
Arithmetic 32,10000,2324,0.053957
Arithmetic 32,10000,2325,0.055323
Arithmetic 32,10000,2326,0.054782
Arithmetic 32,10000,2327,0.055021
Arithmetic 32,10000,2328,0.055379
Arithmetic 32,10000,2329,0.05467
Arithmetic 32,10000,2330,0.053766
Arithmetic 32,10000,2331,0.054591
Arithmetic 32,10000,2332,0.054474
Arithmetic 32,10000,2333,0.053908
Arithmetic 32,10000,2334,0.055323
Arithmetic 32,10000,2335,0.054745
Arithmetic 32,10000,2336,0.053846
Arithmetic 32,10000,2337,0.0544
Arithmetic 32,10000,2338,0.053741
Arithmetic 32,10000,2339,0.054794
Arithmetic 32,10000,2340,0.054111
Arithmetic 32,10000,2341,0.054899
Arithmetic 32,10000,2342,0.054492
Arithmetic 32,10000,2343,0.054948
Arithmetic 32,10000,2344,0.054806
Arithmetic 32,10000,2345,0.053846
Arithmetic 32,10000,2346,0.055877
Arithmetic 32,10000,2347,0.05405
Arithmetic 32,10000,2348,0.053797
Arithmetic 32,10000,2349,0.054314
Arithmetic 32,10000,2350,0.054332
Arithmetic 32,10000,2351,0.054591
Arithmetic 32,10000,2352,0.055255
Arithmetic 32,10000,2353,0.053778
Arithmetic 32,10000,2354,0.05448
Arithmetic 32,10000,2355,0.054289
Arithmetic 32,10000,2356,0.054148
Arithmetic 32,10000,2357,0.054978
Arithmetic 32,10000,2358,0.054991
Arithmetic 32,10000,2359,0.054314
Arithmetic 32,10000,2360,0.053557
Arithmetic 32,10000,2361,0.055772
Arithmetic 32,10000,2362,0.0544
Arithmetic 32,10000,2363,0.055329
Arithmetic 32,10000,2364,0.054837
Arithmetic 32,10000,2365,0.05448
Arithmetic 32,10000,2366,0.05344
Arithmetic 32,10000,2367,0.05496
Arithmetic 32,10000,2368,0.0544
Arithmetic 32,10000,2369,0.054369
Arithmetic 32,10000,2370,0.054197
Arithmetic 32,10000,2371,0.054375
Arithmetic 32,10000,2372,0.054135
Arithmetic 32,10000,2373,0.054677
Arithmetic 32,10000,2374,0.054511
Arithmetic 32,10000,2375,0.054609
Arithmetic 32,10000,2376,0.054105
Arithmetic 32,10000,2377,0.053779
Arithmetic 32,10000,2378,0.054203
Arithmetic 32,10000,2379,0.054707
Arithmetic 32,10000,2380,0.053828
Arithmetic 32,10000,2381,0.055096
Arithmetic 32,10000,2382,0.053981
Arithmetic 32,10000,2383,0.054419
Arithmetic 32,10000,2384,0.053661
Arithmetic 32,10000,2385,0.054308
Arithmetic 32,10000,2386,0.053686
Arithmetic 32,10000,2387,0.054455
Arithmetic 32,10000,2388,0.05536
Arithmetic 32,10000,2389,0.053852
Arithmetic 32,10000,2390,0.053859
Arithmetic 32,10000,2391,0.053969
Arithmetic 32,10000,2392,0.054221
Arithmetic 32,10000,2393,0.053428
Arithmetic 32,10000,2394,0.053729
Arithmetic 32,10000,2395,0.054246
Arithmetic 32,10000,2396,0.054228
Arithmetic 32,10000,2397,0.055274
Arithmetic 32,10000,2398,0.054055
Arithmetic 32,10000,2399,0.053828
Arithmetic 32,10000,2400,0.054345
Arithmetic 32,10000,2401,0.055169
Arithmetic 32,10000,2402,0.054227
Arithmetic 32,10000,2403,0.053446
Arithmetic 32,10000,2404,0.055102
Arithmetic 32,10000,2405,0.053908
Arithmetic 32,10000,2406,0.054782
Arithmetic 32,10000,2407,0.054763
Arithmetic 32,10000,2408,0.053963
Arithmetic 32,10000,2409,0.054818
Arithmetic 32,10000,2410,0.054296
Arithmetic 32,10000,2411,0.054252
Arithmetic 32,10000,2412,0.053772
Arithmetic 32,10000,2413,0.054313
Arithmetic 32,10000,2414,0.053705
Arithmetic 32,10000,2415,0.055459
Arithmetic 32,10000,2416,0.054455
Arithmetic 32,10000,2417,0.054326
Arithmetic 32,10000,2418,0.054406
Arithmetic 32,10000,2419,0.055736
Arithmetic 32,10000,2420,0.053686
Arithmetic 32,10000,2421,0.054344
Arithmetic 32,10000,2422,0.053865
Arithmetic 32,10000,2423,0.054936
Arithmetic 32,10000,2424,0.05424
Arithmetic 32,10000,2425,0.053656
Arithmetic 32,10000,2426,0.054394
Arithmetic 32,10000,2427,0.053741
Arithmetic 32,10000,2428,0.053144
Arithmetic 32,10000,2429,0.05413
Arithmetic 32,10000,2430,0.055101
Arithmetic 32,10000,2431,0.055126
Arithmetic 32,10000,2432,0.054
Arithmetic 32,10000,2433,0.053957
Arithmetic 32,10000,2434,0.054197
Arithmetic 32,10000,2435,0.054855
Arithmetic 32,10000,2436,0.054308
Arithmetic 32,10000,2437,0.055618
Arithmetic 32,10000,2438,0.053403
Arithmetic 32,10000,2439,0.054173
Arithmetic 32,10000,2440,0.054209
Arithmetic 32,10000,2441,0.055108
Arithmetic 32,10000,2442,0.054216
Arithmetic 32,10000,2443,0.054301
Arithmetic 32,10000,2444,0.053815
Arithmetic 32,10000,2445,0.054382
Arithmetic 32,10000,2446,0.053686
Arithmetic 32,10000,2447,0.054462
Arithmetic 32,10000,2448,0.053852
Arithmetic 32,10000,2449,0.05472
Arithmetic 32,10000,2450,0.053766
Arithmetic 32,10000,2451,0.055261
Arithmetic 32,10000,2452,0.053532
Arithmetic 32,10000,2453,0.054603
Arithmetic 32,10000,2454,0.054689
Arithmetic 32,10000,2455,0.055379
Arithmetic 32,10000,2456,0.054572
Arithmetic 32,10000,2457,0.054388
Arithmetic 32,10000,2458,0.054419
Arithmetic 32,10000,2459,0.05376
Arithmetic 32,10000,2460,0.054473
Arithmetic 32,10000,2461,0.055206
Arithmetic 32,10000,2462,0.053809
Arithmetic 32,10000,2463,0.053563
Arithmetic 32,10000,2464,0.053729
Arithmetic 32,10000,2465,0.055107
Arithmetic 32,10000,2466,0.05379
Arithmetic 32,10000,2467,0.05507
Arithmetic 32,10000,2468,0.054487
Arithmetic 32,10000,2469,0.054886
Arithmetic 32,10000,2470,0.054659
Arithmetic 32,10000,2471,0.054892
Arithmetic 32,10000,2472,0.055224
Arithmetic 32,10000,2473,0.054542
Arithmetic 32,10000,2474,0.053256
Arithmetic 32,10000,2475,0.053932
Arithmetic 32,10000,2476,0.053859
Arithmetic 32,10000,2477,0.096382
Arithmetic 32,10000,2478,0.054344
Arithmetic 32,10000,2479,0.053637
Arithmetic 32,10000,2480,0.053902
Arithmetic 32,10000,2481,0.053926
Arithmetic 32,10000,2482,0.053981
Arithmetic 32,10000,2483,0.05536
Arithmetic 32,10000,2484,0.054234
Arithmetic 32,10000,2485,0.055317
Arithmetic 32,10000,2486,0.094307
Arithmetic 32,10000,2487,0.054554
Arithmetic 32,10000,2488,0.054056
Arithmetic 32,10000,2489,0.055102
Arithmetic 32,10000,2490,0.053471
Arithmetic 32,10000,2491,0.054086
Arithmetic 32,10000,2492,0.054308
Arithmetic 32,10000,2493,0.054997
Arithmetic 32,10000,2494,0.053354
Arithmetic 32,10000,2495,0.099914
Arithmetic 32,10000,2496,0.053981
Arithmetic 32,10000,2497,0.053557
Arithmetic 32,10000,2498,0.054092
Arithmetic 32,10000,2499,0.054646
Arithmetic 32,10000,2500,0.053982
Arithmetic 32,10000,2501,0.054689
Arithmetic 32,10000,2502,0.053447
Arithmetic 32,10000,2503,0.054031
Arithmetic 32,10000,2504,0.09603
Arithmetic 32,10000,2505,0.055385
Arithmetic 32,10000,2506,0.052727
Arithmetic 32,10000,2507,0.054474
Arithmetic 32,10000,2508,0.053692
Arithmetic 32,10000,2509,0.054308
Arithmetic 32,10000,2510,0.054302
Arithmetic 32,10000,2511,0.054505
Arithmetic 32,10000,2512,0.053317
Arithmetic 32,10000,2513,0.058763
Arithmetic 32,10000,2514,0.054997
Arithmetic 32,10000,2515,0.054622
Arithmetic 32,10000,2516,0.054566
Arithmetic 32,10000,2517,0.05445
Arithmetic 32,10000,2518,0.05328
Arithmetic 32,10000,2519,0.054129
Arithmetic 32,10000,2520,0.052726
Arithmetic 32,10000,2521,0.054228
Arithmetic 32,10000,2522,0.055926
Arithmetic 32,10000,2523,0.053846
Arithmetic 32,10000,2524,0.052591
Arithmetic 32,10000,2525,0.053305
Arithmetic 32,10000,2526,0.054006
Arithmetic 32,10000,2527,0.054505
Arithmetic 32,10000,2528,0.053489
Arithmetic 32,10000,2529,0.054154
Arithmetic 32,10000,2530,0.053951
Arithmetic 32,10000,2531,0.055575
Arithmetic 32,10000,2532,0.053969
Arithmetic 32,10000,2533,0.054486
Arithmetic 32,10000,2534,0.053877
Arithmetic 32,10000,2535,0.0532
Arithmetic 32,10000,2536,0.053256
Arithmetic 32,10000,2537,0.054806
Arithmetic 32,10000,2538,0.05365
Arithmetic 32,10000,2539,0.053674
Arithmetic 32,10000,2540,0.05656
Arithmetic 32,10000,2541,0.055539
Arithmetic 32,10000,2542,0.054504
Arithmetic 32,10000,2543,0.054745
Arithmetic 32,10000,2544,0.055053
Arithmetic 32,10000,2545,0.053533
Arithmetic 32,10000,2546,0.054154
Arithmetic 32,10000,2547,0.054259
Arithmetic 32,10000,2548,0.054283
Arithmetic 32,10000,2549,0.055539
Arithmetic 32,10000,2550,0.054425
Arithmetic 32,10000,2551,0.054172
Arithmetic 32,10000,2552,0.053785
Arithmetic 32,10000,2553,0.054868
Arithmetic 32,10000,2554,0.053656
Arithmetic 32,10000,2555,0.053736
Arithmetic 32,10000,2556,0.054628
Arithmetic 32,10000,2557,0.055089
Arithmetic 32,10000,2558,0.054283
Arithmetic 32,10000,2559,0.054461
Arithmetic 32,10000,2560,0.054246
Arithmetic 32,10000,2561,0.054843
Arithmetic 32,10000,2562,0.055342
Arithmetic 32,10000,2563,0.054307
Arithmetic 32,10000,2564,0.053877
Arithmetic 32,10000,2565,0.054246
Arithmetic 32,10000,2566,0.053212
Arithmetic 32,10000,2567,0.055477
Arithmetic 32,10000,2568,0.054566
Arithmetic 32,10000,2569,0.055034
Arithmetic 32,10000,2570,0.05376
Arithmetic 32,10000,2571,0.054203
Arithmetic 32,10000,2572,0.054228
Arithmetic 32,10000,2573,0.054209
Arithmetic 32,10000,2574,0.053834
Arithmetic 32,10000,2575,0.054425
Arithmetic 32,10000,2576,0.056209
Arithmetic 32,10000,2577,0.054646
Arithmetic 32,10000,2578,0.054197
Arithmetic 32,10000,2579,0.054105
Arithmetic 32,10000,2580,0.052856
Arithmetic 32,10000,2581,0.054167
Arithmetic 32,10000,2582,0.054178
Arithmetic 32,10000,2583,0.053673
Arithmetic 32,10000,2584,0.053785
Arithmetic 32,10000,2585,0.05488
Arithmetic 32,10000,2586,0.053908
Arithmetic 32,10000,2587,0.054172
Arithmetic 32,10000,2588,0.053692
Arithmetic 32,10000,2589,0.053901
Arithmetic 32,10000,2590,0.05376
Arithmetic 32,10000,2591,0.055169
Arithmetic 32,10000,2592,0.053507
Arithmetic 32,10000,2593,0.053957
Arithmetic 32,10000,2594,0.055508
Arithmetic 32,10000,2595,0.055434
Arithmetic 32,10000,2596,0.055693
Arithmetic 32,10000,2597,0.054695
Arithmetic 32,10000,2598,0.053569
Arithmetic 32,10000,2599,0.055514
Arithmetic 32,10000,2600,0.054449
Arithmetic 32,10000,2601,0.05427
Arithmetic 32,10000,2602,0.054277
Arithmetic 32,10000,2603,0.054628
Arithmetic 32,10000,2604,0.054707
Arithmetic 32,10000,2605,0.055095
Arithmetic 32,10000,2606,0.052985
Arithmetic 32,10000,2607,0.054702
Arithmetic 32,10000,2608,0.054049
Arithmetic 32,10000,2609,0.053508
Arithmetic 32,10000,2610,0.053557
Arithmetic 32,10000,2611,0.055139
Arithmetic 32,10000,2612,0.056086
Arithmetic 32,10000,2613,0.054265
Arithmetic 32,10000,2614,0.054393
Arithmetic 32,10000,2615,0.054043
Arithmetic 32,10000,2616,0.054166
Arithmetic 32,10000,2617,0.054074
Arithmetic 32,10000,2618,0.054628
Arithmetic 32,10000,2619,0.05464
Arithmetic 32,10000,2620,0.054209
Arithmetic 32,10000,2621,0.054991
Arithmetic 32,10000,2622,0.053046
Arithmetic 32,10000,2623,0.054966
Arithmetic 32,10000,2624,0.053514
Arithmetic 32,10000,2625,0.054424
Arithmetic 32,10000,2626,0.053194
Arithmetic 32,10000,2627,0.054449
Arithmetic 32,10000,2628,0.054634
Arithmetic 32,10000,2629,0.053717
Arithmetic 32,10000,2630,0.055243
Arithmetic 32,10000,2631,0.055347
Arithmetic 32,10000,2632,0.054104
Arithmetic 32,10000,2633,0.054407
Arithmetic 32,10000,2634,0.05584
Arithmetic 32,10000,2635,0.054456
Arithmetic 32,10000,2636,0.055077
Arithmetic 32,10000,2637,0.054584
Arithmetic 32,10000,2638,0.05368
Arithmetic 32,10000,2639,0.054449
Arithmetic 32,10000,2640,0.054363
Arithmetic 32,10000,2641,0.053459
Arithmetic 32,10000,2642,0.053698
Arithmetic 32,10000,2643,0.055077
Arithmetic 32,10000,2644,0.054068
Arithmetic 32,10000,2645,0.054259
Arithmetic 32,10000,2646,0.053262
Arithmetic 32,10000,2647,0.054646
Arithmetic 32,10000,2648,0.053748
Arithmetic 32,10000,2649,0.055127
Arithmetic 32,10000,2650,0.053926
Arithmetic 32,10000,2651,0.054104
Arithmetic 32,10000,2652,0.053803
Arithmetic 32,10000,2653,0.054006
Arithmetic 32,10000,2654,0.054092
Arithmetic 32,10000,2655,0.054806
Arithmetic 32,10000,2656,0.054849
Arithmetic 32,10000,2657,0.05544
Arithmetic 32,10000,2658,0.054314
Arithmetic 32,10000,2659,0.05475
Arithmetic 32,10000,2660,0.054573
Arithmetic 32,10000,2661,0.054387
Arithmetic 32,10000,2662,0.05352
Arithmetic 32,10000,2663,0.054129
Arithmetic 32,10000,2664,0.054228
Arithmetic 32,10000,2665,0.05496
Arithmetic 32,10000,2666,0.053501
Arithmetic 32,10000,2667,0.053988
Arithmetic 32,10000,2668,0.055452
Arithmetic 32,10000,2669,0.053951
Arithmetic 32,10000,2670,0.054012
Arithmetic 32,10000,2671,0.053963
Arithmetic 32,10000,2672,0.053736
Arithmetic 32,10000,2673,0.053742
Arithmetic 32,10000,2674,0.053587
Arithmetic 32,10000,2675,0.055501
Arithmetic 32,10000,2676,0.05403
Arithmetic 32,10000,2677,0.054535
Arithmetic 32,10000,2678,0.054135
Arithmetic 32,10000,2679,0.054222
Arithmetic 32,10000,2680,0.054418
Arithmetic 32,10000,2681,0.055139
Arithmetic 32,10000,2682,0.053299
Arithmetic 32,10000,2683,0.055575
Arithmetic 32,10000,2684,0.054216
Arithmetic 32,10000,2685,0.054173
Arithmetic 32,10000,2686,0.054935
Arithmetic 32,10000,2687,0.053544
Arithmetic 32,10000,2688,0.054252
Arithmetic 32,10000,2689,0.05368
Arithmetic 32,10000,2690,0.053699
Arithmetic 32,10000,2691,0.053729
Arithmetic 32,10000,2692,0.05352
Arithmetic 32,10000,2693,0.055274
Arithmetic 32,10000,2694,0.054622
Arithmetic 32,10000,2695,0.05392
Arithmetic 32,10000,2696,0.054332
Arithmetic 32,10000,2697,0.054628
Arithmetic 32,10000,2698,0.053994
Arithmetic 32,10000,2699,0.05373
Arithmetic 32,10000,2700,0.05427
Arithmetic 32,10000,2701,0.054542
Arithmetic 32,10000,2702,0.054117
Arithmetic 32,10000,2703,0.054911
Arithmetic 32,10000,2704,0.054394
Arithmetic 32,10000,2705,0.054904
Arithmetic 32,10000,2706,0.053963
Arithmetic 32,10000,2707,0.054092
Arithmetic 32,10000,2708,0.053206
Arithmetic 32,10000,2709,0.054308
Arithmetic 32,10000,2710,0.052984
Arithmetic 32,10000,2711,0.053176
Arithmetic 32,10000,2712,0.054979
Arithmetic 32,10000,2713,0.053717
Arithmetic 32,10000,2714,0.053593
Arithmetic 32,10000,2715,0.054517
Arithmetic 32,10000,2716,0.053877
Arithmetic 32,10000,2717,0.054505
Arithmetic 32,10000,2718,0.053766
Arithmetic 32,10000,2719,0.054868
Arithmetic 32,10000,2720,0.055526
Arithmetic 32,10000,2721,0.056056
Arithmetic 32,10000,2722,0.054899
Arithmetic 32,10000,2723,0.054307
Arithmetic 32,10000,2724,0.05499
Arithmetic 32,10000,2725,0.055379
Arithmetic 32,10000,2726,0.054375
Arithmetic 32,10000,2727,0.054283
Arithmetic 32,10000,2728,0.053317
Arithmetic 32,10000,2729,0.055268
Arithmetic 32,10000,2730,0.053594
Arithmetic 32,10000,2731,0.054825
Arithmetic 32,10000,2732,0.055034
Arithmetic 32,10000,2733,0.054837
Arithmetic 32,10000,2734,0.053914
Arithmetic 32,10000,2735,0.053446
Arithmetic 32,10000,2736,0.054524
Arithmetic 32,10000,2737,0.108461
Arithmetic 32,10000,2738,0.054203
Arithmetic 32,10000,2739,0.055089
Arithmetic 32,10000,2740,0.054868
Arithmetic 32,10000,2741,0.054566
Arithmetic 32,10000,2742,0.054265
Arithmetic 32,10000,2743,0.054357
Arithmetic 32,10000,2744,0.054148
Arithmetic 32,10000,2745,0.053779
Arithmetic 32,10000,2746,0.054905
Arithmetic 32,10000,2747,0.05437
Arithmetic 32,10000,2748,0.053957
Arithmetic 32,10000,2749,0.054683
Arithmetic 32,10000,2750,0.054037
Arithmetic 32,10000,2751,0.05544
Arithmetic 32,10000,2752,0.053649
Arithmetic 32,10000,2753,0.053957
Arithmetic 32,10000,2754,0.053193
Arithmetic 32,10000,2755,0.05525
Arithmetic 32,10000,2756,0.054
Arithmetic 32,10000,2757,0.055163
Arithmetic 32,10000,2758,0.054203
Arithmetic 32,10000,2759,0.054436
Arithmetic 32,10000,2760,0.054222
Arithmetic 32,10000,2761,0.053914
Arithmetic 32,10000,2762,0.054535
Arithmetic 32,10000,2763,0.054701
Arithmetic 32,10000,2764,0.054862
Arithmetic 32,10000,2765,0.053483
Arithmetic 32,10000,2766,0.054462
Arithmetic 32,10000,2767,0.053933
Arithmetic 32,10000,2768,0.053938
Arithmetic 32,10000,2769,0.054523
Arithmetic 32,10000,2770,0.054856
Arithmetic 32,10000,2771,0.0552
Arithmetic 32,10000,2772,0.054794
Arithmetic 32,10000,2773,0.054511
Arithmetic 32,10000,2774,0.054874
Arithmetic 32,10000,2775,0.053944
Arithmetic 32,10000,2776,0.053686
Arithmetic 32,10000,2777,0.054898
Arithmetic 32,10000,2778,0.053643
Arithmetic 32,10000,2779,0.054142
Arithmetic 32,10000,2780,0.053945
Arithmetic 32,10000,2781,0.054622
Arithmetic 32,10000,2782,0.054148
Arithmetic 32,10000,2783,0.053329
Arithmetic 32,10000,2784,0.053932
Arithmetic 32,10000,2785,0.054277
Arithmetic 32,10000,2786,0.054702
Arithmetic 32,10000,2787,0.054456
Arithmetic 32,10000,2788,0.053667
Arithmetic 32,10000,2789,0.053674
Arithmetic 32,10000,2790,0.053176
Arithmetic 32,10000,2791,0.055582
Arithmetic 32,10000,2792,0.055182
Arithmetic 32,10000,2793,0.054671
Arithmetic 32,10000,2794,0.054049
Arithmetic 32,10000,2795,0.053871
Arithmetic 32,10000,2796,0.054813
Arithmetic 32,10000,2797,0.05392
Arithmetic 32,10000,2798,0.054369
Arithmetic 32,10000,2799,0.054757
Arithmetic 32,10000,2800,0.054338
Arithmetic 32,10000,2801,0.054037
Arithmetic 32,10000,2802,0.055046
Arithmetic 32,10000,2803,0.054628
Arithmetic 32,10000,2804,0.054197
Arithmetic 32,10000,2805,0.054265
Arithmetic 32,10000,2806,0.053981
Arithmetic 32,10000,2807,0.054431
Arithmetic 32,10000,2808,0.053182
Arithmetic 32,10000,2809,0.053913
Arithmetic 32,10000,2810,0.054203
Arithmetic 32,10000,2811,0.054523
Arithmetic 32,10000,2812,0.053902
Arithmetic 32,10000,2813,0.054511
Arithmetic 32,10000,2814,0.054006
Arithmetic 32,10000,2815,0.054203
Arithmetic 32,10000,2816,0.055397
Arithmetic 32,10000,2817,0.054129
Arithmetic 32,10000,2818,0.05408
Arithmetic 32,10000,2819,0.053809
Arithmetic 32,10000,2820,0.054234
Arithmetic 32,10000,2821,0.054664
Arithmetic 32,10000,2822,0.054443
Arithmetic 32,10000,2823,0.054553
Arithmetic 32,10000,2824,0.054136
Arithmetic 32,10000,2825,0.055305
Arithmetic 32,10000,2826,0.054154
Arithmetic 32,10000,2827,0.054751
Arithmetic 32,10000,2828,0.05544
Arithmetic 32,10000,2829,0.054062
Arithmetic 32,10000,2830,0.054449
Arithmetic 32,10000,2831,0.055262
Arithmetic 32,10000,2832,0.054498
Arithmetic 32,10000,2833,0.055372
Arithmetic 32,10000,2834,0.054136
Arithmetic 32,10000,2835,0.055047
Arithmetic 32,10000,2836,0.054744
Arithmetic 32,10000,2837,0.054412
Arithmetic 32,10000,2838,0.054172
Arithmetic 32,10000,2839,0.053194
Arithmetic 32,10000,2840,0.055723
Arithmetic 32,10000,2841,0.055089
Arithmetic 32,10000,2842,0.053748
Arithmetic 32,10000,2843,0.054418
Arithmetic 32,10000,2844,0.053495
Arithmetic 32,10000,2845,0.05512
Arithmetic 32,10000,2846,0.054178
Arithmetic 32,10000,2847,0.055274
Arithmetic 32,10000,2848,0.055329
Arithmetic 32,10000,2849,0.054929
Arithmetic 32,10000,2850,0.054763
Arithmetic 32,10000,2851,0.054683
Arithmetic 32,10000,2852,0.053815
Arithmetic 32,10000,2853,0.054739
Arithmetic 32,10000,2854,0.054554
Arithmetic 32,10000,2855,0.054388
Arithmetic 32,10000,2856,0.05448
Arithmetic 32,10000,2857,0.054806
Arithmetic 32,10000,2858,0.055108
Arithmetic 32,10000,2859,0.054215
Arithmetic 32,10000,2860,0.054277
Arithmetic 32,10000,2861,0.05472
Arithmetic 32,10000,2862,0.053027
Arithmetic 32,10000,2863,0.054056
Arithmetic 32,10000,2864,0.055268
Arithmetic 32,10000,2865,0.054683
Arithmetic 32,10000,2866,0.054135
Arithmetic 32,10000,2867,0.054093
Arithmetic 32,10000,2868,0.053723
Arithmetic 32,10000,2869,0.053932
Arithmetic 32,10000,2870,0.053643
Arithmetic 32,10000,2871,0.054461
Arithmetic 32,10000,2872,0.054591
Arithmetic 32,10000,2873,0.054646
Arithmetic 32,10000,2874,0.053828
Arithmetic 32,10000,2875,0.054542
Arithmetic 32,10000,2876,0.054129
Arithmetic 32,10000,2877,0.053809
Arithmetic 32,10000,2878,0.053606
Arithmetic 32,10000,2879,0.054757
Arithmetic 32,10000,2880,0.05315
Arithmetic 32,10000,2881,0.053896
Arithmetic 32,10000,2882,0.054646
Arithmetic 32,10000,2883,0.054147
Arithmetic 32,10000,2884,0.053237
Arithmetic 32,10000,2885,0.053391
Arithmetic 32,10000,2886,0.054215
Arithmetic 32,10000,2887,0.054111
Arithmetic 32,10000,2888,0.052806
Arithmetic 32,10000,2889,0.054332
Arithmetic 32,10000,2890,0.054394
Arithmetic 32,10000,2891,0.053742
Arithmetic 32,10000,2892,0.053618
Arithmetic 32,10000,2893,0.054776
Arithmetic 32,10000,2894,0.053735
Arithmetic 32,10000,2895,0.054615
Arithmetic 32,10000,2896,0.053341
Arithmetic 32,10000,2897,0.053963
Arithmetic 32,10000,2898,0.052973
Arithmetic 32,10000,2899,0.054745
Arithmetic 32,10000,2900,0.053864
Arithmetic 32,10000,2901,0.054412
Arithmetic 32,10000,2902,0.054695
Arithmetic 32,10000,2903,0.054338
Arithmetic 32,10000,2904,0.053341
Arithmetic 32,10000,2905,0.054407
Arithmetic 32,10000,2906,0.052326
Arithmetic 32,10000,2907,0.053735
Arithmetic 32,10000,2908,0.053951
Arithmetic 32,10000,2909,0.053927
Arithmetic 32,10000,2910,0.054025
Arithmetic 32,10000,2911,0.053963
Arithmetic 32,10000,2912,0.053822
Arithmetic 32,10000,2913,0.05488
Arithmetic 32,10000,2914,0.054135
Arithmetic 32,10000,2915,0.05485
Arithmetic 32,10000,2916,0.053748
Arithmetic 32,10000,2917,0.05536
Arithmetic 32,10000,2918,0.053754
Arithmetic 32,10000,2919,0.054154
Arithmetic 32,10000,2920,0.053729
Arithmetic 32,10000,2921,0.055132
Arithmetic 32,10000,2922,0.053477
Arithmetic 32,10000,2923,0.054326
Arithmetic 32,10000,2924,0.05435
Arithmetic 32,10000,2925,0.05552
Arithmetic 32,10000,2926,0.05392
Arithmetic 32,10000,2927,0.05424
Arithmetic 32,10000,2928,0.053957
Arithmetic 32,10000,2929,0.054873
Arithmetic 32,10000,2930,0.052819
Arithmetic 32,10000,2931,0.05355
Arithmetic 32,10000,2932,0.053963
Arithmetic 32,10000,2933,0.054659
Arithmetic 32,10000,2934,0.053458
Arithmetic 32,10000,2935,0.054732
Arithmetic 32,10000,2936,0.054037
Arithmetic 32,10000,2937,0.053446
Arithmetic 32,10000,2938,0.054702
Arithmetic 32,10000,2939,0.054295
Arithmetic 32,10000,2940,0.05459
Arithmetic 32,10000,2941,0.053538
Arithmetic 32,10000,2942,0.053624
Arithmetic 32,10000,2943,0.053643
Arithmetic 32,10000,2944,0.054388
Arithmetic 32,10000,2945,0.054062
Arithmetic 32,10000,2946,0.053871
Arithmetic 32,10000,2947,0.054123
Arithmetic 32,10000,2948,0.05416
Arithmetic 32,10000,2949,0.054234
Arithmetic 32,10000,2950,0.053089
Arithmetic 32,10000,2951,0.054289
Arithmetic 32,10000,2952,0.053514
Arithmetic 32,10000,2953,0.054726
Arithmetic 32,10000,2954,0.053994
Arithmetic 32,10000,2955,0.054634
Arithmetic 32,10000,2956,0.05429
Arithmetic 32,10000,2957,0.054332
Arithmetic 32,10000,2958,0.05456
Arithmetic 32,10000,2959,0.053913
Arithmetic 32,10000,2960,0.053846
Arithmetic 32,10000,2961,0.054308
Arithmetic 32,10000,2962,0.0536
Arithmetic 32,10000,2963,0.054751
Arithmetic 32,10000,2964,0.053028
Arithmetic 32,10000,2965,0.053323
Arithmetic 32,10000,2966,0.053686
Arithmetic 32,10000,2967,0.053858
Arithmetic 32,10000,2968,0.053489
Arithmetic 32,10000,2969,0.054124
Arithmetic 32,10000,2970,0.054
Arithmetic 32,10000,2971,0.054929
Arithmetic 32,10000,2972,0.054566
Arithmetic 32,10000,2973,0.053649
Arithmetic 32,10000,2974,0.053544
Arithmetic 32,10000,2975,0.054972
Arithmetic 32,10000,2976,0.05397
Arithmetic 32,10000,2977,0.054646
Arithmetic 32,10000,2978,0.054812
Arithmetic 32,10000,2979,0.054505
Arithmetic 32,10000,2980,0.054061
Arithmetic 32,10000,2981,0.054843
Arithmetic 32,10000,2982,0.054314
Arithmetic 32,10000,2983,0.054191
Arithmetic 32,10000,2984,0.054733
Arithmetic 32,10000,2985,0.053484
Arithmetic 32,10000,2986,0.054615
Arithmetic 32,10000,2987,0.054702
Arithmetic 32,10000,2988,0.090627
Arithmetic 32,10000,2989,0.053939
Arithmetic 32,10000,2990,0.054178
Arithmetic 32,10000,2991,0.054295
Arithmetic 32,10000,2992,0.054339
Arithmetic 32,10000,2993,0.053896
Arithmetic 32,10000,2994,0.054332
Arithmetic 32,10000,2995,0.05429
Arithmetic 32,10000,2996,0.053821
Arithmetic 32,10000,2997,0.072061
Arithmetic 32,10000,2998,0.058025
Arithmetic 32,10000,2999,0.05493
Arithmetic 32,10000,3000,0.054511
Arithmetic 32,10000,3001,0.057742
Arithmetic 32,10000,3002,0.054449
Arithmetic 32,10000,3003,0.055483
Arithmetic 32,10000,3004,0.054049
Arithmetic 32,10000,3005,0.055477
Arithmetic 32,10000,3006,0.053261
Arithmetic 32,10000,3007,0.053876
Arithmetic 32,10000,3008,0.053735
Arithmetic 32,10000,3009,0.055107
Arithmetic 32,10000,3010,0.053514
Arithmetic 32,10000,3011,0.053742
Arithmetic 32,10000,3012,0.053446
Arithmetic 32,10000,3013,0.054535
Arithmetic 32,10000,3014,0.05411
Arithmetic 32,10000,3015,0.055748
Arithmetic 32,10000,3016,0.054837
Arithmetic 32,10000,3017,0.055329
Arithmetic 32,10000,3018,0.05411
Arithmetic 32,10000,3019,0.054874
Arithmetic 32,10000,3020,0.053354
Arithmetic 32,10000,3021,0.054449
Arithmetic 32,10000,3022,0.054222
Arithmetic 32,10000,3023,0.055053
Arithmetic 32,10000,3024,0.054578
Arithmetic 32,10000,3025,0.054253
Arithmetic 32,10000,3026,0.053883
Arithmetic 32,10000,3027,0.054339
Arithmetic 32,10000,3028,0.054338
Arithmetic 32,10000,3029,0.054984
Arithmetic 32,10000,3030,0.054573
Arithmetic 32,10000,3031,0.054616
Arithmetic 32,10000,3032,0.053908
Arithmetic 32,10000,3033,0.054585
Arithmetic 32,10000,3034,0.053914
Arithmetic 32,10000,3035,0.053994
Arithmetic 32,10000,3036,0.053527
Arithmetic 32,10000,3037,0.054517
Arithmetic 32,10000,3038,0.053514
Arithmetic 32,10000,3039,0.054487
Arithmetic 32,10000,3040,0.094295
Arithmetic 32,10000,3041,0.055096
Arithmetic 32,10000,3042,0.054831
Arithmetic 32,10000,3043,0.054862
Arithmetic 32,10000,3044,0.053563
Arithmetic 32,10000,3045,0.054117
Arithmetic 32,10000,3046,0.065084
Arithmetic 32,10000,3047,0.059686
Arithmetic 32,10000,3048,0.056307
Arithmetic 32,10000,3049,0.056701
Arithmetic 32,10000,3050,0.054572
Arithmetic 32,10000,3051,0.054443
Arithmetic 32,10000,3052,0.054492
Arithmetic 32,10000,3053,0.054456
Arithmetic 32,10000,3054,0.053625
Arithmetic 32,10000,3055,0.055637
Arithmetic 32,10000,3056,0.054591
Arithmetic 32,10000,3057,0.0544
Arithmetic 32,10000,3058,0.055975
Arithmetic 32,10000,3059,0.053871
Arithmetic 32,10000,3060,0.053748
Arithmetic 32,10000,3061,0.055028
Arithmetic 32,10000,3062,0.05429
Arithmetic 32,10000,3063,0.055298
Arithmetic 32,10000,3064,0.054332
Arithmetic 32,10000,3065,0.054523
Arithmetic 32,10000,3066,0.054493
Arithmetic 32,10000,3067,0.055169
Arithmetic 32,10000,3068,0.054025
Arithmetic 32,10000,3069,0.055065
Arithmetic 32,10000,3070,0.054739
Arithmetic 32,10000,3071,0.054
Arithmetic 32,10000,3072,0.053816
Arithmetic 32,10000,3073,0.055077
Arithmetic 32,10000,3074,0.054406
Arithmetic 32,10000,3075,0.055625
Arithmetic 32,10000,3076,0.055353
Arithmetic 32,10000,3077,0.05435
Arithmetic 32,10000,3078,0.054142
Arithmetic 32,10000,3079,0.053606
Arithmetic 32,10000,3080,0.053852
Arithmetic 32,10000,3081,0.054104
Arithmetic 32,10000,3082,0.053637
Arithmetic 32,10000,3083,0.053673
Arithmetic 32,10000,3084,0.054295
Arithmetic 32,10000,3085,0.054277
Arithmetic 32,10000,3086,0.053963
Arithmetic 32,10000,3087,0.053938
Arithmetic 32,10000,3088,0.053452
Arithmetic 32,10000,3089,0.05432
Arithmetic 32,10000,3090,0.053815
Arithmetic 32,10000,3091,0.055071
Arithmetic 32,10000,3092,0.054172
Arithmetic 32,10000,3093,0.054547
Arithmetic 32,10000,3094,0.054941
Arithmetic 32,10000,3095,0.054406
Arithmetic 32,10000,3096,0.054375
Arithmetic 32,10000,3097,0.054098
Arithmetic 32,10000,3098,0.05312
Arithmetic 32,10000,3099,0.054929
Arithmetic 32,10000,3100,0.054997
Arithmetic 32,10000,3101,0.057194
Arithmetic 32,10000,3102,0.054615
Arithmetic 32,10000,3103,0.055809
Arithmetic 32,10000,3104,0.054837
Arithmetic 32,10000,3105,0.05451
Arithmetic 32,10000,3106,0.055299
Arithmetic 32,10000,3107,0.055237
Arithmetic 32,10000,3108,0.05408
Arithmetic 32,10000,3109,0.054684
Arithmetic 32,10000,3110,0.054474
Arithmetic 32,10000,3111,0.053557
Arithmetic 32,10000,3112,0.0556
Arithmetic 32,10000,3113,0.054228
Arithmetic 32,10000,3114,0.054542
Arithmetic 32,10000,3115,0.054647
Arithmetic 32,10000,3116,0.055693
Arithmetic 32,10000,3117,0.054578
Arithmetic 32,10000,3118,0.054548
Arithmetic 32,10000,3119,0.053791
Arithmetic 32,10000,3120,0.055994
Arithmetic 32,10000,3121,0.055403
Arithmetic 32,10000,3122,0.054911
Arithmetic 32,10000,3123,0.053477
Arithmetic 32,10000,3124,0.0536
Arithmetic 32,10000,3125,0.054547
Arithmetic 32,10000,3126,0.054055
Arithmetic 32,10000,3127,0.054726
Arithmetic 32,10000,3128,0.054049
Arithmetic 32,10000,3129,0.054917
Arithmetic 32,10000,3130,0.055053
Arithmetic 32,10000,3131,0.055619
Arithmetic 32,10000,3132,0.055643
Arithmetic 32,10000,3133,0.055594
Arithmetic 32,10000,3134,0.055016
Arithmetic 32,10000,3135,0.054855
Arithmetic 32,10000,3136,0.053975
Arithmetic 32,10000,3137,0.054074
Arithmetic 32,10000,3138,0.091268
Arithmetic 32,10000,3139,0.054665
Arithmetic 32,10000,3140,0.054246
Arithmetic 32,10000,3141,0.054591
Arithmetic 32,10000,3142,0.054997
Arithmetic 32,10000,3143,0.055182
Arithmetic 32,10000,3144,0.054516
Arithmetic 32,10000,3145,0.054129
Arithmetic 32,10000,3146,0.054173
Arithmetic 32,10000,3147,0.063293
Arithmetic 32,10000,3148,0.05517
Arithmetic 32,10000,3149,0.054923
Arithmetic 32,10000,3150,0.054633
Arithmetic 32,10000,3151,0.054523
Arithmetic 32,10000,3152,0.053981
Arithmetic 32,10000,3153,0.054942
Arithmetic 32,10000,3154,0.054554
Arithmetic 32,10000,3155,0.05472
Arithmetic 32,10000,3156,0.054978
Arithmetic 32,10000,3157,0.054191
Arithmetic 32,10000,3158,0.055489
Arithmetic 32,10000,3159,0.053784
Arithmetic 32,10000,3160,0.053699
Arithmetic 32,10000,3161,0.053772
Arithmetic 32,10000,3162,0.054486
Arithmetic 32,10000,3163,0.05501
Arithmetic 32,10000,3164,0.054338
Arithmetic 32,10000,3165,0.054554
Arithmetic 32,10000,3166,0.054116
Arithmetic 32,10000,3167,0.054178
Arithmetic 32,10000,3168,0.056012
Arithmetic 32,10000,3169,0.054425
Arithmetic 32,10000,3170,0.054314
Arithmetic 32,10000,3171,0.055071
Arithmetic 32,10000,3172,0.054812
Arithmetic 32,10000,3173,0.054129
Arithmetic 32,10000,3174,0.05597
Arithmetic 32,10000,3175,0.054012
Arithmetic 32,10000,3176,0.053717
Arithmetic 32,10000,3177,0.054313
Arithmetic 32,10000,3178,0.054289
Arithmetic 32,10000,3179,0.054979
Arithmetic 32,10000,3180,0.059673
Arithmetic 32,10000,3181,0.0584
Arithmetic 32,10000,3182,0.064529
Arithmetic 32,10000,3183,0.067619
Arithmetic 32,10000,3184,0.062763
Arithmetic 32,10000,3185,0.063933
Arithmetic 32,10000,3186,0.060616
Arithmetic 32,10000,3187,0.061865
Arithmetic 32,10000,3188,0.062997
Arithmetic 32,10000,3189,0.061754
Arithmetic 32,10000,3190,0.060049
Arithmetic 32,10000,3191,0.06269
Arithmetic 32,10000,3192,0.065957
Arithmetic 32,10000,3193,0.059791
Arithmetic 32,10000,3194,0.055507
Arithmetic 32,10000,3195,0.055662
Arithmetic 32,10000,3196,0.057871
Arithmetic 32,10000,3197,0.053711
Arithmetic 32,10000,3198,0.053594
Arithmetic 32,10000,3199,0.054228
Arithmetic 32,10000,3200,0.054191
Arithmetic 32,10000,3201,0.055053
Arithmetic 32,10000,3202,0.053969
Arithmetic 32,10000,3203,0.054351
Arithmetic 32,10000,3204,0.053748
Arithmetic 32,10000,3205,0.05656
Arithmetic 32,10000,3206,0.05373
Arithmetic 32,10000,3207,0.055114
Arithmetic 32,10000,3208,0.054061
Arithmetic 32,10000,3209,0.053932
Arithmetic 32,10000,3210,0.05304
Arithmetic 32,10000,3211,0.054154
Arithmetic 32,10000,3212,0.053766
Arithmetic 32,10000,3213,0.054628
Arithmetic 32,10000,3214,0.053963
Arithmetic 32,10000,3215,0.054351
Arithmetic 32,10000,3216,0.054073
Arithmetic 32,10000,3217,0.055188
Arithmetic 32,10000,3218,0.054487
Arithmetic 32,10000,3219,0.054689
Arithmetic 32,10000,3220,0.053606
Arithmetic 32,10000,3221,0.054923
Arithmetic 32,10000,3222,0.054652
Arithmetic 32,10000,3223,0.054098
Arithmetic 32,10000,3224,0.053588
Arithmetic 32,10000,3225,0.053741
Arithmetic 32,10000,3226,0.05368
Arithmetic 32,10000,3227,0.054849
Arithmetic 32,10000,3228,0.052738
Arithmetic 32,10000,3229,0.055077
Arithmetic 32,10000,3230,0.054511
Arithmetic 32,10000,3231,0.057563
Arithmetic 32,10000,3232,0.05728
Arithmetic 32,10000,3233,0.055022
Arithmetic 32,10000,3234,0.053853
Arithmetic 32,10000,3235,0.054227
Arithmetic 32,10000,3236,0.054344
Arithmetic 32,10000,3237,0.054744
Arithmetic 32,10000,3238,0.054646
Arithmetic 32,10000,3239,0.053809
Arithmetic 32,10000,3240,0.054173
Arithmetic 32,10000,3241,0.054141
Arithmetic 32,10000,3242,0.054313
Arithmetic 32,10000,3243,0.054388
Arithmetic 32,10000,3244,0.055194
Arithmetic 32,10000,3245,0.054
Arithmetic 32,10000,3246,0.053705
Arithmetic 32,10000,3247,0.05477
Arithmetic 32,10000,3248,0.05395
Arithmetic 32,10000,3249,0.05464
Arithmetic 32,10000,3250,0.054997
Arithmetic 32,10000,3251,0.053747
Arithmetic 32,10000,3252,0.054129
Arithmetic 32,10000,3253,0.053927
Arithmetic 32,10000,3254,0.053551
Arithmetic 32,10000,3255,0.053754
Arithmetic 32,10000,3256,0.054812
Arithmetic 32,10000,3257,0.055815
Arithmetic 32,10000,3258,0.055151
Arithmetic 32,10000,3259,0.053791
Arithmetic 32,10000,3260,0.053735
Arithmetic 32,10000,3261,0.054634
Arithmetic 32,10000,3262,0.053317
Arithmetic 32,10000,3263,0.054603
Arithmetic 32,10000,3264,0.054308
Arithmetic 32,10000,3265,0.054739
Arithmetic 32,10000,3266,0.053944
Arithmetic 32,10000,3267,0.055378
Arithmetic 32,10000,3268,0.0532
Arithmetic 32,10000,3269,0.054339
Arithmetic 32,10000,3270,0.05395
Arithmetic 32,10000,3271,0.05483
Arithmetic 32,10000,3272,0.053883
Arithmetic 32,10000,3273,0.054351
Arithmetic 32,10000,3274,0.053532
Arithmetic 32,10000,3275,0.054861
Arithmetic 32,10000,3276,0.053022
Arithmetic 32,10000,3277,0.05464
Arithmetic 32,10000,3278,0.054111
Arithmetic 32,10000,3279,0.053741
Arithmetic 32,10000,3280,0.053428
Arithmetic 32,10000,3281,0.053729
Arithmetic 32,10000,3282,0.054172
Arithmetic 32,10000,3283,0.054985
Arithmetic 32,10000,3284,0.053538
Arithmetic 32,10000,3285,0.053126
Arithmetic 32,10000,3286,0.054314
Arithmetic 32,10000,3287,0.054474
Arithmetic 32,10000,3288,0.053267
Arithmetic 32,10000,3289,0.054166
Arithmetic 32,10000,3290,0.053409
Arithmetic 32,10000,3291,0.0544
Arithmetic 32,10000,3292,0.053692
Arithmetic 32,10000,3293,0.053834
Arithmetic 32,10000,3294,0.053951
Arithmetic 32,10000,3295,0.05552
Arithmetic 32,10000,3296,0.054166
Arithmetic 32,10000,3297,0.053785
Arithmetic 32,10000,3298,0.054283
Arithmetic 32,10000,3299,0.054412
Arithmetic 32,10000,3300,0.053262
Arithmetic 32,10000,3301,0.054363
Arithmetic 32,10000,3302,0.053889
Arithmetic 32,10000,3303,0.053938
Arithmetic 32,10000,3304,0.053932
Arithmetic 32,10000,3305,0.055292
Arithmetic 32,10000,3306,0.055286
Arithmetic 32,10000,3307,0.055409
Arithmetic 32,10000,3308,0.054985
Arithmetic 32,10000,3309,0.054468
Arithmetic 32,10000,3310,0.053816
Arithmetic 32,10000,3311,0.054129
Arithmetic 32,10000,3312,0.054382
Arithmetic 32,10000,3313,0.054973
Arithmetic 32,10000,3314,0.054824
Arithmetic 32,10000,3315,0.05424
Arithmetic 32,10000,3316,0.054781
Arithmetic 32,10000,3317,0.054259
Arithmetic 32,10000,3318,0.054252
Arithmetic 32,10000,3319,0.05344
Arithmetic 32,10000,3320,0.055064
Arithmetic 32,10000,3321,0.053483
Arithmetic 32,10000,3322,0.054738
Arithmetic 32,10000,3323,0.054418
Arithmetic 32,10000,3324,0.053932
Arithmetic 32,10000,3325,0.055065
Arithmetic 32,10000,3326,0.053058
Arithmetic 32,10000,3327,0.054671
Arithmetic 32,10000,3328,0.054369
Arithmetic 32,10000,3329,0.055083
Arithmetic 32,10000,3330,0.053828
Arithmetic 32,10000,3331,0.055077
Arithmetic 32,10000,3332,0.054129
Arithmetic 32,10000,3333,0.053046
Arithmetic 32,10000,3334,0.053219
Arithmetic 32,10000,3335,0.054222
Arithmetic 32,10000,3336,0.054289
Arithmetic 32,10000,3337,0.054843
Arithmetic 32,10000,3338,0.054622
Arithmetic 32,10000,3339,0.054652
Arithmetic 32,10000,3340,0.055015
Arithmetic 32,10000,3341,0.054056
Arithmetic 32,10000,3342,0.053686
Arithmetic 32,10000,3343,0.054726
Arithmetic 32,10000,3344,0.052831
Arithmetic 32,10000,3345,0.05504
Arithmetic 32,10000,3346,0.054412
Arithmetic 32,10000,3347,0.053994
Arithmetic 32,10000,3348,0.05421
Arithmetic 32,10000,3349,0.054935
Arithmetic 32,10000,3350,0.054732
Arithmetic 32,10000,3351,0.053871
Arithmetic 32,10000,3352,0.053926
Arithmetic 32,10000,3353,0.053563
Arithmetic 32,10000,3354,0.05408
Arithmetic 32,10000,3355,0.054375
Arithmetic 32,10000,3356,0.054314
Arithmetic 32,10000,3357,0.055347
Arithmetic 32,10000,3358,0.05536
Arithmetic 32,10000,3359,0.05608
Arithmetic 32,10000,3360,0.053785
Arithmetic 32,10000,3361,0.054265
Arithmetic 32,10000,3362,0.05437
Arithmetic 32,10000,3363,0.055047
Arithmetic 32,10000,3364,0.053538
Arithmetic 32,10000,3365,0.054092
Arithmetic 32,10000,3366,0.05344
Arithmetic 32,10000,3367,0.054259
Arithmetic 32,10000,3368,0.054258
Arithmetic 32,10000,3369,0.053957
Arithmetic 32,10000,3370,0.054246
Arithmetic 32,10000,3371,0.053421
Arithmetic 32,10000,3372,0.052899
Arithmetic 32,10000,3373,0.053668
Arithmetic 32,10000,3374,0.053969
Arithmetic 32,10000,3375,0.053945
Arithmetic 32,10000,3376,0.054579
Arithmetic 32,10000,3377,0.055187
Arithmetic 32,10000,3378,0.05392
Arithmetic 32,10000,3379,0.055132
Arithmetic 32,10000,3380,0.054271
Arithmetic 32,10000,3381,0.054387
Arithmetic 32,10000,3382,0.053827
Arithmetic 32,10000,3383,0.054178
Arithmetic 32,10000,3384,0.05424
Arithmetic 32,10000,3385,0.056135
Arithmetic 32,10000,3386,0.054283
Arithmetic 32,10000,3387,0.053865
Arithmetic 32,10000,3388,0.053372
Arithmetic 32,10000,3389,0.053828
Arithmetic 32,10000,3390,0.053317
Arithmetic 32,10000,3391,0.05427
Arithmetic 32,10000,3392,0.054196
Arithmetic 32,10000,3393,0.054086
Arithmetic 32,10000,3394,0.054061
Arithmetic 32,10000,3395,0.055053
Arithmetic 32,10000,3396,0.054468
Arithmetic 32,10000,3397,0.053766
Arithmetic 32,10000,3398,0.053484
Arithmetic 32,10000,3399,0.054135
Arithmetic 32,10000,3400,0.053096
Arithmetic 32,10000,3401,0.055188
Arithmetic 32,10000,3402,0.054203
Arithmetic 32,10000,3403,0.053901
Arithmetic 32,10000,3404,0.054031
Arithmetic 32,10000,3405,0.054911
Arithmetic 32,10000,3406,0.053046
Arithmetic 32,10000,3407,0.053483
Arithmetic 32,10000,3408,0.053674
Arithmetic 32,10000,3409,0.053255
Arithmetic 32,10000,3410,0.053779
Arithmetic 32,10000,3411,0.054068
Arithmetic 32,10000,3412,0.054462
Arithmetic 32,10000,3413,0.054492
Arithmetic 32,10000,3414,0.052659
Arithmetic 32,10000,3415,0.054197
Arithmetic 32,10000,3416,0.053532
Arithmetic 32,10000,3417,0.055139
Arithmetic 32,10000,3418,0.054123
Arithmetic 32,10000,3419,0.053926
Arithmetic 32,10000,3420,0.053526
Arithmetic 32,10000,3421,0.054911
Arithmetic 32,10000,3422,0.054886
Arithmetic 32,10000,3423,0.054683
Arithmetic 32,10000,3424,0.053613
Arithmetic 32,10000,3425,0.054831
Arithmetic 32,10000,3426,0.05376
Arithmetic 32,10000,3427,0.053736
Arithmetic 32,10000,3428,0.054043
Arithmetic 32,10000,3429,0.054554
Arithmetic 32,10000,3430,0.054917
Arithmetic 32,10000,3431,0.054499
Arithmetic 32,10000,3432,0.053754
Arithmetic 32,10000,3433,0.054553
Arithmetic 32,10000,3434,0.053618
Arithmetic 32,10000,3435,0.054387
Arithmetic 32,10000,3436,0.05424
Arithmetic 32,10000,3437,0.053944
Arithmetic 32,10000,3438,0.054018
Arithmetic 32,10000,3439,0.055016
Arithmetic 32,10000,3440,0.054511
Arithmetic 32,10000,3441,0.054584
Arithmetic 32,10000,3442,0.054369
Arithmetic 32,10000,3443,0.05472
Arithmetic 32,10000,3444,0.05496
Arithmetic 32,10000,3445,0.053643
Arithmetic 32,10000,3446,0.053317
Arithmetic 32,10000,3447,0.053489
Arithmetic 32,10000,3448,0.054093
Arithmetic 32,10000,3449,0.054948
Arithmetic 32,10000,3450,0.054062
Arithmetic 32,10000,3451,0.053895
Arithmetic 32,10000,3452,0.053004
Arithmetic 32,10000,3453,0.054985
Arithmetic 32,10000,3454,0.054185
Arithmetic 32,10000,3455,0.054111
Arithmetic 32,10000,3456,0.054166
Arithmetic 32,10000,3457,0.054314
Arithmetic 32,10000,3458,0.054788
Arithmetic 32,10000,3459,0.054172
Arithmetic 32,10000,3460,0.054676
Arithmetic 32,10000,3461,0.054357
Arithmetic 32,10000,3462,0.053594
Arithmetic 32,10000,3463,0.054923
Arithmetic 32,10000,3464,0.054363
Arithmetic 32,10000,3465,0.053465
Arithmetic 32,10000,3466,0.056843
Arithmetic 32,10000,3467,0.055101
Arithmetic 32,10000,3468,0.054819
Arithmetic 32,10000,3469,0.05432
Arithmetic 32,10000,3470,0.053556
Arithmetic 32,10000,3471,0.054062
Arithmetic 32,10000,3472,0.053895
Arithmetic 32,10000,3473,0.053976
Arithmetic 32,10000,3474,0.053907
Arithmetic 32,10000,3475,0.05456
Arithmetic 32,10000,3476,0.054628
Arithmetic 32,10000,3477,0.053619
Arithmetic 32,10000,3478,0.054068
Arithmetic 32,10000,3479,0.054056
Arithmetic 32,10000,3480,0.054431
Arithmetic 32,10000,3481,0.053981
Arithmetic 32,10000,3482,0.054092
Arithmetic 32,10000,3483,0.054259
Arithmetic 32,10000,3484,0.054683
Arithmetic 32,10000,3485,0.055699
Arithmetic 32,10000,3486,0.054843
Arithmetic 32,10000,3487,0.053975
Arithmetic 32,10000,3488,0.053976
Arithmetic 32,10000,3489,0.054234
Arithmetic 32,10000,3490,0.054425
Arithmetic 32,10000,3491,0.055182
Arithmetic 32,10000,3492,0.054363
Arithmetic 32,10000,3493,0.054757
Arithmetic 32,10000,3494,0.053514
Arithmetic 32,10000,3495,0.053895
Arithmetic 32,10000,3496,0.05424
Arithmetic 32,10000,3497,0.054892
Arithmetic 32,10000,3498,0.053711
Arithmetic 32,10000,3499,0.053028
Arithmetic 32,10000,3500,0.054191
Arithmetic 32,10000,3501,0.054584
Arithmetic 32,10000,3502,0.05413
Arithmetic 32,10000,3503,0.0536
Arithmetic 32,10000,3504,0.054031
Arithmetic 32,10000,3505,0.053667
Arithmetic 32,10000,3506,0.054333
Arithmetic 32,10000,3507,0.053957
Arithmetic 32,10000,3508,0.053372
Arithmetic 32,10000,3509,0.05392
Arithmetic 32,10000,3510,0.054197
Arithmetic 32,10000,3511,0.054185
Arithmetic 32,10000,3512,0.053994
Arithmetic 32,10000,3513,0.053471
Arithmetic 32,10000,3514,0.053698
Arithmetic 32,10000,3515,0.054862
Arithmetic 32,10000,3516,0.054148
Arithmetic 32,10000,3517,0.054652
Arithmetic 32,10000,3518,0.054172
Arithmetic 32,10000,3519,0.053637
Arithmetic 32,10000,3520,0.055095
Arithmetic 32,10000,3521,0.054818
Arithmetic 32,10000,3522,0.053606
Arithmetic 32,10000,3523,0.054751
Arithmetic 32,10000,3524,0.054486
Arithmetic 32,10000,3525,0.05496
Arithmetic 32,10000,3526,0.054578
Arithmetic 32,10000,3527,0.053686
Arithmetic 32,10000,3528,0.055526
Arithmetic 32,10000,3529,0.054579
Arithmetic 32,10000,3530,0.054111
Arithmetic 32,10000,3531,0.054105
Arithmetic 32,10000,3532,0.053385
Arithmetic 32,10000,3533,0.054609
Arithmetic 32,10000,3534,0.05464
Arithmetic 32,10000,3535,0.054579
Arithmetic 32,10000,3536,0.054954
Arithmetic 32,10000,3537,0.054732
Arithmetic 32,10000,3538,0.054221
Arithmetic 32,10000,3539,0.055052
Arithmetic 32,10000,3540,0.054086
Arithmetic 32,10000,3541,0.053871
Arithmetic 32,10000,3542,0.05395
Arithmetic 32,10000,3543,0.054449
Arithmetic 32,10000,3544,0.053822
Arithmetic 32,10000,3545,0.054363
Arithmetic 32,10000,3546,0.053951
Arithmetic 32,10000,3547,0.055674
Arithmetic 32,10000,3548,0.055016
Arithmetic 32,10000,3549,0.054184
Arithmetic 32,10000,3550,0.054184
Arithmetic 32,10000,3551,0.054203
Arithmetic 32,10000,3552,0.053877
Arithmetic 32,10000,3553,0.054375
Arithmetic 32,10000,3554,0.052886
Arithmetic 32,10000,3555,0.054185
Arithmetic 32,10000,3556,0.055065
Arithmetic 32,10000,3557,0.05464
Arithmetic 32,10000,3558,0.054326
Arithmetic 32,10000,3559,0.055618
Arithmetic 32,10000,3560,0.053729
Arithmetic 32,10000,3561,0.054099
Arithmetic 32,10000,3562,0.054387
Arithmetic 32,10000,3563,0.054092
Arithmetic 32,10000,3564,0.054671
Arithmetic 32,10000,3565,0.054923
Arithmetic 32,10000,3566,0.05456
Arithmetic 32,10000,3567,0.053698
Arithmetic 32,10000,3568,0.053791
Arithmetic 32,10000,3569,0.054917
Arithmetic 32,10000,3570,0.053391
Arithmetic 32,10000,3571,0.053834
Arithmetic 32,10000,3572,0.053797
Arithmetic 32,10000,3573,0.053354
Arithmetic 32,10000,3574,0.053735
Arithmetic 32,10000,3575,0.05408
Arithmetic 32,10000,3576,0.053348
Arithmetic 32,10000,3577,0.052997
Arithmetic 32,10000,3578,0.053545
Arithmetic 32,10000,3579,0.05451
Arithmetic 32,10000,3580,0.054098
Arithmetic 32,10000,3581,0.054166
Arithmetic 32,10000,3582,0.053994
Arithmetic 32,10000,3583,0.054732
Arithmetic 32,10000,3584,0.053538
Arithmetic 32,10000,3585,0.052991
Arithmetic 32,10000,3586,0.05347
Arithmetic 32,10000,3587,0.053926
Arithmetic 32,10000,3588,0.053643
Arithmetic 32,10000,3589,0.054098
Arithmetic 32,10000,3590,0.053723
Arithmetic 32,10000,3591,0.054073
Arithmetic 32,10000,3592,0.05339
Arithmetic 32,10000,3593,0.05336
Arithmetic 32,10000,3594,0.053255
Arithmetic 32,10000,3595,0.053225
Arithmetic 32,10000,3596,0.053108
Arithmetic 32,10000,3597,0.053993
Arithmetic 32,10000,3598,0.053896
Arithmetic 32,10000,3599,0.054221
Arithmetic 32,10000,3600,0.054093
Arithmetic 32,10000,3601,0.055113
Arithmetic 32,10000,3602,0.054302
Arithmetic 32,10000,3603,0.053927
Arithmetic 32,10000,3604,0.0524
Arithmetic 32,10000,3605,0.054456
Arithmetic 32,10000,3606,0.053379
Arithmetic 32,10000,3607,0.054086
Arithmetic 32,10000,3608,0.054665
Arithmetic 32,10000,3609,0.053668
Arithmetic 32,10000,3610,0.055316
Arithmetic 32,10000,3611,0.054049
Arithmetic 32,10000,3612,0.055034
Arithmetic 32,10000,3613,0.055218
Arithmetic 32,10000,3614,0.053367
Arithmetic 32,10000,3615,0.053908
Arithmetic 32,10000,3616,0.054449
Arithmetic 32,10000,3617,0.053249
Arithmetic 32,10000,3618,0.052887
Arithmetic 32,10000,3619,0.054074
Arithmetic 32,10000,3620,0.054123
Arithmetic 32,10000,3621,0.053397
Arithmetic 32,10000,3622,0.052338
Arithmetic 32,10000,3623,0.05445
Arithmetic 32,10000,3624,0.053421
Arithmetic 32,10000,3625,0.054148
Arithmetic 32,10000,3626,0.053323
Arithmetic 32,10000,3627,0.053988
Arithmetic 32,10000,3628,0.053618
Arithmetic 32,10000,3629,0.053674
Arithmetic 32,10000,3630,0.053084
Arithmetic 32,10000,3631,0.054529
Arithmetic 32,10000,3632,0.054339
Arithmetic 32,10000,3633,0.052973
Arithmetic 32,10000,3634,0.053981
Arithmetic 32,10000,3635,0.053747
Arithmetic 32,10000,3636,0.054615
Arithmetic 32,10000,3637,0.055557
Arithmetic 32,10000,3638,0.053379
Arithmetic 32,10000,3639,0.054203
Arithmetic 32,10000,3640,0.053447
Arithmetic 32,10000,3641,0.054055
Arithmetic 32,10000,3642,0.053385
Arithmetic 32,10000,3643,0.054086
Arithmetic 32,10000,3644,0.055175
Arithmetic 32,10000,3645,0.054031
Arithmetic 32,10000,3646,0.053311
Arithmetic 32,10000,3647,0.053785
Arithmetic 32,10000,3648,0.053784
Arithmetic 32,10000,3649,0.053594
Arithmetic 32,10000,3650,0.053533
Arithmetic 32,10000,3651,0.053785
Arithmetic 32,10000,3652,0.053113
Arithmetic 32,10000,3653,0.05392
Arithmetic 32,10000,3654,0.053397
Arithmetic 32,10000,3655,0.054166
Arithmetic 32,10000,3656,0.054264
Arithmetic 32,10000,3657,0.05413
Arithmetic 32,10000,3658,0.053692
Arithmetic 32,10000,3659,0.054172
Arithmetic 32,10000,3660,0.053982
Arithmetic 32,10000,3661,0.054887
Arithmetic 32,10000,3662,0.053828
Arithmetic 32,10000,3663,0.053151
Arithmetic 32,10000,3664,0.05368
Arithmetic 32,10000,3665,0.054363
Arithmetic 32,10000,3666,0.054086
Arithmetic 32,10000,3667,0.053661
Arithmetic 32,10000,3668,0.053194
Arithmetic 32,10000,3669,0.053993
Arithmetic 32,10000,3670,0.053847
Arithmetic 32,10000,3671,0.053766
Arithmetic 32,10000,3672,0.054394
Arithmetic 32,10000,3673,0.054554
Arithmetic 32,10000,3674,0.053791
Arithmetic 32,10000,3675,0.054997
Arithmetic 32,10000,3676,0.053354
Arithmetic 32,10000,3677,0.052972
Arithmetic 32,10000,3678,0.053951
Arithmetic 32,10000,3679,0.05376
Arithmetic 32,10000,3680,0.055637
Arithmetic 32,10000,3681,0.053477
Arithmetic 32,10000,3682,0.054166
Arithmetic 32,10000,3683,0.054535
Arithmetic 32,10000,3684,0.053945
Arithmetic 32,10000,3685,0.053304
Arithmetic 32,10000,3686,0.053077
Arithmetic 32,10000,3687,0.053914
Arithmetic 32,10000,3688,0.053502
Arithmetic 32,10000,3689,0.053557
Arithmetic 32,10000,3690,0.054228
Arithmetic 32,10000,3691,0.055754
Arithmetic 32,10000,3692,0.053403
Arithmetic 32,10000,3693,0.054049
Arithmetic 32,10000,3694,0.05448
Arithmetic 32,10000,3695,0.054179
Arithmetic 32,10000,3696,0.053969
Arithmetic 32,10000,3697,0.053083
Arithmetic 32,10000,3698,0.05379
Arithmetic 32,10000,3699,0.054726
Arithmetic 32,10000,3700,0.054782
Arithmetic 32,10000,3701,0.054781
Arithmetic 32,10000,3702,0.054056
Arithmetic 32,10000,3703,0.054074
Arithmetic 32,10000,3704,0.054369
Arithmetic 32,10000,3705,0.054628
Arithmetic 32,10000,3706,0.053668
Arithmetic 32,10000,3707,0.054726
Arithmetic 32,10000,3708,0.054049
Arithmetic 32,10000,3709,0.054345
Arithmetic 32,10000,3710,0.053668
Arithmetic 32,10000,3711,0.054363
Arithmetic 32,10000,3712,0.055224
Arithmetic 32,10000,3713,0.053809
Arithmetic 32,10000,3714,0.054468
Arithmetic 32,10000,3715,0.054997
Arithmetic 32,10000,3716,0.052357
Arithmetic 32,10000,3717,0.053753
Arithmetic 32,10000,3718,0.055193
Arithmetic 32,10000,3719,0.05397
Arithmetic 32,10000,3720,0.053538
Arithmetic 32,10000,3721,0.053305
Arithmetic 32,10000,3722,0.054036
Arithmetic 32,10000,3723,0.053243
Arithmetic 32,10000,3724,0.052911
Arithmetic 32,10000,3725,0.053225
Arithmetic 32,10000,3726,0.052769
Arithmetic 32,10000,3727,0.053569
Arithmetic 32,10000,3728,0.054215
Arithmetic 32,10000,3729,0.054455
Arithmetic 32,10000,3730,0.053582
Arithmetic 32,10000,3731,0.053821
Arithmetic 32,10000,3732,0.054474
Arithmetic 32,10000,3733,0.05453
Arithmetic 32,10000,3734,0.053477
Arithmetic 32,10000,3735,0.053157
Arithmetic 32,10000,3736,0.05357
Arithmetic 32,10000,3737,0.054658
Arithmetic 32,10000,3738,0.055544
Arithmetic 32,10000,3739,0.054443
Arithmetic 32,10000,3740,0.054732
Arithmetic 32,10000,3741,0.054443
Arithmetic 32,10000,3742,0.053932
Arithmetic 32,10000,3743,0.054621
Arithmetic 32,10000,3744,0.053544
Arithmetic 32,10000,3745,0.054154
Arithmetic 32,10000,3746,0.053545
Arithmetic 32,10000,3747,0.052911
Arithmetic 32,10000,3748,0.054068
Arithmetic 32,10000,3749,0.053385
Arithmetic 32,10000,3750,0.053206
Arithmetic 32,10000,3751,0.053692
Arithmetic 32,10000,3752,0.054031
Arithmetic 32,10000,3753,0.054296
Arithmetic 32,10000,3754,0.054253
Arithmetic 32,10000,3755,0.053489
Arithmetic 32,10000,3756,0.053797
Arithmetic 32,10000,3757,0.054018
Arithmetic 32,10000,3758,0.054419
Arithmetic 32,10000,3759,0.05376
Arithmetic 32,10000,3760,0.054228
Arithmetic 32,10000,3761,0.054954
Arithmetic 32,10000,3762,0.052935
Arithmetic 32,10000,3763,0.054061
Arithmetic 32,10000,3764,0.054092
Arithmetic 32,10000,3765,0.053809
Arithmetic 32,10000,3766,0.054129
Arithmetic 32,10000,3767,0.053323
Arithmetic 32,10000,3768,0.053895
Arithmetic 32,10000,3769,0.053582
Arithmetic 32,10000,3770,0.052856
Arithmetic 32,10000,3771,0.054136
Arithmetic 32,10000,3772,0.053237
Arithmetic 32,10000,3773,0.054099
Arithmetic 32,10000,3774,0.053662
Arithmetic 32,10000,3775,0.054092
Arithmetic 32,10000,3776,0.053514
Arithmetic 32,10000,3777,0.053649
Arithmetic 32,10000,3778,0.054338
Arithmetic 32,10000,3779,0.054911
Arithmetic 32,10000,3780,0.053563
Arithmetic 32,10000,3781,0.053773
Arithmetic 32,10000,3782,0.053416
Arithmetic 32,10000,3783,0.054007
Arithmetic 32,10000,3784,0.053021
Arithmetic 32,10000,3785,0.053766
Arithmetic 32,10000,3786,0.052978
Arithmetic 32,10000,3787,0.053545
Arithmetic 32,10000,3788,0.054024
Arithmetic 32,10000,3789,0.053853
Arithmetic 32,10000,3790,0.053477
Arithmetic 32,10000,3791,0.054535
Arithmetic 32,10000,3792,0.05392
Arithmetic 32,10000,3793,0.053551
Arithmetic 32,10000,3794,0.053607
Arithmetic 32,10000,3795,0.053748
Arithmetic 32,10000,3796,0.053459
Arithmetic 32,10000,3797,0.053551
Arithmetic 32,10000,3798,0.054647
Arithmetic 32,10000,3799,0.054473
Arithmetic 32,10000,3800,0.053336
Arithmetic 32,10000,3801,0.053631
Arithmetic 32,10000,3802,0.054
Arithmetic 32,10000,3803,0.054055
Arithmetic 32,10000,3804,0.052849
Arithmetic 32,10000,3805,0.053526
Arithmetic 32,10000,3806,0.053735
Arithmetic 32,10000,3807,0.052874
Arithmetic 32,10000,3808,0.053902
Arithmetic 32,10000,3809,0.054825
Arithmetic 32,10000,3810,0.054098
Arithmetic 32,10000,3811,0.053631
Arithmetic 32,10000,3812,0.052603
Arithmetic 32,10000,3813,0.053175
Arithmetic 32,10000,3814,0.053255
Arithmetic 32,10000,3815,0.05371
Arithmetic 32,10000,3816,0.053483
Arithmetic 32,10000,3817,0.054524
Arithmetic 32,10000,3818,0.053304
Arithmetic 32,10000,3819,0.053994
Arithmetic 32,10000,3820,0.052696
Arithmetic 32,10000,3821,0.055212
Arithmetic 32,10000,3822,0.053951
Arithmetic 32,10000,3823,0.054425
Arithmetic 32,10000,3824,0.054024
Arithmetic 32,10000,3825,0.053809
Arithmetic 32,10000,3826,0.054007
Arithmetic 32,10000,3827,0.0536
Arithmetic 32,10000,3828,0.053779
Arithmetic 32,10000,3829,0.054326
Arithmetic 32,10000,3830,0.053828
Arithmetic 32,10000,3831,0.053932
Arithmetic 32,10000,3832,0.053865
Arithmetic 32,10000,3833,0.053938
Arithmetic 32,10000,3834,0.054419
Arithmetic 32,10000,3835,0.054726
Arithmetic 32,10000,3836,0.053686
Arithmetic 32,10000,3837,0.054006
Arithmetic 32,10000,3838,0.053354
Arithmetic 32,10000,3839,0.054006
Arithmetic 32,10000,3840,0.054443
Arithmetic 32,10000,3841,0.054037
Arithmetic 32,10000,3842,0.05384
Arithmetic 32,10000,3843,0.052535
Arithmetic 32,10000,3844,0.053427
Arithmetic 32,10000,3845,0.055539
Arithmetic 32,10000,3846,0.053889
Arithmetic 32,10000,3847,0.054307
Arithmetic 32,10000,3848,0.054535
Arithmetic 32,10000,3849,0.053581
Arithmetic 32,10000,3850,0.053181
Arithmetic 32,10000,3851,0.054978
Arithmetic 32,10000,3852,0.053607
Arithmetic 32,10000,3853,0.055206
Arithmetic 32,10000,3854,0.053662
Arithmetic 32,10000,3855,0.05344
Arithmetic 32,10000,3856,0.054591
Arithmetic 32,10000,3857,0.054708
Arithmetic 32,10000,3858,0.054394
Arithmetic 32,10000,3859,0.054259
Arithmetic 32,10000,3860,0.055064
Arithmetic 32,10000,3861,0.053526
Arithmetic 32,10000,3862,0.054604
Arithmetic 32,10000,3863,0.055188
Arithmetic 32,10000,3864,0.054776
Arithmetic 32,10000,3865,0.054886
Arithmetic 32,10000,3866,0.055342
Arithmetic 32,10000,3867,0.054043
Arithmetic 32,10000,3868,0.053151
Arithmetic 32,10000,3869,0.054407
Arithmetic 32,10000,3870,0.053704
Arithmetic 32,10000,3871,0.054043
Arithmetic 32,10000,3872,0.053693
Arithmetic 32,10000,3873,0.053982
Arithmetic 32,10000,3874,0.053366
Arithmetic 32,10000,3875,0.054615
Arithmetic 32,10000,3876,0.053637
Arithmetic 32,10000,3877,0.053464
Arithmetic 32,10000,3878,0.053231
Arithmetic 32,10000,3879,0.053723
Arithmetic 32,10000,3880,0.053477
Arithmetic 32,10000,3881,0.054123
Arithmetic 32,10000,3882,0.054363
Arithmetic 32,10000,3883,0.053126
Arithmetic 32,10000,3884,0.052745
Arithmetic 32,10000,3885,0.053594
Arithmetic 32,10000,3886,0.053501
Arithmetic 32,10000,3887,0.054745
Arithmetic 32,10000,3888,0.053735
Arithmetic 32,10000,3889,0.053951
Arithmetic 32,10000,3890,0.054111
Arithmetic 32,10000,3891,0.053877
Arithmetic 32,10000,3892,0.054234
Arithmetic 32,10000,3893,0.054584
Arithmetic 32,10000,3894,0.05373
Arithmetic 32,10000,3895,0.053022
Arithmetic 32,10000,3896,0.053649
Arithmetic 32,10000,3897,0.054296
Arithmetic 32,10000,3898,0.054578
Arithmetic 32,10000,3899,0.05277
Arithmetic 32,10000,3900,0.053803
Arithmetic 32,10000,3901,0.053421
Arithmetic 32,10000,3902,0.053366
Arithmetic 32,10000,3903,0.05464
Arithmetic 32,10000,3904,0.053741
Arithmetic 32,10000,3905,0.05312
Arithmetic 32,10000,3906,0.053785
Arithmetic 32,10000,3907,0.053588
Arithmetic 32,10000,3908,0.053594
Arithmetic 32,10000,3909,0.053341
Arithmetic 32,10000,3910,0.053348
Arithmetic 32,10000,3911,0.054147
Arithmetic 32,10000,3912,0.053735
Arithmetic 32,10000,3913,0.05293
Arithmetic 32,10000,3914,0.053748
Arithmetic 32,10000,3915,0.054609
Arithmetic 32,10000,3916,0.053668
Arithmetic 32,10000,3917,0.053772
Arithmetic 32,10000,3918,0.054295
Arithmetic 32,10000,3919,0.05355
Arithmetic 32,10000,3920,0.053606
Arithmetic 32,10000,3921,0.05408
Arithmetic 32,10000,3922,0.053871
Arithmetic 32,10000,3923,0.054363
Arithmetic 32,10000,3924,0.053114
Arithmetic 32,10000,3925,0.054671
Arithmetic 32,10000,3926,0.053834
Arithmetic 32,10000,3927,0.053858
Arithmetic 32,10000,3928,0.054369
Arithmetic 32,10000,3929,0.053477
Arithmetic 32,10000,3930,0.052886
Arithmetic 32,10000,3931,0.053539
Arithmetic 32,10000,3932,0.053151
Arithmetic 32,10000,3933,0.05416
Arithmetic 32,10000,3934,0.054652
Arithmetic 32,10000,3935,0.05416
Arithmetic 32,10000,3936,0.052818
Arithmetic 32,10000,3937,0.054905
Arithmetic 32,10000,3938,0.053526
Arithmetic 32,10000,3939,0.05392
Arithmetic 32,10000,3940,0.053163
Arithmetic 32,10000,3941,0.053735
Arithmetic 32,10000,3942,0.053064
Arithmetic 32,10000,3943,0.05408
Arithmetic 32,10000,3944,0.05397
Arithmetic 32,10000,3945,0.053975
Arithmetic 32,10000,3946,0.053354
Arithmetic 32,10000,3947,0.054086
Arithmetic 32,10000,3948,0.053428
Arithmetic 32,10000,3949,0.055748
Arithmetic 32,10000,3950,0.053311
Arithmetic 32,10000,3951,0.05432
Arithmetic 32,10000,3952,0.054012
Arithmetic 32,10000,3953,0.053446
Arithmetic 32,10000,3954,0.053403
Arithmetic 32,10000,3955,0.052991
Arithmetic 32,10000,3956,0.053496
Arithmetic 32,10000,3957,0.053864
Arithmetic 32,10000,3958,0.053815
Arithmetic 32,10000,3959,0.054455
Arithmetic 32,10000,3960,0.053194
Arithmetic 32,10000,3961,0.054283
Arithmetic 32,10000,3962,0.054474
Arithmetic 32,10000,3963,0.054025
Arithmetic 32,10000,3964,0.053938
Arithmetic 32,10000,3965,0.054332
Arithmetic 32,10000,3966,0.054246
Arithmetic 32,10000,3967,0.053348
Arithmetic 32,10000,3968,0.053052
Arithmetic 32,10000,3969,0.055126
Arithmetic 32,10000,3970,0.054578
Arithmetic 32,10000,3971,0.05432
Arithmetic 32,10000,3972,0.054221
Arithmetic 32,10000,3973,0.053089
Arithmetic 32,10000,3974,0.053095
Arithmetic 32,10000,3975,0.053532
Arithmetic 32,10000,3976,0.054012
Arithmetic 32,10000,3977,0.053273
Arithmetic 32,10000,3978,0.053003
Arithmetic 32,10000,3979,0.053858
Arithmetic 32,10000,3980,0.0548
Arithmetic 32,10000,3981,0.05336
Arithmetic 32,10000,3982,0.052437
Arithmetic 32,10000,3983,0.055631
Arithmetic 32,10000,3984,0.053877
Arithmetic 32,10000,3985,0.054541
Arithmetic 32,10000,3986,0.054037
Arithmetic 32,10000,3987,0.052141
Arithmetic 32,10000,3988,0.054068
Arithmetic 32,10000,3989,0.053422
Arithmetic 32,10000,3990,0.053606
Arithmetic 32,10000,3991,0.05501
Arithmetic 32,10000,3992,0.055342
Arithmetic 32,10000,3993,0.054289
Arithmetic 32,10000,3994,0.054615
Arithmetic 32,10000,3995,0.054209
Arithmetic 32,10000,3996,0.053132
Arithmetic 32,10000,3997,0.054548
Arithmetic 32,10000,3998,0.054492
Arithmetic 32,10000,3999,0.05456
Arithmetic 32,10000,4000,0.053489
Arithmetic 32,10000,4001,0.059324
Arithmetic 32,10000,4002,0.055526
Arithmetic 32,10000,4003,0.054819
Arithmetic 32,10000,4004,0.055514
Arithmetic 32,10000,4005,0.055089
Arithmetic 32,10000,4006,0.054203
Arithmetic 32,10000,4007,0.054585
Arithmetic 32,10000,4008,0.05408
Arithmetic 32,10000,4009,0.053489
Arithmetic 32,10000,4010,0.053686
Arithmetic 32,10000,4011,0.054462
Arithmetic 32,10000,4012,0.054597
Arithmetic 32,10000,4013,0.055071
Arithmetic 32,10000,4014,0.053853
Arithmetic 32,10000,4015,0.054486
Arithmetic 32,10000,4016,0.053083
Arithmetic 32,10000,4017,0.054345
Arithmetic 32,10000,4018,0.053348
Arithmetic 32,10000,4019,0.053582
Arithmetic 32,10000,4020,0.053175
Arithmetic 32,10000,4021,0.054252
Arithmetic 32,10000,4022,0.055046
Arithmetic 32,10000,4023,0.054424
Arithmetic 32,10000,4024,0.053028
Arithmetic 32,10000,4025,0.054209
Arithmetic 32,10000,4026,0.053932
Arithmetic 32,10000,4027,0.053902
Arithmetic 32,10000,4028,0.053994
Arithmetic 32,10000,4029,0.054997
Arithmetic 32,10000,4030,0.054025
Arithmetic 32,10000,4031,0.055957
Arithmetic 32,10000,4032,0.055101
Arithmetic 32,10000,4033,0.054578
Arithmetic 32,10000,4034,0.054621
Arithmetic 32,10000,4035,0.05323
Arithmetic 32,10000,4036,0.053458
Arithmetic 32,10000,4037,0.054818
Arithmetic 32,10000,4038,0.054098
Arithmetic 32,10000,4039,0.054671
Arithmetic 32,10000,4040,0.058289
Arithmetic 32,10000,4041,0.054572
Arithmetic 32,10000,4042,0.054209
Arithmetic 32,10000,4043,0.053766
Arithmetic 32,10000,4044,0.054628
Arithmetic 32,10000,4045,0.054904
Arithmetic 32,10000,4046,0.053593
Arithmetic 32,10000,4047,0.053551
Arithmetic 32,10000,4048,0.054456
Arithmetic 32,10000,4049,0.055822
Arithmetic 32,10000,4050,0.053969
Arithmetic 32,10000,4051,0.054628
Arithmetic 32,10000,4052,0.054542
Arithmetic 32,10000,4053,0.054511
Arithmetic 32,10000,4054,0.053083
Arithmetic 32,10000,4055,0.054203
Arithmetic 32,10000,4056,0.054308
Arithmetic 32,10000,4057,0.054308
Arithmetic 32,10000,4058,0.056135
Arithmetic 32,10000,4059,0.054055
Arithmetic 32,10000,4060,0.054037
Arithmetic 32,10000,4061,0.054633
Arithmetic 32,10000,4062,0.055471
Arithmetic 32,10000,4063,0.054548
Arithmetic 32,10000,4064,0.055244
Arithmetic 32,10000,4065,0.054302
Arithmetic 32,10000,4066,0.053865
Arithmetic 32,10000,4067,0.054775
Arithmetic 32,10000,4068,0.053655
Arithmetic 32,10000,4069,0.054111
Arithmetic 32,10000,4070,0.054271
Arithmetic 32,10000,4071,0.055046
Arithmetic 32,10000,4072,0.054923
Arithmetic 32,10000,4073,0.054597
Arithmetic 32,10000,4074,0.054843
Arithmetic 32,10000,4075,0.054794
Arithmetic 32,10000,4076,0.054154
Arithmetic 32,10000,4077,0.054689
Arithmetic 32,10000,4078,0.054455
Arithmetic 32,10000,4079,0.054363
Arithmetic 32,10000,4080,0.054936
Arithmetic 32,10000,4081,0.055102
Arithmetic 32,10000,4082,0.05373
Arithmetic 32,10000,4083,0.053224
Arithmetic 32,10000,4084,0.05392
Arithmetic 32,10000,4085,0.053705
Arithmetic 32,10000,4086,0.054652
Arithmetic 32,10000,4087,0.054461
Arithmetic 32,10000,4088,0.055052
Arithmetic 32,10000,4089,0.053667
Arithmetic 32,10000,4090,0.053753
Arithmetic 32,10000,4091,0.053231
Arithmetic 32,10000,4092,0.053551
Arithmetic 32,10000,4093,0.054098
Arithmetic 32,10000,4094,0.054351
Arithmetic 32,10000,4095,0.053397
Arithmetic 32,10000,4096,0.053982
Arithmetic 32,10000,4097,0.053674
Arithmetic 32,10000,4098,0.05424
Arithmetic 32,10000,4099,0.054523
Arithmetic 32,10000,4100,0.053723
Arithmetic 32,10000,4101,0.054474
Arithmetic 32,10000,4102,0.053994
Arithmetic 32,10000,4103,0.05464
Arithmetic 32,10000,4104,0.054437
Arithmetic 32,10000,4105,0.05416
Arithmetic 32,10000,4106,0.054751
Arithmetic 32,10000,4107,0.054548
Arithmetic 32,10000,4108,0.053613
Arithmetic 32,10000,4109,0.05421
Arithmetic 32,10000,4110,0.053976
Arithmetic 32,10000,4111,0.053729
Arithmetic 32,10000,4112,0.054794
Arithmetic 32,10000,4113,0.055317
Arithmetic 32,10000,4114,0.053957
Arithmetic 32,10000,4115,0.05472
Arithmetic 32,10000,4116,0.055237
Arithmetic 32,10000,4117,0.056037
Arithmetic 32,10000,4118,0.05504
Arithmetic 32,10000,4119,0.055071
Arithmetic 32,10000,4120,0.101151
Arithmetic 32,10000,4121,0.05536
Arithmetic 32,10000,4122,0.05499
Arithmetic 32,10000,4123,0.055188
Arithmetic 32,10000,4124,0.054338
Arithmetic 32,10000,4125,0.054585
Arithmetic 32,10000,4126,0.053699
Arithmetic 32,10000,4127,0.053963
Arithmetic 32,10000,4128,0.054689
Arithmetic 32,10000,4129,0.056104
Arithmetic 32,10000,4130,0.054265
Arithmetic 32,10000,4131,0.054394
Arithmetic 32,10000,4132,0.054375
Arithmetic 32,10000,4133,0.056036
Arithmetic 32,10000,4134,0.054252
Arithmetic 32,10000,4135,0.054492
Arithmetic 32,10000,4136,0.053182
Arithmetic 32,10000,4137,0.054727
Arithmetic 32,10000,4138,0.054222
Arithmetic 32,10000,4139,0.053735
Arithmetic 32,10000,4140,0.054382
Arithmetic 32,10000,4141,0.054308
Arithmetic 32,10000,4142,0.054338
Arithmetic 32,10000,4143,0.053779
Arithmetic 32,10000,4144,0.053323
Arithmetic 32,10000,4145,0.054338
Arithmetic 32,10000,4146,0.053655
Arithmetic 32,10000,4147,0.054954
Arithmetic 32,10000,4148,0.05464
Arithmetic 32,10000,4149,0.053871
Arithmetic 32,10000,4150,0.054296
Arithmetic 32,10000,4151,0.054603
Arithmetic 32,10000,4152,0.054283
Arithmetic 32,10000,4153,0.054369
Arithmetic 32,10000,4154,0.055821
Arithmetic 32,10000,4155,0.054468
Arithmetic 32,10000,4156,0.054308
Arithmetic 32,10000,4157,0.055218
Arithmetic 32,10000,4158,0.054031
Arithmetic 32,10000,4159,0.054012
Arithmetic 32,10000,4160,0.054818
Arithmetic 32,10000,4161,0.053342
Arithmetic 32,10000,4162,0.054215
Arithmetic 32,10000,4163,0.054837
Arithmetic 32,10000,4164,0.054978
Arithmetic 32,10000,4165,0.055391
Arithmetic 32,10000,4166,0.05347
Arithmetic 32,10000,4167,0.054308
Arithmetic 32,10000,4168,0.054813
Arithmetic 32,10000,4169,0.054007
Arithmetic 32,10000,4170,0.054733
Arithmetic 32,10000,4171,0.054049
Arithmetic 32,10000,4172,0.054344
Arithmetic 32,10000,4173,0.054338
Arithmetic 32,10000,4174,0.055249
Arithmetic 32,10000,4175,0.05488
Arithmetic 32,10000,4176,0.054474
Arithmetic 32,10000,4177,0.054418
Arithmetic 32,10000,4178,0.054646
Arithmetic 32,10000,4179,0.05528
Arithmetic 32,10000,4180,0.05576
Arithmetic 32,10000,4181,0.059317
Arithmetic 32,10000,4182,0.055458
Arithmetic 32,10000,4183,0.066634
Arithmetic 32,10000,4184,0.068788
Arithmetic 32,10000,4185,0.063483
Arithmetic 32,10000,4186,0.063378
Arithmetic 32,10000,4187,0.061901
Arithmetic 32,10000,4188,0.065193
Arithmetic 32,10000,4189,0.059606
Arithmetic 32,10000,4190,0.056523
Arithmetic 32,10000,4191,0.054363
Arithmetic 32,10000,4192,0.056695
Arithmetic 32,10000,4193,0.054818
Arithmetic 32,10000,4194,0.054467
Arithmetic 32,10000,4195,0.054129
Arithmetic 32,10000,4196,0.053889
Arithmetic 32,10000,4197,0.055311
Arithmetic 32,10000,4198,0.054406
Arithmetic 32,10000,4199,0.054123
Arithmetic 32,10000,4200,0.054738
Arithmetic 32,10000,4201,0.056184
Arithmetic 32,10000,4202,0.054062
Arithmetic 32,10000,4203,0.054781
Arithmetic 32,10000,4204,0.054289
Arithmetic 32,10000,4205,0.054622
Arithmetic 32,10000,4206,0.053649
Arithmetic 32,10000,4207,0.054376
Arithmetic 32,10000,4208,0.054147
Arithmetic 32,10000,4209,0.053932
Arithmetic 32,10000,4210,0.054511
Arithmetic 32,10000,4211,0.053458
Arithmetic 32,10000,4212,0.054757
Arithmetic 32,10000,4213,0.055071
Arithmetic 32,10000,4214,0.05389
Arithmetic 32,10000,4215,0.053194
Arithmetic 32,10000,4216,0.054787
Arithmetic 32,10000,4217,0.054757
Arithmetic 32,10000,4218,0.05424
Arithmetic 32,10000,4219,0.053532
Arithmetic 32,10000,4220,0.053692
Arithmetic 32,10000,4221,0.05264
Arithmetic 32,10000,4222,0.053397
Arithmetic 32,10000,4223,0.053464
Arithmetic 32,10000,4224,0.054289
Arithmetic 32,10000,4225,0.05531
Arithmetic 32,10000,4226,0.055292
Arithmetic 32,10000,4227,0.055667
Arithmetic 32,10000,4228,0.055643
Arithmetic 32,10000,4229,0.055729
Arithmetic 32,10000,4230,0.055286
Arithmetic 32,10000,4231,0.053883
Arithmetic 32,10000,4232,0.054302
Arithmetic 32,10000,4233,0.053662
Arithmetic 32,10000,4234,0.053865
Arithmetic 32,10000,4235,0.053446
Arithmetic 32,10000,4236,0.055255
Arithmetic 32,10000,4237,0.054936
Arithmetic 32,10000,4238,0.054037
Arithmetic 32,10000,4239,0.053846
Arithmetic 32,10000,4240,0.054523
Arithmetic 32,10000,4241,0.055102
Arithmetic 32,10000,4242,0.054277
Arithmetic 32,10000,4243,0.054763
Arithmetic 32,10000,4244,0.053821
Arithmetic 32,10000,4245,0.055791
Arithmetic 32,10000,4246,0.055945
Arithmetic 32,10000,4247,0.054671
Arithmetic 32,10000,4248,0.055662
Arithmetic 32,10000,4249,0.05328
Arithmetic 32,10000,4250,0.054387
Arithmetic 32,10000,4251,0.054024
Arithmetic 32,10000,4252,0.054597
Arithmetic 32,10000,4253,0.054923
Arithmetic 32,10000,4254,0.054966
Arithmetic 32,10000,4255,0.054665
Arithmetic 32,10000,4256,0.053735
Arithmetic 32,10000,4257,0.053501
Arithmetic 32,10000,4258,0.053692
Arithmetic 32,10000,4259,0.054092
Arithmetic 32,10000,4260,0.054547
Arithmetic 32,10000,4261,0.053427
Arithmetic 32,10000,4262,0.054701
Arithmetic 32,10000,4263,0.055046
Arithmetic 32,10000,4264,0.054105
Arithmetic 32,10000,4265,0.054917
Arithmetic 32,10000,4266,0.053927
Arithmetic 32,10000,4267,0.053378
Arithmetic 32,10000,4268,0.053981
Arithmetic 32,10000,4269,0.05365
Arithmetic 32,10000,4270,0.054172
Arithmetic 32,10000,4271,0.053169
Arithmetic 32,10000,4272,0.054455
Arithmetic 32,10000,4273,0.053144
Arithmetic 32,10000,4274,0.053901
Arithmetic 32,10000,4275,0.053754
Arithmetic 32,10000,4276,0.054431
Arithmetic 32,10000,4277,0.054086
Arithmetic 32,10000,4278,0.053742
Arithmetic 32,10000,4279,0.053539
Arithmetic 32,10000,4280,0.0544
Arithmetic 32,10000,4281,0.05472
Arithmetic 32,10000,4282,0.054326
Arithmetic 32,10000,4283,0.053293
Arithmetic 32,10000,4284,0.054055
Arithmetic 32,10000,4285,0.055532
Arithmetic 32,10000,4286,0.053902
Arithmetic 32,10000,4287,0.05501
Arithmetic 32,10000,4288,0.054105
Arithmetic 32,10000,4289,0.053224
Arithmetic 32,10000,4290,0.054523
Arithmetic 32,10000,4291,0.053864
Arithmetic 32,10000,4292,0.053944
Arithmetic 32,10000,4293,0.054406
Arithmetic 32,10000,4294,0.053403
Arithmetic 32,10000,4295,0.053348
Arithmetic 32,10000,4296,0.053311
Arithmetic 32,10000,4297,0.053778
Arithmetic 32,10000,4298,0.053582
Arithmetic 32,10000,4299,0.053932
Arithmetic 32,10000,4300,0.054517
Arithmetic 32,10000,4301,0.053945
Arithmetic 32,10000,4302,0.054824
Arithmetic 32,10000,4303,0.05408
Arithmetic 32,10000,4304,0.053465
Arithmetic 32,10000,4305,0.053717
Arithmetic 32,10000,4306,0.053354
Arithmetic 32,10000,4307,0.054093
Arithmetic 32,10000,4308,0.053114
Arithmetic 32,10000,4309,0.053902
Arithmetic 32,10000,4310,0.054382
Arithmetic 32,10000,4311,0.053255
Arithmetic 32,10000,4312,0.053797
Arithmetic 32,10000,4313,0.054184
Arithmetic 32,10000,4314,0.054529
Arithmetic 32,10000,4315,0.053803
Arithmetic 32,10000,4316,0.054394
Arithmetic 32,10000,4317,0.054474
Arithmetic 32,10000,4318,0.054111
Arithmetic 32,10000,4319,0.054252
Arithmetic 32,10000,4320,0.054406
Arithmetic 32,10000,4321,0.054104
Arithmetic 32,10000,4322,0.053754
Arithmetic 32,10000,4323,0.053643
Arithmetic 32,10000,4324,0.054387
Arithmetic 32,10000,4325,0.052979
Arithmetic 32,10000,4326,0.054732
Arithmetic 32,10000,4327,0.053538
Arithmetic 32,10000,4328,0.053274
Arithmetic 32,10000,4329,0.054573
Arithmetic 32,10000,4330,0.054339
Arithmetic 32,10000,4331,0.05403
Arithmetic 32,10000,4332,0.053945
Arithmetic 32,10000,4333,0.053188
Arithmetic 32,10000,4334,0.05392
Arithmetic 32,10000,4335,0.05464
Arithmetic 32,10000,4336,0.054597
Arithmetic 32,10000,4337,0.053865
Arithmetic 32,10000,4338,0.052991
Arithmetic 32,10000,4339,0.053502
Arithmetic 32,10000,4340,0.05363
Arithmetic 32,10000,4341,0.053273
Arithmetic 32,10000,4342,0.053304
Arithmetic 32,10000,4343,0.053827
Arithmetic 32,10000,4344,0.055021
Arithmetic 32,10000,4345,0.053477
Arithmetic 32,10000,4346,0.053914
Arithmetic 32,10000,4347,0.053311
Arithmetic 32,10000,4348,0.053956
Arithmetic 32,10000,4349,0.054307
Arithmetic 32,10000,4350,0.054006
Arithmetic 32,10000,4351,0.053667
Arithmetic 32,10000,4352,0.053933
Arithmetic 32,10000,4353,0.054874
Arithmetic 32,10000,4354,0.054123
Arithmetic 32,10000,4355,0.054012
Arithmetic 32,10000,4356,0.054061
Arithmetic 32,10000,4357,0.053563
Arithmetic 32,10000,4358,0.054406
Arithmetic 32,10000,4359,0.053243
Arithmetic 32,10000,4360,0.054203
Arithmetic 32,10000,4361,0.054253
Arithmetic 32,10000,4362,0.055649
Arithmetic 32,10000,4363,0.05456
Arithmetic 32,10000,4364,0.053932
Arithmetic 32,10000,4365,0.053188
Arithmetic 32,10000,4366,0.053656
Arithmetic 32,10000,4367,0.054012
Arithmetic 32,10000,4368,0.054197
Arithmetic 32,10000,4369,0.053907
Arithmetic 32,10000,4370,0.053508
Arithmetic 32,10000,4371,0.055908
Arithmetic 32,10000,4372,0.055347
Arithmetic 32,10000,4373,0.053926
Arithmetic 32,10000,4374,0.054578
Arithmetic 32,10000,4375,0.054117
Arithmetic 32,10000,4376,0.054529
Arithmetic 32,10000,4377,0.052874
Arithmetic 32,10000,4378,0.054216
Arithmetic 32,10000,4379,0.054061
Arithmetic 32,10000,4380,0.054597
Arithmetic 32,10000,4381,0.053507
Arithmetic 32,10000,4382,0.054572
Arithmetic 32,10000,4383,0.054738
Arithmetic 32,10000,4384,0.053471
Arithmetic 32,10000,4385,0.053791
Arithmetic 32,10000,4386,0.053908
Arithmetic 32,10000,4387,0.053711
Arithmetic 32,10000,4388,0.053089
Arithmetic 32,10000,4389,0.054093
Arithmetic 32,10000,4390,0.054504
Arithmetic 32,10000,4391,0.054227
Arithmetic 32,10000,4392,0.054406
Arithmetic 32,10000,4393,0.053649
Arithmetic 32,10000,4394,0.054006
Arithmetic 32,10000,4395,0.053526
Arithmetic 32,10000,4396,0.054234
Arithmetic 32,10000,4397,0.054357
Arithmetic 32,10000,4398,0.054825
Arithmetic 32,10000,4399,0.054505
Arithmetic 32,10000,4400,0.053711
Arithmetic 32,10000,4401,0.053883
Arithmetic 32,10000,4402,0.053354
Arithmetic 32,10000,4403,0.055107
Arithmetic 32,10000,4404,0.054253
Arithmetic 32,10000,4405,0.053717
Arithmetic 32,10000,4406,0.085753
Arithmetic 32,10000,4407,0.055058
Arithmetic 32,10000,4408,0.05456
Arithmetic 32,10000,4409,0.053022
Arithmetic 32,10000,4410,0.053933
Arithmetic 32,10000,4411,0.054511
Arithmetic 32,10000,4412,0.054542
Arithmetic 32,10000,4413,0.053908
Arithmetic 32,10000,4414,0.053502
Arithmetic 32,10000,4415,0.0636
Arithmetic 32,10000,4416,0.053821
Arithmetic 32,10000,4417,0.05376
Arithmetic 32,10000,4418,0.053508
Arithmetic 32,10000,4419,0.053243
Arithmetic 32,10000,4420,0.053779
Arithmetic 32,10000,4421,0.054345
Arithmetic 32,10000,4422,0.053415
Arithmetic 32,10000,4423,0.053982
Arithmetic 32,10000,4424,0.055895
Arithmetic 32,10000,4425,0.054468
Arithmetic 32,10000,4426,0.053434
Arithmetic 32,10000,4427,0.053286
Arithmetic 32,10000,4428,0.05272
Arithmetic 32,10000,4429,0.052923
Arithmetic 32,10000,4430,0.053649
Arithmetic 32,10000,4431,0.053526
Arithmetic 32,10000,4432,0.054646
Arithmetic 32,10000,4433,0.056129
Arithmetic 32,10000,4434,0.054271
Arithmetic 32,10000,4435,0.052695
Arithmetic 32,10000,4436,0.054296
Arithmetic 32,10000,4437,0.054184
Arithmetic 32,10000,4438,0.053988
Arithmetic 32,10000,4439,0.053613
Arithmetic 32,10000,4440,0.054536
Arithmetic 32,10000,4441,0.054536
Arithmetic 32,10000,4442,0.054037
Arithmetic 32,10000,4443,0.05419
Arithmetic 32,10000,4444,0.054923
Arithmetic 32,10000,4445,0.053582
Arithmetic 32,10000,4446,0.053643
Arithmetic 32,10000,4447,0.054622
Arithmetic 32,10000,4448,0.053508
Arithmetic 32,10000,4449,0.053668
Arithmetic 32,10000,4450,0.053883
Arithmetic 32,10000,4451,0.055256
Arithmetic 32,10000,4452,0.054393
Arithmetic 32,10000,4453,0.054351
Arithmetic 32,10000,4454,0.053895
Arithmetic 32,10000,4455,0.05408
Arithmetic 32,10000,4456,0.054807
Arithmetic 32,10000,4457,0.053914
Arithmetic 32,10000,4458,0.054541
Arithmetic 32,10000,4459,0.053501
Arithmetic 32,10000,4460,0.053249
Arithmetic 32,10000,4461,0.053982
Arithmetic 32,10000,4462,0.053994
Arithmetic 32,10000,4463,0.052966
Arithmetic 32,10000,4464,0.053163
Arithmetic 32,10000,4465,0.053483
Arithmetic 32,10000,4466,0.054733
Arithmetic 32,10000,4467,0.05304
Arithmetic 32,10000,4468,0.053194
Arithmetic 32,10000,4469,0.05509
Arithmetic 32,10000,4470,0.053453
Arithmetic 32,10000,4471,0.053594
Arithmetic 32,10000,4472,0.054228
Arithmetic 32,10000,4473,0.053741
Arithmetic 32,10000,4474,0.054006
Arithmetic 32,10000,4475,0.05408
Arithmetic 32,10000,4476,0.054806
Arithmetic 32,10000,4477,0.054327
Arithmetic 32,10000,4478,0.053871
Arithmetic 32,10000,4479,0.054634
Arithmetic 32,10000,4480,0.054369
Arithmetic 32,10000,4481,0.054867
Arithmetic 32,10000,4482,0.053939
Arithmetic 32,10000,4483,0.053594
Arithmetic 32,10000,4484,0.054671
Arithmetic 32,10000,4485,0.052904
Arithmetic 32,10000,4486,0.054449
Arithmetic 32,10000,4487,0.054062
Arithmetic 32,10000,4488,0.053631
Arithmetic 32,10000,4489,0.055607
Arithmetic 32,10000,4490,0.055459
Arithmetic 32,10000,4491,0.054763
Arithmetic 32,10000,4492,0.053237
Arithmetic 32,10000,4493,0.053748
Arithmetic 32,10000,4494,0.054
Arithmetic 32,10000,4495,0.053902
Arithmetic 32,10000,4496,0.054037
Arithmetic 32,10000,4497,0.053944
Arithmetic 32,10000,4498,0.054283
Arithmetic 32,10000,4499,0.054437
Arithmetic 32,10000,4500,0.055188
Arithmetic 32,10000,4501,0.054806
Arithmetic 32,10000,4502,0.054764
Arithmetic 32,10000,4503,0.053452
Arithmetic 32,10000,4504,0.054449
Arithmetic 32,10000,4505,0.054166
Arithmetic 32,10000,4506,0.05421
Arithmetic 32,10000,4507,0.053668
Arithmetic 32,10000,4508,0.053514
Arithmetic 32,10000,4509,0.052615
Arithmetic 32,10000,4510,0.05344
Arithmetic 32,10000,4511,0.054055
Arithmetic 32,10000,4512,0.053784
Arithmetic 32,10000,4513,0.054412
Arithmetic 32,10000,4514,0.055237
Arithmetic 32,10000,4515,0.053741
Arithmetic 32,10000,4516,0.054455
Arithmetic 32,10000,4517,0.054579
Arithmetic 32,10000,4518,0.054123
Arithmetic 32,10000,4519,0.053674
Arithmetic 32,10000,4520,0.05427
Arithmetic 32,10000,4521,0.052492
Arithmetic 32,10000,4522,0.054418
Arithmetic 32,10000,4523,0.054874
Arithmetic 32,10000,4524,0.054222
Arithmetic 32,10000,4525,0.054018
Arithmetic 32,10000,4526,0.054172
Arithmetic 32,10000,4527,0.053594
Arithmetic 32,10000,4528,0.054394
Arithmetic 32,10000,4529,0.054061
Arithmetic 32,10000,4530,0.054357
Arithmetic 32,10000,4531,0.053292
Arithmetic 32,10000,4532,0.054425
Arithmetic 32,10000,4533,0.053852
Arithmetic 32,10000,4534,0.053391
Arithmetic 32,10000,4535,0.05491
Arithmetic 32,10000,4536,0.052855
Arithmetic 32,10000,4537,0.053557
Arithmetic 32,10000,4538,0.053028
Arithmetic 32,10000,4539,0.052695
Arithmetic 32,10000,4540,0.054006
Arithmetic 32,10000,4541,0.05528
Arithmetic 32,10000,4542,0.053735
Arithmetic 32,10000,4543,0.053883
Arithmetic 32,10000,4544,0.053464
Arithmetic 32,10000,4545,0.053219
Arithmetic 32,10000,4546,0.053576
Arithmetic 32,10000,4547,0.0532
Arithmetic 32,10000,4548,0.054812
Arithmetic 32,10000,4549,0.053828
Arithmetic 32,10000,4550,0.054584
Arithmetic 32,10000,4551,0.054185
Arithmetic 32,10000,4552,0.054363
Arithmetic 32,10000,4553,0.053151
Arithmetic 32,10000,4554,0.054406
Arithmetic 32,10000,4555,0.054209
Arithmetic 32,10000,4556,0.054616
Arithmetic 32,10000,4557,0.05376
Arithmetic 32,10000,4558,0.054043
Arithmetic 32,10000,4559,0.052566
Arithmetic 32,10000,4560,0.054837
Arithmetic 32,10000,4561,0.053631
Arithmetic 32,10000,4562,0.053834
Arithmetic 32,10000,4563,0.053668
Arithmetic 32,10000,4564,0.054173
Arithmetic 32,10000,4565,0.054031
Arithmetic 32,10000,4566,0.054228
Arithmetic 32,10000,4567,0.053594
Arithmetic 32,10000,4568,0.052751
Arithmetic 32,10000,4569,0.054049
Arithmetic 32,10000,4570,0.054486
Arithmetic 32,10000,4571,0.0544
Arithmetic 32,10000,4572,0.054062
Arithmetic 32,10000,4573,0.054172
Arithmetic 32,10000,4574,0.05387
Arithmetic 32,10000,4575,0.053471
Arithmetic 32,10000,4576,0.05392
Arithmetic 32,10000,4577,0.053975
Arithmetic 32,10000,4578,0.055576
Arithmetic 32,10000,4579,0.054172
Arithmetic 32,10000,4580,0.054357
Arithmetic 32,10000,4581,0.054203
Arithmetic 32,10000,4582,0.054111
Arithmetic 32,10000,4583,0.054314
Arithmetic 32,10000,4584,0.05424
Arithmetic 32,10000,4585,0.053255
Arithmetic 32,10000,4586,0.053723
Arithmetic 32,10000,4587,0.054289
Arithmetic 32,10000,4588,0.05485
Arithmetic 32,10000,4589,0.054628
Arithmetic 32,10000,4590,0.054006
Arithmetic 32,10000,4591,0.05395
Arithmetic 32,10000,4592,0.053969
Arithmetic 32,10000,4593,0.054227
Arithmetic 32,10000,4594,0.053853
Arithmetic 32,10000,4595,0.05469
Arithmetic 32,10000,4596,0.054271
Arithmetic 32,10000,4597,0.053889
Arithmetic 32,10000,4598,0.05416
Arithmetic 32,10000,4599,0.053071
Arithmetic 32,10000,4600,0.05392
Arithmetic 32,10000,4601,0.05347
Arithmetic 32,10000,4602,0.054252
Arithmetic 32,10000,4603,0.053631
Arithmetic 32,10000,4604,0.053089
Arithmetic 32,10000,4605,0.053815
Arithmetic 32,10000,4606,0.054265
Arithmetic 32,10000,4607,0.053957
Arithmetic 32,10000,4608,0.054584
Arithmetic 32,10000,4609,0.053661
Arithmetic 32,10000,4610,0.055151
Arithmetic 32,10000,4611,0.05264
Arithmetic 32,10000,4612,0.054301
Arithmetic 32,10000,4613,0.05539
Arithmetic 32,10000,4614,0.054283
Arithmetic 32,10000,4615,0.053539
Arithmetic 32,10000,4616,0.05419
Arithmetic 32,10000,4617,0.053864
Arithmetic 32,10000,4618,0.053846
Arithmetic 32,10000,4619,0.053249
Arithmetic 32,10000,4620,0.053612
Arithmetic 32,10000,4621,0.053385
Arithmetic 32,10000,4622,0.05459
Arithmetic 32,10000,4623,0.054431
Arithmetic 32,10000,4624,0.054227
Arithmetic 32,10000,4625,0.053871
Arithmetic 32,10000,4626,0.055089
Arithmetic 32,10000,4627,0.055354
Arithmetic 32,10000,4628,0.054843
Arithmetic 32,10000,4629,0.054487
Arithmetic 32,10000,4630,0.054769
Arithmetic 32,10000,4631,0.053704
Arithmetic 32,10000,4632,0.054547
Arithmetic 32,10000,4633,0.053982
Arithmetic 32,10000,4634,0.053661
Arithmetic 32,10000,4635,0.053778
Arithmetic 32,10000,4636,0.055047
Arithmetic 32,10000,4637,0.054572
Arithmetic 32,10000,4638,0.054714
Arithmetic 32,10000,4639,0.088985
Arithmetic 32,10000,4640,0.054412
Arithmetic 32,10000,4641,0.054308
Arithmetic 32,10000,4642,0.054277
Arithmetic 32,10000,4643,0.054135
Arithmetic 32,10000,4644,0.05419
Arithmetic 32,10000,4645,0.054037
Arithmetic 32,10000,4646,0.055151
Arithmetic 32,10000,4647,0.052948
Arithmetic 32,10000,4648,0.056153
Arithmetic 32,10000,4649,0.0532
Arithmetic 32,10000,4650,0.054339
Arithmetic 32,10000,4651,0.053803
Arithmetic 32,10000,4652,0.052776
Arithmetic 32,10000,4653,0.053336
Arithmetic 32,10000,4654,0.0552
Arithmetic 32,10000,4655,0.052677
Arithmetic 32,10000,4656,0.054203
Arithmetic 32,10000,4657,0.055157
Arithmetic 32,10000,4658,0.053526
Arithmetic 32,10000,4659,0.053951
Arithmetic 32,10000,4660,0.053446
Arithmetic 32,10000,4661,0.053649
Arithmetic 32,10000,4662,0.053705
Arithmetic 32,10000,4663,0.054098
Arithmetic 32,10000,4664,0.054634
Arithmetic 32,10000,4665,0.05432
Arithmetic 32,10000,4666,0.055305
Arithmetic 32,10000,4667,0.05371
Arithmetic 32,10000,4668,0.05477
Arithmetic 32,10000,4669,0.054222
Arithmetic 32,10000,4670,0.054424
Arithmetic 32,10000,4671,0.054819
Arithmetic 32,10000,4672,0.054837
Arithmetic 32,10000,4673,0.054628
Arithmetic 32,10000,4674,0.05464
Arithmetic 32,10000,4675,0.054985
Arithmetic 32,10000,4676,0.053994
Arithmetic 32,10000,4677,0.054861
Arithmetic 32,10000,4678,0.054449
Arithmetic 32,10000,4679,0.054006
Arithmetic 32,10000,4680,0.053329
Arithmetic 32,10000,4681,0.053797
Arithmetic 32,10000,4682,0.054566
Arithmetic 32,10000,4683,0.054499
Arithmetic 32,10000,4684,0.054898
Arithmetic 32,10000,4685,0.054843
Arithmetic 32,10000,4686,0.053631
Arithmetic 32,10000,4687,0.053742
Arithmetic 32,10000,4688,0.053969
Arithmetic 32,10000,4689,0.052874
Arithmetic 32,10000,4690,0.053582
Arithmetic 32,10000,4691,0.053256
Arithmetic 32,10000,4692,0.05472
Arithmetic 32,10000,4693,0.054541
Arithmetic 32,10000,4694,0.054252
Arithmetic 32,10000,4695,0.052978
Arithmetic 32,10000,4696,0.053151
Arithmetic 32,10000,4697,0.053939
Arithmetic 32,10000,4698,0.054824
Arithmetic 32,10000,4699,0.053102
Arithmetic 32,10000,4700,0.054751
Arithmetic 32,10000,4701,0.053723
Arithmetic 32,10000,4702,0.054547
Arithmetic 32,10000,4703,0.055083
Arithmetic 32,10000,4704,0.054757
Arithmetic 32,10000,4705,0.053433
Arithmetic 32,10000,4706,0.054222
Arithmetic 32,10000,4707,0.052973
Arithmetic 32,10000,4708,0.053846
Arithmetic 32,10000,4709,0.054
Arithmetic 32,10000,4710,0.053495
Arithmetic 32,10000,4711,0.053102
Arithmetic 32,10000,4712,0.054412
Arithmetic 32,10000,4713,0.053778
Arithmetic 32,10000,4714,0.054418
Arithmetic 32,10000,4715,0.054738
Arithmetic 32,10000,4716,0.054295
Arithmetic 32,10000,4717,0.053784
Arithmetic 32,10000,4718,0.053735
Arithmetic 32,10000,4719,0.05512
Arithmetic 32,10000,4720,0.055274
Arithmetic 32,10000,4721,0.053957
Arithmetic 32,10000,4722,0.053674
Arithmetic 32,10000,4723,0.053347
Arithmetic 32,10000,4724,0.053729
Arithmetic 32,10000,4725,0.053773
Arithmetic 32,10000,4726,0.053957
Arithmetic 32,10000,4727,0.054284
Arithmetic 32,10000,4728,0.053434
Arithmetic 32,10000,4729,0.054314
Arithmetic 32,10000,4730,0.054295
Arithmetic 32,10000,4731,0.053766
Arithmetic 32,10000,4732,0.05416
Arithmetic 32,10000,4733,0.053588
Arithmetic 32,10000,4734,0.053452
Arithmetic 32,10000,4735,0.054431
Arithmetic 32,10000,4736,0.054726
Arithmetic 32,10000,4737,0.054098
Arithmetic 32,10000,4738,0.054418
Arithmetic 32,10000,4739,0.053914
Arithmetic 32,10000,4740,0.053982
Arithmetic 32,10000,4741,0.054652
Arithmetic 32,10000,4742,0.054757
Arithmetic 32,10000,4743,0.054436
Arithmetic 32,10000,4744,0.053372
Arithmetic 32,10000,4745,0.054899
Arithmetic 32,10000,4746,0.054701
Arithmetic 32,10000,4747,0.053649
Arithmetic 32,10000,4748,0.054511
Arithmetic 32,10000,4749,0.053784
Arithmetic 32,10000,4750,0.053754
Arithmetic 32,10000,4751,0.05464
Arithmetic 32,10000,4752,0.053458
Arithmetic 32,10000,4753,0.054628
Arithmetic 32,10000,4754,0.055323
Arithmetic 32,10000,4755,0.056136
Arithmetic 32,10000,4756,0.054905
Arithmetic 32,10000,4757,0.053699
Arithmetic 32,10000,4758,0.053846
Arithmetic 32,10000,4759,0.052984
Arithmetic 32,10000,4760,0.054628
Arithmetic 32,10000,4761,0.053834
Arithmetic 32,10000,4762,0.054025
Arithmetic 32,10000,4763,0.05392
Arithmetic 32,10000,4764,0.053231
Arithmetic 32,10000,4765,0.054412
Arithmetic 32,10000,4766,0.053803
Arithmetic 32,10000,4767,0.053606
Arithmetic 32,10000,4768,0.053065
Arithmetic 32,10000,4769,0.053846
Arithmetic 32,10000,4770,0.053748
Arithmetic 32,10000,4771,0.053637
Arithmetic 32,10000,4772,0.054265
Arithmetic 32,10000,4773,0.054099
Arithmetic 32,10000,4774,0.054585
Arithmetic 32,10000,4775,0.053662
Arithmetic 32,10000,4776,0.054837
Arithmetic 32,10000,4777,0.053662
Arithmetic 32,10000,4778,0.053717
Arithmetic 32,10000,4779,0.052941
Arithmetic 32,10000,4780,0.054547
Arithmetic 32,10000,4781,0.053846
Arithmetic 32,10000,4782,0.053619
Arithmetic 32,10000,4783,0.054228
Arithmetic 32,10000,4784,0.053422
Arithmetic 32,10000,4785,0.055261
Arithmetic 32,10000,4786,0.054117
Arithmetic 32,10000,4787,0.054997
Arithmetic 32,10000,4788,0.05472
Arithmetic 32,10000,4789,0.053673
Arithmetic 32,10000,4790,0.056117
Arithmetic 32,10000,4791,0.05411
Arithmetic 32,10000,4792,0.055182
Arithmetic 32,10000,4793,0.054646
Arithmetic 32,10000,4794,0.053594
Arithmetic 32,10000,4795,0.053089
Arithmetic 32,10000,4796,0.054794
Arithmetic 32,10000,4797,0.054246
Arithmetic 32,10000,4798,0.054043
Arithmetic 32,10000,4799,0.053656
Arithmetic 32,10000,4800,0.053846
Arithmetic 32,10000,4801,0.053975
Arithmetic 32,10000,4802,0.05488
Arithmetic 32,10000,4803,0.053625
Arithmetic 32,10000,4804,0.053816
Arithmetic 32,10000,4805,0.053944
Arithmetic 32,10000,4806,0.054135
Arithmetic 32,10000,4807,0.05336
Arithmetic 32,10000,4808,0.054147
Arithmetic 32,10000,4809,0.053157
Arithmetic 32,10000,4810,0.054714
Arithmetic 32,10000,4811,0.052862
Arithmetic 32,10000,4812,0.054012
Arithmetic 32,10000,4813,0.054086
Arithmetic 32,10000,4814,0.053834
Arithmetic 32,10000,4815,0.053797
Arithmetic 32,10000,4816,0.053785
Arithmetic 32,10000,4817,0.054215
Arithmetic 32,10000,4818,0.052985
Arithmetic 32,10000,4819,0.054874
Arithmetic 32,10000,4820,0.054031
Arithmetic 32,10000,4821,0.053661
Arithmetic 32,10000,4822,0.05381
Arithmetic 32,10000,4823,0.053828
Arithmetic 32,10000,4824,0.054825
Arithmetic 32,10000,4825,0.054197
Arithmetic 32,10000,4826,0.053957
Arithmetic 32,10000,4827,0.054166
Arithmetic 32,10000,4828,0.053711
Arithmetic 32,10000,4829,0.053157
Arithmetic 32,10000,4830,0.054184
Arithmetic 32,10000,4831,0.053643
Arithmetic 32,10000,4832,0.053944
Arithmetic 32,10000,4833,0.054073
Arithmetic 32,10000,4834,0.053268
Arithmetic 32,10000,4835,0.054314
Arithmetic 32,10000,4836,0.05312
Arithmetic 32,10000,4837,0.053741
Arithmetic 32,10000,4838,0.053656
Arithmetic 32,10000,4839,0.054148
Arithmetic 32,10000,4840,0.054117
Arithmetic 32,10000,4841,0.053938
Arithmetic 32,10000,4842,0.054191
Arithmetic 32,10000,4843,0.053994
Arithmetic 32,10000,4844,0.054554
Arithmetic 32,10000,4845,0.053748
Arithmetic 32,10000,4846,0.053102
Arithmetic 32,10000,4847,0.053951
Arithmetic 32,10000,4848,0.053926
Arithmetic 32,10000,4849,0.05373
Arithmetic 32,10000,4850,0.05344
Arithmetic 32,10000,4851,0.053274
Arithmetic 32,10000,4852,0.053581
Arithmetic 32,10000,4853,0.05427
Arithmetic 32,10000,4854,0.053218
Arithmetic 32,10000,4855,0.053446
Arithmetic 32,10000,4856,0.05384
Arithmetic 32,10000,4857,0.054351
Arithmetic 32,10000,4858,0.055169
Arithmetic 32,10000,4859,0.053846
Arithmetic 32,10000,4860,0.05432
Arithmetic 32,10000,4861,0.054147
Arithmetic 32,10000,4862,0.054191
Arithmetic 32,10000,4863,0.052591
Arithmetic 32,10000,4864,0.05432
Arithmetic 32,10000,4865,0.054296
Arithmetic 32,10000,4866,0.054702
Arithmetic 32,10000,4867,0.053637
Arithmetic 32,10000,4868,0.054456
Arithmetic 32,10000,4869,0.053526
Arithmetic 32,10000,4870,0.054388
Arithmetic 32,10000,4871,0.053612
Arithmetic 32,10000,4872,0.054708
Arithmetic 32,10000,4873,0.05424
Arithmetic 32,10000,4874,0.05469
Arithmetic 32,10000,4875,0.053563
Arithmetic 32,10000,4876,0.054087
Arithmetic 32,10000,4877,0.05384
Arithmetic 32,10000,4878,0.054535
Arithmetic 32,10000,4879,0.054116
Arithmetic 32,10000,4880,0.055145
Arithmetic 32,10000,4881,0.05416
Arithmetic 32,10000,4882,0.055034
Arithmetic 32,10000,4883,0.054646
Arithmetic 32,10000,4884,0.05384
Arithmetic 32,10000,4885,0.053711
Arithmetic 32,10000,4886,0.053409
Arithmetic 32,10000,4887,0.053797
Arithmetic 32,10000,4888,0.055193
Arithmetic 32,10000,4889,0.053379
Arithmetic 32,10000,4890,0.054535
Arithmetic 32,10000,4891,0.053637
Arithmetic 32,10000,4892,0.053945
Arithmetic 32,10000,4893,0.053729
Arithmetic 32,10000,4894,0.054012
Arithmetic 32,10000,4895,0.053612
Arithmetic 32,10000,4896,0.053767
Arithmetic 32,10000,4897,0.055144
Arithmetic 32,10000,4898,0.054179
Arithmetic 32,10000,4899,0.097163
Arithmetic 32,10000,4900,0.054068
Arithmetic 32,10000,4901,0.054197
Arithmetic 32,10000,4902,0.053403
Arithmetic 32,10000,4903,0.054781
Arithmetic 32,10000,4904,0.054339
Arithmetic 32,10000,4905,0.054093
Arithmetic 32,10000,4906,0.054554
Arithmetic 32,10000,4907,0.053483
Arithmetic 32,10000,4908,0.055065
Arithmetic 32,10000,4909,0.05432
Arithmetic 32,10000,4910,0.054387
Arithmetic 32,10000,4911,0.053969
Arithmetic 32,10000,4912,0.053341
Arithmetic 32,10000,4913,0.053335
Arithmetic 32,10000,4914,0.054794
Arithmetic 32,10000,4915,0.054277
Arithmetic 32,10000,4916,0.052892
Arithmetic 32,10000,4917,0.054856
Arithmetic 32,10000,4918,0.053422
Arithmetic 32,10000,4919,0.053187
Arithmetic 32,10000,4920,0.053797
Arithmetic 32,10000,4921,0.054117
Arithmetic 32,10000,4922,0.053619
Arithmetic 32,10000,4923,0.053846
Arithmetic 32,10000,4924,0.053655
Arithmetic 32,10000,4925,0.054677
Arithmetic 32,10000,4926,0.05488
Arithmetic 32,10000,4927,0.054493
Arithmetic 32,10000,4928,0.053545
Arithmetic 32,10000,4929,0.05328
Arithmetic 32,10000,4930,0.054523
Arithmetic 32,10000,4931,0.053822
Arithmetic 32,10000,4932,0.054
Arithmetic 32,10000,4933,0.053686
Arithmetic 32,10000,4934,0.053729
Arithmetic 32,10000,4935,0.054812
Arithmetic 32,10000,4936,0.054222
Arithmetic 32,10000,4937,0.053815
Arithmetic 32,10000,4938,0.053951
Arithmetic 32,10000,4939,0.05309
Arithmetic 32,10000,4940,0.055071
Arithmetic 32,10000,4941,0.053785
Arithmetic 32,10000,4942,0.05424
Arithmetic 32,10000,4943,0.053687
Arithmetic 32,10000,4944,0.054277
Arithmetic 32,10000,4945,0.053237
Arithmetic 32,10000,4946,0.053077
Arithmetic 32,10000,4947,0.053262
Arithmetic 32,10000,4948,0.054382
Arithmetic 32,10000,4949,0.057384
Arithmetic 32,10000,4950,0.0544
Arithmetic 32,10000,4951,0.0544
Arithmetic 32,10000,4952,0.054585
Arithmetic 32,10000,4953,0.055065
Arithmetic 32,10000,4954,0.054554
Arithmetic 32,10000,4955,0.053945
Arithmetic 32,10000,4956,0.053132
Arithmetic 32,10000,4957,0.053157
Arithmetic 32,10000,4958,0.053945
Arithmetic 32,10000,4959,0.054117
Arithmetic 32,10000,4960,0.054013
Arithmetic 32,10000,4961,0.053138
Arithmetic 32,10000,4962,0.05451
Arithmetic 32,10000,4963,0.053126
Arithmetic 32,10000,4964,0.05373
Arithmetic 32,10000,4965,0.053994
Arithmetic 32,10000,4966,0.054148
Arithmetic 32,10000,4967,0.052978
Arithmetic 32,10000,4968,0.053613
Arithmetic 32,10000,4969,0.054068
Arithmetic 32,10000,4970,0.053982
Arithmetic 32,10000,4971,0.054172
Arithmetic 32,10000,4972,0.053397
Arithmetic 32,10000,4973,0.05512
Arithmetic 32,10000,4974,0.055144
Arithmetic 32,10000,4975,0.054154
Arithmetic 32,10000,4976,0.054345
Arithmetic 32,10000,4977,0.053581
Arithmetic 32,10000,4978,0.054733
Arithmetic 32,10000,4979,0.053028
Arithmetic 32,10000,4980,0.054634
Arithmetic 32,10000,4981,0.054677
Arithmetic 32,10000,4982,0.054701
Arithmetic 32,10000,4983,0.052954
Arithmetic 32,10000,4984,0.054333
Arithmetic 32,10000,4985,0.053969
Arithmetic 32,10000,4986,0.054553
Arithmetic 32,10000,4987,0.05363
Arithmetic 32,10000,4988,0.053994
Arithmetic 32,10000,4989,0.05301
Arithmetic 32,10000,4990,0.053114
Arithmetic 32,10000,4991,0.05427
Arithmetic 32,10000,4992,0.054314
Arithmetic 32,10000,4993,0.054172
Arithmetic 32,10000,4994,0.053557
Arithmetic 32,10000,4995,0.054585
Arithmetic 32,10000,4996,0.054985
Arithmetic 32,10000,4997,0.053514
Arithmetic 32,10000,4998,0.054449
Arithmetic 32,10000,4999,0.05467
Arithmetic 32,10000,5000,0.05384
Arithmetic 32,10000,5001,0.058437
Arithmetic 32,10000,5002,0.055569
Arithmetic 32,10000,5003,0.054517
Arithmetic 32,10000,5004,0.056062
Arithmetic 32,10000,5005,0.057969
Arithmetic 32,10000,5006,0.056573
Arithmetic 32,10000,5007,0.054824
Arithmetic 32,10000,5008,0.055446
Arithmetic 32,10000,5009,0.054529
Arithmetic 32,10000,5010,0.053975
Arithmetic 32,10000,5011,0.055532
Arithmetic 32,10000,5012,0.053785
Arithmetic 32,10000,5013,0.05315
Arithmetic 32,10000,5014,0.0556
Arithmetic 32,10000,5015,0.054178
Arithmetic 32,10000,5016,0.055403
Arithmetic 32,10000,5017,0.053852
Arithmetic 32,10000,5018,0.053637
Arithmetic 32,10000,5019,0.054172
Arithmetic 32,10000,5020,0.054098
Arithmetic 32,10000,5021,0.054123
Arithmetic 32,10000,5022,0.054
Arithmetic 32,10000,5023,0.054382
Arithmetic 32,10000,5024,0.054855
Arithmetic 32,10000,5025,0.054713
Arithmetic 32,10000,5026,0.054886
Arithmetic 32,10000,5027,0.054179
Arithmetic 32,10000,5028,0.05368
Arithmetic 32,10000,5029,0.053926
Arithmetic 32,10000,5030,0.054111
Arithmetic 32,10000,5031,0.054074
Arithmetic 32,10000,5032,0.059224
Arithmetic 32,10000,5033,0.056603
Arithmetic 32,10000,5034,0.062843
Arithmetic 32,10000,5035,0.057323
Arithmetic 32,10000,5036,0.055342
Arithmetic 32,10000,5037,0.053428
Arithmetic 32,10000,5038,0.055212
Arithmetic 32,10000,5039,0.053483
Arithmetic 32,10000,5040,0.05491
Arithmetic 32,10000,5041,0.055625
Arithmetic 32,10000,5042,0.055164
Arithmetic 32,10000,5043,0.054
Arithmetic 32,10000,5044,0.054461
Arithmetic 32,10000,5045,0.053871
Arithmetic 32,10000,5046,0.054173
Arithmetic 32,10000,5047,0.054222
Arithmetic 32,10000,5048,0.053772
Arithmetic 32,10000,5049,0.053372
Arithmetic 32,10000,5050,0.053575
Arithmetic 32,10000,5051,0.05408
Arithmetic 32,10000,5052,0.054566
Arithmetic 32,10000,5053,0.054425
Arithmetic 32,10000,5054,0.05373
Arithmetic 32,10000,5055,0.053637
Arithmetic 32,10000,5056,0.054683
Arithmetic 32,10000,5057,0.054332
Arithmetic 32,10000,5058,0.053582
Arithmetic 32,10000,5059,0.054412
Arithmetic 32,10000,5060,0.05365
Arithmetic 32,10000,5061,0.05352
Arithmetic 32,10000,5062,0.053015
Arithmetic 32,10000,5063,0.054468
Arithmetic 32,10000,5064,0.053821
Arithmetic 32,10000,5065,0.054701
Arithmetic 32,10000,5066,0.05448
Arithmetic 32,10000,5067,0.054455
Arithmetic 32,10000,5068,0.055256
Arithmetic 32,10000,5069,0.055422
Arithmetic 32,10000,5070,0.054191
Arithmetic 32,10000,5071,0.053594
Arithmetic 32,10000,5072,0.053378
Arithmetic 32,10000,5073,0.054899
Arithmetic 32,10000,5074,0.053446
Arithmetic 32,10000,5075,0.053668
Arithmetic 32,10000,5076,0.054542
Arithmetic 32,10000,5077,0.054332
Arithmetic 32,10000,5078,0.054621
Arithmetic 32,10000,5079,0.054751
Arithmetic 32,10000,5080,0.054142
Arithmetic 32,10000,5081,0.053847
Arithmetic 32,10000,5082,0.054252
Arithmetic 32,10000,5083,0.053624
Arithmetic 32,10000,5084,0.053729
Arithmetic 32,10000,5085,0.053077
Arithmetic 32,10000,5086,0.055378
Arithmetic 32,10000,5087,0.054622
Arithmetic 32,10000,5088,0.053723
Arithmetic 32,10000,5089,0.054037
Arithmetic 32,10000,5090,0.055668
Arithmetic 32,10000,5091,0.055267
Arithmetic 32,10000,5092,0.054037
Arithmetic 32,10000,5093,0.054265
Arithmetic 32,10000,5094,0.053773
Arithmetic 32,10000,5095,0.05416
Arithmetic 32,10000,5096,0.054972
Arithmetic 32,10000,5097,0.054683
Arithmetic 32,10000,5098,0.053766
Arithmetic 32,10000,5099,0.054499
Arithmetic 32,10000,5100,0.054535
Arithmetic 32,10000,5101,0.054056
Arithmetic 32,10000,5102,0.05432
Arithmetic 32,10000,5103,0.053908
Arithmetic 32,10000,5104,0.053895
Arithmetic 32,10000,5105,0.054634
Arithmetic 32,10000,5106,0.054394
Arithmetic 32,10000,5107,0.054166
Arithmetic 32,10000,5108,0.053668
Arithmetic 32,10000,5109,0.054062
Arithmetic 32,10000,5110,0.05408
Arithmetic 32,10000,5111,0.053908
Arithmetic 32,10000,5112,0.094905
Arithmetic 32,10000,5113,0.054345
Arithmetic 32,10000,5114,0.055102
Arithmetic 32,10000,5115,0.053286
Arithmetic 32,10000,5116,0.053471
Arithmetic 32,10000,5117,0.052744
Arithmetic 32,10000,5118,0.054591
Arithmetic 32,10000,5119,0.053397
Arithmetic 32,10000,5120,0.054012
Arithmetic 32,10000,5121,0.057772
Arithmetic 32,10000,5122,0.053624
Arithmetic 32,10000,5123,0.053766
Arithmetic 32,10000,5124,0.054025
Arithmetic 32,10000,5125,0.054086
Arithmetic 32,10000,5126,0.055422
Arithmetic 32,10000,5127,0.05568
Arithmetic 32,10000,5128,0.054738
Arithmetic 32,10000,5129,0.053975
Arithmetic 32,10000,5130,0.05611
Arithmetic 32,10000,5131,0.053501
Arithmetic 32,10000,5132,0.055249
Arithmetic 32,10000,5133,0.056019
Arithmetic 32,10000,5134,0.054997
Arithmetic 32,10000,5135,0.054579
Arithmetic 32,10000,5136,0.054622
Arithmetic 32,10000,5137,0.05371
Arithmetic 32,10000,5138,0.05424
Arithmetic 32,10000,5139,0.05541
Arithmetic 32,10000,5140,0.053526
Arithmetic 32,10000,5141,0.054887
Arithmetic 32,10000,5142,0.053815
Arithmetic 32,10000,5143,0.053391
Arithmetic 32,10000,5144,0.053994
Arithmetic 32,10000,5145,0.054172
Arithmetic 32,10000,5146,0.054474
Arithmetic 32,10000,5147,0.054413
Arithmetic 32,10000,5148,0.054412
Arithmetic 32,10000,5149,0.054689
Arithmetic 32,10000,5150,0.05472
Arithmetic 32,10000,5151,0.053656
Arithmetic 32,10000,5152,0.054923
Arithmetic 32,10000,5153,0.053631
Arithmetic 32,10000,5154,0.054511
Arithmetic 32,10000,5155,0.054086
Arithmetic 32,10000,5156,0.053944
Arithmetic 32,10000,5157,0.0548
Arithmetic 32,10000,5158,0.054627
Arithmetic 32,10000,5159,0.053551
Arithmetic 32,10000,5160,0.054314
Arithmetic 32,10000,5161,0.053699
Arithmetic 32,10000,5162,0.05392
Arithmetic 32,10000,5163,0.053465
Arithmetic 32,10000,5164,0.054468
Arithmetic 32,10000,5165,0.054092
Arithmetic 32,10000,5166,0.054043
Arithmetic 32,10000,5167,0.054074
Arithmetic 32,10000,5168,0.054339
Arithmetic 32,10000,5169,0.054339
Arithmetic 32,10000,5170,0.055071
Arithmetic 32,10000,5171,0.053711
Arithmetic 32,10000,5172,0.053544
Arithmetic 32,10000,5173,0.053914
Arithmetic 32,10000,5174,0.053852
Arithmetic 32,10000,5175,0.054529
Arithmetic 32,10000,5176,0.054923
Arithmetic 32,10000,5177,0.05488
Arithmetic 32,10000,5178,0.053926
Arithmetic 32,10000,5179,0.056326
Arithmetic 32,10000,5180,0.059766
Arithmetic 32,10000,5181,0.059113
Arithmetic 32,10000,5182,0.06592
Arithmetic 32,10000,5183,0.06848
Arithmetic 32,10000,5184,0.066013
Arithmetic 32,10000,5185,0.063323
Arithmetic 32,10000,5186,0.063625
Arithmetic 32,10000,5187,0.062283
Arithmetic 32,10000,5188,0.062216
Arithmetic 32,10000,5189,0.063656
Arithmetic 32,10000,5190,0.059858
Arithmetic 32,10000,5191,0.063976
Arithmetic 32,10000,5192,0.065846
Arithmetic 32,10000,5193,0.059754
Arithmetic 32,10000,5194,0.055268
Arithmetic 32,10000,5195,0.053724
Arithmetic 32,10000,5196,0.053944
Arithmetic 32,10000,5197,0.127077
Arithmetic 32,10000,5198,0.053889
Arithmetic 32,10000,5199,0.054295
Arithmetic 32,10000,5200,0.054671
Arithmetic 32,10000,5201,0.053465
Arithmetic 32,10000,5202,0.053772
Arithmetic 32,10000,5203,0.05408
Arithmetic 32,10000,5204,0.054419
Arithmetic 32,10000,5205,0.055754
Arithmetic 32,10000,5206,0.060517
Arithmetic 32,10000,5207,0.054148
Arithmetic 32,10000,5208,0.054031
Arithmetic 32,10000,5209,0.055034
Arithmetic 32,10000,5210,0.054265
Arithmetic 32,10000,5211,0.055163
Arithmetic 32,10000,5212,0.054098
Arithmetic 32,10000,5213,0.053933
Arithmetic 32,10000,5214,0.053145
Arithmetic 32,10000,5215,0.059108
Arithmetic 32,10000,5216,0.054621
Arithmetic 32,10000,5217,0.054234
Arithmetic 32,10000,5218,0.054658
Arithmetic 32,10000,5219,0.054363
Arithmetic 32,10000,5220,0.054733
Arithmetic 32,10000,5221,0.054043
Arithmetic 32,10000,5222,0.055021
Arithmetic 32,10000,5223,0.053077
Arithmetic 32,10000,5224,0.058142
Arithmetic 32,10000,5225,0.054726
Arithmetic 32,10000,5226,0.053711
Arithmetic 32,10000,5227,0.053452
Arithmetic 32,10000,5228,0.054609
Arithmetic 32,10000,5229,0.054326
Arithmetic 32,10000,5230,0.186818
Arithmetic 32,10000,5231,0.055453
Arithmetic 32,10000,5232,0.053945
Arithmetic 32,10000,5233,0.056197
Arithmetic 32,10000,5234,0.054658
Arithmetic 32,10000,5235,0.054597
Arithmetic 32,10000,5236,0.053809
Arithmetic 32,10000,5237,0.052671
Arithmetic 32,10000,5238,0.05456
Arithmetic 32,10000,5239,0.053649
Arithmetic 32,10000,5240,0.053625
Arithmetic 32,10000,5241,0.054554
Arithmetic 32,10000,5242,0.055034
Arithmetic 32,10000,5243,0.055145
Arithmetic 32,10000,5244,0.054812
Arithmetic 32,10000,5245,0.054031
Arithmetic 32,10000,5246,0.053212
Arithmetic 32,10000,5247,0.054659
Arithmetic 32,10000,5248,0.054184
Arithmetic 32,10000,5249,0.052935
Arithmetic 32,10000,5250,0.052806
Arithmetic 32,10000,5251,0.054738
Arithmetic 32,10000,5252,0.05472
Arithmetic 32,10000,5253,0.053588
Arithmetic 32,10000,5254,0.054364
Arithmetic 32,10000,5255,0.054609
Arithmetic 32,10000,5256,0.055009
Arithmetic 32,10000,5257,0.053545
Arithmetic 32,10000,5258,0.052769
Arithmetic 32,10000,5259,0.053803
Arithmetic 32,10000,5260,0.0544
Arithmetic 32,10000,5261,0.054978
Arithmetic 32,10000,5262,0.054942
Arithmetic 32,10000,5263,0.054523
Arithmetic 32,10000,5264,0.054787
Arithmetic 32,10000,5265,0.054431
Arithmetic 32,10000,5266,0.054277
Arithmetic 32,10000,5267,0.054117
Arithmetic 32,10000,5268,0.054572
Arithmetic 32,10000,5269,0.054689
Arithmetic 32,10000,5270,0.054099
Arithmetic 32,10000,5271,0.053975
Arithmetic 32,10000,5272,0.054412
Arithmetic 32,10000,5273,0.053914
Arithmetic 32,10000,5274,0.054541
Arithmetic 32,10000,5275,0.055144
Arithmetic 32,10000,5276,0.053336
Arithmetic 32,10000,5277,0.053089
Arithmetic 32,10000,5278,0.054074
Arithmetic 32,10000,5279,0.054418
Arithmetic 32,10000,5280,0.054111
Arithmetic 32,10000,5281,0.054437
Arithmetic 32,10000,5282,0.053545
Arithmetic 32,10000,5283,0.054646
Arithmetic 32,10000,5284,0.054283
Arithmetic 32,10000,5285,0.053495
Arithmetic 32,10000,5286,0.055403
Arithmetic 32,10000,5287,0.055268
Arithmetic 32,10000,5288,0.053619
Arithmetic 32,10000,5289,0.053908
Arithmetic 32,10000,5290,0.054529
Arithmetic 32,10000,5291,0.054233
Arithmetic 32,10000,5292,0.054984
Arithmetic 32,10000,5293,0.054184
Arithmetic 32,10000,5294,0.053913
Arithmetic 32,10000,5295,0.05304
Arithmetic 32,10000,5296,0.054739
Arithmetic 32,10000,5297,0.054369
Arithmetic 32,10000,5298,0.053932
Arithmetic 32,10000,5299,0.053514
Arithmetic 32,10000,5300,0.054043
Arithmetic 32,10000,5301,0.05416
Arithmetic 32,10000,5302,0.054356
Arithmetic 32,10000,5303,0.052548
Arithmetic 32,10000,5304,0.053557
Arithmetic 32,10000,5305,0.056148
Arithmetic 32,10000,5306,0.054806
Arithmetic 32,10000,5307,0.054498
Arithmetic 32,10000,5308,0.053932
Arithmetic 32,10000,5309,0.054173
Arithmetic 32,10000,5310,0.054978
Arithmetic 32,10000,5311,0.053126
Arithmetic 32,10000,5312,0.054634
Arithmetic 32,10000,5313,0.054105
Arithmetic 32,10000,5314,0.058412
Arithmetic 32,10000,5315,0.054468
Arithmetic 32,10000,5316,0.055187
Arithmetic 32,10000,5317,0.055329
Arithmetic 32,10000,5318,0.054818
Arithmetic 32,10000,5319,0.054129
Arithmetic 32,10000,5320,0.054265
Arithmetic 32,10000,5321,0.054012
Arithmetic 32,10000,5322,0.054307
Arithmetic 32,10000,5323,0.054007
Arithmetic 32,10000,5324,0.055114
Arithmetic 32,10000,5325,0.053766
Arithmetic 32,10000,5326,0.054517
Arithmetic 32,10000,5327,0.053834
Arithmetic 32,10000,5328,0.053963
Arithmetic 32,10000,5329,0.054049
Arithmetic 32,10000,5330,0.054843
Arithmetic 32,10000,5331,0.054135
Arithmetic 32,10000,5332,0.054579
Arithmetic 32,10000,5333,0.05461
Arithmetic 32,10000,5334,0.054997
Arithmetic 32,10000,5335,0.053526
Arithmetic 32,10000,5336,0.053539
Arithmetic 32,10000,5337,0.053865
Arithmetic 32,10000,5338,0.05392
Arithmetic 32,10000,5339,0.053858
Arithmetic 32,10000,5340,0.054701
Arithmetic 32,10000,5341,0.053809
Arithmetic 32,10000,5342,0.05416
Arithmetic 32,10000,5343,0.053797
Arithmetic 32,10000,5344,0.054979
Arithmetic 32,10000,5345,0.053729
Arithmetic 32,10000,5346,0.053237
Arithmetic 32,10000,5347,0.054147
Arithmetic 32,10000,5348,0.053502
Arithmetic 32,10000,5349,0.052966
Arithmetic 32,10000,5350,0.054991
Arithmetic 32,10000,5351,0.053649
Arithmetic 32,10000,5352,0.055545
Arithmetic 32,10000,5353,0.053557
Arithmetic 32,10000,5354,0.054068
Arithmetic 32,10000,5355,0.054332
Arithmetic 32,10000,5356,0.053932
Arithmetic 32,10000,5357,0.053588
Arithmetic 32,10000,5358,0.055477
Arithmetic 32,10000,5359,0.054264
Arithmetic 32,10000,5360,0.053834
Arithmetic 32,10000,5361,0.053354
Arithmetic 32,10000,5362,0.053717
Arithmetic 32,10000,5363,0.05549
Arithmetic 32,10000,5364,0.054363
Arithmetic 32,10000,5365,0.053452
Arithmetic 32,10000,5366,0.054308
Arithmetic 32,10000,5367,0.053932
Arithmetic 32,10000,5368,0.054326
Arithmetic 32,10000,5369,0.053396
Arithmetic 32,10000,5370,0.054043
Arithmetic 32,10000,5371,0.052843
Arithmetic 32,10000,5372,0.054775
Arithmetic 32,10000,5373,0.053705
Arithmetic 32,10000,5374,0.05379
Arithmetic 32,10000,5375,0.053661
Arithmetic 32,10000,5376,0.055016
Arithmetic 32,10000,5377,0.054862
Arithmetic 32,10000,5378,0.054966
Arithmetic 32,10000,5379,0.053606
Arithmetic 32,10000,5380,0.054714
Arithmetic 32,10000,5381,0.053797
Arithmetic 32,10000,5382,0.055015
Arithmetic 32,10000,5383,0.053735
Arithmetic 32,10000,5384,0.05419
Arithmetic 32,10000,5385,0.053059
Arithmetic 32,10000,5386,0.054572
Arithmetic 32,10000,5387,0.054147
Arithmetic 32,10000,5388,0.054333
Arithmetic 32,10000,5389,0.055354
Arithmetic 32,10000,5390,0.05485
Arithmetic 32,10000,5391,0.05469
Arithmetic 32,10000,5392,0.053938
Arithmetic 32,10000,5393,0.053083
Arithmetic 32,10000,5394,0.054375
Arithmetic 32,10000,5395,0.055052
Arithmetic 32,10000,5396,0.054917
Arithmetic 32,10000,5397,0.054178
Arithmetic 32,10000,5398,0.054
Arithmetic 32,10000,5399,0.054314
Arithmetic 32,10000,5400,0.054043
Arithmetic 32,10000,5401,0.053729
Arithmetic 32,10000,5402,0.054277
Arithmetic 32,10000,5403,0.054246
Arithmetic 32,10000,5404,0.054141
Arithmetic 32,10000,5405,0.054505
Arithmetic 32,10000,5406,0.053391
Arithmetic 32,10000,5407,0.054929
Arithmetic 32,10000,5408,0.054905
Arithmetic 32,10000,5409,0.05453
Arithmetic 32,10000,5410,0.053963
Arithmetic 32,10000,5411,0.054178
Arithmetic 32,10000,5412,0.054142
Arithmetic 32,10000,5413,0.055606
Arithmetic 32,10000,5414,0.054172
Arithmetic 32,10000,5415,0.053563
Arithmetic 32,10000,5416,0.054289
Arithmetic 32,10000,5417,0.054012
Arithmetic 32,10000,5418,0.0544
Arithmetic 32,10000,5419,0.053717
Arithmetic 32,10000,5420,0.052616
Arithmetic 32,10000,5421,0.053213
Arithmetic 32,10000,5422,0.054609
Arithmetic 32,10000,5423,0.053889
Arithmetic 32,10000,5424,0.055514
Arithmetic 32,10000,5425,0.054757
Arithmetic 32,10000,5426,0.055101
Arithmetic 32,10000,5427,0.053434
Arithmetic 32,10000,5428,0.053889
Arithmetic 32,10000,5429,0.053502
Arithmetic 32,10000,5430,0.05352
Arithmetic 32,10000,5431,0.053267
Arithmetic 32,10000,5432,0.054215
Arithmetic 32,10000,5433,0.054393
Arithmetic 32,10000,5434,0.054634
Arithmetic 32,10000,5435,0.054166
Arithmetic 32,10000,5436,0.054437
Arithmetic 32,10000,5437,0.054129
Arithmetic 32,10000,5438,0.053871
Arithmetic 32,10000,5439,0.053853
Arithmetic 32,10000,5440,0.05443
Arithmetic 32,10000,5441,0.054043
Arithmetic 32,10000,5442,0.054437
Arithmetic 32,10000,5443,0.054019
Arithmetic 32,10000,5444,0.053286
Arithmetic 32,10000,5445,0.053895
Arithmetic 32,10000,5446,0.054892
Arithmetic 32,10000,5447,0.053594
Arithmetic 32,10000,5448,0.053969
Arithmetic 32,10000,5449,0.054203
Arithmetic 32,10000,5450,0.053784
Arithmetic 32,10000,5451,0.054375
Arithmetic 32,10000,5452,0.053483
Arithmetic 32,10000,5453,0.053182
Arithmetic 32,10000,5454,0.05552
Arithmetic 32,10000,5455,0.053415
Arithmetic 32,10000,5456,0.054344
Arithmetic 32,10000,5457,0.053889
Arithmetic 32,10000,5458,0.054646
Arithmetic 32,10000,5459,0.054388
Arithmetic 32,10000,5460,0.055156
Arithmetic 32,10000,5461,0.053305
Arithmetic 32,10000,5462,0.05408
Arithmetic 32,10000,5463,0.054073
Arithmetic 32,10000,5464,0.053729
Arithmetic 32,10000,5465,0.054542
Arithmetic 32,10000,5466,0.05419
Arithmetic 32,10000,5467,0.054412
Arithmetic 32,10000,5468,0.054259
Arithmetic 32,10000,5469,0.054357
Arithmetic 32,10000,5470,0.054781
Arithmetic 32,10000,5471,0.053907
Arithmetic 32,10000,5472,0.053772
Arithmetic 32,10000,5473,0.053336
Arithmetic 32,10000,5474,0.054117
Arithmetic 32,10000,5475,0.054104
Arithmetic 32,10000,5476,0.056031
Arithmetic 32,10000,5477,0.054351
Arithmetic 32,10000,5478,0.05392
Arithmetic 32,10000,5479,0.053557
Arithmetic 32,10000,5480,0.054493
Arithmetic 32,10000,5481,0.054339
Arithmetic 32,10000,5482,0.05424
Arithmetic 32,10000,5483,0.053483
Arithmetic 32,10000,5484,0.054307
Arithmetic 32,10000,5485,0.054068
Arithmetic 32,10000,5486,0.05376
Arithmetic 32,10000,5487,0.054264
Arithmetic 32,10000,5488,0.05288
Arithmetic 32,10000,5489,0.054135
Arithmetic 32,10000,5490,0.054141
Arithmetic 32,10000,5491,0.053828
Arithmetic 32,10000,5492,0.053766
Arithmetic 32,10000,5493,0.054006
Arithmetic 32,10000,5494,0.054886
Arithmetic 32,10000,5495,0.054677
Arithmetic 32,10000,5496,0.053631
Arithmetic 32,10000,5497,0.053772
Arithmetic 32,10000,5498,0.05352
Arithmetic 32,10000,5499,0.054696
Arithmetic 32,10000,5500,0.0544
Arithmetic 32,10000,5501,0.05467
Arithmetic 32,10000,5502,0.054252
Arithmetic 32,10000,5503,0.053889
Arithmetic 32,10000,5504,0.054173
Arithmetic 32,10000,5505,0.053299
Arithmetic 32,10000,5506,0.053699
Arithmetic 32,10000,5507,0.053871
Arithmetic 32,10000,5508,0.054394
Arithmetic 32,10000,5509,0.053003
Arithmetic 32,10000,5510,0.054917
Arithmetic 32,10000,5511,0.054006
Arithmetic 32,10000,5512,0.05477
Arithmetic 32,10000,5513,0.053508
Arithmetic 32,10000,5514,0.054794
Arithmetic 32,10000,5515,0.0552
Arithmetic 32,10000,5516,0.054443
Arithmetic 32,10000,5517,0.052474
Arithmetic 32,10000,5518,0.054283
Arithmetic 32,10000,5519,0.054344
Arithmetic 32,10000,5520,0.054135
Arithmetic 32,10000,5521,0.054597
Arithmetic 32,10000,5522,0.055169
Arithmetic 32,10000,5523,0.053582
Arithmetic 32,10000,5524,0.054018
Arithmetic 32,10000,5525,0.053243
Arithmetic 32,10000,5526,0.053544
Arithmetic 32,10000,5527,0.054129
Arithmetic 32,10000,5528,0.054271
Arithmetic 32,10000,5529,0.053102
Arithmetic 32,10000,5530,0.05424
Arithmetic 32,10000,5531,0.053753
Arithmetic 32,10000,5532,0.05384
Arithmetic 32,10000,5533,0.05368
Arithmetic 32,10000,5534,0.053778
Arithmetic 32,10000,5535,0.053287
Arithmetic 32,10000,5536,0.054406
Arithmetic 32,10000,5537,0.054461
Arithmetic 32,10000,5538,0.053459
Arithmetic 32,10000,5539,0.054215
Arithmetic 32,10000,5540,0.054178
Arithmetic 32,10000,5541,0.05392
Arithmetic 32,10000,5542,0.054738
Arithmetic 32,10000,5543,0.054462
Arithmetic 32,10000,5544,0.053699
Arithmetic 32,10000,5545,0.053865
Arithmetic 32,10000,5546,0.053963
Arithmetic 32,10000,5547,0.05581
Arithmetic 32,10000,5548,0.055176
Arithmetic 32,10000,5549,0.052892
Arithmetic 32,10000,5550,0.053834
Arithmetic 32,10000,5551,0.054111
Arithmetic 32,10000,5552,0.055415
Arithmetic 32,10000,5553,0.053274
Arithmetic 32,10000,5554,0.05344
Arithmetic 32,10000,5555,0.05416
Arithmetic 32,10000,5556,0.05392
Arithmetic 32,10000,5557,0.054892
Arithmetic 32,10000,5558,0.054954
Arithmetic 32,10000,5559,0.053114
Arithmetic 32,10000,5560,0.054037
Arithmetic 32,10000,5561,0.053784
Arithmetic 32,10000,5562,0.05376
Arithmetic 32,10000,5563,0.052898
Arithmetic 32,10000,5564,0.054874
Arithmetic 32,10000,5565,0.053908
Arithmetic 32,10000,5566,0.0548
Arithmetic 32,10000,5567,0.053274
Arithmetic 32,10000,5568,0.05456
Arithmetic 32,10000,5569,0.054135
Arithmetic 32,10000,5570,0.054499
Arithmetic 32,10000,5571,0.053563
Arithmetic 32,10000,5572,0.053606
Arithmetic 32,10000,5573,0.054344
Arithmetic 32,10000,5574,0.053902
Arithmetic 32,10000,5575,0.054677
Arithmetic 32,10000,5576,0.053994
Arithmetic 32,10000,5577,0.05379
Arithmetic 32,10000,5578,0.053963
Arithmetic 32,10000,5579,0.053625
Arithmetic 32,10000,5580,0.054302
Arithmetic 32,10000,5581,0.053175
Arithmetic 32,10000,5582,0.053914
Arithmetic 32,10000,5583,0.053877
Arithmetic 32,10000,5584,0.054468
Arithmetic 32,10000,5585,0.053458
Arithmetic 32,10000,5586,0.055096
Arithmetic 32,10000,5587,0.054924
Arithmetic 32,10000,5588,0.053249
Arithmetic 32,10000,5589,0.053705
Arithmetic 32,10000,5590,0.05389
Arithmetic 32,10000,5591,0.053698
Arithmetic 32,10000,5592,0.054664
Arithmetic 32,10000,5593,0.054979
Arithmetic 32,10000,5594,0.054394
Arithmetic 32,10000,5595,0.053545
Arithmetic 32,10000,5596,0.054037
Arithmetic 32,10000,5597,0.053674
Arithmetic 32,10000,5598,0.054283
Arithmetic 32,10000,5599,0.053914
Arithmetic 32,10000,5600,0.053274
Arithmetic 32,10000,5601,0.053649
Arithmetic 32,10000,5602,0.054431
Arithmetic 32,10000,5603,0.054609
Arithmetic 32,10000,5604,0.054351
Arithmetic 32,10000,5605,0.053864
Arithmetic 32,10000,5606,0.053336
Arithmetic 32,10000,5607,0.053908
Arithmetic 32,10000,5608,0.054456
Arithmetic 32,10000,5609,0.053286
Arithmetic 32,10000,5610,0.053354
Arithmetic 32,10000,5611,0.054301
Arithmetic 32,10000,5612,0.054093
Arithmetic 32,10000,5613,0.053784
Arithmetic 32,10000,5614,0.053532
Arithmetic 32,10000,5615,0.053735
Arithmetic 32,10000,5616,0.053095
Arithmetic 32,10000,5617,0.053889
Arithmetic 32,10000,5618,0.05435
Arithmetic 32,10000,5619,0.054123
Arithmetic 32,10000,5620,0.055065
Arithmetic 32,10000,5621,0.053477
Arithmetic 32,10000,5622,0.053981
Arithmetic 32,10000,5623,0.054868
Arithmetic 32,10000,5624,0.05448
Arithmetic 32,10000,5625,0.054498
Arithmetic 32,10000,5626,0.053507
Arithmetic 32,10000,5627,0.054277
Arithmetic 32,10000,5628,0.053809
Arithmetic 32,10000,5629,0.053803
Arithmetic 32,10000,5630,0.05392
Arithmetic 32,10000,5631,0.053637
Arithmetic 32,10000,5632,0.053944
Arithmetic 32,10000,5633,0.054738
Arithmetic 32,10000,5634,0.05432
Arithmetic 32,10000,5635,0.053957
Arithmetic 32,10000,5636,0.053071
Arithmetic 32,10000,5637,0.054222
Arithmetic 32,10000,5638,0.054855
Arithmetic 32,10000,5639,0.054935
Arithmetic 32,10000,5640,0.054732
Arithmetic 32,10000,5641,0.0536
Arithmetic 32,10000,5642,0.054991
Arithmetic 32,10000,5643,0.054966
Arithmetic 32,10000,5644,0.055717
Arithmetic 32,10000,5645,0.0552
Arithmetic 32,10000,5646,0.053471
Arithmetic 32,10000,5647,0.053612
Arithmetic 32,10000,5648,0.054905
Arithmetic 32,10000,5649,0.054197
Arithmetic 32,10000,5650,0.054659
Arithmetic 32,10000,5651,0.055114
Arithmetic 32,10000,5652,0.053151
Arithmetic 32,10000,5653,0.054265
Arithmetic 32,10000,5654,0.054775
Arithmetic 32,10000,5655,0.053514
Arithmetic 32,10000,5656,0.055218
Arithmetic 32,10000,5657,0.053957
Arithmetic 32,10000,5658,0.053827
Arithmetic 32,10000,5659,0.054942
Arithmetic 32,10000,5660,0.053901
Arithmetic 32,10000,5661,0.053908
Arithmetic 32,10000,5662,0.053889
Arithmetic 32,10000,5663,0.062148
Arithmetic 32,10000,5664,0.143772
Arithmetic 32,10000,5665,0.05696
Arithmetic 32,10000,5666,0.05496
Arithmetic 32,10000,5667,0.053624
Arithmetic 32,10000,5668,0.054806
Arithmetic 32,10000,5669,0.054277
Arithmetic 32,10000,5670,0.054523
Arithmetic 32,10000,5671,0.054222
Arithmetic 32,10000,5672,0.054129
Arithmetic 32,10000,5673,0.054258
Arithmetic 32,10000,5674,0.053988
Arithmetic 32,10000,5675,0.0528
Arithmetic 32,10000,5676,0.054179
Arithmetic 32,10000,5677,0.053465
Arithmetic 32,10000,5678,0.054295
Arithmetic 32,10000,5679,0.053612
Arithmetic 32,10000,5680,0.054406
Arithmetic 32,10000,5681,0.053046
Arithmetic 32,10000,5682,0.055945
Arithmetic 32,10000,5683,0.053637
Arithmetic 32,10000,5684,0.05392
Arithmetic 32,10000,5685,0.053108
Arithmetic 32,10000,5686,0.053132
Arithmetic 32,10000,5687,0.054658
Arithmetic 32,10000,5688,0.05344
Arithmetic 32,10000,5689,0.053114
Arithmetic 32,10000,5690,0.053717
Arithmetic 32,10000,5691,0.054
Arithmetic 32,10000,5692,0.05421
Arithmetic 32,10000,5693,0.054031
Arithmetic 32,10000,5694,0.053926
Arithmetic 32,10000,5695,0.053022
Arithmetic 32,10000,5696,0.05344
Arithmetic 32,10000,5697,0.054062
Arithmetic 32,10000,5698,0.054406
Arithmetic 32,10000,5699,0.05432
Arithmetic 32,10000,5700,0.054357
Arithmetic 32,10000,5701,0.05355
Arithmetic 32,10000,5702,0.054806
Arithmetic 32,10000,5703,0.053822
Arithmetic 32,10000,5704,0.05344
Arithmetic 32,10000,5705,0.053686
Arithmetic 32,10000,5706,0.054191
Arithmetic 32,10000,5707,0.053385
Arithmetic 32,10000,5708,0.053587
Arithmetic 32,10000,5709,0.054972
Arithmetic 32,10000,5710,0.05437
Arithmetic 32,10000,5711,0.05405
Arithmetic 32,10000,5712,0.054892
Arithmetic 32,10000,5713,0.053545
Arithmetic 32,10000,5714,0.053951
Arithmetic 32,10000,5715,0.060898
Arithmetic 32,10000,5716,0.058584
Arithmetic 32,10000,5717,0.056129
Arithmetic 32,10000,5718,0.05517
Arithmetic 32,10000,5719,0.053508
Arithmetic 32,10000,5720,0.053619
Arithmetic 32,10000,5721,0.053698
Arithmetic 32,10000,5722,0.05368
Arithmetic 32,10000,5723,0.054036
Arithmetic 32,10000,5724,0.054388
Arithmetic 32,10000,5725,0.052609
Arithmetic 32,10000,5726,0.053643
Arithmetic 32,10000,5727,0.053822
Arithmetic 32,10000,5728,0.054253
Arithmetic 32,10000,5729,0.054326
Arithmetic 32,10000,5730,0.053748
Arithmetic 32,10000,5731,0.054936
Arithmetic 32,10000,5732,0.053643
Arithmetic 32,10000,5733,0.054025
Arithmetic 32,10000,5734,0.05432
Arithmetic 32,10000,5735,0.053299
Arithmetic 32,10000,5736,0.054406
Arithmetic 32,10000,5737,0.054253
Arithmetic 32,10000,5738,0.054061
Arithmetic 32,10000,5739,0.054044
Arithmetic 32,10000,5740,0.053464
Arithmetic 32,10000,5741,0.053748
Arithmetic 32,10000,5742,0.054947
Arithmetic 32,10000,5743,0.053932
Arithmetic 32,10000,5744,0.054338
Arithmetic 32,10000,5745,0.056751
Arithmetic 32,10000,5746,0.054541
Arithmetic 32,10000,5747,0.054536
Arithmetic 32,10000,5748,0.053779
Arithmetic 32,10000,5749,0.054221
Arithmetic 32,10000,5750,0.055107
Arithmetic 32,10000,5751,0.053557
Arithmetic 32,10000,5752,0.053249
Arithmetic 32,10000,5753,0.053742
Arithmetic 32,10000,5754,0.055766
Arithmetic 32,10000,5755,0.054443
Arithmetic 32,10000,5756,0.054227
Arithmetic 32,10000,5757,0.053797
Arithmetic 32,10000,5758,0.054498
Arithmetic 32,10000,5759,0.053188
Arithmetic 32,10000,5760,0.05376
Arithmetic 32,10000,5761,0.053674
Arithmetic 32,10000,5762,0.053975
Arithmetic 32,10000,5763,0.054499
Arithmetic 32,10000,5764,0.0544
Arithmetic 32,10000,5765,0.053994
Arithmetic 32,10000,5766,0.054652
Arithmetic 32,10000,5767,0.054727
Arithmetic 32,10000,5768,0.054105
Arithmetic 32,10000,5769,0.053803
Arithmetic 32,10000,5770,0.055027
Arithmetic 32,10000,5771,0.054301
Arithmetic 32,10000,5772,0.055077
Arithmetic 32,10000,5773,0.054179
Arithmetic 32,10000,5774,0.053563
Arithmetic 32,10000,5775,0.05512
Arithmetic 32,10000,5776,0.053649
Arithmetic 32,10000,5777,0.053661
Arithmetic 32,10000,5778,0.053274
Arithmetic 32,10000,5779,0.053815
Arithmetic 32,10000,5780,0.053446
Arithmetic 32,10000,5781,0.053741
Arithmetic 32,10000,5782,0.054313
Arithmetic 32,10000,5783,0.052351
Arithmetic 32,10000,5784,0.053606
Arithmetic 32,10000,5785,0.05259
Arithmetic 32,10000,5786,0.055157
Arithmetic 32,10000,5787,0.054215
Arithmetic 32,10000,5788,0.054326
Arithmetic 32,10000,5789,0.053877
Arithmetic 32,10000,5790,0.054603
Arithmetic 32,10000,5791,0.053256
Arithmetic 32,10000,5792,0.054474
Arithmetic 32,10000,5793,0.053612
Arithmetic 32,10000,5794,0.053274
Arithmetic 32,10000,5795,0.053914
Arithmetic 32,10000,5796,0.053373
Arithmetic 32,10000,5797,0.054529
Arithmetic 32,10000,5798,0.054074
Arithmetic 32,10000,5799,0.053144
Arithmetic 32,10000,5800,0.054099
Arithmetic 32,10000,5801,0.052726
Arithmetic 32,10000,5802,0.053631
Arithmetic 32,10000,5803,0.053213
Arithmetic 32,10000,5804,0.053477
Arithmetic 32,10000,5805,0.05309
Arithmetic 32,10000,5806,0.054068
Arithmetic 32,10000,5807,0.054591
Arithmetic 32,10000,5808,0.053926
Arithmetic 32,10000,5809,0.053132
Arithmetic 32,10000,5810,0.053667
Arithmetic 32,10000,5811,0.053644
Arithmetic 32,10000,5812,0.054542
Arithmetic 32,10000,5813,0.053951
Arithmetic 32,10000,5814,0.053951
Arithmetic 32,10000,5815,0.053662
Arithmetic 32,10000,5816,0.052677
Arithmetic 32,10000,5817,0.054917
Arithmetic 32,10000,5818,0.053428
Arithmetic 32,10000,5819,0.053896
Arithmetic 32,10000,5820,0.053779
Arithmetic 32,10000,5821,0.054222
Arithmetic 32,10000,5822,0.05344
Arithmetic 32,10000,5823,0.05456
Arithmetic 32,10000,5824,0.053908
Arithmetic 32,10000,5825,0.05424
Arithmetic 32,10000,5826,0.05456
Arithmetic 32,10000,5827,0.05336
Arithmetic 32,10000,5828,0.054862
Arithmetic 32,10000,5829,0.054049
Arithmetic 32,10000,5830,0.052744
Arithmetic 32,10000,5831,0.053397
Arithmetic 32,10000,5832,0.054474
Arithmetic 32,10000,5833,0.053735
Arithmetic 32,10000,5834,0.053495
Arithmetic 32,10000,5835,0.054147
Arithmetic 32,10000,5836,0.053784
Arithmetic 32,10000,5837,0.053711
Arithmetic 32,10000,5838,0.054031
Arithmetic 32,10000,5839,0.054012
Arithmetic 32,10000,5840,0.054264
Arithmetic 32,10000,5841,0.055113
Arithmetic 32,10000,5842,0.053471
Arithmetic 32,10000,5843,0.052806
Arithmetic 32,10000,5844,0.05456
Arithmetic 32,10000,5845,0.053391
Arithmetic 32,10000,5846,0.053366
Arithmetic 32,10000,5847,0.05424
Arithmetic 32,10000,5848,0.053582
Arithmetic 32,10000,5849,0.05429
Arithmetic 32,10000,5850,0.05448
Arithmetic 32,10000,5851,0.053373
Arithmetic 32,10000,5852,0.05504
Arithmetic 32,10000,5853,0.05424
Arithmetic 32,10000,5854,0.05323
Arithmetic 32,10000,5855,0.052369
Arithmetic 32,10000,5856,0.054031
Arithmetic 32,10000,5857,0.054197
Arithmetic 32,10000,5858,0.054984
Arithmetic 32,10000,5859,0.054449
Arithmetic 32,10000,5860,0.054259
Arithmetic 32,10000,5861,0.05368
Arithmetic 32,10000,5862,0.054345
Arithmetic 32,10000,5863,0.052455
Arithmetic 32,10000,5864,0.053483
Arithmetic 32,10000,5865,0.053871
Arithmetic 32,10000,5866,0.054492
Arithmetic 32,10000,5867,0.054221
Arithmetic 32,10000,5868,0.054616
Arithmetic 32,10000,5869,0.054578
Arithmetic 32,10000,5870,0.054141
Arithmetic 32,10000,5871,0.053668
Arithmetic 32,10000,5872,0.053827
Arithmetic 32,10000,5873,0.053372
Arithmetic 32,10000,5874,0.054529
Arithmetic 32,10000,5875,0.053237
Arithmetic 32,10000,5876,0.054037
Arithmetic 32,10000,5877,0.053009
Arithmetic 32,10000,5878,0.054338
Arithmetic 32,10000,5879,0.053311
Arithmetic 32,10000,5880,0.054991
Arithmetic 32,10000,5881,0.054074
Arithmetic 32,10000,5882,0.053249
Arithmetic 32,10000,5883,0.052215
Arithmetic 32,10000,5884,0.053994
Arithmetic 32,10000,5885,0.053108
Arithmetic 32,10000,5886,0.05424
Arithmetic 32,10000,5887,0.053206
Arithmetic 32,10000,5888,0.053139
Arithmetic 32,10000,5889,0.055613
Arithmetic 32,10000,5890,0.054252
Arithmetic 32,10000,5891,0.053723
Arithmetic 32,10000,5892,0.054179
Arithmetic 32,10000,5893,0.052443
Arithmetic 32,10000,5894,0.053803
Arithmetic 32,10000,5895,0.053791
Arithmetic 32,10000,5896,0.05488
Arithmetic 32,10000,5897,0.054535
Arithmetic 32,10000,5898,0.054012
Arithmetic 32,10000,5899,0.055102
Arithmetic 32,10000,5900,0.054541
Arithmetic 32,10000,5901,0.052634
Arithmetic 32,10000,5902,0.053292
Arithmetic 32,10000,5903,0.053428
Arithmetic 32,10000,5904,0.054573
Arithmetic 32,10000,5905,0.054461
Arithmetic 32,10000,5906,0.053889
Arithmetic 32,10000,5907,0.052991
Arithmetic 32,10000,5908,0.054375
Arithmetic 32,10000,5909,0.053773
Arithmetic 32,10000,5910,0.055114
Arithmetic 32,10000,5911,0.053015
Arithmetic 32,10000,5912,0.052997
Arithmetic 32,10000,5913,0.052701
Arithmetic 32,10000,5914,0.053969
Arithmetic 32,10000,5915,0.052873
Arithmetic 32,10000,5916,0.054037
Arithmetic 32,10000,5917,0.052443
Arithmetic 32,10000,5918,0.054597
Arithmetic 32,10000,5919,0.052855
Arithmetic 32,10000,5920,0.054351
Arithmetic 32,10000,5921,0.053704
Arithmetic 32,10000,5922,0.054012
Arithmetic 32,10000,5923,0.053594
Arithmetic 32,10000,5924,0.052412
Arithmetic 32,10000,5925,0.054394
Arithmetic 32,10000,5926,0.054123
Arithmetic 32,10000,5927,0.053058
Arithmetic 32,10000,5928,0.053391
Arithmetic 32,10000,5929,0.053317
Arithmetic 32,10000,5930,0.053016
Arithmetic 32,10000,5931,0.053993
Arithmetic 32,10000,5932,0.053206
Arithmetic 32,10000,5933,0.05368
Arithmetic 32,10000,5934,0.053508
Arithmetic 32,10000,5935,0.053477
Arithmetic 32,10000,5936,0.053335
Arithmetic 32,10000,5937,0.053379
Arithmetic 32,10000,5938,0.053588
Arithmetic 32,10000,5939,0.053655
Arithmetic 32,10000,5940,0.054382
Arithmetic 32,10000,5941,0.052874
Arithmetic 32,10000,5942,0.053496
Arithmetic 32,10000,5943,0.055114
Arithmetic 32,10000,5944,0.054141
Arithmetic 32,10000,5945,0.053593
Arithmetic 32,10000,5946,0.055138
Arithmetic 32,10000,5947,0.05296
Arithmetic 32,10000,5948,0.053624
Arithmetic 32,10000,5949,0.052684
Arithmetic 32,10000,5950,0.054302
Arithmetic 32,10000,5951,0.053803
Arithmetic 32,10000,5952,0.054997
Arithmetic 32,10000,5953,0.054308
Arithmetic 32,10000,5954,0.053526
Arithmetic 32,10000,5955,0.054307
Arithmetic 32,10000,5956,0.052634
Arithmetic 32,10000,5957,0.053816
Arithmetic 32,10000,5958,0.053717
Arithmetic 32,10000,5959,0.053489
Arithmetic 32,10000,5960,0.054197
Arithmetic 32,10000,5961,0.055932
Arithmetic 32,10000,5962,0.053877
Arithmetic 32,10000,5963,0.053501
Arithmetic 32,10000,5964,0.054013
Arithmetic 32,10000,5965,0.054104
Arithmetic 32,10000,5966,0.053533
Arithmetic 32,10000,5967,0.054634
Arithmetic 32,10000,5968,0.052899
Arithmetic 32,10000,5969,0.053298
Arithmetic 32,10000,5970,0.0548
Arithmetic 32,10000,5971,0.053993
Arithmetic 32,10000,5972,0.054868
Arithmetic 32,10000,5973,0.053606
Arithmetic 32,10000,5974,0.05483
Arithmetic 32,10000,5975,0.052467
Arithmetic 32,10000,5976,0.053495
Arithmetic 32,10000,5977,0.053471
Arithmetic 32,10000,5978,0.053495
Arithmetic 32,10000,5979,0.053797
Arithmetic 32,10000,5980,0.053779
Arithmetic 32,10000,5981,0.05368
Arithmetic 32,10000,5982,0.054197
Arithmetic 32,10000,5983,0.054363
Arithmetic 32,10000,5984,0.053612
Arithmetic 32,10000,5985,0.053723
Arithmetic 32,10000,5986,0.053741
Arithmetic 32,10000,5987,0.053907
Arithmetic 32,10000,5988,0.053458
Arithmetic 32,10000,5989,0.054258
Arithmetic 32,10000,5990,0.053483
Arithmetic 32,10000,5991,0.054535
Arithmetic 32,10000,5992,0.053944
Arithmetic 32,10000,5993,0.053298
Arithmetic 32,10000,5994,0.054357
Arithmetic 32,10000,5995,0.052954
Arithmetic 32,10000,5996,0.053139
Arithmetic 32,10000,5997,0.053427
Arithmetic 32,10000,5998,0.053711
Arithmetic 32,10000,5999,0.054547
Arithmetic 32,10000,6000,0.053846
Arithmetic 32,10000,6001,0.058283
Arithmetic 32,10000,6002,0.055028
Arithmetic 32,10000,6003,0.054542
Arithmetic 32,10000,6004,0.055428
Arithmetic 32,10000,6005,0.053895
Arithmetic 32,10000,6006,0.053219
Arithmetic 32,10000,6007,0.055385
Arithmetic 32,10000,6008,0.054
Arithmetic 32,10000,6009,0.053963
Arithmetic 32,10000,6010,0.055348
Arithmetic 32,10000,6011,0.053582
Arithmetic 32,10000,6012,0.054117
Arithmetic 32,10000,6013,0.055028
Arithmetic 32,10000,6014,0.053225
Arithmetic 32,10000,6015,0.054172
Arithmetic 32,10000,6016,0.054788
Arithmetic 32,10000,6017,0.053132
Arithmetic 32,10000,6018,0.053582
Arithmetic 32,10000,6019,0.05352
Arithmetic 32,10000,6020,0.053711
Arithmetic 32,10000,6021,0.054757
Arithmetic 32,10000,6022,0.055963
Arithmetic 32,10000,6023,0.055169
Arithmetic 32,10000,6024,0.053809
Arithmetic 32,10000,6025,0.052991
Arithmetic 32,10000,6026,0.053932
Arithmetic 32,10000,6027,0.053163
Arithmetic 32,10000,6028,0.054529
Arithmetic 32,10000,6029,0.053507
Arithmetic 32,10000,6030,0.053741
Arithmetic 32,10000,6031,0.056
Arithmetic 32,10000,6032,0.053969
Arithmetic 32,10000,6033,0.053477
Arithmetic 32,10000,6034,0.054037
Arithmetic 32,10000,6035,0.053262
Arithmetic 32,10000,6036,0.053797
Arithmetic 32,10000,6037,0.053914
Arithmetic 32,10000,6038,0.054468
Arithmetic 32,10000,6039,0.055052
Arithmetic 32,10000,6040,0.054413
Arithmetic 32,10000,6041,0.053871
Arithmetic 32,10000,6042,0.054739
Arithmetic 32,10000,6043,0.054301
Arithmetic 32,10000,6044,0.054393
Arithmetic 32,10000,6045,0.054222
Arithmetic 32,10000,6046,0.054375
Arithmetic 32,10000,6047,0.054191
Arithmetic 32,10000,6048,0.054055
Arithmetic 32,10000,6049,0.054234
Arithmetic 32,10000,6050,0.054246
Arithmetic 32,10000,6051,0.054258
Arithmetic 32,10000,6052,0.053711
Arithmetic 32,10000,6053,0.05483
Arithmetic 32,10000,6054,0.053951
Arithmetic 32,10000,6055,0.054087
Arithmetic 32,10000,6056,0.054381
Arithmetic 32,10000,6057,0.053341
Arithmetic 32,10000,6058,0.054443
Arithmetic 32,10000,6059,0.054837
Arithmetic 32,10000,6060,0.054444
Arithmetic 32,10000,6061,0.053581
Arithmetic 32,10000,6062,0.054462
Arithmetic 32,10000,6063,0.053514
Arithmetic 32,10000,6064,0.054591
Arithmetic 32,10000,6065,0.053132
Arithmetic 32,10000,6066,0.054498
Arithmetic 32,10000,6067,0.055071
Arithmetic 32,10000,6068,0.053926
Arithmetic 32,10000,6069,0.053914
Arithmetic 32,10000,6070,0.054314
Arithmetic 32,10000,6071,0.053606
Arithmetic 32,10000,6072,0.054092
Arithmetic 32,10000,6073,0.053286
Arithmetic 32,10000,6074,0.054449
Arithmetic 32,10000,6075,0.054357
Arithmetic 32,10000,6076,0.05427
Arithmetic 32,10000,6077,0.052874
Arithmetic 32,10000,6078,0.054092
Arithmetic 32,10000,6079,0.054111
Arithmetic 32,10000,6080,0.054449
Arithmetic 32,10000,6081,0.0536
Arithmetic 32,10000,6082,0.054781
Arithmetic 32,10000,6083,0.054333
Arithmetic 32,10000,6084,0.05328
Arithmetic 32,10000,6085,0.054874
Arithmetic 32,10000,6086,0.053981
Arithmetic 32,10000,6087,0.054812
Arithmetic 32,10000,6088,0.054351
Arithmetic 32,10000,6089,0.054985
Arithmetic 32,10000,6090,0.0536
Arithmetic 32,10000,6091,0.054536
Arithmetic 32,10000,6092,0.054092
Arithmetic 32,10000,6093,0.053662
Arithmetic 32,10000,6094,0.053532
Arithmetic 32,10000,6095,0.054676
Arithmetic 32,10000,6096,0.054019
Arithmetic 32,10000,6097,0.054179
Arithmetic 32,10000,6098,0.053828
Arithmetic 32,10000,6099,0.054855
Arithmetic 32,10000,6100,0.055114
Arithmetic 32,10000,6101,0.053871
Arithmetic 32,10000,6102,0.054123
Arithmetic 32,10000,6103,0.053496
Arithmetic 32,10000,6104,0.054393
Arithmetic 32,10000,6105,0.053686
Arithmetic 32,10000,6106,0.053354
Arithmetic 32,10000,6107,0.053163
Arithmetic 32,10000,6108,0.054677
Arithmetic 32,10000,6109,0.053828
Arithmetic 32,10000,6110,0.053569
Arithmetic 32,10000,6111,0.053385
Arithmetic 32,10000,6112,0.054941
Arithmetic 32,10000,6113,0.054301
Arithmetic 32,10000,6114,0.054123
Arithmetic 32,10000,6115,0.0544
Arithmetic 32,10000,6116,0.053348
Arithmetic 32,10000,6117,0.053699
Arithmetic 32,10000,6118,0.054886
Arithmetic 32,10000,6119,0.053379
Arithmetic 32,10000,6120,0.054991
Arithmetic 32,10000,6121,0.0552
Arithmetic 32,10000,6122,0.054554
Arithmetic 32,10000,6123,0.054141
Arithmetic 32,10000,6124,0.055372
Arithmetic 32,10000,6125,0.05368
Arithmetic 32,10000,6126,0.053526
Arithmetic 32,10000,6127,0.053784
Arithmetic 32,10000,6128,0.054603
Arithmetic 32,10000,6129,0.054277
Arithmetic 32,10000,6130,0.054991
Arithmetic 32,10000,6131,0.053507
Arithmetic 32,10000,6132,0.053434
Arithmetic 32,10000,6133,0.053748
Arithmetic 32,10000,6134,0.054443
Arithmetic 32,10000,6135,0.05411
Arithmetic 32,10000,6136,0.052923
Arithmetic 32,10000,6137,0.053545
Arithmetic 32,10000,6138,0.053526
Arithmetic 32,10000,6139,0.053957
Arithmetic 32,10000,6140,0.05496
Arithmetic 32,10000,6141,0.053477
Arithmetic 32,10000,6142,0.054516
Arithmetic 32,10000,6143,0.052972
Arithmetic 32,10000,6144,0.055102
Arithmetic 32,10000,6145,0.053791
Arithmetic 32,10000,6146,0.054757
Arithmetic 32,10000,6147,0.053182
Arithmetic 32,10000,6148,0.054806
Arithmetic 32,10000,6149,0.055107
Arithmetic 32,10000,6150,0.054978
Arithmetic 32,10000,6151,0.055009
Arithmetic 32,10000,6152,0.054092
Arithmetic 32,10000,6153,0.054696
Arithmetic 32,10000,6154,0.055021
Arithmetic 32,10000,6155,0.052923
Arithmetic 32,10000,6156,0.091981
Arithmetic 32,10000,6157,0.054295
Arithmetic 32,10000,6158,0.053827
Arithmetic 32,10000,6159,0.054308
Arithmetic 32,10000,6160,0.053877
Arithmetic 32,10000,6161,0.054216
Arithmetic 32,10000,6162,0.053791
Arithmetic 32,10000,6163,0.054763
Arithmetic 32,10000,6164,0.053299
Arithmetic 32,10000,6165,0.094615
Arithmetic 32,10000,6166,0.054308
Arithmetic 32,10000,6167,0.053502
Arithmetic 32,10000,6168,0.054098
Arithmetic 32,10000,6169,0.053816
Arithmetic 32,10000,6170,0.054185
Arithmetic 32,10000,6171,0.053538
Arithmetic 32,10000,6172,0.053311
Arithmetic 32,10000,6173,0.053348
Arithmetic 32,10000,6174,0.060215
Arithmetic 32,10000,6175,0.05403
Arithmetic 32,10000,6176,0.054381
Arithmetic 32,10000,6177,0.054627
Arithmetic 32,10000,6178,0.05333
Arithmetic 32,10000,6179,0.053729
Arithmetic 32,10000,6180,0.055016
Arithmetic 32,10000,6181,0.059668
Arithmetic 32,10000,6182,0.067662
Arithmetic 32,10000,6183,0.066929
Arithmetic 32,10000,6184,0.06736
Arithmetic 32,10000,6185,0.064203
Arithmetic 32,10000,6186,0.063827
Arithmetic 32,10000,6187,0.06139
Arithmetic 32,10000,6188,0.062443
Arithmetic 32,10000,6189,0.062523
Arithmetic 32,10000,6190,0.06157
Arithmetic 32,10000,6191,0.062376
Arithmetic 32,10000,6192,0.063274
Arithmetic 32,10000,6193,0.059736
Arithmetic 32,10000,6194,0.056203
Arithmetic 32,10000,6195,0.055287
Arithmetic 32,10000,6196,0.054818
Arithmetic 32,10000,6197,0.055329
Arithmetic 32,10000,6198,0.063901
Arithmetic 32,10000,6199,0.080714
Arithmetic 32,10000,6200,0.074301
Arithmetic 32,10000,6201,0.06376
Arithmetic 32,10000,6202,0.072985
Arithmetic 32,10000,6203,0.068597
Arithmetic 32,10000,6204,0.076923
Arithmetic 32,10000,6205,0.07104
Arithmetic 32,10000,6206,0.064597
Arithmetic 32,10000,6207,0.064763
Arithmetic 32,10000,6208,0.061766
Arithmetic 32,10000,6209,0.072221
Arithmetic 32,10000,6210,0.069274
Arithmetic 32,10000,6211,0.06544
Arithmetic 32,10000,6212,0.085606
Arithmetic 32,10000,6213,0.070147
Arithmetic 32,10000,6214,0.063545
Arithmetic 32,10000,6215,0.062234
Arithmetic 32,10000,6216,0.063329
Arithmetic 32,10000,6217,0.065563
Arithmetic 32,10000,6218,0.081908
Arithmetic 32,10000,6219,0.083693
Arithmetic 32,10000,6220,0.064443
Arithmetic 32,10000,6221,0.059397
Arithmetic 32,10000,6222,0.06688
Arithmetic 32,10000,6223,0.058714
Arithmetic 32,10000,6224,0.058529
Arithmetic 32,10000,6225,0.05712
Arithmetic 32,10000,6226,0.05563
Arithmetic 32,10000,6227,0.057576
Arithmetic 32,10000,6228,0.054985
Arithmetic 32,10000,6229,0.056573
Arithmetic 32,10000,6230,0.055779
Arithmetic 32,10000,6231,0.054954
Arithmetic 32,10000,6232,0.059108
Arithmetic 32,10000,6233,0.055427
Arithmetic 32,10000,6234,0.055951
Arithmetic 32,10000,6235,0.057114
Arithmetic 32,10000,6236,0.055329
Arithmetic 32,10000,6237,0.058209
Arithmetic 32,10000,6238,0.05664
Arithmetic 32,10000,6239,0.055951
Arithmetic 32,10000,6240,0.057157
Arithmetic 32,10000,6241,0.060111
Arithmetic 32,10000,6242,0.056074
Arithmetic 32,10000,6243,0.054627
Arithmetic 32,10000,6244,0.055828
Arithmetic 32,10000,6245,0.060622
Arithmetic 32,10000,6246,0.059612
Arithmetic 32,10000,6247,0.057495
Arithmetic 32,10000,6248,0.057766
Arithmetic 32,10000,6249,0.060776
Arithmetic 32,10000,6250,0.087471
Arithmetic 32,10000,6251,0.067292
Arithmetic 32,10000,6252,0.065059
Arithmetic 32,10000,6253,0.061015
Arithmetic 32,10000,6254,0.075766
Arithmetic 32,10000,6255,0.070098
Arithmetic 32,10000,6256,0.088615
Arithmetic 32,10000,6257,0.083526
Arithmetic 32,10000,6258,0.06589
Arithmetic 32,10000,6259,0.065323
Arithmetic 32,10000,6260,0.075742
Arithmetic 32,10000,6261,0.083164
Arithmetic 32,10000,6262,0.088049
Arithmetic 32,10000,6263,0.067256
Arithmetic 32,10000,6264,0.069305
Arithmetic 32,10000,6265,0.064344
Arithmetic 32,10000,6266,0.07
Arithmetic 32,10000,6267,0.088566
Arithmetic 32,10000,6268,0.072653
Arithmetic 32,10000,6269,0.063095
Arithmetic 32,10000,6270,0.086031
Arithmetic 32,10000,6271,0.081145
Arithmetic 32,10000,6272,0.072818
Arithmetic 32,10000,6273,0.064652
Arithmetic 32,10000,6274,0.069046
Arithmetic 32,10000,6275,0.067341
Arithmetic 32,10000,6276,0.06864
Arithmetic 32,10000,6277,0.064265
Arithmetic 32,10000,6278,0.095969
Arithmetic 32,10000,6279,0.087378
Arithmetic 32,10000,6280,0.064942
Arithmetic 32,10000,6281,0.0728
Arithmetic 32,10000,6282,0.061741
Arithmetic 32,10000,6283,0.058843
Arithmetic 32,10000,6284,0.065588
Arithmetic 32,10000,6285,0.058836
Arithmetic 32,10000,6286,0.056831
Arithmetic 32,10000,6287,0.057724
Arithmetic 32,10000,6288,0.057452
Arithmetic 32,10000,6289,0.058148
Arithmetic 32,10000,6290,0.060523
Arithmetic 32,10000,6291,0.057342
Arithmetic 32,10000,6292,0.06016
Arithmetic 32,10000,6293,0.05696
Arithmetic 32,10000,6294,0.057028
Arithmetic 32,10000,6295,0.056924
Arithmetic 32,10000,6296,0.056597
Arithmetic 32,10000,6297,0.056714
Arithmetic 32,10000,6298,0.057188
Arithmetic 32,10000,6299,0.058954
Arithmetic 32,10000,6300,0.057047
Arithmetic 32,10000,6301,0.055582
Arithmetic 32,10000,6302,0.05616
Arithmetic 32,10000,6303,0.056154
Arithmetic 32,10000,6304,0.055181
Arithmetic 32,10000,6305,0.065341
Arithmetic 32,10000,6306,0.05979
Arithmetic 32,10000,6307,0.059083
Arithmetic 32,10000,6308,0.059415
Arithmetic 32,10000,6309,0.061194
Arithmetic 32,10000,6310,0.064695
Arithmetic 32,10000,6311,0.072782
Arithmetic 32,10000,6312,0.068425
Arithmetic 32,10000,6313,0.06544
Arithmetic 32,10000,6314,0.068979
Arithmetic 32,10000,6315,0.062868
Arithmetic 32,10000,6316,0.078154
Arithmetic 32,10000,6317,0.065267
Arithmetic 32,10000,6318,0.066055
Arithmetic 32,10000,6319,0.073335
Arithmetic 32,10000,6320,0.065021
Arithmetic 32,10000,6321,0.074467
Arithmetic 32,10000,6322,0.081815
Arithmetic 32,10000,6323,0.073914
Arithmetic 32,10000,6324,0.068093
Arithmetic 32,10000,6325,0.082658
Arithmetic 32,10000,6326,0.067772
Arithmetic 32,10000,6327,0.080388
Arithmetic 32,10000,6328,0.074456
Arithmetic 32,10000,6329,0.084247
Arithmetic 32,10000,6330,0.071102
Arithmetic 32,10000,6331,0.0688
Arithmetic 32,10000,6332,0.079625
Arithmetic 32,10000,6333,0.074406
Arithmetic 32,10000,6334,0.066369
Arithmetic 32,10000,6335,0.066228
Arithmetic 32,10000,6336,0.079976
Arithmetic 32,10000,6337,0.071052
Arithmetic 32,10000,6338,0.08293
Arithmetic 32,10000,6339,0.067335
Arithmetic 32,10000,6340,0.074246
Arithmetic 32,10000,6341,0.067145
Arithmetic 32,10000,6342,0.07624
Arithmetic 32,10000,6343,0.064726
Arithmetic 32,10000,6344,0.068018
Arithmetic 32,10000,6345,0.067483
Arithmetic 32,10000,6346,0.081975
Arithmetic 32,10000,6347,0.069065
Arithmetic 32,10000,6348,0.06115
Arithmetic 32,10000,6349,0.060812
Arithmetic 32,10000,6350,0.060868
Arithmetic 32,10000,6351,0.055015
Arithmetic 32,10000,6352,0.055243
Arithmetic 32,10000,6353,0.053483
Arithmetic 32,10000,6354,0.053859
Arithmetic 32,10000,6355,0.054271
Arithmetic 32,10000,6356,0.054486
Arithmetic 32,10000,6357,0.053071
Arithmetic 32,10000,6358,0.057083
Arithmetic 32,10000,6359,0.055256
Arithmetic 32,10000,6360,0.054745
Arithmetic 32,10000,6361,0.054013
Arithmetic 32,10000,6362,0.053803
Arithmetic 32,10000,6363,0.05435
Arithmetic 32,10000,6364,0.054578
Arithmetic 32,10000,6365,0.053354
Arithmetic 32,10000,6366,0.053656
Arithmetic 32,10000,6367,0.055464
Arithmetic 32,10000,6368,0.054265
Arithmetic 32,10000,6369,0.05384
Arithmetic 32,10000,6370,0.054031
Arithmetic 32,10000,6371,0.053969
Arithmetic 32,10000,6372,0.056449
Arithmetic 32,10000,6373,0.054449
Arithmetic 32,10000,6374,0.054172
Arithmetic 32,10000,6375,0.055194
Arithmetic 32,10000,6376,0.055687
Arithmetic 32,10000,6377,0.053976
Arithmetic 32,10000,6378,0.055858
Arithmetic 32,10000,6379,0.053607
Arithmetic 32,10000,6380,0.053003
Arithmetic 32,10000,6381,0.054504
Arithmetic 32,10000,6382,0.053606
Arithmetic 32,10000,6383,0.054295
Arithmetic 32,10000,6384,0.05488
Arithmetic 32,10000,6385,0.057926
Arithmetic 32,10000,6386,0.055096
Arithmetic 32,10000,6387,0.054357
Arithmetic 32,10000,6388,0.05384
Arithmetic 32,10000,6389,0.055237
Arithmetic 32,10000,6390,0.053834
Arithmetic 32,10000,6391,0.053557
Arithmetic 32,10000,6392,0.0544
Arithmetic 32,10000,6393,0.053655
Arithmetic 32,10000,6394,0.055607
Arithmetic 32,10000,6395,0.053895
Arithmetic 32,10000,6396,0.053501
Arithmetic 32,10000,6397,0.05336
Arithmetic 32,10000,6398,0.054867
Arithmetic 32,10000,6399,0.054486
Arithmetic 32,10000,6400,0.053274
Arithmetic 32,10000,6401,0.053963
Arithmetic 32,10000,6402,0.053489
Arithmetic 32,10000,6403,0.055539
Arithmetic 32,10000,6404,0.055354
Arithmetic 32,10000,6405,0.055182
Arithmetic 32,10000,6406,0.055015
Arithmetic 32,10000,6407,0.055545
Arithmetic 32,10000,6408,0.054573
Arithmetic 32,10000,6409,0.054339
Arithmetic 32,10000,6410,0.053582
Arithmetic 32,10000,6411,0.053796
Arithmetic 32,10000,6412,0.055292
Arithmetic 32,10000,6413,0.053994
Arithmetic 32,10000,6414,0.053938
Arithmetic 32,10000,6415,0.053489
Arithmetic 32,10000,6416,0.053705
Arithmetic 32,10000,6417,0.053661
Arithmetic 32,10000,6418,0.053988
Arithmetic 32,10000,6419,0.053753
Arithmetic 32,10000,6420,0.05595
Arithmetic 32,10000,6421,0.056314
Arithmetic 32,10000,6422,0.055244
Arithmetic 32,10000,6423,0.05331
Arithmetic 32,10000,6424,0.054185
Arithmetic 32,10000,6425,0.053249
Arithmetic 32,10000,6426,0.052763
Arithmetic 32,10000,6427,0.053576
Arithmetic 32,10000,6428,0.054332
Arithmetic 32,10000,6429,0.053625
Arithmetic 32,10000,6430,0.054972
Arithmetic 32,10000,6431,0.05424
Arithmetic 32,10000,6432,0.054024
Arithmetic 32,10000,6433,0.053434
Arithmetic 32,10000,6434,0.053163
Arithmetic 32,10000,6435,0.054104
Arithmetic 32,10000,6436,0.054344
Arithmetic 32,10000,6437,0.052794
Arithmetic 32,10000,6438,0.053514
Arithmetic 32,10000,6439,0.053877
Arithmetic 32,10000,6440,0.053797
Arithmetic 32,10000,6441,0.052505
Arithmetic 32,10000,6442,0.054517
Arithmetic 32,10000,6443,0.052911
Arithmetic 32,10000,6444,0.053871
Arithmetic 32,10000,6445,0.053102
Arithmetic 32,10000,6446,0.053508
Arithmetic 32,10000,6447,0.053452
Arithmetic 32,10000,6448,0.054788
Arithmetic 32,10000,6449,0.053988
Arithmetic 32,10000,6450,0.054862
Arithmetic 32,10000,6451,0.053028
Arithmetic 32,10000,6452,0.054782
Arithmetic 32,10000,6453,0.053932
Arithmetic 32,10000,6454,0.05384
Arithmetic 32,10000,6455,0.054726
Arithmetic 32,10000,6456,0.054492
Arithmetic 32,10000,6457,0.054831
Arithmetic 32,10000,6458,0.053698
Arithmetic 32,10000,6459,0.052665
Arithmetic 32,10000,6460,0.054172
Arithmetic 32,10000,6461,0.053409
Arithmetic 32,10000,6462,0.054437
Arithmetic 32,10000,6463,0.053397
Arithmetic 32,10000,6464,0.053428
Arithmetic 32,10000,6465,0.054191
Arithmetic 32,10000,6466,0.054813
Arithmetic 32,10000,6467,0.053932
Arithmetic 32,10000,6468,0.054197
Arithmetic 32,10000,6469,0.053625
Arithmetic 32,10000,6470,0.053465
Arithmetic 32,10000,6471,0.053895
Arithmetic 32,10000,6472,0.054419
Arithmetic 32,10000,6473,0.052727
Arithmetic 32,10000,6474,0.054037
Arithmetic 32,10000,6475,0.05448
Arithmetic 32,10000,6476,0.054344
Arithmetic 32,10000,6477,0.053027
Arithmetic 32,10000,6478,0.054437
Arithmetic 32,10000,6479,0.055391
Arithmetic 32,10000,6480,0.053699
Arithmetic 32,10000,6481,0.053452
Arithmetic 32,10000,6482,0.053551
Arithmetic 32,10000,6483,0.05296
Arithmetic 32,10000,6484,0.054985
Arithmetic 32,10000,6485,0.053384
Arithmetic 32,10000,6486,0.054517
Arithmetic 32,10000,6487,0.053502
Arithmetic 32,10000,6488,0.054363
Arithmetic 32,10000,6489,0.054136
Arithmetic 32,10000,6490,0.053699
Arithmetic 32,10000,6491,0.053994
Arithmetic 32,10000,6492,0.053575
Arithmetic 32,10000,6493,0.054579
Arithmetic 32,10000,6494,0.054511
Arithmetic 32,10000,6495,0.053508
Arithmetic 32,10000,6496,0.05328
Arithmetic 32,10000,6497,0.052628
Arithmetic 32,10000,6498,0.05392
Arithmetic 32,10000,6499,0.053421
Arithmetic 32,10000,6500,0.05533
Arithmetic 32,10000,6501,0.053046
Arithmetic 32,10000,6502,0.054548
Arithmetic 32,10000,6503,0.053637
Arithmetic 32,10000,6504,0.055409
Arithmetic 32,10000,6505,0.054874
Arithmetic 32,10000,6506,0.054345
Arithmetic 32,10000,6507,0.053243
Arithmetic 32,10000,6508,0.054419
Arithmetic 32,10000,6509,0.053299
Arithmetic 32,10000,6510,0.05403
Arithmetic 32,10000,6511,0.054314
Arithmetic 32,10000,6512,0.053323
Arithmetic 32,10000,6513,0.054185
Arithmetic 32,10000,6514,0.053693
Arithmetic 32,10000,6515,0.053618
Arithmetic 32,10000,6516,0.053551
Arithmetic 32,10000,6517,0.053656
Arithmetic 32,10000,6518,0.053219
Arithmetic 32,10000,6519,0.053661
Arithmetic 32,10000,6520,0.054905
Arithmetic 32,10000,6521,0.054018
Arithmetic 32,10000,6522,0.054074
Arithmetic 32,10000,6523,0.053957
Arithmetic 32,10000,6524,0.054302
Arithmetic 32,10000,6525,0.054332
Arithmetic 32,10000,6526,0.054191
Arithmetic 32,10000,6527,0.053551
Arithmetic 32,10000,6528,0.05376
Arithmetic 32,10000,6529,0.053416
Arithmetic 32,10000,6530,0.054191
Arithmetic 32,10000,6531,0.054652
Arithmetic 32,10000,6532,0.055157
Arithmetic 32,10000,6533,0.054425
Arithmetic 32,10000,6534,0.054351
Arithmetic 32,10000,6535,0.053957
Arithmetic 32,10000,6536,0.054098
Arithmetic 32,10000,6537,0.053298
Arithmetic 32,10000,6538,0.054431
Arithmetic 32,10000,6539,0.054364
Arithmetic 32,10000,6540,0.053846
Arithmetic 32,10000,6541,0.053877
Arithmetic 32,10000,6542,0.054018
Arithmetic 32,10000,6543,0.05384
Arithmetic 32,10000,6544,0.053686
Arithmetic 32,10000,6545,0.05413
Arithmetic 32,10000,6546,0.052892
Arithmetic 32,10000,6547,0.054584
Arithmetic 32,10000,6548,0.05392
Arithmetic 32,10000,6549,0.054068
Arithmetic 32,10000,6550,0.053981
Arithmetic 32,10000,6551,0.054184
Arithmetic 32,10000,6552,0.053877
Arithmetic 32,10000,6553,0.053274
Arithmetic 32,10000,6554,0.052788
Arithmetic 32,10000,6555,0.052966
Arithmetic 32,10000,6556,0.054172
Arithmetic 32,10000,6557,0.054419
Arithmetic 32,10000,6558,0.054659
Arithmetic 32,10000,6559,0.05368
Arithmetic 32,10000,6560,0.054394
Arithmetic 32,10000,6561,0.053471
Arithmetic 32,10000,6562,0.053108
Arithmetic 32,10000,6563,0.053476
Arithmetic 32,10000,6564,0.053914
Arithmetic 32,10000,6565,0.053347
Arithmetic 32,10000,6566,0.0552
Arithmetic 32,10000,6567,0.054018
Arithmetic 32,10000,6568,0.053661
Arithmetic 32,10000,6569,0.054013
Arithmetic 32,10000,6570,0.053637
Arithmetic 32,10000,6571,0.052984
Arithmetic 32,10000,6572,0.054369
Arithmetic 32,10000,6573,0.053815
Arithmetic 32,10000,6574,0.055064
Arithmetic 32,10000,6575,0.054548
Arithmetic 32,10000,6576,0.0552
Arithmetic 32,10000,6577,0.053853
Arithmetic 32,10000,6578,0.054474
Arithmetic 32,10000,6579,0.053409
Arithmetic 32,10000,6580,0.053336
Arithmetic 32,10000,6581,0.053225
Arithmetic 32,10000,6582,0.054204
Arithmetic 32,10000,6583,0.053083
Arithmetic 32,10000,6584,0.053637
Arithmetic 32,10000,6585,0.052831
Arithmetic 32,10000,6586,0.05459
Arithmetic 32,10000,6587,0.053157
Arithmetic 32,10000,6588,0.053372
Arithmetic 32,10000,6589,0.053526
Arithmetic 32,10000,6590,0.053711
Arithmetic 32,10000,6591,0.054117
Arithmetic 32,10000,6592,0.054837
Arithmetic 32,10000,6593,0.054578
Arithmetic 32,10000,6594,0.052387
Arithmetic 32,10000,6595,0.053827
Arithmetic 32,10000,6596,0.054068
Arithmetic 32,10000,6597,0.053637
Arithmetic 32,10000,6598,0.05424
Arithmetic 32,10000,6599,0.053988
Arithmetic 32,10000,6600,0.053803
Arithmetic 32,10000,6601,0.054793
Arithmetic 32,10000,6602,0.053883
Arithmetic 32,10000,6603,0.053551
Arithmetic 32,10000,6604,0.053846
Arithmetic 32,10000,6605,0.053194
Arithmetic 32,10000,6606,0.05432
Arithmetic 32,10000,6607,0.053544
Arithmetic 32,10000,6608,0.053907
Arithmetic 32,10000,6609,0.053508
Arithmetic 32,10000,6610,0.054714
Arithmetic 32,10000,6611,0.054579
Arithmetic 32,10000,6612,0.054504
Arithmetic 32,10000,6613,0.054037
Arithmetic 32,10000,6614,0.053951
Arithmetic 32,10000,6615,0.053649
Arithmetic 32,10000,6616,0.053576
Arithmetic 32,10000,6617,0.05352
Arithmetic 32,10000,6618,0.054499
Arithmetic 32,10000,6619,0.054751
Arithmetic 32,10000,6620,0.053274
Arithmetic 32,10000,6621,0.053292
Arithmetic 32,10000,6622,0.054043
Arithmetic 32,10000,6623,0.053926
Arithmetic 32,10000,6624,0.053705
Arithmetic 32,10000,6625,0.054579
Arithmetic 32,10000,6626,0.053981
Arithmetic 32,10000,6627,0.054086
Arithmetic 32,10000,6628,0.054548
Arithmetic 32,10000,6629,0.054166
Arithmetic 32,10000,6630,0.053619
Arithmetic 32,10000,6631,0.053698
Arithmetic 32,10000,6632,0.054098
Arithmetic 32,10000,6633,0.053366
Arithmetic 32,10000,6634,0.053495
Arithmetic 32,10000,6635,0.053391
Arithmetic 32,10000,6636,0.053667
Arithmetic 32,10000,6637,0.054443
Arithmetic 32,10000,6638,0.053059
Arithmetic 32,10000,6639,0.052179
Arithmetic 32,10000,6640,0.054142
Arithmetic 32,10000,6641,0.053883
Arithmetic 32,10000,6642,0.05384
Arithmetic 32,10000,6643,0.054652
Arithmetic 32,10000,6644,0.054215
Arithmetic 32,10000,6645,0.054265
Arithmetic 32,10000,6646,0.054517
Arithmetic 32,10000,6647,0.054714
Arithmetic 32,10000,6648,0.054449
Arithmetic 32,10000,6649,0.053533
Arithmetic 32,10000,6650,0.05365
Arithmetic 32,10000,6651,0.054184
Arithmetic 32,10000,6652,0.05424
Arithmetic 32,10000,6653,0.053717
Arithmetic 32,10000,6654,0.053939
Arithmetic 32,10000,6655,0.05395
Arithmetic 32,10000,6656,0.054707
Arithmetic 32,10000,6657,0.052818
Arithmetic 32,10000,6658,0.053988
Arithmetic 32,10000,6659,0.055225
Arithmetic 32,10000,6660,0.054172
Arithmetic 32,10000,6661,0.054535
Arithmetic 32,10000,6662,0.053982
Arithmetic 32,10000,6663,0.052763
Arithmetic 32,10000,6664,0.05411
Arithmetic 32,10000,6665,0.053981
Arithmetic 32,10000,6666,0.053864
Arithmetic 32,10000,6667,0.053428
Arithmetic 32,10000,6668,0.053717
Arithmetic 32,10000,6669,0.053416
Arithmetic 32,10000,6670,0.05328
Arithmetic 32,10000,6671,0.055255
Arithmetic 32,10000,6672,0.053298
Arithmetic 32,10000,6673,0.054683
Arithmetic 32,10000,6674,0.053465
Arithmetic 32,10000,6675,0.054006
Arithmetic 32,10000,6676,0.053803
Arithmetic 32,10000,6677,0.054468
Arithmetic 32,10000,6678,0.053994
Arithmetic 32,10000,6679,0.05376
Arithmetic 32,10000,6680,0.053132
Arithmetic 32,10000,6681,0.053822
Arithmetic 32,10000,6682,0.054535
Arithmetic 32,10000,6683,0.053637
Arithmetic 32,10000,6684,0.053194
Arithmetic 32,10000,6685,0.054209
Arithmetic 32,10000,6686,0.054124
Arithmetic 32,10000,6687,0.054375
Arithmetic 32,10000,6688,0.054917
Arithmetic 32,10000,6689,0.054246
Arithmetic 32,10000,6690,0.05536
Arithmetic 32,10000,6691,0.053539
Arithmetic 32,10000,6692,0.053902
Arithmetic 32,10000,6693,0.052689
Arithmetic 32,10000,6694,0.05376
Arithmetic 32,10000,6695,0.053268
Arithmetic 32,10000,6696,0.054056
Arithmetic 32,10000,6697,0.054394
Arithmetic 32,10000,6698,0.054579
Arithmetic 32,10000,6699,0.054049
Arithmetic 32,10000,6700,0.054775
Arithmetic 32,10000,6701,0.053403
Arithmetic 32,10000,6702,0.054166
Arithmetic 32,10000,6703,0.053187
Arithmetic 32,10000,6704,0.054105
Arithmetic 32,10000,6705,0.05408
Arithmetic 32,10000,6706,0.054683
Arithmetic 32,10000,6707,0.054098
Arithmetic 32,10000,6708,0.054382
Arithmetic 32,10000,6709,0.054468
Arithmetic 32,10000,6710,0.053353
Arithmetic 32,10000,6711,0.053145
Arithmetic 32,10000,6712,0.054215
Arithmetic 32,10000,6713,0.053963
Arithmetic 32,10000,6714,0.052825
Arithmetic 32,10000,6715,0.053299
Arithmetic 32,10000,6716,0.054363
Arithmetic 32,10000,6717,0.054425
Arithmetic 32,10000,6718,0.055126
Arithmetic 32,10000,6719,0.054646
Arithmetic 32,10000,6720,0.05368
Arithmetic 32,10000,6721,0.053846
Arithmetic 32,10000,6722,0.054345
Arithmetic 32,10000,6723,0.05384
Arithmetic 32,10000,6724,0.053988
Arithmetic 32,10000,6725,0.053852
Arithmetic 32,10000,6726,0.055188
Arithmetic 32,10000,6727,0.055231
Arithmetic 32,10000,6728,0.053502
Arithmetic 32,10000,6729,0.054413
Arithmetic 32,10000,6730,0.053914
Arithmetic 32,10000,6731,0.054566
Arithmetic 32,10000,6732,0.053773
Arithmetic 32,10000,6733,0.052794
Arithmetic 32,10000,6734,0.05432
Arithmetic 32,10000,6735,0.05312
Arithmetic 32,10000,6736,0.054677
Arithmetic 32,10000,6737,0.0536
Arithmetic 32,10000,6738,0.054376
Arithmetic 32,10000,6739,0.053404
Arithmetic 32,10000,6740,0.053255
Arithmetic 32,10000,6741,0.053674
Arithmetic 32,10000,6742,0.053778
Arithmetic 32,10000,6743,0.053846
Arithmetic 32,10000,6744,0.054929
Arithmetic 32,10000,6745,0.055372
Arithmetic 32,10000,6746,0.053735
Arithmetic 32,10000,6747,0.053791
Arithmetic 32,10000,6748,0.054517
Arithmetic 32,10000,6749,0.053828
Arithmetic 32,10000,6750,0.053483
Arithmetic 32,10000,6751,0.053711
Arithmetic 32,10000,6752,0.05464
Arithmetic 32,10000,6753,0.05408
Arithmetic 32,10000,6754,0.056111
Arithmetic 32,10000,6755,0.053662
Arithmetic 32,10000,6756,0.054621
Arithmetic 32,10000,6757,0.054234
Arithmetic 32,10000,6758,0.05536
Arithmetic 32,10000,6759,0.053015
Arithmetic 32,10000,6760,0.053853
Arithmetic 32,10000,6761,0.053403
Arithmetic 32,10000,6762,0.054615
Arithmetic 32,10000,6763,0.054615
Arithmetic 32,10000,6764,0.054228
Arithmetic 32,10000,6765,0.053151
Arithmetic 32,10000,6766,0.053243
Arithmetic 32,10000,6767,0.053735
Arithmetic 32,10000,6768,0.05368
Arithmetic 32,10000,6769,0.053908
Arithmetic 32,10000,6770,0.053188
Arithmetic 32,10000,6771,0.054258
Arithmetic 32,10000,6772,0.054542
Arithmetic 32,10000,6773,0.05371
Arithmetic 32,10000,6774,0.054535
Arithmetic 32,10000,6775,0.053206
Arithmetic 32,10000,6776,0.053662
Arithmetic 32,10000,6777,0.054363
Arithmetic 32,10000,6778,0.053379
Arithmetic 32,10000,6779,0.05416
Arithmetic 32,10000,6780,0.053662
Arithmetic 32,10000,6781,0.054701
Arithmetic 32,10000,6782,0.054714
Arithmetic 32,10000,6783,0.05323
Arithmetic 32,10000,6784,0.052825
Arithmetic 32,10000,6785,0.054037
Arithmetic 32,10000,6786,0.054948
Arithmetic 32,10000,6787,0.054597
Arithmetic 32,10000,6788,0.054726
Arithmetic 32,10000,6789,0.053545
Arithmetic 32,10000,6790,0.054308
Arithmetic 32,10000,6791,0.053588
Arithmetic 32,10000,6792,0.054031
Arithmetic 32,10000,6793,0.052813
Arithmetic 32,10000,6794,0.05344
Arithmetic 32,10000,6795,0.053963
Arithmetic 32,10000,6796,0.054973
Arithmetic 32,10000,6797,0.054227
Arithmetic 32,10000,6798,0.053514
Arithmetic 32,10000,6799,0.054253
Arithmetic 32,10000,6800,0.054105
Arithmetic 32,10000,6801,0.054068
Arithmetic 32,10000,6802,0.053464
Arithmetic 32,10000,6803,0.053649
Arithmetic 32,10000,6804,0.053926
Arithmetic 32,10000,6805,0.05352
Arithmetic 32,10000,6806,0.053471
Arithmetic 32,10000,6807,0.054406
Arithmetic 32,10000,6808,0.053668
Arithmetic 32,10000,6809,0.053452
Arithmetic 32,10000,6810,0.054129
Arithmetic 32,10000,6811,0.054215
Arithmetic 32,10000,6812,0.053342
Arithmetic 32,10000,6813,0.053077
Arithmetic 32,10000,6814,0.054984
Arithmetic 32,10000,6815,0.053434
Arithmetic 32,10000,6816,0.053612
Arithmetic 32,10000,6817,0.055594
Arithmetic 32,10000,6818,0.054763
Arithmetic 32,10000,6819,0.054942
Arithmetic 32,10000,6820,0.053883
Arithmetic 32,10000,6821,0.054874
Arithmetic 32,10000,6822,0.053939
Arithmetic 32,10000,6823,0.053705
Arithmetic 32,10000,6824,0.054283
Arithmetic 32,10000,6825,0.054092
Arithmetic 32,10000,6826,0.054092
Arithmetic 32,10000,6827,0.053778
Arithmetic 32,10000,6828,0.053883
Arithmetic 32,10000,6829,0.052252
Arithmetic 32,10000,6830,0.053545
Arithmetic 32,10000,6831,0.053366
Arithmetic 32,10000,6832,0.053667
Arithmetic 32,10000,6833,0.053052
Arithmetic 32,10000,6834,0.054
Arithmetic 32,10000,6835,0.055963
Arithmetic 32,10000,6836,0.054283
Arithmetic 32,10000,6837,0.053187
Arithmetic 32,10000,6838,0.054295
Arithmetic 32,10000,6839,0.053735
Arithmetic 32,10000,6840,0.053981
Arithmetic 32,10000,6841,0.053508
Arithmetic 32,10000,6842,0.053544
Arithmetic 32,10000,6843,0.05424
Arithmetic 32,10000,6844,0.054547
Arithmetic 32,10000,6845,0.054246
Arithmetic 32,10000,6846,0.055157
Arithmetic 32,10000,6847,0.052431
Arithmetic 32,10000,6848,0.053341
Arithmetic 32,10000,6849,0.05363
Arithmetic 32,10000,6850,0.052874
Arithmetic 32,10000,6851,0.053625
Arithmetic 32,10000,6852,0.053544
Arithmetic 32,10000,6853,0.055397
Arithmetic 32,10000,6854,0.052978
Arithmetic 32,10000,6855,0.053883
Arithmetic 32,10000,6856,0.053379
Arithmetic 32,10000,6857,0.053926
Arithmetic 32,10000,6858,0.054111
Arithmetic 32,10000,6859,0.053396
Arithmetic 32,10000,6860,0.054228
Arithmetic 32,10000,6861,0.052738
Arithmetic 32,10000,6862,0.053538
Arithmetic 32,10000,6863,0.053261
Arithmetic 32,10000,6864,0.054898
Arithmetic 32,10000,6865,0.053613
Arithmetic 32,10000,6866,0.054424
Arithmetic 32,10000,6867,0.053834
Arithmetic 32,10000,6868,0.053163
Arithmetic 32,10000,6869,0.053034
Arithmetic 32,10000,6870,0.053028
Arithmetic 32,10000,6871,0.053785
Arithmetic 32,10000,6872,0.054142
Arithmetic 32,10000,6873,0.054253
Arithmetic 32,10000,6874,0.054296
Arithmetic 32,10000,6875,0.053772
Arithmetic 32,10000,6876,0.053735
Arithmetic 32,10000,6877,0.053465
Arithmetic 32,10000,6878,0.053674
Arithmetic 32,10000,6879,0.052529
Arithmetic 32,10000,6880,0.054289
Arithmetic 32,10000,6881,0.053852
Arithmetic 32,10000,6882,0.052831
Arithmetic 32,10000,6883,0.053766
Arithmetic 32,10000,6884,0.053613
Arithmetic 32,10000,6885,0.054216
Arithmetic 32,10000,6886,0.0532
Arithmetic 32,10000,6887,0.053502
Arithmetic 32,10000,6888,0.053908
Arithmetic 32,10000,6889,0.053612
Arithmetic 32,10000,6890,0.054468
Arithmetic 32,10000,6891,0.054222
Arithmetic 32,10000,6892,0.053994
Arithmetic 32,10000,6893,0.054215
Arithmetic 32,10000,6894,0.054185
Arithmetic 32,10000,6895,0.053256
Arithmetic 32,10000,6896,0.05488
Arithmetic 32,10000,6897,0.051643
Arithmetic 32,10000,6898,0.054037
Arithmetic 32,10000,6899,0.054357
Arithmetic 32,10000,6900,0.054363
Arithmetic 32,10000,6901,0.053588
Arithmetic 32,10000,6902,0.053483
Arithmetic 32,10000,6903,0.054363
Arithmetic 32,10000,6904,0.053994
Arithmetic 32,10000,6905,0.054086
Arithmetic 32,10000,6906,0.053169
Arithmetic 32,10000,6907,0.054338
Arithmetic 32,10000,6908,0.054326
Arithmetic 32,10000,6909,0.053723
Arithmetic 32,10000,6910,0.054541
Arithmetic 32,10000,6911,0.053668
Arithmetic 32,10000,6912,0.054794
Arithmetic 32,10000,6913,0.054695
Arithmetic 32,10000,6914,0.054166
Arithmetic 32,10000,6915,0.054104
Arithmetic 32,10000,6916,0.053453
Arithmetic 32,10000,6917,0.05328
Arithmetic 32,10000,6918,0.05376
Arithmetic 32,10000,6919,0.053237
Arithmetic 32,10000,6920,0.053557
Arithmetic 32,10000,6921,0.052788
Arithmetic 32,10000,6922,0.054369
Arithmetic 32,10000,6923,0.054498
Arithmetic 32,10000,6924,0.054578
Arithmetic 32,10000,6925,0.055317
Arithmetic 32,10000,6926,0.054197
Arithmetic 32,10000,6927,0.053582
Arithmetic 32,10000,6928,0.054345
Arithmetic 32,10000,6929,0.053766
Arithmetic 32,10000,6930,0.052954
Arithmetic 32,10000,6931,0.053268
Arithmetic 32,10000,6932,0.054197
Arithmetic 32,10000,6933,0.054431
Arithmetic 32,10000,6934,0.053828
Arithmetic 32,10000,6935,0.05331
Arithmetic 32,10000,6936,0.054615
Arithmetic 32,10000,6937,0.054086
Arithmetic 32,10000,6938,0.054203
Arithmetic 32,10000,6939,0.053957
Arithmetic 32,10000,6940,0.054443
Arithmetic 32,10000,6941,0.053188
Arithmetic 32,10000,6942,0.053372
Arithmetic 32,10000,6943,0.05408
Arithmetic 32,10000,6944,0.053741
Arithmetic 32,10000,6945,0.053108
Arithmetic 32,10000,6946,0.054006
Arithmetic 32,10000,6947,0.053409
Arithmetic 32,10000,6948,0.053594
Arithmetic 32,10000,6949,0.054074
Arithmetic 32,10000,6950,0.054191
Arithmetic 32,10000,6951,0.053434
Arithmetic 32,10000,6952,0.054529
Arithmetic 32,10000,6953,0.053477
Arithmetic 32,10000,6954,0.053773
Arithmetic 32,10000,6955,0.053834
Arithmetic 32,10000,6956,0.05304
Arithmetic 32,10000,6957,0.053033
Arithmetic 32,10000,6958,0.054185
Arithmetic 32,10000,6959,0.053114
Arithmetic 32,10000,6960,0.05293
Arithmetic 32,10000,6961,0.055693
Arithmetic 32,10000,6962,0.054714
Arithmetic 32,10000,6963,0.053182
Arithmetic 32,10000,6964,0.05347
Arithmetic 32,10000,6965,0.054
Arithmetic 32,10000,6966,0.053126
Arithmetic 32,10000,6967,0.054265
Arithmetic 32,10000,6968,0.053625
Arithmetic 32,10000,6969,0.053766
Arithmetic 32,10000,6970,0.054012
Arithmetic 32,10000,6971,0.053686
Arithmetic 32,10000,6972,0.053827
Arithmetic 32,10000,6973,0.05392
Arithmetic 32,10000,6974,0.05392
Arithmetic 32,10000,6975,0.054314
Arithmetic 32,10000,6976,0.053507
Arithmetic 32,10000,6977,0.053274
Arithmetic 32,10000,6978,0.053834
Arithmetic 32,10000,6979,0.053551
Arithmetic 32,10000,6980,0.054344
Arithmetic 32,10000,6981,0.053631
Arithmetic 32,10000,6982,0.054013
Arithmetic 32,10000,6983,0.053317
Arithmetic 32,10000,6984,0.054357
Arithmetic 32,10000,6985,0.054523
Arithmetic 32,10000,6986,0.054443
Arithmetic 32,10000,6987,0.053932
Arithmetic 32,10000,6988,0.05419
Arithmetic 32,10000,6989,0.054221
Arithmetic 32,10000,6990,0.053865
Arithmetic 32,10000,6991,0.05464
Arithmetic 32,10000,6992,0.054874
Arithmetic 32,10000,6993,0.053102
Arithmetic 32,10000,6994,0.054166
Arithmetic 32,10000,6995,0.053366
Arithmetic 32,10000,6996,0.053428
Arithmetic 32,10000,6997,0.053945
Arithmetic 32,10000,6998,0.053631
Arithmetic 32,10000,6999,0.053908
Arithmetic 32,10000,7000,0.054233
Arithmetic 32,10000,7001,0.058504
Arithmetic 32,10000,7002,0.056351
Arithmetic 32,10000,7003,0.054812
Arithmetic 32,10000,7004,0.055274
Arithmetic 32,10000,7005,0.054627
Arithmetic 32,10000,7006,0.05504
Arithmetic 32,10000,7007,0.053864
Arithmetic 32,10000,7008,0.055538
Arithmetic 32,10000,7009,0.054153
Arithmetic 32,10000,7010,0.054301
Arithmetic 32,10000,7011,0.053409
Arithmetic 32,10000,7012,0.054443
Arithmetic 32,10000,7013,0.055127
Arithmetic 32,10000,7014,0.054018
Arithmetic 32,10000,7015,0.053735
Arithmetic 32,10000,7016,0.053341
Arithmetic 32,10000,7017,0.053434
Arithmetic 32,10000,7018,0.053618
Arithmetic 32,10000,7019,0.055625
Arithmetic 32,10000,7020,0.054092
Arithmetic 32,10000,7021,0.053809
Arithmetic 32,10000,7022,0.054424
Arithmetic 32,10000,7023,0.053853
Arithmetic 32,10000,7024,0.053927
Arithmetic 32,10000,7025,0.054585
Arithmetic 32,10000,7026,0.053778
Arithmetic 32,10000,7027,0.054468
Arithmetic 32,10000,7028,0.054677
Arithmetic 32,10000,7029,0.053741
Arithmetic 32,10000,7030,0.054271
Arithmetic 32,10000,7031,0.054197
Arithmetic 32,10000,7032,0.054216
Arithmetic 32,10000,7033,0.053889
Arithmetic 32,10000,7034,0.0532
Arithmetic 32,10000,7035,0.054166
Arithmetic 32,10000,7036,0.055028
Arithmetic 32,10000,7037,0.054296
Arithmetic 32,10000,7038,0.056062
Arithmetic 32,10000,7039,0.054794
Arithmetic 32,10000,7040,0.060868
Arithmetic 32,10000,7041,0.060074
Arithmetic 32,10000,7042,0.056671
Arithmetic 32,10000,7043,0.05445
Arithmetic 32,10000,7044,0.054382
Arithmetic 32,10000,7045,0.05544
Arithmetic 32,10000,7046,0.054105
Arithmetic 32,10000,7047,0.05376
Arithmetic 32,10000,7048,0.055046
Arithmetic 32,10000,7049,0.055262
Arithmetic 32,10000,7050,0.055379
Arithmetic 32,10000,7051,0.05389
Arithmetic 32,10000,7052,0.05397
Arithmetic 32,10000,7053,0.05392
Arithmetic 32,10000,7054,0.054763
Arithmetic 32,10000,7055,0.05443
Arithmetic 32,10000,7056,0.054461
Arithmetic 32,10000,7057,0.052917
Arithmetic 32,10000,7058,0.054751
Arithmetic 32,10000,7059,0.0544
Arithmetic 32,10000,7060,0.053471
Arithmetic 32,10000,7061,0.054203
Arithmetic 32,10000,7062,0.0548
Arithmetic 32,10000,7063,0.053225
Arithmetic 32,10000,7064,0.053385
Arithmetic 32,10000,7065,0.055237
Arithmetic 32,10000,7066,0.054812
Arithmetic 32,10000,7067,0.054153
Arithmetic 32,10000,7068,0.054338
Arithmetic 32,10000,7069,0.054006
Arithmetic 32,10000,7070,0.054449
Arithmetic 32,10000,7071,0.054123
Arithmetic 32,10000,7072,0.054406
Arithmetic 32,10000,7073,0.054394
Arithmetic 32,10000,7074,0.054099
Arithmetic 32,10000,7075,0.053581
Arithmetic 32,10000,7076,0.054443
Arithmetic 32,10000,7077,0.054381
Arithmetic 32,10000,7078,0.053945
Arithmetic 32,10000,7079,0.054037
Arithmetic 32,10000,7080,0.054339
Arithmetic 32,10000,7081,0.05357
Arithmetic 32,10000,7082,0.053218
Arithmetic 32,10000,7083,0.053969
Arithmetic 32,10000,7084,0.053126
Arithmetic 32,10000,7085,0.054634
Arithmetic 32,10000,7086,0.054215
Arithmetic 32,10000,7087,0.05339
Arithmetic 32,10000,7088,0.05416
Arithmetic 32,10000,7089,0.053889
Arithmetic 32,10000,7090,0.054382
Arithmetic 32,10000,7091,0.053803
Arithmetic 32,10000,7092,0.055151
Arithmetic 32,10000,7093,0.053821
Arithmetic 32,10000,7094,0.053699
Arithmetic 32,10000,7095,0.053187
Arithmetic 32,10000,7096,0.053877
Arithmetic 32,10000,7097,0.054061
Arithmetic 32,10000,7098,0.054074
Arithmetic 32,10000,7099,0.053446
Arithmetic 32,10000,7100,0.054387
Arithmetic 32,10000,7101,0.053348
Arithmetic 32,10000,7102,0.05429
Arithmetic 32,10000,7103,0.054954
Arithmetic 32,10000,7104,0.053907
Arithmetic 32,10000,7105,0.054123
Arithmetic 32,10000,7106,0.05557
Arithmetic 32,10000,7107,0.053754
Arithmetic 32,10000,7108,0.054523
Arithmetic 32,10000,7109,0.053729
Arithmetic 32,10000,7110,0.054111
Arithmetic 32,10000,7111,0.053409
Arithmetic 32,10000,7112,0.056019
Arithmetic 32,10000,7113,0.0532
Arithmetic 32,10000,7114,0.053963
Arithmetic 32,10000,7115,0.054425
Arithmetic 32,10000,7116,0.053748
Arithmetic 32,10000,7117,0.054228
Arithmetic 32,10000,7118,0.054339
Arithmetic 32,10000,7119,0.054388
Arithmetic 32,10000,7120,0.092714
Arithmetic 32,10000,7121,0.053865
Arithmetic 32,10000,7122,0.054092
Arithmetic 32,10000,7123,0.05421
Arithmetic 32,10000,7124,0.05416
Arithmetic 32,10000,7125,0.05288
Arithmetic 32,10000,7126,0.054474
Arithmetic 32,10000,7127,0.053729
Arithmetic 32,10000,7128,0.054732
Arithmetic 32,10000,7129,0.106862
Arithmetic 32,10000,7130,0.055114
Arithmetic 32,10000,7131,0.054012
Arithmetic 32,10000,7132,0.05432
Arithmetic 32,10000,7133,0.054087
Arithmetic 32,10000,7134,0.053403
Arithmetic 32,10000,7135,0.05317
Arithmetic 32,10000,7136,0.053723
Arithmetic 32,10000,7137,0.053828
Arithmetic 32,10000,7138,0.063533
Arithmetic 32,10000,7139,0.05384
Arithmetic 32,10000,7140,0.055138
Arithmetic 32,10000,7141,0.053674
Arithmetic 32,10000,7142,0.053292
Arithmetic 32,10000,7143,0.053403
Arithmetic 32,10000,7144,0.054332
Arithmetic 32,10000,7145,0.054099
Arithmetic 32,10000,7146,0.053772
Arithmetic 32,10000,7147,0.063188
Arithmetic 32,10000,7148,0.054615
Arithmetic 32,10000,7149,0.053729
Arithmetic 32,10000,7150,0.053587
Arithmetic 32,10000,7151,0.053773
Arithmetic 32,10000,7152,0.053705
Arithmetic 32,10000,7153,0.054234
Arithmetic 32,10000,7154,0.054123
Arithmetic 32,10000,7155,0.052911
Arithmetic 32,10000,7156,0.05928
Arithmetic 32,10000,7157,0.054647
Arithmetic 32,10000,7158,0.054345
Arithmetic 32,10000,7159,0.053864
Arithmetic 32,10000,7160,0.053766
Arithmetic 32,10000,7161,0.053003
Arithmetic 32,10000,7162,0.05368
Arithmetic 32,10000,7163,0.054179
Arithmetic 32,10000,7164,0.054603
Arithmetic 32,10000,7165,0.057766
Arithmetic 32,10000,7166,0.054886
Arithmetic 32,10000,7167,0.054166
Arithmetic 32,10000,7168,0.05381
Arithmetic 32,10000,7169,0.0532
Arithmetic 32,10000,7170,0.05483
Arithmetic 32,10000,7171,0.054437
Arithmetic 32,10000,7172,0.054178
Arithmetic 32,10000,7173,0.054511
Arithmetic 32,10000,7174,0.055144
Arithmetic 32,10000,7175,0.054523
Arithmetic 32,10000,7176,0.05437
Arithmetic 32,10000,7177,0.053206
Arithmetic 32,10000,7178,0.053453
Arithmetic 32,10000,7179,0.053766
Arithmetic 32,10000,7180,0.054172
Arithmetic 32,10000,7181,0.060474
Arithmetic 32,10000,7182,0.058584
Arithmetic 32,10000,7183,0.066492
Arithmetic 32,10000,7184,0.063495
Arithmetic 32,10000,7185,0.065717
Arithmetic 32,10000,7186,0.063101
Arithmetic 32,10000,7187,0.061268
Arithmetic 32,10000,7188,0.06392
Arithmetic 32,10000,7189,0.059945
Arithmetic 32,10000,7190,0.059114
Arithmetic 32,10000,7191,0.06056
Arithmetic 32,10000,7192,0.071089
Arithmetic 32,10000,7193,0.065415
Arithmetic 32,10000,7194,0.057778
Arithmetic 32,10000,7195,0.055095
Arithmetic 32,10000,7196,0.056117
Arithmetic 32,10000,7197,0.054215
Arithmetic 32,10000,7198,0.054357
Arithmetic 32,10000,7199,0.053865
Arithmetic 32,10000,7200,0.054296
Arithmetic 32,10000,7201,0.053458
Arithmetic 32,10000,7202,0.053975
Arithmetic 32,10000,7203,0.055095
Arithmetic 32,10000,7204,0.05469
Arithmetic 32,10000,7205,0.055157
Arithmetic 32,10000,7206,0.054363
Arithmetic 32,10000,7207,0.054634
Arithmetic 32,10000,7208,0.053625
Arithmetic 32,10000,7209,0.053969
Arithmetic 32,10000,7210,0.053859
Arithmetic 32,10000,7211,0.054683
Arithmetic 32,10000,7212,0.054535
Arithmetic 32,10000,7213,0.054997
Arithmetic 32,10000,7214,0.054597
Arithmetic 32,10000,7215,0.054984
Arithmetic 32,10000,7216,0.05405
Arithmetic 32,10000,7217,0.053932
Arithmetic 32,10000,7218,0.053717
Arithmetic 32,10000,7219,0.053286
Arithmetic 32,10000,7220,0.054302
Arithmetic 32,10000,7221,0.05349
Arithmetic 32,10000,7222,0.0548
Arithmetic 32,10000,7223,0.054369
Arithmetic 32,10000,7224,0.053366
Arithmetic 32,10000,7225,0.054634
Arithmetic 32,10000,7226,0.054314
Arithmetic 32,10000,7227,0.053409
Arithmetic 32,10000,7228,0.054
Arithmetic 32,10000,7229,0.053348
Arithmetic 32,10000,7230,0.057114
Arithmetic 32,10000,7231,0.055329
Arithmetic 32,10000,7232,0.055864
Arithmetic 32,10000,7233,0.053077
Arithmetic 32,10000,7234,0.055206
Arithmetic 32,10000,7235,0.054339
Arithmetic 32,10000,7236,0.054043
Arithmetic 32,10000,7237,0.053637
Arithmetic 32,10000,7238,0.05371
Arithmetic 32,10000,7239,0.054388
Arithmetic 32,10000,7240,0.054166
Arithmetic 32,10000,7241,0.055606
Arithmetic 32,10000,7242,0.066781
Arithmetic 32,10000,7243,0.07008
Arithmetic 32,10000,7244,0.06117
Arithmetic 32,10000,7245,0.055865
Arithmetic 32,10000,7246,0.056068
Arithmetic 32,10000,7247,0.054302
Arithmetic 32,10000,7248,0.054117
Arithmetic 32,10000,7249,0.119385
Arithmetic 32,10000,7250,0.054425
Arithmetic 32,10000,7251,0.0548
Arithmetic 32,10000,7252,0.053674
Arithmetic 32,10000,7253,0.05461
Arithmetic 32,10000,7254,0.052689
Arithmetic 32,10000,7255,0.054376
Arithmetic 32,10000,7256,0.053557
Arithmetic 32,10000,7257,0.053938
Arithmetic 32,10000,7258,0.055674
Arithmetic 32,10000,7259,0.055083
Arithmetic 32,10000,7260,0.05483
Arithmetic 32,10000,7261,0.05472
Arithmetic 32,10000,7262,0.053914
Arithmetic 32,10000,7263,0.053809
Arithmetic 32,10000,7264,0.054529
Arithmetic 32,10000,7265,0.054351
Arithmetic 32,10000,7266,0.053896
Arithmetic 32,10000,7267,0.054695
Arithmetic 32,10000,7268,0.053907
Arithmetic 32,10000,7269,0.053366
Arithmetic 32,10000,7270,0.053668
Arithmetic 32,10000,7271,0.053828
Arithmetic 32,10000,7272,0.054591
Arithmetic 32,10000,7273,0.054456
Arithmetic 32,10000,7274,0.054393
Arithmetic 32,10000,7275,0.054597
Arithmetic 32,10000,7276,0.055416
Arithmetic 32,10000,7277,0.053164
Arithmetic 32,10000,7278,0.055157
Arithmetic 32,10000,7279,0.054825
Arithmetic 32,10000,7280,0.055151
Arithmetic 32,10000,7281,0.054129
Arithmetic 32,10000,7282,0.053975
Arithmetic 32,10000,7283,0.053908
Arithmetic 32,10000,7284,0.053526
Arithmetic 32,10000,7285,0.055563
Arithmetic 32,10000,7286,0.053883
Arithmetic 32,10000,7287,0.054099
Arithmetic 32,10000,7288,0.054418
Arithmetic 32,10000,7289,0.054025
Arithmetic 32,10000,7290,0.053846
Arithmetic 32,10000,7291,0.054597
Arithmetic 32,10000,7292,0.054037
Arithmetic 32,10000,7293,0.054449
Arithmetic 32,10000,7294,0.057741
Arithmetic 32,10000,7295,0.055846
Arithmetic 32,10000,7296,0.055409
Arithmetic 32,10000,7297,0.054634
Arithmetic 32,10000,7298,0.054461
Arithmetic 32,10000,7299,0.053729
Arithmetic 32,10000,7300,0.053779
Arithmetic 32,10000,7301,0.055058
Arithmetic 32,10000,7302,0.055576
Arithmetic 32,10000,7303,0.055588
Arithmetic 32,10000,7304,0.054634
Arithmetic 32,10000,7305,0.053883
Arithmetic 32,10000,7306,0.054947
Arithmetic 32,10000,7307,0.053723
Arithmetic 32,10000,7308,0.053957
Arithmetic 32,10000,7309,0.05424
Arithmetic 32,10000,7310,0.055735
Arithmetic 32,10000,7311,0.054007
Arithmetic 32,10000,7312,0.054529
Arithmetic 32,10000,7313,0.052892
Arithmetic 32,10000,7314,0.054936
Arithmetic 32,10000,7315,0.054098
Arithmetic 32,10000,7316,0.054738
Arithmetic 32,10000,7317,0.053643
Arithmetic 32,10000,7318,0.054166
Arithmetic 32,10000,7319,0.054407
Arithmetic 32,10000,7320,0.053495
Arithmetic 32,10000,7321,0.05477
Arithmetic 32,10000,7322,0.0544
Arithmetic 32,10000,7323,0.054326
Arithmetic 32,10000,7324,0.054093
Arithmetic 32,10000,7325,0.053822
Arithmetic 32,10000,7326,0.053736
Arithmetic 32,10000,7327,0.053913
Arithmetic 32,10000,7328,0.053581
Arithmetic 32,10000,7329,0.054504
Arithmetic 32,10000,7330,0.054184
Arithmetic 32,10000,7331,0.053588
Arithmetic 32,10000,7332,0.05408
Arithmetic 32,10000,7333,0.054923
Arithmetic 32,10000,7334,0.053828
Arithmetic 32,10000,7335,0.053901
Arithmetic 32,10000,7336,0.053717
Arithmetic 32,10000,7337,0.053575
Arithmetic 32,10000,7338,0.054333
Arithmetic 32,10000,7339,0.054283
Arithmetic 32,10000,7340,0.054247
Arithmetic 32,10000,7341,0.055569
Arithmetic 32,10000,7342,0.054074
Arithmetic 32,10000,7343,0.054486
Arithmetic 32,10000,7344,0.054664
Arithmetic 32,10000,7345,0.053028
Arithmetic 32,10000,7346,0.053711
Arithmetic 32,10000,7347,0.053773
Arithmetic 32,10000,7348,0.055304
Arithmetic 32,10000,7349,0.053772
Arithmetic 32,10000,7350,0.054616
Arithmetic 32,10000,7351,0.054449
Arithmetic 32,10000,7352,0.054609
Arithmetic 32,10000,7353,0.054179
Arithmetic 32,10000,7354,0.054012
Arithmetic 32,10000,7355,0.053631
Arithmetic 32,10000,7356,0.054216
Arithmetic 32,10000,7357,0.054935
Arithmetic 32,10000,7358,0.054579
Arithmetic 32,10000,7359,0.054006
Arithmetic 32,10000,7360,0.054018
Arithmetic 32,10000,7361,0.054517
Arithmetic 32,10000,7362,0.055009
Arithmetic 32,10000,7363,0.053219
Arithmetic 32,10000,7364,0.054018
Arithmetic 32,10000,7365,0.055514
Arithmetic 32,10000,7366,0.055644
Arithmetic 32,10000,7367,0.053139
Arithmetic 32,10000,7368,0.054
Arithmetic 32,10000,7369,0.054468
Arithmetic 32,10000,7370,0.053852
Arithmetic 32,10000,7371,0.054714
Arithmetic 32,10000,7372,0.055354
Arithmetic 32,10000,7373,0.053736
Arithmetic 32,10000,7374,0.054696
Arithmetic 32,10000,7375,0.054849
Arithmetic 32,10000,7376,0.054203
Arithmetic 32,10000,7377,0.053926
Arithmetic 32,10000,7378,0.055083
Arithmetic 32,10000,7379,0.053785
Arithmetic 32,10000,7380,0.054603
Arithmetic 32,10000,7381,0.053723
Arithmetic 32,10000,7382,0.053729
Arithmetic 32,10000,7383,0.054369
Arithmetic 32,10000,7384,0.054701
Arithmetic 32,10000,7385,0.054357
Arithmetic 32,10000,7386,0.055188
Arithmetic 32,10000,7387,0.054702
Arithmetic 32,10000,7388,0.05472
Arithmetic 32,10000,7389,0.054499
Arithmetic 32,10000,7390,0.054683
Arithmetic 32,10000,7391,0.054418
Arithmetic 32,10000,7392,0.053372
Arithmetic 32,10000,7393,0.054708
Arithmetic 32,10000,7394,0.053926
Arithmetic 32,10000,7395,0.054579
Arithmetic 32,10000,7396,0.053594
Arithmetic 32,10000,7397,0.053988
Arithmetic 32,10000,7398,0.054689
Arithmetic 32,10000,7399,0.053963
Arithmetic 32,10000,7400,0.054179
Arithmetic 32,10000,7401,0.05507
Arithmetic 32,10000,7402,0.054178
Arithmetic 32,10000,7403,0.054086
Arithmetic 32,10000,7404,0.05536
Arithmetic 32,10000,7405,0.054487
Arithmetic 32,10000,7406,0.054461
Arithmetic 32,10000,7407,0.053538
Arithmetic 32,10000,7408,0.05403
Arithmetic 32,10000,7409,0.053637
Arithmetic 32,10000,7410,0.053944
Arithmetic 32,10000,7411,0.054837
Arithmetic 32,10000,7412,0.05432
Arithmetic 32,10000,7413,0.054098
Arithmetic 32,10000,7414,0.053944
Arithmetic 32,10000,7415,0.053606
Arithmetic 32,10000,7416,0.05464
Arithmetic 32,10000,7417,0.054363
Arithmetic 32,10000,7418,0.054344
Arithmetic 32,10000,7419,0.053951
Arithmetic 32,10000,7420,0.055501
Arithmetic 32,10000,7421,0.056
Arithmetic 32,10000,7422,0.055132
Arithmetic 32,10000,7423,0.053803
Arithmetic 32,10000,7424,0.054111
Arithmetic 32,10000,7425,0.053157
Arithmetic 32,10000,7426,0.054511
Arithmetic 32,10000,7427,0.054308
Arithmetic 32,10000,7428,0.055397
Arithmetic 32,10000,7429,0.056018
Arithmetic 32,10000,7430,0.054314
Arithmetic 32,10000,7431,0.053951
Arithmetic 32,10000,7432,0.054406
Arithmetic 32,10000,7433,0.055077
Arithmetic 32,10000,7434,0.05408
Arithmetic 32,10000,7435,0.054178
Arithmetic 32,10000,7436,0.055053
Arithmetic 32,10000,7437,0.053667
Arithmetic 32,10000,7438,0.054492
Arithmetic 32,10000,7439,0.054264
Arithmetic 32,10000,7440,0.05507
Arithmetic 32,10000,7441,0.054376
Arithmetic 32,10000,7442,0.053933
Arithmetic 32,10000,7443,0.053871
Arithmetic 32,10000,7444,0.054216
Arithmetic 32,10000,7445,0.053877
Arithmetic 32,10000,7446,0.055071
Arithmetic 32,10000,7447,0.054468
Arithmetic 32,10000,7448,0.055212
Arithmetic 32,10000,7449,0.05392
Arithmetic 32,10000,7450,0.054572
Arithmetic 32,10000,7451,0.052775
Arithmetic 32,10000,7452,0.055016
Arithmetic 32,10000,7453,0.054037
Arithmetic 32,10000,7454,0.05397
Arithmetic 32,10000,7455,0.054111
Arithmetic 32,10000,7456,0.055003
Arithmetic 32,10000,7457,0.054246
Arithmetic 32,10000,7458,0.054529
Arithmetic 32,10000,7459,0.054074
Arithmetic 32,10000,7460,0.053815
Arithmetic 32,10000,7461,0.053348
Arithmetic 32,10000,7462,0.054695
Arithmetic 32,10000,7463,0.054966
Arithmetic 32,10000,7464,0.053625
Arithmetic 32,10000,7465,0.054547
Arithmetic 32,10000,7466,0.054579
Arithmetic 32,10000,7467,0.053803
Arithmetic 32,10000,7468,0.054289
Arithmetic 32,10000,7469,0.05328
Arithmetic 32,10000,7470,0.054726
Arithmetic 32,10000,7471,0.054197
Arithmetic 32,10000,7472,0.053471
Arithmetic 32,10000,7473,0.054104
Arithmetic 32,10000,7474,0.054295
Arithmetic 32,10000,7475,0.054252
Arithmetic 32,10000,7476,0.054178
Arithmetic 32,10000,7477,0.054061
Arithmetic 32,10000,7478,0.053747
Arithmetic 32,10000,7479,0.054394
Arithmetic 32,10000,7480,0.055034
Arithmetic 32,10000,7481,0.055108
Arithmetic 32,10000,7482,0.054776
Arithmetic 32,10000,7483,0.053957
Arithmetic 32,10000,7484,0.055163
Arithmetic 32,10000,7485,0.054387
Arithmetic 32,10000,7486,0.055028
Arithmetic 32,10000,7487,0.053963
Arithmetic 32,10000,7488,0.054935
Arithmetic 32,10000,7489,0.053908
Arithmetic 32,10000,7490,0.054757
Arithmetic 32,10000,7491,0.053785
Arithmetic 32,10000,7492,0.054634
Arithmetic 32,10000,7493,0.053865
Arithmetic 32,10000,7494,0.055458
Arithmetic 32,10000,7495,0.053944
Arithmetic 32,10000,7496,0.054486
Arithmetic 32,10000,7497,0.054055
Arithmetic 32,10000,7498,0.053828
Arithmetic 32,10000,7499,0.054172
Arithmetic 32,10000,7500,0.053723
Arithmetic 32,10000,7501,0.054062
Arithmetic 32,10000,7502,0.05355
Arithmetic 32,10000,7503,0.053649
Arithmetic 32,10000,7504,0.054567
Arithmetic 32,10000,7505,0.053865
Arithmetic 32,10000,7506,0.054418
Arithmetic 32,10000,7507,0.05376
Arithmetic 32,10000,7508,0.054271
Arithmetic 32,10000,7509,0.054265
Arithmetic 32,10000,7510,0.054197
Arithmetic 32,10000,7511,0.054037
Arithmetic 32,10000,7512,0.054043
Arithmetic 32,10000,7513,0.053416
Arithmetic 32,10000,7514,0.054713
Arithmetic 32,10000,7515,0.05496
Arithmetic 32,10000,7516,0.054911
Arithmetic 32,10000,7517,0.053237
Arithmetic 32,10000,7518,0.05488
Arithmetic 32,10000,7519,0.054055
Arithmetic 32,10000,7520,0.055225
Arithmetic 32,10000,7521,0.053692
Arithmetic 32,10000,7522,0.054713
Arithmetic 32,10000,7523,0.05416
Arithmetic 32,10000,7524,0.054295
Arithmetic 32,10000,7525,0.05408
Arithmetic 32,10000,7526,0.05435
Arithmetic 32,10000,7527,0.05427
Arithmetic 32,10000,7528,0.055059
Arithmetic 32,10000,7529,0.053557
Arithmetic 32,10000,7530,0.053785
Arithmetic 32,10000,7531,0.053674
Arithmetic 32,10000,7532,0.054406
Arithmetic 32,10000,7533,0.054406
Arithmetic 32,10000,7534,0.054584
Arithmetic 32,10000,7535,0.05992
Arithmetic 32,10000,7536,0.055053
Arithmetic 32,10000,7537,0.055883
Arithmetic 32,10000,7538,0.054684
Arithmetic 32,10000,7539,0.054295
Arithmetic 32,10000,7540,0.053569
Arithmetic 32,10000,7541,0.053877
Arithmetic 32,10000,7542,0.054418
Arithmetic 32,10000,7543,0.052886
Arithmetic 32,10000,7544,0.053772
Arithmetic 32,10000,7545,0.05427
Arithmetic 32,10000,7546,0.054437
Arithmetic 32,10000,7547,0.054966
Arithmetic 32,10000,7548,0.055483
Arithmetic 32,10000,7549,0.054098
Arithmetic 32,10000,7550,0.054874
Arithmetic 32,10000,7551,0.055219
Arithmetic 32,10000,7552,0.053932
Arithmetic 32,10000,7553,0.053914
Arithmetic 32,10000,7554,0.055003
Arithmetic 32,10000,7555,0.055415
Arithmetic 32,10000,7556,0.054523
Arithmetic 32,10000,7557,0.053914
Arithmetic 32,10000,7558,0.05408
Arithmetic 32,10000,7559,0.053975
Arithmetic 32,10000,7560,0.054344
Arithmetic 32,10000,7561,0.052812
Arithmetic 32,10000,7562,0.053064
Arithmetic 32,10000,7563,0.054462
Arithmetic 32,10000,7564,0.055908
Arithmetic 32,10000,7565,0.054092
Arithmetic 32,10000,7566,0.055071
Arithmetic 32,10000,7567,0.053686
Arithmetic 32,10000,7568,0.053877
Arithmetic 32,10000,7569,0.05429
Arithmetic 32,10000,7570,0.053816
Arithmetic 32,10000,7571,0.054136
Arithmetic 32,10000,7572,0.054196
Arithmetic 32,10000,7573,0.053975
Arithmetic 32,10000,7574,0.055397
Arithmetic 32,10000,7575,0.053926
Arithmetic 32,10000,7576,0.053126
Arithmetic 32,10000,7577,0.0544
Arithmetic 32,10000,7578,0.054542
Arithmetic 32,10000,7579,0.104572
Arithmetic 32,10000,7580,0.251581
Arithmetic 32,10000,7581,0.065569
Arithmetic 32,10000,7582,0.060141
Arithmetic 32,10000,7583,0.054105
Arithmetic 32,10000,7584,0.055452
Arithmetic 32,10000,7585,0.055157
Arithmetic 32,10000,7586,0.054105
Arithmetic 32,10000,7587,0.054258
Arithmetic 32,10000,7588,0.053778
Arithmetic 32,10000,7589,0.052246
Arithmetic 32,10000,7590,0.055501
Arithmetic 32,10000,7591,0.054006
Arithmetic 32,10000,7592,0.053976
Arithmetic 32,10000,7593,0.053889
Arithmetic 32,10000,7594,0.054141
Arithmetic 32,10000,7595,0.053046
Arithmetic 32,10000,7596,0.053969
Arithmetic 32,10000,7597,0.054468
Arithmetic 32,10000,7598,0.054584
Arithmetic 32,10000,7599,0.0552
Arithmetic 32,10000,7600,0.054025
Arithmetic 32,10000,7601,0.054424
Arithmetic 32,10000,7602,0.053957
Arithmetic 32,10000,7603,0.054271
Arithmetic 32,10000,7604,0.054444
Arithmetic 32,10000,7605,0.053446
Arithmetic 32,10000,7606,0.054756
Arithmetic 32,10000,7607,0.053563
Arithmetic 32,10000,7608,0.054308
Arithmetic 32,10000,7609,0.055065
Arithmetic 32,10000,7610,0.053945
Arithmetic 32,10000,7611,0.054197
Arithmetic 32,10000,7612,0.054702
Arithmetic 32,10000,7613,0.053323
Arithmetic 32,10000,7614,0.054166
Arithmetic 32,10000,7615,0.054554
Arithmetic 32,10000,7616,0.053655
Arithmetic 32,10000,7617,0.055975
Arithmetic 32,10000,7618,0.055053
Arithmetic 32,10000,7619,0.053556
Arithmetic 32,10000,7620,0.054099
Arithmetic 32,10000,7621,0.054141
Arithmetic 32,10000,7622,0.053748
Arithmetic 32,10000,7623,0.05453
Arithmetic 32,10000,7624,0.054012
Arithmetic 32,10000,7625,0.054148
Arithmetic 32,10000,7626,0.053397
Arithmetic 32,10000,7627,0.053175
Arithmetic 32,10000,7628,0.054394
Arithmetic 32,10000,7629,0.054284
Arithmetic 32,10000,7630,0.053231
Arithmetic 32,10000,7631,0.053975
Arithmetic 32,10000,7632,0.054905
Arithmetic 32,10000,7633,0.054369
Arithmetic 32,10000,7634,0.054547
Arithmetic 32,10000,7635,0.054314
Arithmetic 32,10000,7636,0.053526
Arithmetic 32,10000,7637,0.053656
Arithmetic 32,10000,7638,0.054449
Arithmetic 32,10000,7639,0.054024
Arithmetic 32,10000,7640,0.054486
Arithmetic 32,10000,7641,0.053261
Arithmetic 32,10000,7642,0.054333
Arithmetic 32,10000,7643,0.053895
Arithmetic 32,10000,7644,0.055175
Arithmetic 32,10000,7645,0.054099
Arithmetic 32,10000,7646,0.054615
Arithmetic 32,10000,7647,0.054191
Arithmetic 32,10000,7648,0.054394
Arithmetic 32,10000,7649,0.053083
Arithmetic 32,10000,7650,0.054012
Arithmetic 32,10000,7651,0.053576
Arithmetic 32,10000,7652,0.054123
Arithmetic 32,10000,7653,0.054228
Arithmetic 32,10000,7654,0.054228
Arithmetic 32,10000,7655,0.054019
Arithmetic 32,10000,7656,0.054276
Arithmetic 32,10000,7657,0.053877
Arithmetic 32,10000,7658,0.054437
Arithmetic 32,10000,7659,0.054498
Arithmetic 32,10000,7660,0.054295
Arithmetic 32,10000,7661,0.05461
Arithmetic 32,10000,7662,0.05501
Arithmetic 32,10000,7663,0.054388
Arithmetic 32,10000,7664,0.054067
Arithmetic 32,10000,7665,0.054043
Arithmetic 32,10000,7666,0.054252
Arithmetic 32,10000,7667,0.054634
Arithmetic 32,10000,7668,0.053643
Arithmetic 32,10000,7669,0.053175
Arithmetic 32,10000,7670,0.054794
Arithmetic 32,10000,7671,0.053896
Arithmetic 32,10000,7672,0.054652
Arithmetic 32,10000,7673,0.053895
Arithmetic 32,10000,7674,0.054701
Arithmetic 32,10000,7675,0.053969
Arithmetic 32,10000,7676,0.055206
Arithmetic 32,10000,7677,0.054074
Arithmetic 32,10000,7678,0.054887
Arithmetic 32,10000,7679,0.05344
Arithmetic 32,10000,7680,0.055501
Arithmetic 32,10000,7681,0.055107
Arithmetic 32,10000,7682,0.054443
Arithmetic 32,10000,7683,0.054406
Arithmetic 32,10000,7684,0.053889
Arithmetic 32,10000,7685,0.053489
Arithmetic 32,10000,7686,0.054671
Arithmetic 32,10000,7687,0.054283
Arithmetic 32,10000,7688,0.05352
Arithmetic 32,10000,7689,0.054295
Arithmetic 32,10000,7690,0.054609
Arithmetic 32,10000,7691,0.053563
Arithmetic 32,10000,7692,0.054646
Arithmetic 32,10000,7693,0.053723
Arithmetic 32,10000,7694,0.053809
Arithmetic 32,10000,7695,0.05408
Arithmetic 32,10000,7696,0.055846
Arithmetic 32,10000,7697,0.053496
Arithmetic 32,10000,7698,0.053914
Arithmetic 32,10000,7699,0.053138
Arithmetic 32,10000,7700,0.053188
Arithmetic 32,10000,7701,0.054363
Arithmetic 32,10000,7702,0.055772
Arithmetic 32,10000,7703,0.053717
Arithmetic 32,10000,7704,0.053933
Arithmetic 32,10000,7705,0.054486
Arithmetic 32,10000,7706,0.053341
Arithmetic 32,10000,7707,0.053538
Arithmetic 32,10000,7708,0.055335
Arithmetic 32,10000,7709,0.054929
Arithmetic 32,10000,7710,0.055003
Arithmetic 32,10000,7711,0.05368
Arithmetic 32,10000,7712,0.054074
Arithmetic 32,10000,7713,0.054019
Arithmetic 32,10000,7714,0.054
Arithmetic 32,10000,7715,0.096966
Arithmetic 32,10000,7716,0.054388
Arithmetic 32,10000,7717,0.053932
Arithmetic 32,10000,7718,0.053969
Arithmetic 32,10000,7719,0.053773
Arithmetic 32,10000,7720,0.054006
Arithmetic 32,10000,7721,0.05525
Arithmetic 32,10000,7722,0.053686
Arithmetic 32,10000,7723,0.053545
Arithmetic 32,10000,7724,0.09173
Arithmetic 32,10000,7725,0.053643
Arithmetic 32,10000,7726,0.053274
Arithmetic 32,10000,7727,0.053871
Arithmetic 32,10000,7728,0.054424
Arithmetic 32,10000,7729,0.052788
Arithmetic 32,10000,7730,0.053847
Arithmetic 32,10000,7731,0.053741
Arithmetic 32,10000,7732,0.053846
Arithmetic 32,10000,7733,0.053987
Arithmetic 32,10000,7734,0.053988
Arithmetic 32,10000,7735,0.053212
Arithmetic 32,10000,7736,0.054646
Arithmetic 32,10000,7737,0.05419
Arithmetic 32,10000,7738,0.053773
Arithmetic 32,10000,7739,0.053821
Arithmetic 32,10000,7740,0.053631
Arithmetic 32,10000,7741,0.05445
Arithmetic 32,10000,7742,0.054326
Arithmetic 32,10000,7743,0.053741
Arithmetic 32,10000,7744,0.053674
Arithmetic 32,10000,7745,0.053883
Arithmetic 32,10000,7746,0.054616
Arithmetic 32,10000,7747,0.053754
Arithmetic 32,10000,7748,0.054461
Arithmetic 32,10000,7749,0.053366
Arithmetic 32,10000,7750,0.05352
Arithmetic 32,10000,7751,0.05424
Arithmetic 32,10000,7752,0.054381
Arithmetic 32,10000,7753,0.054524
Arithmetic 32,10000,7754,0.05416
Arithmetic 32,10000,7755,0.053673
Arithmetic 32,10000,7756,0.054086
Arithmetic 32,10000,7757,0.054443
Arithmetic 32,10000,7758,0.056006
Arithmetic 32,10000,7759,0.053877
Arithmetic 32,10000,7760,0.057938
Arithmetic 32,10000,7761,0.05432
Arithmetic 32,10000,7762,0.054
Arithmetic 32,10000,7763,0.054166
Arithmetic 32,10000,7764,0.054203
Arithmetic 32,10000,7765,0.052326
Arithmetic 32,10000,7766,0.054142
Arithmetic 32,10000,7767,0.053095
Arithmetic 32,10000,7768,0.053735
Arithmetic 32,10000,7769,0.056437
Arithmetic 32,10000,7770,0.053871
Arithmetic 32,10000,7771,0.054197
Arithmetic 32,10000,7772,0.053711
Arithmetic 32,10000,7773,0.053219
Arithmetic 32,10000,7774,0.053126
Arithmetic 32,10000,7775,0.053225
Arithmetic 32,10000,7776,0.053773
Arithmetic 32,10000,7777,0.053864
Arithmetic 32,10000,7778,0.057083
Arithmetic 32,10000,7779,0.052547
Arithmetic 32,10000,7780,0.053538
Arithmetic 32,10000,7781,0.054067
Arithmetic 32,10000,7782,0.054628
Arithmetic 32,10000,7783,0.05331
Arithmetic 32,10000,7784,0.053736
Arithmetic 32,10000,7785,0.054117
Arithmetic 32,10000,7786,0.054148
Arithmetic 32,10000,7787,0.056487
Arithmetic 32,10000,7788,0.053932
Arithmetic 32,10000,7789,0.0548
Arithmetic 32,10000,7790,0.053784
Arithmetic 32,10000,7791,0.05331
Arithmetic 32,10000,7792,0.054147
Arithmetic 32,10000,7793,0.054541
Arithmetic 32,10000,7794,0.05368
Arithmetic 32,10000,7795,0.053766
Arithmetic 32,10000,7796,0.056357
Arithmetic 32,10000,7797,0.055022
Arithmetic 32,10000,7798,0.054554
Arithmetic 32,10000,7799,0.053329
Arithmetic 32,10000,7800,0.053317
Arithmetic 32,10000,7801,0.053963
Arithmetic 32,10000,7802,0.054868
Arithmetic 32,10000,7803,0.05421
Arithmetic 32,10000,7804,0.054296
Arithmetic 32,10000,7805,0.054344
Arithmetic 32,10000,7806,0.054929
Arithmetic 32,10000,7807,0.053735
Arithmetic 32,10000,7808,0.053846
Arithmetic 32,10000,7809,0.05336
Arithmetic 32,10000,7810,0.053969
Arithmetic 32,10000,7811,0.05331
Arithmetic 32,10000,7812,0.054221
Arithmetic 32,10000,7813,0.054997
Arithmetic 32,10000,7814,0.054867
Arithmetic 32,10000,7815,0.05328
Arithmetic 32,10000,7816,0.053981
Arithmetic 32,10000,7817,0.053071
Arithmetic 32,10000,7818,0.053366
Arithmetic 32,10000,7819,0.053378
Arithmetic 32,10000,7820,0.053699
Arithmetic 32,10000,7821,0.053391
Arithmetic 32,10000,7822,0.053938
Arithmetic 32,10000,7823,0.054111
Arithmetic 32,10000,7824,0.05403
Arithmetic 32,10000,7825,0.053957
Arithmetic 32,10000,7826,0.053594
Arithmetic 32,10000,7827,0.053421
Arithmetic 32,10000,7828,0.053428
Arithmetic 32,10000,7829,0.053674
Arithmetic 32,10000,7830,0.05488
Arithmetic 32,10000,7831,0.05328
Arithmetic 32,10000,7832,0.055144
Arithmetic 32,10000,7833,0.053156
Arithmetic 32,10000,7834,0.05392
Arithmetic 32,10000,7835,0.053644
Arithmetic 32,10000,7836,0.053847
Arithmetic 32,10000,7837,0.053976
Arithmetic 32,10000,7838,0.053736
Arithmetic 32,10000,7839,0.053612
Arithmetic 32,10000,7840,0.05296
Arithmetic 32,10000,7841,0.05376
Arithmetic 32,10000,7842,0.054437
Arithmetic 32,10000,7843,0.053378
Arithmetic 32,10000,7844,0.054167
Arithmetic 32,10000,7845,0.052449
Arithmetic 32,10000,7846,0.053163
Arithmetic 32,10000,7847,0.053883
Arithmetic 32,10000,7848,0.05384
Arithmetic 32,10000,7849,0.053932
Arithmetic 32,10000,7850,0.054701
Arithmetic 32,10000,7851,0.053871
Arithmetic 32,10000,7852,0.054141
Arithmetic 32,10000,7853,0.052578
Arithmetic 32,10000,7854,0.053237
Arithmetic 32,10000,7855,0.053459
Arithmetic 32,10000,7856,0.054258
Arithmetic 32,10000,7857,0.053969
Arithmetic 32,10000,7858,0.054067
Arithmetic 32,10000,7859,0.055249
Arithmetic 32,10000,7860,0.054258
Arithmetic 32,10000,7861,0.054154
Arithmetic 32,10000,7862,0.053384
Arithmetic 32,10000,7863,0.052893
Arithmetic 32,10000,7864,0.052831
Arithmetic 32,10000,7865,0.053194
Arithmetic 32,10000,7866,0.05397
Arithmetic 32,10000,7867,0.05357
Arithmetic 32,10000,7868,0.055846
Arithmetic 32,10000,7869,0.053422
Arithmetic 32,10000,7870,0.053939
Arithmetic 32,10000,7871,0.053489
Arithmetic 32,10000,7872,0.054283
Arithmetic 32,10000,7873,0.053508
Arithmetic 32,10000,7874,0.054018
Arithmetic 32,10000,7875,0.054209
Arithmetic 32,10000,7876,0.053613
Arithmetic 32,10000,7877,0.056265
Arithmetic 32,10000,7878,0.053834
Arithmetic 32,10000,7879,0.053464
Arithmetic 32,10000,7880,0.053415
Arithmetic 32,10000,7881,0.053452
Arithmetic 32,10000,7882,0.054018
Arithmetic 32,10000,7883,0.053729
Arithmetic 32,10000,7884,0.053711
Arithmetic 32,10000,7885,0.053465
Arithmetic 32,10000,7886,0.059668
Arithmetic 32,10000,7887,0.054621
Arithmetic 32,10000,7888,0.054333
Arithmetic 32,10000,7889,0.054073
Arithmetic 32,10000,7890,0.053643
Arithmetic 32,10000,7891,0.053126
Arithmetic 32,10000,7892,0.052634
Arithmetic 32,10000,7893,0.053816
Arithmetic 32,10000,7894,0.052812
Arithmetic 32,10000,7895,0.056227
Arithmetic 32,10000,7896,0.054289
Arithmetic 32,10000,7897,0.054111
Arithmetic 32,10000,7898,0.05448
Arithmetic 32,10000,7899,0.053772
Arithmetic 32,10000,7900,0.05424
Arithmetic 32,10000,7901,0.053034
Arithmetic 32,10000,7902,0.054264
Arithmetic 32,10000,7903,0.053114
Arithmetic 32,10000,7904,0.054487
Arithmetic 32,10000,7905,0.052468
Arithmetic 32,10000,7906,0.054296
Arithmetic 32,10000,7907,0.054228
Arithmetic 32,10000,7908,0.054209
Arithmetic 32,10000,7909,0.054381
Arithmetic 32,10000,7910,0.054216
Arithmetic 32,10000,7911,0.053194
Arithmetic 32,10000,7912,0.052991
Arithmetic 32,10000,7913,0.055102
Arithmetic 32,10000,7914,0.054258
Arithmetic 32,10000,7915,0.054444
Arithmetic 32,10000,7916,0.053551
Arithmetic 32,10000,7917,0.053255
Arithmetic 32,10000,7918,0.053477
Arithmetic 32,10000,7919,0.052701
Arithmetic 32,10000,7920,0.053729
Arithmetic 32,10000,7921,0.053834
Arithmetic 32,10000,7922,0.05608
Arithmetic 32,10000,7923,0.053237
Arithmetic 32,10000,7924,0.053181
Arithmetic 32,10000,7925,0.053853
Arithmetic 32,10000,7926,0.053569
Arithmetic 32,10000,7927,0.052935
Arithmetic 32,10000,7928,0.054123
Arithmetic 32,10000,7929,0.053821
Arithmetic 32,10000,7930,0.054178
Arithmetic 32,10000,7931,0.05571
Arithmetic 32,10000,7932,0.054012
Arithmetic 32,10000,7933,0.054068
Arithmetic 32,10000,7934,0.055219
Arithmetic 32,10000,7935,0.054056
Arithmetic 32,10000,7936,0.053723
Arithmetic 32,10000,7937,0.053471
Arithmetic 32,10000,7938,0.053619
Arithmetic 32,10000,7939,0.053305
Arithmetic 32,10000,7940,0.05496
Arithmetic 32,10000,7941,0.053157
Arithmetic 32,10000,7942,0.054068
Arithmetic 32,10000,7943,0.053551
Arithmetic 32,10000,7944,0.053982
Arithmetic 32,10000,7945,0.05368
Arithmetic 32,10000,7946,0.053945
Arithmetic 32,10000,7947,0.053944
Arithmetic 32,10000,7948,0.054831
Arithmetic 32,10000,7949,0.055028
Arithmetic 32,10000,7950,0.053883
Arithmetic 32,10000,7951,0.053212
Arithmetic 32,10000,7952,0.053692
Arithmetic 32,10000,7953,0.054104
Arithmetic 32,10000,7954,0.053784
Arithmetic 32,10000,7955,0.053304
Arithmetic 32,10000,7956,0.054326
Arithmetic 32,10000,7957,0.052985
Arithmetic 32,10000,7958,0.054979
Arithmetic 32,10000,7959,0.052812
Arithmetic 32,10000,7960,0.054179
Arithmetic 32,10000,7961,0.053668
Arithmetic 32,10000,7962,0.054412
Arithmetic 32,10000,7963,0.054246
Arithmetic 32,10000,7964,0.054068
Arithmetic 32,10000,7965,0.053631
Arithmetic 32,10000,7966,0.05381
Arithmetic 32,10000,7967,0.059028
Arithmetic 32,10000,7968,0.054585
Arithmetic 32,10000,7969,0.054086
Arithmetic 32,10000,7970,0.053507
Arithmetic 32,10000,7971,0.053163
Arithmetic 32,10000,7972,0.053286
Arithmetic 32,10000,7973,0.052314
Arithmetic 32,10000,7974,0.054234
Arithmetic 32,10000,7975,0.052929
Arithmetic 32,10000,7976,0.096049
Arithmetic 32,10000,7977,0.054043
Arithmetic 32,10000,7978,0.054068
Arithmetic 32,10000,7979,0.053379
Arithmetic 32,10000,7980,0.053508
Arithmetic 32,10000,7981,0.052905
Arithmetic 32,10000,7982,0.053507
Arithmetic 32,10000,7983,0.053391
Arithmetic 32,10000,7984,0.054523
Arithmetic 32,10000,7985,0.088806
Arithmetic 32,10000,7986,0.054166
Arithmetic 32,10000,7987,0.05264
Arithmetic 32,10000,7988,0.05424
Arithmetic 32,10000,7989,0.053071
Arithmetic 32,10000,7990,0.052757
Arithmetic 32,10000,7991,0.053003
Arithmetic 32,10000,7992,0.055224
Arithmetic 32,10000,7993,0.054523
Arithmetic 32,10000,7994,0.053907
Arithmetic 32,10000,7995,0.05408
Arithmetic 32,10000,7996,0.055009
Arithmetic 32,10000,7997,0.053194
Arithmetic 32,10000,7998,0.053828
Arithmetic 32,10000,7999,0.05432
Arithmetic 32,10000,8000,0.05357
Arithmetic 32,10000,8001,0.060216
Arithmetic 32,10000,8002,0.055907
Arithmetic 32,10000,8003,0.054455
Arithmetic 32,10000,8004,0.054215
Arithmetic 32,10000,8005,0.053822
Arithmetic 32,10000,8006,0.053637
Arithmetic 32,10000,8007,0.055483
Arithmetic 32,10000,8008,0.054548
Arithmetic 32,10000,8009,0.055459
Arithmetic 32,10000,8010,0.054689
Arithmetic 32,10000,8011,0.054677
Arithmetic 32,10000,8012,0.054812
Arithmetic 32,10000,8013,0.054714
Arithmetic 32,10000,8014,0.05328
Arithmetic 32,10000,8015,0.053982
Arithmetic 32,10000,8016,0.054209
Arithmetic 32,10000,8017,0.053698
Arithmetic 32,10000,8018,0.054861
Arithmetic 32,10000,8019,0.053594
Arithmetic 32,10000,8020,0.053674
Arithmetic 32,10000,8021,0.054086
Arithmetic 32,10000,8022,0.053723
Arithmetic 32,10000,8023,0.053643
Arithmetic 32,10000,8024,0.054031
Arithmetic 32,10000,8025,0.054025
Arithmetic 32,10000,8026,0.054265
Arithmetic 32,10000,8027,0.052923
Arithmetic 32,10000,8028,0.053859
Arithmetic 32,10000,8029,0.054855
Arithmetic 32,10000,8030,0.053495
Arithmetic 32,10000,8031,0.055292
Arithmetic 32,10000,8032,0.055668
Arithmetic 32,10000,8033,0.054603
Arithmetic 32,10000,8034,0.054148
Arithmetic 32,10000,8035,0.052541
Arithmetic 32,10000,8036,0.05355
Arithmetic 32,10000,8037,0.052972
Arithmetic 32,10000,8038,0.056806
Arithmetic 32,10000,8039,0.054314
Arithmetic 32,10000,8040,0.055298
Arithmetic 32,10000,8041,0.054436
Arithmetic 32,10000,8042,0.054271
Arithmetic 32,10000,8043,0.053206
Arithmetic 32,10000,8044,0.053305
Arithmetic 32,10000,8045,0.054197
Arithmetic 32,10000,8046,0.054406
Arithmetic 32,10000,8047,0.054554
Arithmetic 32,10000,8048,0.054892
Arithmetic 32,10000,8049,0.053304
Arithmetic 32,10000,8050,0.054474
Arithmetic 32,10000,8051,0.054105
Arithmetic 32,10000,8052,0.054369
Arithmetic 32,10000,8053,0.054781
Arithmetic 32,10000,8054,0.055089
Arithmetic 32,10000,8055,0.054677
Arithmetic 32,10000,8056,0.054554
Arithmetic 32,10000,8057,0.054627
Arithmetic 32,10000,8058,0.054203
Arithmetic 32,10000,8059,0.052942
Arithmetic 32,10000,8060,0.053687
Arithmetic 32,10000,8061,0.053643
Arithmetic 32,10000,8062,0.053951
Arithmetic 32,10000,8063,0.054579
Arithmetic 32,10000,8064,0.053975
Arithmetic 32,10000,8065,0.053803
Arithmetic 32,10000,8066,0.054086
Arithmetic 32,10000,8067,0.054659
Arithmetic 32,10000,8068,0.053557
Arithmetic 32,10000,8069,0.053428
Arithmetic 32,10000,8070,0.053324
Arithmetic 32,10000,8071,0.053022
Arithmetic 32,10000,8072,0.05472
Arithmetic 32,10000,8073,0.053052
Arithmetic 32,10000,8074,0.054991
Arithmetic 32,10000,8075,0.054092
Arithmetic 32,10000,8076,0.054388
Arithmetic 32,10000,8077,0.055705
Arithmetic 32,10000,8078,0.053754
Arithmetic 32,10000,8079,0.053545
Arithmetic 32,10000,8080,0.054461
Arithmetic 32,10000,8081,0.054006
Arithmetic 32,10000,8082,0.054585
Arithmetic 32,10000,8083,0.053551
Arithmetic 32,10000,8084,0.054591
Arithmetic 32,10000,8085,0.053914
Arithmetic 32,10000,8086,0.053803
Arithmetic 32,10000,8087,0.053773
Arithmetic 32,10000,8088,0.053397
Arithmetic 32,10000,8089,0.054339
Arithmetic 32,10000,8090,0.054327
Arithmetic 32,10000,8091,0.053908
Arithmetic 32,10000,8092,0.054233
Arithmetic 32,10000,8093,0.053779
Arithmetic 32,10000,8094,0.054339
Arithmetic 32,10000,8095,0.053409
Arithmetic 32,10000,8096,0.05381
Arithmetic 32,10000,8097,0.052302
Arithmetic 32,10000,8098,0.054332
Arithmetic 32,10000,8099,0.05368
Arithmetic 32,10000,8100,0.053859
Arithmetic 32,10000,8101,0.05408
Arithmetic 32,10000,8102,0.054111
Arithmetic 32,10000,8103,0.054153
Arithmetic 32,10000,8104,0.054197
Arithmetic 32,10000,8105,0.052197
Arithmetic 32,10000,8106,0.054056
Arithmetic 32,10000,8107,0.053945
Arithmetic 32,10000,8108,0.053274
Arithmetic 32,10000,8109,0.053459
Arithmetic 32,10000,8110,0.054584
Arithmetic 32,10000,8111,0.052781
Arithmetic 32,10000,8112,0.053649
Arithmetic 32,10000,8113,0.053902
Arithmetic 32,10000,8114,0.054455
Arithmetic 32,10000,8115,0.052191
Arithmetic 32,10000,8116,0.054123
Arithmetic 32,10000,8117,0.053742
Arithmetic 32,10000,8118,0.05384
Arithmetic 32,10000,8119,0.054313
Arithmetic 32,10000,8120,0.054633
Arithmetic 32,10000,8121,0.05384
Arithmetic 32,10000,8122,0.054505
Arithmetic 32,10000,8123,0.054313
Arithmetic 32,10000,8124,0.053858
Arithmetic 32,10000,8125,0.05445
Arithmetic 32,10000,8126,0.055384
Arithmetic 32,10000,8127,0.05448
Arithmetic 32,10000,8128,0.055384
Arithmetic 32,10000,8129,0.053988
Arithmetic 32,10000,8130,0.053852
Arithmetic 32,10000,8131,0.053212
Arithmetic 32,10000,8132,0.054142
Arithmetic 32,10000,8133,0.053354
Arithmetic 32,10000,8134,0.053994
Arithmetic 32,10000,8135,0.053889
Arithmetic 32,10000,8136,0.054215
Arithmetic 32,10000,8137,0.054898
Arithmetic 32,10000,8138,0.054794
Arithmetic 32,10000,8139,0.053649
Arithmetic 32,10000,8140,0.053397
Arithmetic 32,10000,8141,0.053569
Arithmetic 32,10000,8142,0.054733
Arithmetic 32,10000,8143,0.053544
Arithmetic 32,10000,8144,0.053742
Arithmetic 32,10000,8145,0.054363
Arithmetic 32,10000,8146,0.055514
Arithmetic 32,10000,8147,0.054222
Arithmetic 32,10000,8148,0.054258
Arithmetic 32,10000,8149,0.053908
Arithmetic 32,10000,8150,0.053852
Arithmetic 32,10000,8151,0.053945
Arithmetic 32,10000,8152,0.054339
Arithmetic 32,10000,8153,0.053218
Arithmetic 32,10000,8154,0.053809
Arithmetic 32,10000,8155,0.053606
Arithmetic 32,10000,8156,0.054154
Arithmetic 32,10000,8157,0.053692
Arithmetic 32,10000,8158,0.053852
Arithmetic 32,10000,8159,0.053341
Arithmetic 32,10000,8160,0.05376
Arithmetic 32,10000,8161,0.053132
Arithmetic 32,10000,8162,0.053736
Arithmetic 32,10000,8163,0.052689
Arithmetic 32,10000,8164,0.053034
Arithmetic 32,10000,8165,0.0536
Arithmetic 32,10000,8166,0.05432
Arithmetic 32,10000,8167,0.053538
Arithmetic 32,10000,8168,0.053563
Arithmetic 32,10000,8169,0.054972
Arithmetic 32,10000,8170,0.054172
Arithmetic 32,10000,8171,0.053742
Arithmetic 32,10000,8172,0.053551
Arithmetic 32,10000,8173,0.05499
Arithmetic 32,10000,8174,0.05424
Arithmetic 32,10000,8175,0.054905
Arithmetic 32,10000,8176,0.054092
Arithmetic 32,10000,8177,0.054351
Arithmetic 32,10000,8178,0.054413
Arithmetic 32,10000,8179,0.054068
Arithmetic 32,10000,8180,0.055145
Arithmetic 32,10000,8181,0.060284
Arithmetic 32,10000,8182,0.067508
Arithmetic 32,10000,8183,0.067988
Arithmetic 32,10000,8184,0.063735
Arithmetic 32,10000,8185,0.06208
Arithmetic 32,10000,8186,0.063871
Arithmetic 32,10000,8187,0.065508
Arithmetic 32,10000,8188,0.061378
Arithmetic 32,10000,8189,0.056418
Arithmetic 32,10000,8190,0.05557
Arithmetic 32,10000,8191,0.055766
Arithmetic 32,10000,8192,0.05541
Arithmetic 32,10000,8193,0.054615
Arithmetic 32,10000,8194,0.054462
Arithmetic 32,10000,8195,0.055286
Arithmetic 32,10000,8196,0.054351
Arithmetic 32,10000,8197,0.053655
Arithmetic 32,10000,8198,0.054597
Arithmetic 32,10000,8199,0.059815
Arithmetic 32,10000,8200,0.054277
Arithmetic 32,10000,8201,0.055631
Arithmetic 32,10000,8202,0.054406
Arithmetic 32,10000,8203,0.055052
Arithmetic 32,10000,8204,0.054018
Arithmetic 32,10000,8205,0.054105
Arithmetic 32,10000,8206,0.054622
Arithmetic 32,10000,8207,0.055138
Arithmetic 32,10000,8208,0.05477
Arithmetic 32,10000,8209,0.054074
Arithmetic 32,10000,8210,0.053981
Arithmetic 32,10000,8211,0.054622
Arithmetic 32,10000,8212,0.053335
Arithmetic 32,10000,8213,0.054529
Arithmetic 32,10000,8214,0.052843
Arithmetic 32,10000,8215,0.055286
Arithmetic 32,10000,8216,0.055188
Arithmetic 32,10000,8217,0.054837
Arithmetic 32,10000,8218,0.053544
Arithmetic 32,10000,8219,0.054745
Arithmetic 32,10000,8220,0.053865
Arithmetic 32,10000,8221,0.054049
Arithmetic 32,10000,8222,0.054221
Arithmetic 32,10000,8223,0.054344
Arithmetic 32,10000,8224,0.053969
Arithmetic 32,10000,8225,0.054259
Arithmetic 32,10000,8226,0.057022
Arithmetic 32,10000,8227,0.055194
Arithmetic 32,10000,8228,0.05312
Arithmetic 32,10000,8229,0.054603
Arithmetic 32,10000,8230,0.053852
Arithmetic 32,10000,8231,0.053914
Arithmetic 32,10000,8232,0.054135
Arithmetic 32,10000,8233,0.053785
Arithmetic 32,10000,8234,0.05459
Arithmetic 32,10000,8235,0.054468
Arithmetic 32,10000,8236,0.053729
Arithmetic 32,10000,8237,0.054086
Arithmetic 32,10000,8238,0.054265
Arithmetic 32,10000,8239,0.054332
Arithmetic 32,10000,8240,0.053699
Arithmetic 32,10000,8241,0.054394
Arithmetic 32,10000,8242,0.054523
Arithmetic 32,10000,8243,0.054086
Arithmetic 32,10000,8244,0.053994
Arithmetic 32,10000,8245,0.053514
Arithmetic 32,10000,8246,0.054345
Arithmetic 32,10000,8247,0.054701
Arithmetic 32,10000,8248,0.054307
Arithmetic 32,10000,8249,0.053852
Arithmetic 32,10000,8250,0.054578
Arithmetic 32,10000,8251,0.054172
Arithmetic 32,10000,8252,0.053557
Arithmetic 32,10000,8253,0.053809
Arithmetic 32,10000,8254,0.054265
Arithmetic 32,10000,8255,0.054831
Arithmetic 32,10000,8256,0.053539
Arithmetic 32,10000,8257,0.054738
Arithmetic 32,10000,8258,0.053495
Arithmetic 32,10000,8259,0.054283
Arithmetic 32,10000,8260,0.053348
Arithmetic 32,10000,8261,0.054585
Arithmetic 32,10000,8262,0.05528
Arithmetic 32,10000,8263,0.053748
Arithmetic 32,10000,8264,0.053219
Arithmetic 32,10000,8265,0.054819
Arithmetic 32,10000,8266,0.0536
Arithmetic 32,10000,8267,0.054277
Arithmetic 32,10000,8268,0.054732
Arithmetic 32,10000,8269,0.053908
Arithmetic 32,10000,8270,0.065532
Arithmetic 32,10000,8271,0.057138
Arithmetic 32,10000,8272,0.056547
Arithmetic 32,10000,8273,0.055194
Arithmetic 32,10000,8274,0.054283
Arithmetic 32,10000,8275,0.055181
Arithmetic 32,10000,8276,0.054788
Arithmetic 32,10000,8277,0.0548
Arithmetic 32,10000,8278,0.054099
Arithmetic 32,10000,8279,0.053747
Arithmetic 32,10000,8280,0.054794
Arithmetic 32,10000,8281,0.054892
Arithmetic 32,10000,8282,0.054369
Arithmetic 32,10000,8283,0.054375
Arithmetic 32,10000,8284,0.053889
Arithmetic 32,10000,8285,0.054141
Arithmetic 32,10000,8286,0.053778
Arithmetic 32,10000,8287,0.053674
Arithmetic 32,10000,8288,0.054419
Arithmetic 32,10000,8289,0.056289
Arithmetic 32,10000,8290,0.055052
Arithmetic 32,10000,8291,0.054542
Arithmetic 32,10000,8292,0.055052
Arithmetic 32,10000,8293,0.053612
Arithmetic 32,10000,8294,0.053428
Arithmetic 32,10000,8295,0.053557
Arithmetic 32,10000,8296,0.05504
Arithmetic 32,10000,8297,0.054443
Arithmetic 32,10000,8298,0.05424
Arithmetic 32,10000,8299,0.054886
Arithmetic 32,10000,8300,0.055735
Arithmetic 32,10000,8301,0.053649
Arithmetic 32,10000,8302,0.054708
Arithmetic 32,10000,8303,0.053821
Arithmetic 32,10000,8304,0.054233
Arithmetic 32,10000,8305,0.054486
Arithmetic 32,10000,8306,0.055446
Arithmetic 32,10000,8307,0.054892
Arithmetic 32,10000,8308,0.054585
Arithmetic 32,10000,8309,0.054357
Arithmetic 32,10000,8310,0.054129
Arithmetic 32,10000,8311,0.05501
Arithmetic 32,10000,8312,0.05525
Arithmetic 32,10000,8313,0.054578
Arithmetic 32,10000,8314,0.054585
Arithmetic 32,10000,8315,0.053465
Arithmetic 32,10000,8316,0.05565
Arithmetic 32,10000,8317,0.05405
Arithmetic 32,10000,8318,0.054664
Arithmetic 32,10000,8319,0.05544
Arithmetic 32,10000,8320,0.054247
Arithmetic 32,10000,8321,0.062265
Arithmetic 32,10000,8322,0.059588
Arithmetic 32,10000,8323,0.05688
Arithmetic 32,10000,8324,0.056394
Arithmetic 32,10000,8325,0.054444
Arithmetic 32,10000,8326,0.054012
Arithmetic 32,10000,8327,0.053902
Arithmetic 32,10000,8328,0.053846
Arithmetic 32,10000,8329,0.053944
Arithmetic 32,10000,8330,0.053366
Arithmetic 32,10000,8331,0.054382
Arithmetic 32,10000,8332,0.053969
Arithmetic 32,10000,8333,0.0552
Arithmetic 32,10000,8334,0.055569
Arithmetic 32,10000,8335,0.055243
Arithmetic 32,10000,8336,0.053957
Arithmetic 32,10000,8337,0.054117
Arithmetic 32,10000,8338,0.054197
Arithmetic 32,10000,8339,0.054351
Arithmetic 32,10000,8340,0.054351
Arithmetic 32,10000,8341,0.053674
Arithmetic 32,10000,8342,0.05456
Arithmetic 32,10000,8343,0.054677
Arithmetic 32,10000,8344,0.054037
Arithmetic 32,10000,8345,0.054074
Arithmetic 32,10000,8346,0.05413
Arithmetic 32,10000,8347,0.05451
Arithmetic 32,10000,8348,0.053336
Arithmetic 32,10000,8349,0.054696
Arithmetic 32,10000,8350,0.05405
Arithmetic 32,10000,8351,0.055108
Arithmetic 32,10000,8352,0.053988
Arithmetic 32,10000,8353,0.054813
Arithmetic 32,10000,8354,0.053551
Arithmetic 32,10000,8355,0.054148
Arithmetic 32,10000,8356,0.055009
Arithmetic 32,10000,8357,0.053563
Arithmetic 32,10000,8358,0.053858
Arithmetic 32,10000,8359,0.054523
Arithmetic 32,10000,8360,0.055409
Arithmetic 32,10000,8361,0.053711
Arithmetic 32,10000,8362,0.054948
Arithmetic 32,10000,8363,0.054277
Arithmetic 32,10000,8364,0.053698
Arithmetic 32,10000,8365,0.053705
Arithmetic 32,10000,8366,0.053871
Arithmetic 32,10000,8367,0.054474
Arithmetic 32,10000,8368,0.053397
Arithmetic 32,10000,8369,0.05477
Arithmetic 32,10000,8370,0.054357
Arithmetic 32,10000,8371,0.05392
Arithmetic 32,10000,8372,0.053348
Arithmetic 32,10000,8373,0.054708
Arithmetic 32,10000,8374,0.053428
Arithmetic 32,10000,8375,0.054302
Arithmetic 32,10000,8376,0.054978
Arithmetic 32,10000,8377,0.053767
Arithmetic 32,10000,8378,0.055471
Arithmetic 32,10000,8379,0.056068
Arithmetic 32,10000,8380,0.053883
Arithmetic 32,10000,8381,0.053194
Arithmetic 32,10000,8382,0.053348
Arithmetic 32,10000,8383,0.054942
Arithmetic 32,10000,8384,0.053828
Arithmetic 32,10000,8385,0.055256
Arithmetic 32,10000,8386,0.054646
Arithmetic 32,10000,8387,0.055212
Arithmetic 32,10000,8388,0.05461
Arithmetic 32,10000,8389,0.055133
Arithmetic 32,10000,8390,0.053557
Arithmetic 32,10000,8391,0.054462
Arithmetic 32,10000,8392,0.054265
Arithmetic 32,10000,8393,0.054474
Arithmetic 32,10000,8394,0.055329
Arithmetic 32,10000,8395,0.054308
Arithmetic 32,10000,8396,0.054572
Arithmetic 32,10000,8397,0.055022
Arithmetic 32,10000,8398,0.054302
Arithmetic 32,10000,8399,0.05539
Arithmetic 32,10000,8400,0.054609
Arithmetic 32,10000,8401,0.055409
Arithmetic 32,10000,8402,0.054117
Arithmetic 32,10000,8403,0.053747
Arithmetic 32,10000,8404,0.053828
Arithmetic 32,10000,8405,0.055816
Arithmetic 32,10000,8406,0.053249
Arithmetic 32,10000,8407,0.054234
Arithmetic 32,10000,8408,0.054123
Arithmetic 32,10000,8409,0.053896
Arithmetic 32,10000,8410,0.054653
Arithmetic 32,10000,8411,0.054067
Arithmetic 32,10000,8412,0.053815
Arithmetic 32,10000,8413,0.0552
Arithmetic 32,10000,8414,0.054899
Arithmetic 32,10000,8415,0.05408
Arithmetic 32,10000,8416,0.053625
Arithmetic 32,10000,8417,0.054234
Arithmetic 32,10000,8418,0.054313
Arithmetic 32,10000,8419,0.054739
Arithmetic 32,10000,8420,0.054929
Arithmetic 32,10000,8421,0.054129
Arithmetic 32,10000,8422,0.054246
Arithmetic 32,10000,8423,0.054381
Arithmetic 32,10000,8424,0.053508
Arithmetic 32,10000,8425,0.054775
Arithmetic 32,10000,8426,0.054191
Arithmetic 32,10000,8427,0.054197
Arithmetic 32,10000,8428,0.05435
Arithmetic 32,10000,8429,0.053545
Arithmetic 32,10000,8430,0.054843
Arithmetic 32,10000,8431,0.053858
Arithmetic 32,10000,8432,0.05467
Arithmetic 32,10000,8433,0.055076
Arithmetic 32,10000,8434,0.054363
Arithmetic 32,10000,8435,0.053108
Arithmetic 32,10000,8436,0.054916
Arithmetic 32,10000,8437,0.05517
Arithmetic 32,10000,8438,0.054117
Arithmetic 32,10000,8439,0.055034
Arithmetic 32,10000,8440,0.054345
Arithmetic 32,10000,8441,0.055391
Arithmetic 32,10000,8442,0.053729
Arithmetic 32,10000,8443,0.054585
Arithmetic 32,10000,8444,0.054271
Arithmetic 32,10000,8445,0.054695
Arithmetic 32,10000,8446,0.05384
Arithmetic 32,10000,8447,0.054394
Arithmetic 32,10000,8448,0.053618
Arithmetic 32,10000,8449,0.097428
Arithmetic 32,10000,8450,0.055194
Arithmetic 32,10000,8451,0.053723
Arithmetic 32,10000,8452,0.054283
Arithmetic 32,10000,8453,0.054898
Arithmetic 32,10000,8454,0.054221
Arithmetic 32,10000,8455,0.055895
Arithmetic 32,10000,8456,0.053619
Arithmetic 32,10000,8457,0.054726
Arithmetic 32,10000,8458,0.097619
Arithmetic 32,10000,8459,0.055113
Arithmetic 32,10000,8460,0.053674
Arithmetic 32,10000,8461,0.055668
Arithmetic 32,10000,8462,0.053957
Arithmetic 32,10000,8463,0.053446
Arithmetic 32,10000,8464,0.053403
Arithmetic 32,10000,8465,0.053009
Arithmetic 32,10000,8466,0.053982
Arithmetic 32,10000,8467,0.056548
Arithmetic 32,10000,8468,0.05517
Arithmetic 32,10000,8469,0.054363
Arithmetic 32,10000,8470,0.053114
Arithmetic 32,10000,8471,0.053871
Arithmetic 32,10000,8472,0.053945
Arithmetic 32,10000,8473,0.054326
Arithmetic 32,10000,8474,0.051846
Arithmetic 32,10000,8475,0.053594
Arithmetic 32,10000,8476,0.055754
Arithmetic 32,10000,8477,0.053465
Arithmetic 32,10000,8478,0.052984
Arithmetic 32,10000,8479,0.053939
Arithmetic 32,10000,8480,0.053287
Arithmetic 32,10000,8481,0.053421
Arithmetic 32,10000,8482,0.052431
Arithmetic 32,10000,8483,0.05453
Arithmetic 32,10000,8484,0.053557
Arithmetic 32,10000,8485,0.054899
Arithmetic 32,10000,8486,0.053256
Arithmetic 32,10000,8487,0.053828
Arithmetic 32,10000,8488,0.053612
Arithmetic 32,10000,8489,0.05387
Arithmetic 32,10000,8490,0.053434
Arithmetic 32,10000,8491,0.055698
Arithmetic 32,10000,8492,0.054105
Arithmetic 32,10000,8493,0.053895
Arithmetic 32,10000,8494,0.054793
Arithmetic 32,10000,8495,0.054203
Arithmetic 32,10000,8496,0.053877
Arithmetic 32,10000,8497,0.053151
Arithmetic 32,10000,8498,0.054025
Arithmetic 32,10000,8499,0.053465
Arithmetic 32,10000,8500,0.055391
Arithmetic 32,10000,8501,0.053791
Arithmetic 32,10000,8502,0.055385
Arithmetic 32,10000,8503,0.054431
Arithmetic 32,10000,8504,0.054203
Arithmetic 32,10000,8505,0.05416
Arithmetic 32,10000,8506,0.053058
Arithmetic 32,10000,8507,0.053889
Arithmetic 32,10000,8508,0.054055
Arithmetic 32,10000,8509,0.054265
Arithmetic 32,10000,8510,0.054117
Arithmetic 32,10000,8511,0.05483
Arithmetic 32,10000,8512,0.053815
Arithmetic 32,10000,8513,0.053896
Arithmetic 32,10000,8514,0.054683
Arithmetic 32,10000,8515,0.054012
Arithmetic 32,10000,8516,0.054314
Arithmetic 32,10000,8517,0.054684
Arithmetic 32,10000,8518,0.053988
Arithmetic 32,10000,8519,0.053908
Arithmetic 32,10000,8520,0.052547
Arithmetic 32,10000,8521,0.05416
Arithmetic 32,10000,8522,0.052818
Arithmetic 32,10000,8523,0.054486
Arithmetic 32,10000,8524,0.053544
Arithmetic 32,10000,8525,0.054468
Arithmetic 32,10000,8526,0.053489
Arithmetic 32,10000,8527,0.053464
Arithmetic 32,10000,8528,0.054517
Arithmetic 32,10000,8529,0.054351
Arithmetic 32,10000,8530,0.055557
Arithmetic 32,10000,8531,0.054904
Arithmetic 32,10000,8532,0.054357
Arithmetic 32,10000,8533,0.054819
Arithmetic 32,10000,8534,0.054203
Arithmetic 32,10000,8535,0.053465
Arithmetic 32,10000,8536,0.053791
Arithmetic 32,10000,8537,0.055255
Arithmetic 32,10000,8538,0.055059
Arithmetic 32,10000,8539,0.053969
Arithmetic 32,10000,8540,0.053224
Arithmetic 32,10000,8541,0.054547
Arithmetic 32,10000,8542,0.05307
Arithmetic 32,10000,8543,0.05456
Arithmetic 32,10000,8544,0.054609
Arithmetic 32,10000,8545,0.054061
Arithmetic 32,10000,8546,0.053563
Arithmetic 32,10000,8547,0.054455
Arithmetic 32,10000,8548,0.054092
Arithmetic 32,10000,8549,0.055133
Arithmetic 32,10000,8550,0.053095
Arithmetic 32,10000,8551,0.054055
Arithmetic 32,10000,8552,0.053409
Arithmetic 32,10000,8553,0.053822
Arithmetic 32,10000,8554,0.053889
Arithmetic 32,10000,8555,0.054142
Arithmetic 32,10000,8556,0.05368
Arithmetic 32,10000,8557,0.054707
Arithmetic 32,10000,8558,0.053003
Arithmetic 32,10000,8559,0.055052
Arithmetic 32,10000,8560,0.053865
Arithmetic 32,10000,8561,0.054068
Arithmetic 32,10000,8562,0.053447
Arithmetic 32,10000,8563,0.054419
Arithmetic 32,10000,8564,0.054178
Arithmetic 32,10000,8565,0.054726
Arithmetic 32,10000,8566,0.055852
Arithmetic 32,10000,8567,0.053834
Arithmetic 32,10000,8568,0.054424
Arithmetic 32,10000,8569,0.05395
Arithmetic 32,10000,8570,0.054695
Arithmetic 32,10000,8571,0.055539
Arithmetic 32,10000,8572,0.053607
Arithmetic 32,10000,8573,0.054154
Arithmetic 32,10000,8574,0.05368
Arithmetic 32,10000,8575,0.054954
Arithmetic 32,10000,8576,0.05435
Arithmetic 32,10000,8577,0.053969
Arithmetic 32,10000,8578,0.053323
Arithmetic 32,10000,8579,0.054
Arithmetic 32,10000,8580,0.054431
Arithmetic 32,10000,8581,0.054135
Arithmetic 32,10000,8582,0.05392
Arithmetic 32,10000,8583,0.054695
Arithmetic 32,10000,8584,0.053587
Arithmetic 32,10000,8585,0.053914
Arithmetic 32,10000,8586,0.053753
Arithmetic 32,10000,8587,0.054086
Arithmetic 32,10000,8588,0.053661
Arithmetic 32,10000,8589,0.053434
Arithmetic 32,10000,8590,0.053581
Arithmetic 32,10000,8591,0.053643
Arithmetic 32,10000,8592,0.052744
Arithmetic 32,10000,8593,0.054874
Arithmetic 32,10000,8594,0.05392
Arithmetic 32,10000,8595,0.05576
Arithmetic 32,10000,8596,0.053686
Arithmetic 32,10000,8597,0.05413
Arithmetic 32,10000,8598,0.053071
Arithmetic 32,10000,8599,0.053261
Arithmetic 32,10000,8600,0.054179
Arithmetic 32,10000,8601,0.05424
Arithmetic 32,10000,8602,0.056129
Arithmetic 32,10000,8603,0.055138
Arithmetic 32,10000,8604,0.052788
Arithmetic 32,10000,8605,0.054092
Arithmetic 32,10000,8606,0.053077
Arithmetic 32,10000,8607,0.054191
Arithmetic 32,10000,8608,0.053348
Arithmetic 32,10000,8609,0.054074
Arithmetic 32,10000,8610,0.052954
Arithmetic 32,10000,8611,0.055003
Arithmetic 32,10000,8612,0.05317
Arithmetic 32,10000,8613,0.053742
Arithmetic 32,10000,8614,0.054382
Arithmetic 32,10000,8615,0.053784
Arithmetic 32,10000,8616,0.053372
Arithmetic 32,10000,8617,0.053643
Arithmetic 32,10000,8618,0.05432
Arithmetic 32,10000,8619,0.053791
Arithmetic 32,10000,8620,0.053495
Arithmetic 32,10000,8621,0.053877
Arithmetic 32,10000,8622,0.054191
Arithmetic 32,10000,8623,0.054542
Arithmetic 32,10000,8624,0.053459
Arithmetic 32,10000,8625,0.053539
Arithmetic 32,10000,8626,0.054517
Arithmetic 32,10000,8627,0.05408
Arithmetic 32,10000,8628,0.05288
Arithmetic 32,10000,8629,0.055151
Arithmetic 32,10000,8630,0.053249
Arithmetic 32,10000,8631,0.054209
Arithmetic 32,10000,8632,0.054517
Arithmetic 32,10000,8633,0.054437
Arithmetic 32,10000,8634,0.054258
Arithmetic 32,10000,8635,0.053501
Arithmetic 32,10000,8636,0.054455
Arithmetic 32,10000,8637,0.053618
Arithmetic 32,10000,8638,0.054486
Arithmetic 32,10000,8639,0.054141
Arithmetic 32,10000,8640,0.053311
Arithmetic 32,10000,8641,0.053803
Arithmetic 32,10000,8642,0.053631
Arithmetic 32,10000,8643,0.054953
Arithmetic 32,10000,8644,0.054535
Arithmetic 32,10000,8645,0.053822
Arithmetic 32,10000,8646,0.052843
Arithmetic 32,10000,8647,0.055003
Arithmetic 32,10000,8648,0.053372
Arithmetic 32,10000,8649,0.053772
Arithmetic 32,10000,8650,0.0536
Arithmetic 32,10000,8651,0.053864
Arithmetic 32,10000,8652,0.05275
Arithmetic 32,10000,8653,0.054259
Arithmetic 32,10000,8654,0.05384
Arithmetic 32,10000,8655,0.054511
Arithmetic 32,10000,8656,0.053938
Arithmetic 32,10000,8657,0.053852
Arithmetic 32,10000,8658,0.053477
Arithmetic 32,10000,8659,0.054271
Arithmetic 32,10000,8660,0.054283
Arithmetic 32,10000,8661,0.053766
Arithmetic 32,10000,8662,0.052978
Arithmetic 32,10000,8663,0.054868
Arithmetic 32,10000,8664,0.052511
Arithmetic 32,10000,8665,0.054148
Arithmetic 32,10000,8666,0.053384
Arithmetic 32,10000,8667,0.054449
Arithmetic 32,10000,8668,0.053421
Arithmetic 32,10000,8669,0.052504
Arithmetic 32,10000,8670,0.053016
Arithmetic 32,10000,8671,0.054369
Arithmetic 32,10000,8672,0.053625
Arithmetic 32,10000,8673,0.054886
Arithmetic 32,10000,8674,0.054074
Arithmetic 32,10000,8675,0.054105
Arithmetic 32,10000,8676,0.053133
Arithmetic 32,10000,8677,0.054751
Arithmetic 32,10000,8678,0.053539
Arithmetic 32,10000,8679,0.054283
Arithmetic 32,10000,8680,0.052905
Arithmetic 32,10000,8681,0.052929
Arithmetic 32,10000,8682,0.053871
Arithmetic 32,10000,8683,0.053785
Arithmetic 32,10000,8684,0.053982
Arithmetic 32,10000,8685,0.053957
Arithmetic 32,10000,8686,0.053668
Arithmetic 32,10000,8687,0.053489
Arithmetic 32,10000,8688,0.053951
Arithmetic 32,10000,8689,0.054787
Arithmetic 32,10000,8690,0.053225
Arithmetic 32,10000,8691,0.054536
Arithmetic 32,10000,8692,0.055089
Arithmetic 32,10000,8693,0.05357
Arithmetic 32,10000,8694,0.054062
Arithmetic 32,10000,8695,0.053613
Arithmetic 32,10000,8696,0.053514
Arithmetic 32,10000,8697,0.053267
Arithmetic 32,10000,8698,0.053428
Arithmetic 32,10000,8699,0.053581
Arithmetic 32,10000,8700,0.053323
Arithmetic 32,10000,8701,0.053982
Arithmetic 32,10000,8702,0.054049
Arithmetic 32,10000,8703,0.054277
Arithmetic 32,10000,8704,0.055889
Arithmetic 32,10000,8705,0.054782
Arithmetic 32,10000,8706,0.053957
Arithmetic 32,10000,8707,0.053256
Arithmetic 32,10000,8708,0.052886
Arithmetic 32,10000,8709,0.055385
Arithmetic 32,10000,8710,0.053951
Arithmetic 32,10000,8711,0.053951
Arithmetic 32,10000,8712,0.054418
Arithmetic 32,10000,8713,0.053982
Arithmetic 32,10000,8714,0.052825
Arithmetic 32,10000,8715,0.053477
Arithmetic 32,10000,8716,0.054037
Arithmetic 32,10000,8717,0.053569
Arithmetic 32,10000,8718,0.054757
Arithmetic 32,10000,8719,0.053261
Arithmetic 32,10000,8720,0.052972
Arithmetic 32,10000,8721,0.05488
Arithmetic 32,10000,8722,0.054782
Arithmetic 32,10000,8723,0.054591
Arithmetic 32,10000,8724,0.054025
Arithmetic 32,10000,8725,0.053545
Arithmetic 32,10000,8726,0.054037
Arithmetic 32,10000,8727,0.055298
Arithmetic 32,10000,8728,0.053563
Arithmetic 32,10000,8729,0.054652
Arithmetic 32,10000,8730,0.053938
Arithmetic 32,10000,8731,0.053655
Arithmetic 32,10000,8732,0.053772
Arithmetic 32,10000,8733,0.054253
Arithmetic 32,10000,8734,0.05312
Arithmetic 32,10000,8735,0.05357
Arithmetic 32,10000,8736,0.055816
Arithmetic 32,10000,8737,0.054153
Arithmetic 32,10000,8738,0.053748
Arithmetic 32,10000,8739,0.054492
Arithmetic 32,10000,8740,0.053951
Arithmetic 32,10000,8741,0.053791
Arithmetic 32,10000,8742,0.054142
Arithmetic 32,10000,8743,0.05392
Arithmetic 32,10000,8744,0.053994
Arithmetic 32,10000,8745,0.05472
Arithmetic 32,10000,8746,0.053711
Arithmetic 32,10000,8747,0.054074
Arithmetic 32,10000,8748,0.054302
Arithmetic 32,10000,8749,0.054757
Arithmetic 32,10000,8750,0.05387
Arithmetic 32,10000,8751,0.054012
Arithmetic 32,10000,8752,0.053723
Arithmetic 32,10000,8753,0.054424
Arithmetic 32,10000,8754,0.054
Arithmetic 32,10000,8755,0.054382
Arithmetic 32,10000,8756,0.05376
Arithmetic 32,10000,8757,0.054689
Arithmetic 32,10000,8758,0.053366
Arithmetic 32,10000,8759,0.053705
Arithmetic 32,10000,8760,0.054264
Arithmetic 32,10000,8761,0.053317
Arithmetic 32,10000,8762,0.053643
Arithmetic 32,10000,8763,0.054628
Arithmetic 32,10000,8764,0.054197
Arithmetic 32,10000,8765,0.055705
Arithmetic 32,10000,8766,0.053773
Arithmetic 32,10000,8767,0.05472
Arithmetic 32,10000,8768,0.053944
Arithmetic 32,10000,8769,0.053951
Arithmetic 32,10000,8770,0.05432
Arithmetic 32,10000,8771,0.053809
Arithmetic 32,10000,8772,0.054259
Arithmetic 32,10000,8773,0.054904
Arithmetic 32,10000,8774,0.054443
Arithmetic 32,10000,8775,0.054308
Arithmetic 32,10000,8776,0.054184
Arithmetic 32,10000,8777,0.053662
Arithmetic 32,10000,8778,0.054191
Arithmetic 32,10000,8779,0.053914
Arithmetic 32,10000,8780,0.053766
Arithmetic 32,10000,8781,0.054824
Arithmetic 32,10000,8782,0.054184
Arithmetic 32,10000,8783,0.053447
Arithmetic 32,10000,8784,0.053594
Arithmetic 32,10000,8785,0.054819
Arithmetic 32,10000,8786,0.053877
Arithmetic 32,10000,8787,0.054252
Arithmetic 32,10000,8788,0.054012
Arithmetic 32,10000,8789,0.053483
Arithmetic 32,10000,8790,0.054787
Arithmetic 32,10000,8791,0.054794
Arithmetic 32,10000,8792,0.054492
Arithmetic 32,10000,8793,0.054111
Arithmetic 32,10000,8794,0.054825
Arithmetic 32,10000,8795,0.053699
Arithmetic 32,10000,8796,0.053274
Arithmetic 32,10000,8797,0.054037
Arithmetic 32,10000,8798,0.052492
Arithmetic 32,10000,8799,0.054708
Arithmetic 32,10000,8800,0.054431
Arithmetic 32,10000,8801,0.053815
Arithmetic 32,10000,8802,0.053404
Arithmetic 32,10000,8803,0.053458
Arithmetic 32,10000,8804,0.053354
Arithmetic 32,10000,8805,0.054357
Arithmetic 32,10000,8806,0.054597
Arithmetic 32,10000,8807,0.054991
Arithmetic 32,10000,8808,0.054751
Arithmetic 32,10000,8809,0.053705
Arithmetic 32,10000,8810,0.053274
Arithmetic 32,10000,8811,0.053735
Arithmetic 32,10000,8812,0.052966
Arithmetic 32,10000,8813,0.05464
Arithmetic 32,10000,8814,0.053766
Arithmetic 32,10000,8815,0.054105
Arithmetic 32,10000,8816,0.054493
Arithmetic 32,10000,8817,0.056529
Arithmetic 32,10000,8818,0.055588
Arithmetic 32,10000,8819,0.054677
Arithmetic 32,10000,8820,0.054314
Arithmetic 32,10000,8821,0.052542
Arithmetic 32,10000,8822,0.053784
Arithmetic 32,10000,8823,0.054369
Arithmetic 32,10000,8824,0.05363
Arithmetic 32,10000,8825,0.054178
Arithmetic 32,10000,8826,0.054117
Arithmetic 32,10000,8827,0.05432
Arithmetic 32,10000,8828,0.054056
Arithmetic 32,10000,8829,0.053895
Arithmetic 32,10000,8830,0.052517
Arithmetic 32,10000,8831,0.054184
Arithmetic 32,10000,8832,0.054689
Arithmetic 32,10000,8833,0.053243
Arithmetic 32,10000,8834,0.053736
Arithmetic 32,10000,8835,0.054566
Arithmetic 32,10000,8836,0.053668
Arithmetic 32,10000,8837,0.053593
Arithmetic 32,10000,8838,0.053698
Arithmetic 32,10000,8839,0.054621
Arithmetic 32,10000,8840,0.054732
Arithmetic 32,10000,8841,0.05365
Arithmetic 32,10000,8842,0.054154
Arithmetic 32,10000,8843,0.092369
Arithmetic 32,10000,8844,0.052954
Arithmetic 32,10000,8845,0.053446
Arithmetic 32,10000,8846,0.054283
Arithmetic 32,10000,8847,0.054579
Arithmetic 32,10000,8848,0.053384
Arithmetic 32,10000,8849,0.053914
Arithmetic 32,10000,8850,0.053187
Arithmetic 32,10000,8851,0.054363
Arithmetic 32,10000,8852,0.098787
Arithmetic 32,10000,8853,0.054068
Arithmetic 32,10000,8854,0.0532
Arithmetic 32,10000,8855,0.054455
Arithmetic 32,10000,8856,0.053606
Arithmetic 32,10000,8857,0.054973
Arithmetic 32,10000,8858,0.054376
Arithmetic 32,10000,8859,0.054117
Arithmetic 32,10000,8860,0.052573
Arithmetic 32,10000,8861,0.054732
Arithmetic 32,10000,8862,0.053384
Arithmetic 32,10000,8863,0.05413
Arithmetic 32,10000,8864,0.053809
Arithmetic 32,10000,8865,0.054603
Arithmetic 32,10000,8866,0.053169
Arithmetic 32,10000,8867,0.05397
Arithmetic 32,10000,8868,0.054597
Arithmetic 32,10000,8869,0.053821
Arithmetic 32,10000,8870,0.0544
Arithmetic 32,10000,8871,0.054074
Arithmetic 32,10000,8872,0.054191
Arithmetic 32,10000,8873,0.054012
Arithmetic 32,10000,8874,0.054147
Arithmetic 32,10000,8875,0.054744
Arithmetic 32,10000,8876,0.052689
Arithmetic 32,10000,8877,0.053249
Arithmetic 32,10000,8878,0.05296
Arithmetic 32,10000,8879,0.054788
Arithmetic 32,10000,8880,0.05376
Arithmetic 32,10000,8881,0.054024
Arithmetic 32,10000,8882,0.053453
Arithmetic 32,10000,8883,0.053956
Arithmetic 32,10000,8884,0.052566
Arithmetic 32,10000,8885,0.053692
Arithmetic 32,10000,8886,0.053717
Arithmetic 32,10000,8887,0.053859
Arithmetic 32,10000,8888,0.053514
Arithmetic 32,10000,8889,0.053644
Arithmetic 32,10000,8890,0.053495
Arithmetic 32,10000,8891,0.05499
Arithmetic 32,10000,8892,0.052609
Arithmetic 32,10000,8893,0.053938
Arithmetic 32,10000,8894,0.053619
Arithmetic 32,10000,8895,0.054424
Arithmetic 32,10000,8896,0.054111
Arithmetic 32,10000,8897,0.055243
Arithmetic 32,10000,8898,0.053975
Arithmetic 32,10000,8899,0.054443
Arithmetic 32,10000,8900,0.053834
Arithmetic 32,10000,8901,0.055256
Arithmetic 32,10000,8902,0.054886
Arithmetic 32,10000,8903,0.053957
Arithmetic 32,10000,8904,0.053698
Arithmetic 32,10000,8905,0.055225
Arithmetic 32,10000,8906,0.054893
Arithmetic 32,10000,8907,0.05413
Arithmetic 32,10000,8908,0.054018
Arithmetic 32,10000,8909,0.054271
Arithmetic 32,10000,8910,0.053502
Arithmetic 32,10000,8911,0.054394
Arithmetic 32,10000,8912,0.054523
Arithmetic 32,10000,8913,0.055145
Arithmetic 32,10000,8914,0.053938
Arithmetic 32,10000,8915,0.053994
Arithmetic 32,10000,8916,0.054012
Arithmetic 32,10000,8917,0.054154
Arithmetic 32,10000,8918,0.054221
Arithmetic 32,10000,8919,0.054406
Arithmetic 32,10000,8920,0.053705
Arithmetic 32,10000,8921,0.054388
Arithmetic 32,10000,8922,0.053692
Arithmetic 32,10000,8923,0.053951
Arithmetic 32,10000,8924,0.054517
Arithmetic 32,10000,8925,0.053698
Arithmetic 32,10000,8926,0.053588
Arithmetic 32,10000,8927,0.053551
Arithmetic 32,10000,8928,0.054154
Arithmetic 32,10000,8929,0.053822
Arithmetic 32,10000,8930,0.054105
Arithmetic 32,10000,8931,0.055182
Arithmetic 32,10000,8932,0.053249
Arithmetic 32,10000,8933,0.054013
Arithmetic 32,10000,8934,0.054049
Arithmetic 32,10000,8935,0.054449
Arithmetic 32,10000,8936,0.053613
Arithmetic 32,10000,8937,0.054868
Arithmetic 32,10000,8938,0.054332
Arithmetic 32,10000,8939,0.053483
Arithmetic 32,10000,8940,0.053286
Arithmetic 32,10000,8941,0.053785
Arithmetic 32,10000,8942,0.054277
Arithmetic 32,10000,8943,0.054338
Arithmetic 32,10000,8944,0.055243
Arithmetic 32,10000,8945,0.054733
Arithmetic 32,10000,8946,0.054578
Arithmetic 32,10000,8947,0.053969
Arithmetic 32,10000,8948,0.053687
Arithmetic 32,10000,8949,0.054775
Arithmetic 32,10000,8950,0.054393
Arithmetic 32,10000,8951,0.054197
Arithmetic 32,10000,8952,0.054406
Arithmetic 32,10000,8953,0.054234
Arithmetic 32,10000,8954,0.053046
Arithmetic 32,10000,8955,0.054043
Arithmetic 32,10000,8956,0.053581
Arithmetic 32,10000,8957,0.054043
Arithmetic 32,10000,8958,0.054
Arithmetic 32,10000,8959,0.055058
Arithmetic 32,10000,8960,0.055686
Arithmetic 32,10000,8961,0.055089
Arithmetic 32,10000,8962,0.05392
Arithmetic 32,10000,8963,0.053852
Arithmetic 32,10000,8964,0.053945
Arithmetic 32,10000,8965,0.054086
Arithmetic 32,10000,8966,0.05424
Arithmetic 32,10000,8967,0.053317
Arithmetic 32,10000,8968,0.054204
Arithmetic 32,10000,8969,0.054942
Arithmetic 32,10000,8970,0.054437
Arithmetic 32,10000,8971,0.054345
Arithmetic 32,10000,8972,0.052905
Arithmetic 32,10000,8973,0.053532
Arithmetic 32,10000,8974,0.054302
Arithmetic 32,10000,8975,0.054424
Arithmetic 32,10000,8976,0.054277
Arithmetic 32,10000,8977,0.054966
Arithmetic 32,10000,8978,0.054578
Arithmetic 32,10000,8979,0.054591
Arithmetic 32,10000,8980,0.054714
Arithmetic 32,10000,8981,0.053655
Arithmetic 32,10000,8982,0.053711
Arithmetic 32,10000,8983,0.053803
Arithmetic 32,10000,8984,0.054197
Arithmetic 32,10000,8985,0.054246
Arithmetic 32,10000,8986,0.053994
Arithmetic 32,10000,8987,0.054517
Arithmetic 32,10000,8988,0.052874
Arithmetic 32,10000,8989,0.053847
Arithmetic 32,10000,8990,0.053766
Arithmetic 32,10000,8991,0.054837
Arithmetic 32,10000,8992,0.053883
Arithmetic 32,10000,8993,0.053951
Arithmetic 32,10000,8994,0.052825
Arithmetic 32,10000,8995,0.053378
Arithmetic 32,10000,8996,0.052591
Arithmetic 32,10000,8997,0.054221
Arithmetic 32,10000,8998,0.053864
Arithmetic 32,10000,8999,0.052474
Arithmetic 32,10000,9000,0.053785
Arithmetic 32,10000,9001,0.060966
Arithmetic 32,10000,9002,0.055181
Arithmetic 32,10000,9003,0.056634
Arithmetic 32,10000,9004,0.05309
Arithmetic 32,10000,9005,0.055114
Arithmetic 32,10000,9006,0.054738
Arithmetic 32,10000,9007,0.054197
Arithmetic 32,10000,9008,0.053575
Arithmetic 32,10000,9009,0.055083
Arithmetic 32,10000,9010,0.053914
Arithmetic 32,10000,9011,0.053298
Arithmetic 32,10000,9012,0.054781
Arithmetic 32,10000,9013,0.054831
Arithmetic 32,10000,9014,0.052787
Arithmetic 32,10000,9015,0.054609
Arithmetic 32,10000,9016,0.054468
Arithmetic 32,10000,9017,0.054227
Arithmetic 32,10000,9018,0.05309
Arithmetic 32,10000,9019,0.053717
Arithmetic 32,10000,9020,0.053427
Arithmetic 32,10000,9021,0.055231
Arithmetic 32,10000,9022,0.053827
Arithmetic 32,10000,9023,0.055004
Arithmetic 32,10000,9024,0.054252
Arithmetic 32,10000,9025,0.0544
Arithmetic 32,10000,9026,0.054455
Arithmetic 32,10000,9027,0.053643
Arithmetic 32,10000,9028,0.053551
Arithmetic 32,10000,9029,0.054037
Arithmetic 32,10000,9030,0.054714
Arithmetic 32,10000,9031,0.053342
Arithmetic 32,10000,9032,0.053428
Arithmetic 32,10000,9033,0.053477
Arithmetic 32,10000,9034,0.053434
Arithmetic 32,10000,9035,0.054141
Arithmetic 32,10000,9036,0.053711
Arithmetic 32,10000,9037,0.05384
Arithmetic 32,10000,9038,0.053391
Arithmetic 32,10000,9039,0.054695
Arithmetic 32,10000,9040,0.05445
Arithmetic 32,10000,9041,0.05435
Arithmetic 32,10000,9042,0.054554
Arithmetic 32,10000,9043,0.053932
Arithmetic 32,10000,9044,0.054253
Arithmetic 32,10000,9045,0.053587
Arithmetic 32,10000,9046,0.053575
Arithmetic 32,10000,9047,0.054123
Arithmetic 32,10000,9048,0.053859
Arithmetic 32,10000,9049,0.05456
Arithmetic 32,10000,9050,0.05371
Arithmetic 32,10000,9051,0.053336
Arithmetic 32,10000,9052,0.053477
Arithmetic 32,10000,9053,0.054585
Arithmetic 32,10000,9054,0.054308
Arithmetic 32,10000,9055,0.054326
Arithmetic 32,10000,9056,0.053711
Arithmetic 32,10000,9057,0.054117
Arithmetic 32,10000,9058,0.053711
Arithmetic 32,10000,9059,0.054191
Arithmetic 32,10000,9060,0.054178
Arithmetic 32,10000,9061,0.055803
Arithmetic 32,10000,9062,0.054326
Arithmetic 32,10000,9063,0.053022
Arithmetic 32,10000,9064,0.053391
Arithmetic 32,10000,9065,0.054763
Arithmetic 32,10000,9066,0.053797
Arithmetic 32,10000,9067,0.054634
Arithmetic 32,10000,9068,0.053353
Arithmetic 32,10000,9069,0.054812
Arithmetic 32,10000,9070,0.055803
Arithmetic 32,10000,9071,0.054443
Arithmetic 32,10000,9072,0.054886
Arithmetic 32,10000,9073,0.05416
Arithmetic 32,10000,9074,0.054418
Arithmetic 32,10000,9075,0.055151
Arithmetic 32,10000,9076,0.052855
Arithmetic 32,10000,9077,0.054973
Arithmetic 32,10000,9078,0.053914
Arithmetic 32,10000,9079,0.053508
Arithmetic 32,10000,9080,0.053686
Arithmetic 32,10000,9081,0.05432
Arithmetic 32,10000,9082,0.054628
Arithmetic 32,10000,9083,0.054283
Arithmetic 32,10000,9084,0.054708
Arithmetic 32,10000,9085,0.054265
Arithmetic 32,10000,9086,0.053889
Arithmetic 32,10000,9087,0.054819
Arithmetic 32,10000,9088,0.053532
Arithmetic 32,10000,9089,0.055021
Arithmetic 32,10000,9090,0.053747
Arithmetic 32,10000,9091,0.053409
Arithmetic 32,10000,9092,0.091286
Arithmetic 32,10000,9093,0.054966
Arithmetic 32,10000,9094,0.053852
Arithmetic 32,10000,9095,0.054585
Arithmetic 32,10000,9096,0.053729
Arithmetic 32,10000,9097,0.054652
Arithmetic 32,10000,9098,0.054425
Arithmetic 32,10000,9099,0.05416
Arithmetic 32,10000,9100,0.053932
Arithmetic 32,10000,9101,0.095711
Arithmetic 32,10000,9102,0.053397
Arithmetic 32,10000,9103,0.054227
Arithmetic 32,10000,9104,0.054603
Arithmetic 32,10000,9105,0.054942
Arithmetic 32,10000,9106,0.053643
Arithmetic 32,10000,9107,0.054745
Arithmetic 32,10000,9108,0.055274
Arithmetic 32,10000,9109,0.055206
Arithmetic 32,10000,9110,0.055668
Arithmetic 32,10000,9111,0.054813
Arithmetic 32,10000,9112,0.05336
Arithmetic 32,10000,9113,0.053489
Arithmetic 32,10000,9114,0.054055
Arithmetic 32,10000,9115,0.055047
Arithmetic 32,10000,9116,0.053575
Arithmetic 32,10000,9117,0.052972
Arithmetic 32,10000,9118,0.054701
Arithmetic 32,10000,9119,0.0556
Arithmetic 32,10000,9120,0.053582
Arithmetic 32,10000,9121,0.054997
Arithmetic 32,10000,9122,0.053876
Arithmetic 32,10000,9123,0.053901
Arithmetic 32,10000,9124,0.053607
Arithmetic 32,10000,9125,0.05512
Arithmetic 32,10000,9126,0.053317
Arithmetic 32,10000,9127,0.054905
Arithmetic 32,10000,9128,0.054511
Arithmetic 32,10000,9129,0.054843
Arithmetic 32,10000,9130,0.054443
Arithmetic 32,10000,9131,0.053982
Arithmetic 32,10000,9132,0.052966
Arithmetic 32,10000,9133,0.054086
Arithmetic 32,10000,9134,0.054055
Arithmetic 32,10000,9135,0.054407
Arithmetic 32,10000,9136,0.053914
Arithmetic 32,10000,9137,0.055329
Arithmetic 32,10000,9138,0.054006
Arithmetic 32,10000,9139,0.053976
Arithmetic 32,10000,9140,0.054381
Arithmetic 32,10000,9141,0.055237
Arithmetic 32,10000,9142,0.054197
Arithmetic 32,10000,9143,0.054376
Arithmetic 32,10000,9144,0.054923
Arithmetic 32,10000,9145,0.055483
Arithmetic 32,10000,9146,0.054258
Arithmetic 32,10000,9147,0.053988
Arithmetic 32,10000,9148,0.053108
Arithmetic 32,10000,9149,0.054702
Arithmetic 32,10000,9150,0.053729
Arithmetic 32,10000,9151,0.054074
Arithmetic 32,10000,9152,0.054037
Arithmetic 32,10000,9153,0.053926
Arithmetic 32,10000,9154,0.053501
Arithmetic 32,10000,9155,0.055144
Arithmetic 32,10000,9156,0.053963
Arithmetic 32,10000,9157,0.054141
Arithmetic 32,10000,9158,0.05392
Arithmetic 32,10000,9159,0.053588
Arithmetic 32,10000,9160,0.053453
Arithmetic 32,10000,9161,0.054702
Arithmetic 32,10000,9162,0.054068
Arithmetic 32,10000,9163,0.053643
Arithmetic 32,10000,9164,0.054431
Arithmetic 32,10000,9165,0.054388
Arithmetic 32,10000,9166,0.054234
Arithmetic 32,10000,9167,0.053526
Arithmetic 32,10000,9168,0.053927
Arithmetic 32,10000,9169,0.055114
Arithmetic 32,10000,9170,0.05376
Arithmetic 32,10000,9171,0.055385
Arithmetic 32,10000,9172,0.053551
Arithmetic 32,10000,9173,0.055144
Arithmetic 32,10000,9174,0.054308
Arithmetic 32,10000,9175,0.05379
Arithmetic 32,10000,9176,0.053231
Arithmetic 32,10000,9177,0.054
Arithmetic 32,10000,9178,0.053243
Arithmetic 32,10000,9179,0.054431
Arithmetic 32,10000,9180,0.053631
Arithmetic 32,10000,9181,0.060375
Arithmetic 32,10000,9182,0.058634
Arithmetic 32,10000,9183,0.064462
Arithmetic 32,10000,9184,0.071089
Arithmetic 32,10000,9185,0.062763
Arithmetic 32,10000,9186,0.061243
Arithmetic 32,10000,9187,0.061194
Arithmetic 32,10000,9188,0.060578
Arithmetic 32,10000,9189,0.065994
Arithmetic 32,10000,9190,0.06056
Arithmetic 32,10000,9191,0.055268
Arithmetic 32,10000,9192,0.055194
Arithmetic 32,10000,9193,0.0536
Arithmetic 32,10000,9194,0.054301
Arithmetic 32,10000,9195,0.054487
Arithmetic 32,10000,9196,0.0536
Arithmetic 32,10000,9197,0.054572
Arithmetic 32,10000,9198,0.055729
Arithmetic 32,10000,9199,0.055348
Arithmetic 32,10000,9200,0.056788
Arithmetic 32,10000,9201,0.05584
Arithmetic 32,10000,9202,0.053661
Arithmetic 32,10000,9203,0.053926
Arithmetic 32,10000,9204,0.052517
Arithmetic 32,10000,9205,0.054111
Arithmetic 32,10000,9206,0.053945
Arithmetic 32,10000,9207,0.054775
Arithmetic 32,10000,9208,0.054061
Arithmetic 32,10000,9209,0.054713
Arithmetic 32,10000,9210,0.054541
Arithmetic 32,10000,9211,0.054547
Arithmetic 32,10000,9212,0.054467
Arithmetic 32,10000,9213,0.054043
Arithmetic 32,10000,9214,0.053267
Arithmetic 32,10000,9215,0.054277
Arithmetic 32,10000,9216,0.053625
Arithmetic 32,10000,9217,0.054326
Arithmetic 32,10000,9218,0.054184
Arithmetic 32,10000,9219,0.053932
Arithmetic 32,10000,9220,0.05456
Arithmetic 32,10000,9221,0.054037
Arithmetic 32,10000,9222,0.054775
Arithmetic 32,10000,9223,0.054388
Arithmetic 32,10000,9224,0.054093
Arithmetic 32,10000,9225,0.054246
Arithmetic 32,10000,9226,0.052911
Arithmetic 32,10000,9227,0.054683
Arithmetic 32,10000,9228,0.054142
Arithmetic 32,10000,9229,0.055016
Arithmetic 32,10000,9230,0.053065
Arithmetic 32,10000,9231,0.053569
Arithmetic 32,10000,9232,0.054345
Arithmetic 32,10000,9233,0.055754
Arithmetic 32,10000,9234,0.054333
Arithmetic 32,10000,9235,0.054727
Arithmetic 32,10000,9236,0.05541
Arithmetic 32,10000,9237,0.053551
Arithmetic 32,10000,9238,0.055163
Arithmetic 32,10000,9239,0.05424
Arithmetic 32,10000,9240,0.05381
Arithmetic 32,10000,9241,0.052775
Arithmetic 32,10000,9242,0.054172
Arithmetic 32,10000,9243,0.054733
Arithmetic 32,10000,9244,0.053772
Arithmetic 32,10000,9245,0.054757
Arithmetic 32,10000,9246,0.054836
Arithmetic 32,10000,9247,0.053594
Arithmetic 32,10000,9248,0.054652
Arithmetic 32,10000,9249,0.054621
Arithmetic 32,10000,9250,0.05312
Arithmetic 32,10000,9251,0.054246
Arithmetic 32,10000,9252,0.053114
Arithmetic 32,10000,9253,0.054006
Arithmetic 32,10000,9254,0.054542
Arithmetic 32,10000,9255,0.054369
Arithmetic 32,10000,9256,0.053225
Arithmetic 32,10000,9257,0.054271
Arithmetic 32,10000,9258,0.05328
Arithmetic 32,10000,9259,0.053606
Arithmetic 32,10000,9260,0.053809
Arithmetic 32,10000,9261,0.055107
Arithmetic 32,10000,9262,0.053366
Arithmetic 32,10000,9263,0.054892
Arithmetic 32,10000,9264,0.055107
Arithmetic 32,10000,9265,0.053717
Arithmetic 32,10000,9266,0.053409
Arithmetic 32,10000,9267,0.053631
Arithmetic 32,10000,9268,0.054105
Arithmetic 32,10000,9269,0.053766
Arithmetic 32,10000,9270,0.054849
Arithmetic 32,10000,9271,0.054689
Arithmetic 32,10000,9272,0.053736
Arithmetic 32,10000,9273,0.055576
Arithmetic 32,10000,9274,0.05456
Arithmetic 32,10000,9275,0.054382
Arithmetic 32,10000,9276,0.054388
Arithmetic 32,10000,9277,0.054227
Arithmetic 32,10000,9278,0.054387
Arithmetic 32,10000,9279,0.053784
Arithmetic 32,10000,9280,0.054018
Arithmetic 32,10000,9281,0.055459
Arithmetic 32,10000,9282,0.05448
Arithmetic 32,10000,9283,0.05509
Arithmetic 32,10000,9284,0.054289
Arithmetic 32,10000,9285,0.053489
Arithmetic 32,10000,9286,0.054037
Arithmetic 32,10000,9287,0.054991
Arithmetic 32,10000,9288,0.054517
Arithmetic 32,10000,9289,0.054344
Arithmetic 32,10000,9290,0.054412
Arithmetic 32,10000,9291,0.053686
Arithmetic 32,10000,9292,0.054351
Arithmetic 32,10000,9293,0.054178
Arithmetic 32,10000,9294,0.054215
Arithmetic 32,10000,9295,0.054363
Arithmetic 32,10000,9296,0.054578
Arithmetic 32,10000,9297,0.054653
Arithmetic 32,10000,9298,0.054289
Arithmetic 32,10000,9299,0.054615
Arithmetic 32,10000,9300,0.054247
Arithmetic 32,10000,9301,0.054178
Arithmetic 32,10000,9302,0.054511
Arithmetic 32,10000,9303,0.053692
Arithmetic 32,10000,9304,0.054166
Arithmetic 32,10000,9305,0.053939
Arithmetic 32,10000,9306,0.053341
Arithmetic 32,10000,9307,0.054511
Arithmetic 32,10000,9308,0.055415
Arithmetic 32,10000,9309,0.054892
Arithmetic 32,10000,9310,0.05408
Arithmetic 32,10000,9311,0.053532
Arithmetic 32,10000,9312,0.053901
Arithmetic 32,10000,9313,0.054388
Arithmetic 32,10000,9314,0.054148
Arithmetic 32,10000,9315,0.053151
Arithmetic 32,10000,9316,0.053821
Arithmetic 32,10000,9317,0.056086
Arithmetic 32,10000,9318,0.054006
Arithmetic 32,10000,9319,0.055003
Arithmetic 32,10000,9320,0.054222
Arithmetic 32,10000,9321,0.054123
Arithmetic 32,10000,9322,0.054031
Arithmetic 32,10000,9323,0.054843
Arithmetic 32,10000,9324,0.053483
Arithmetic 32,10000,9325,0.05504
Arithmetic 32,10000,9326,0.055206
Arithmetic 32,10000,9327,0.054695
Arithmetic 32,10000,9328,0.054123
Arithmetic 32,10000,9329,0.053908
Arithmetic 32,10000,9330,0.053557
Arithmetic 32,10000,9331,0.053834
Arithmetic 32,10000,9332,0.05376
Arithmetic 32,10000,9333,0.053391
Arithmetic 32,10000,9334,0.053889
Arithmetic 32,10000,9335,0.053618
Arithmetic 32,10000,9336,0.054855
Arithmetic 32,10000,9337,0.054449
Arithmetic 32,10000,9338,0.053569
Arithmetic 32,10000,9339,0.052825
Arithmetic 32,10000,9340,0.053539
Arithmetic 32,10000,9341,0.054086
Arithmetic 32,10000,9342,0.05328
Arithmetic 32,10000,9343,0.05464
Arithmetic 32,10000,9344,0.05432
Arithmetic 32,10000,9345,0.05459
Arithmetic 32,10000,9346,0.053176
Arithmetic 32,10000,9347,0.054129
Arithmetic 32,10000,9348,0.053502
Arithmetic 32,10000,9349,0.054382
Arithmetic 32,10000,9350,0.054259
Arithmetic 32,10000,9351,0.053114
Arithmetic 32,10000,9352,0.054818
Arithmetic 32,10000,9353,0.054086
Arithmetic 32,10000,9354,0.054412
Arithmetic 32,10000,9355,0.054732
Arithmetic 32,10000,9356,0.05357
Arithmetic 32,10000,9357,0.053139
Arithmetic 32,10000,9358,0.05368
Arithmetic 32,10000,9359,0.054622
Arithmetic 32,10000,9360,0.053852
Arithmetic 32,10000,9361,0.054935
Arithmetic 32,10000,9362,0.055237
Arithmetic 32,10000,9363,0.055046
Arithmetic 32,10000,9364,0.052787
Arithmetic 32,10000,9365,0.053716
Arithmetic 32,10000,9366,0.0528
Arithmetic 32,10000,9367,0.054307
Arithmetic 32,10000,9368,0.054357
Arithmetic 32,10000,9369,0.054597
Arithmetic 32,10000,9370,0.05365
Arithmetic 32,10000,9371,0.05448
Arithmetic 32,10000,9372,0.053631
Arithmetic 32,10000,9373,0.054357
Arithmetic 32,10000,9374,0.053871
Arithmetic 32,10000,9375,0.05384
Arithmetic 32,10000,9376,0.054136
Arithmetic 32,10000,9377,0.053594
Arithmetic 32,10000,9378,0.053662
Arithmetic 32,10000,9379,0.05411
Arithmetic 32,10000,9380,0.054197
Arithmetic 32,10000,9381,0.055421
Arithmetic 32,10000,9382,0.053846
Arithmetic 32,10000,9383,0.054406
Arithmetic 32,10000,9384,0.053613
Arithmetic 32,10000,9385,0.054228
Arithmetic 32,10000,9386,0.053378
Arithmetic 32,10000,9387,0.055089
Arithmetic 32,10000,9388,0.054757
Arithmetic 32,10000,9389,0.054973
Arithmetic 32,10000,9390,0.053132
Arithmetic 32,10000,9391,0.054658
Arithmetic 32,10000,9392,0.054178
Arithmetic 32,10000,9393,0.054178
Arithmetic 32,10000,9394,0.054443
Arithmetic 32,10000,9395,0.05504
Arithmetic 32,10000,9396,0.053446
Arithmetic 32,10000,9397,0.054714
Arithmetic 32,10000,9398,0.053908
Arithmetic 32,10000,9399,0.054111
Arithmetic 32,10000,9400,0.054234
Arithmetic 32,10000,9401,0.054695
Arithmetic 32,10000,9402,0.053507
Arithmetic 32,10000,9403,0.054461
Arithmetic 32,10000,9404,0.053951
Arithmetic 32,10000,9405,0.054739
Arithmetic 32,10000,9406,0.05331
Arithmetic 32,10000,9407,0.05541
Arithmetic 32,10000,9408,0.053354
Arithmetic 32,10000,9409,0.055637
Arithmetic 32,10000,9410,0.054221
Arithmetic 32,10000,9411,0.053865
Arithmetic 32,10000,9412,0.053416
Arithmetic 32,10000,9413,0.053975
Arithmetic 32,10000,9414,0.053563
Arithmetic 32,10000,9415,0.053865
Arithmetic 32,10000,9416,0.053274
Arithmetic 32,10000,9417,0.054886
Arithmetic 32,10000,9418,0.054
Arithmetic 32,10000,9419,0.054739
Arithmetic 32,10000,9420,0.054659
Arithmetic 32,10000,9421,0.054167
Arithmetic 32,10000,9422,0.053754
Arithmetic 32,10000,9423,0.053951
Arithmetic 32,10000,9424,0.054
Arithmetic 32,10000,9425,0.054253
Arithmetic 32,10000,9426,0.054407
Arithmetic 32,10000,9427,0.054935
Arithmetic 32,10000,9428,0.054018
Arithmetic 32,10000,9429,0.054234
Arithmetic 32,10000,9430,0.052727
Arithmetic 32,10000,9431,0.054461
Arithmetic 32,10000,9432,0.054419
Arithmetic 32,10000,9433,0.054905
Arithmetic 32,10000,9434,0.054376
Arithmetic 32,10000,9435,0.054517
Arithmetic 32,10000,9436,0.05464
Arithmetic 32,10000,9437,0.054462
Arithmetic 32,10000,9438,0.054449
Arithmetic 32,10000,9439,0.054714
Arithmetic 32,10000,9440,0.053372
Arithmetic 32,10000,9441,0.054228
Arithmetic 32,10000,9442,0.053102
Arithmetic 32,10000,9443,0.054431
Arithmetic 32,10000,9444,0.054874
Arithmetic 32,10000,9445,0.053945
Arithmetic 32,10000,9446,0.054179
Arithmetic 32,10000,9447,0.054991
Arithmetic 32,10000,9448,0.053551
Arithmetic 32,10000,9449,0.053927
Arithmetic 32,10000,9450,0.053261
Arithmetic 32,10000,9451,0.054929
Arithmetic 32,10000,9452,0.05629
Arithmetic 32,10000,9453,0.055255
Arithmetic 32,10000,9454,0.055717
Arithmetic 32,10000,9455,0.054436
Arithmetic 32,10000,9456,0.054056
Arithmetic 32,10000,9457,0.05536
Arithmetic 32,10000,9458,0.052775
Arithmetic 32,10000,9459,0.053643
Arithmetic 32,10000,9460,0.054369
Arithmetic 32,10000,9461,0.054357
Arithmetic 32,10000,9462,0.054173
Arithmetic 32,10000,9463,0.053982
Arithmetic 32,10000,9464,0.053379
Arithmetic 32,10000,9465,0.053526
Arithmetic 32,10000,9466,0.054234
Arithmetic 32,10000,9467,0.054769
Arithmetic 32,10000,9468,0.054283
Arithmetic 32,10000,9469,0.054487
Arithmetic 32,10000,9470,0.053748
Arithmetic 32,10000,9471,0.054068
Arithmetic 32,10000,9472,0.054904
Arithmetic 32,10000,9473,0.054228
Arithmetic 32,10000,9474,0.054363
Arithmetic 32,10000,9475,0.055378
Arithmetic 32,10000,9476,0.053551
Arithmetic 32,10000,9477,0.053852
Arithmetic 32,10000,9478,0.054147
Arithmetic 32,10000,9479,0.055194
Arithmetic 32,10000,9480,0.05477
Arithmetic 32,10000,9481,0.053815
Arithmetic 32,10000,9482,0.053784
Arithmetic 32,10000,9483,0.054757
Arithmetic 32,10000,9484,0.054178
Arithmetic 32,10000,9485,0.054609
Arithmetic 32,10000,9486,0.053914
Arithmetic 32,10000,9487,0.054775
Arithmetic 32,10000,9488,0.054997
Arithmetic 32,10000,9489,0.053815
Arithmetic 32,10000,9490,0.053791
Arithmetic 32,10000,9491,0.053588
Arithmetic 32,10000,9492,0.05264
Arithmetic 32,10000,9493,0.053957
Arithmetic 32,10000,9494,0.052849
Arithmetic 32,10000,9495,0.054714
Arithmetic 32,10000,9496,0.052425
Arithmetic 32,10000,9497,0.055243
Arithmetic 32,10000,9498,0.053957
Arithmetic 32,10000,9499,0.055545
Arithmetic 32,10000,9500,0.055083
Arithmetic 32,10000,9501,0.055102
Arithmetic 32,10000,9502,0.054037
Arithmetic 32,10000,9503,0.05496
Arithmetic 32,10000,9504,0.053827
Arithmetic 32,10000,9505,0.061797
Arithmetic 32,10000,9506,0.053415
Arithmetic 32,10000,9507,0.054627
Arithmetic 32,10000,9508,0.053089
Arithmetic 32,10000,9509,0.054142
Arithmetic 32,10000,9510,0.054566
Arithmetic 32,10000,9511,0.055034
Arithmetic 32,10000,9512,0.054025
Arithmetic 32,10000,9513,0.054523
Arithmetic 32,10000,9514,0.056129
Arithmetic 32,10000,9515,0.053089
Arithmetic 32,10000,9516,0.055169
Arithmetic 32,10000,9517,0.053594
Arithmetic 32,10000,9518,0.053403
Arithmetic 32,10000,9519,0.054049
Arithmetic 32,10000,9520,0.054019
Arithmetic 32,10000,9521,0.053446
Arithmetic 32,10000,9522,0.053704
Arithmetic 32,10000,9523,0.060812
Arithmetic 32,10000,9524,0.053471
Arithmetic 32,10000,9525,0.054726
Arithmetic 32,10000,9526,0.053969
Arithmetic 32,10000,9527,0.054019
Arithmetic 32,10000,9528,0.054173
Arithmetic 32,10000,9529,0.054252
Arithmetic 32,10000,9530,0.054018
Arithmetic 32,10000,9531,0.054295
Arithmetic 32,10000,9532,0.054493
Arithmetic 32,10000,9533,0.054228
Arithmetic 32,10000,9534,0.053212
Arithmetic 32,10000,9535,0.053981
Arithmetic 32,10000,9536,0.053323
Arithmetic 32,10000,9537,0.05312
Arithmetic 32,10000,9538,0.053742
Arithmetic 32,10000,9539,0.053354
Arithmetic 32,10000,9540,0.053988
Arithmetic 32,10000,9541,0.055674
Arithmetic 32,10000,9542,0.053944
Arithmetic 32,10000,9543,0.054283
Arithmetic 32,10000,9544,0.053956
Arithmetic 32,10000,9545,0.054947
Arithmetic 32,10000,9546,0.053464
Arithmetic 32,10000,9547,0.053452
Arithmetic 32,10000,9548,0.053096
Arithmetic 32,10000,9549,0.054068
Arithmetic 32,10000,9550,0.054184
Arithmetic 32,10000,9551,0.054572
Arithmetic 32,10000,9552,0.053027
Arithmetic 32,10000,9553,0.055102
Arithmetic 32,10000,9554,0.054388
Arithmetic 32,10000,9555,0.052972
Arithmetic 32,10000,9556,0.054037
Arithmetic 32,10000,9557,0.053723
Arithmetic 32,10000,9558,0.053076
Arithmetic 32,10000,9559,0.055939
Arithmetic 32,10000,9560,0.054535
Arithmetic 32,10000,9561,0.053422
Arithmetic 32,10000,9562,0.05328
Arithmetic 32,10000,9563,0.054178
Arithmetic 32,10000,9564,0.05344
Arithmetic 32,10000,9565,0.053828
Arithmetic 32,10000,9566,0.054314
Arithmetic 32,10000,9567,0.054418
Arithmetic 32,10000,9568,0.055243
Arithmetic 32,10000,9569,0.054492
Arithmetic 32,10000,9570,0.053422
Arithmetic 32,10000,9571,0.054898
Arithmetic 32,10000,9572,0.052887
Arithmetic 32,10000,9573,0.053981
Arithmetic 32,10000,9574,0.054701
Arithmetic 32,10000,9575,0.053674
Arithmetic 32,10000,9576,0.054498
Arithmetic 32,10000,9577,0.055902
Arithmetic 32,10000,9578,0.053643
Arithmetic 32,10000,9579,0.054763
Arithmetic 32,10000,9580,0.054135
Arithmetic 32,10000,9581,0.05504
Arithmetic 32,10000,9582,0.054591
Arithmetic 32,10000,9583,0.054443
Arithmetic 32,10000,9584,0.053379
Arithmetic 32,10000,9585,0.05432
Arithmetic 32,10000,9586,0.054018
Arithmetic 32,10000,9587,0.054209
Arithmetic 32,10000,9588,0.054394
Arithmetic 32,10000,9589,0.053827
Arithmetic 32,10000,9590,0.054148
Arithmetic 32,10000,9591,0.053298
Arithmetic 32,10000,9592,0.05432
Arithmetic 32,10000,9593,0.053877
Arithmetic 32,10000,9594,0.054203
Arithmetic 32,10000,9595,0.054819
Arithmetic 32,10000,9596,0.054701
Arithmetic 32,10000,9597,0.053975
Arithmetic 32,10000,9598,0.053969
Arithmetic 32,10000,9599,0.054025
Arithmetic 32,10000,9600,0.053699
Arithmetic 32,10000,9601,0.053883
Arithmetic 32,10000,9602,0.053655
Arithmetic 32,10000,9603,0.053446
Arithmetic 32,10000,9604,0.05411
Arithmetic 32,10000,9605,0.05568
Arithmetic 32,10000,9606,0.05371
Arithmetic 32,10000,9607,0.053102
Arithmetic 32,10000,9608,0.054062
Arithmetic 32,10000,9609,0.053348
Arithmetic 32,10000,9610,0.053741
Arithmetic 32,10000,9611,0.054326
Arithmetic 32,10000,9612,0.053052
Arithmetic 32,10000,9613,0.054782
Arithmetic 32,10000,9614,0.054498
Arithmetic 32,10000,9615,0.0544
Arithmetic 32,10000,9616,0.054566
Arithmetic 32,10000,9617,0.054984
Arithmetic 32,10000,9618,0.053347
Arithmetic 32,10000,9619,0.052727
Arithmetic 32,10000,9620,0.054744
Arithmetic 32,10000,9621,0.054523
Arithmetic 32,10000,9622,0.05432
Arithmetic 32,10000,9623,0.053637
Arithmetic 32,10000,9624,0.054006
Arithmetic 32,10000,9625,0.053188
Arithmetic 32,10000,9626,0.05296
Arithmetic 32,10000,9627,0.053446
Arithmetic 32,10000,9628,0.054006
Arithmetic 32,10000,9629,0.0544
Arithmetic 32,10000,9630,0.054135
Arithmetic 32,10000,9631,0.054228
Arithmetic 32,10000,9632,0.053821
Arithmetic 32,10000,9633,0.054332
Arithmetic 32,10000,9634,0.053483
Arithmetic 32,10000,9635,0.053767
Arithmetic 32,10000,9636,0.054966
Arithmetic 32,10000,9637,0.05464
Arithmetic 32,10000,9638,0.054486
Arithmetic 32,10000,9639,0.055163
Arithmetic 32,10000,9640,0.053409
Arithmetic 32,10000,9641,0.054117
Arithmetic 32,10000,9642,0.054381
Arithmetic 32,10000,9643,0.053926
Arithmetic 32,10000,9644,0.05336
Arithmetic 32,10000,9645,0.054215
Arithmetic 32,10000,9646,0.053261
Arithmetic 32,10000,9647,0.053206
Arithmetic 32,10000,9648,0.054271
Arithmetic 32,10000,9649,0.054831
Arithmetic 32,10000,9650,0.053956
Arithmetic 32,10000,9651,0.053576
Arithmetic 32,10000,9652,0.054357
Arithmetic 32,10000,9653,0.054597
Arithmetic 32,10000,9654,0.053538
Arithmetic 32,10000,9655,0.054707
Arithmetic 32,10000,9656,0.054314
Arithmetic 32,10000,9657,0.054124
Arithmetic 32,10000,9658,0.053982
Arithmetic 32,10000,9659,0.055292
Arithmetic 32,10000,9660,0.053618
Arithmetic 32,10000,9661,0.054825
Arithmetic 32,10000,9662,0.054142
Arithmetic 32,10000,9663,0.053913
Arithmetic 32,10000,9664,0.05448
Arithmetic 32,10000,9665,0.055218
Arithmetic 32,10000,9666,0.054055
Arithmetic 32,10000,9667,0.054203
Arithmetic 32,10000,9668,0.053907
Arithmetic 32,10000,9669,0.05384
Arithmetic 32,10000,9670,0.052898
Arithmetic 32,10000,9671,0.054124
Arithmetic 32,10000,9672,0.052929
Arithmetic 32,10000,9673,0.053876
Arithmetic 32,10000,9674,0.053022
Arithmetic 32,10000,9675,0.053772
Arithmetic 32,10000,9676,0.054326
Arithmetic 32,10000,9677,0.053268
Arithmetic 32,10000,9678,0.053877
Arithmetic 32,10000,9679,0.054357
Arithmetic 32,10000,9680,0.053206
Arithmetic 32,10000,9681,0.054123
Arithmetic 32,10000,9682,0.053766
Arithmetic 32,10000,9683,0.053477
Arithmetic 32,10000,9684,0.052695
Arithmetic 32,10000,9685,0.055582
Arithmetic 32,10000,9686,0.053465
Arithmetic 32,10000,9687,0.054714
Arithmetic 32,10000,9688,0.053317
Arithmetic 32,10000,9689,0.05499
Arithmetic 32,10000,9690,0.054566
Arithmetic 32,10000,9691,0.054191
Arithmetic 32,10000,9692,0.053914
Arithmetic 32,10000,9693,0.054616
Arithmetic 32,10000,9694,0.054418
Arithmetic 32,10000,9695,0.053212
Arithmetic 32,10000,9696,0.053877
Arithmetic 32,10000,9697,0.054333
Arithmetic 32,10000,9698,0.053668
Arithmetic 32,10000,9699,0.0544
Arithmetic 32,10000,9700,0.053274
Arithmetic 32,10000,9701,0.053526
Arithmetic 32,10000,9702,0.054049
Arithmetic 32,10000,9703,0.05416
Arithmetic 32,10000,9704,0.053434
Arithmetic 32,10000,9705,0.05448
Arithmetic 32,10000,9706,0.054363
Arithmetic 32,10000,9707,0.055114
Arithmetic 32,10000,9708,0.053834
Arithmetic 32,10000,9709,0.054357
Arithmetic 32,10000,9710,0.054283
Arithmetic 32,10000,9711,0.054609
Arithmetic 32,10000,9712,0.055624
Arithmetic 32,10000,9713,0.053434
Arithmetic 32,10000,9714,0.054129
Arithmetic 32,10000,9715,0.054849
Arithmetic 32,10000,9716,0.053477
Arithmetic 32,10000,9717,0.054302
Arithmetic 32,10000,9718,0.053766
Arithmetic 32,10000,9719,0.05464
Arithmetic 32,10000,9720,0.05312
Arithmetic 32,10000,9721,0.054991
Arithmetic 32,10000,9722,0.054357
Arithmetic 32,10000,9723,0.054111
Arithmetic 32,10000,9724,0.053181
Arithmetic 32,10000,9725,0.053619
Arithmetic 32,10000,9726,0.05365
Arithmetic 32,10000,9727,0.054258
Arithmetic 32,10000,9728,0.054117
Arithmetic 32,10000,9729,0.053821
Arithmetic 32,10000,9730,0.054296
Arithmetic 32,10000,9731,0.054043
Arithmetic 32,10000,9732,0.05416
Arithmetic 32,10000,9733,0.054659
Arithmetic 32,10000,9734,0.05336
Arithmetic 32,10000,9735,0.053779
Arithmetic 32,10000,9736,0.05488
Arithmetic 32,10000,9737,0.053656
Arithmetic 32,10000,9738,0.054209
Arithmetic 32,10000,9739,0.054603
Arithmetic 32,10000,9740,0.053932
Arithmetic 32,10000,9741,0.054086
Arithmetic 32,10000,9742,0.054874
Arithmetic 32,10000,9743,0.053692
Arithmetic 32,10000,9744,0.05309
Arithmetic 32,10000,9745,0.053822
Arithmetic 32,10000,9746,0.053766
Arithmetic 32,10000,9747,0.054757
Arithmetic 32,10000,9748,0.05424
Arithmetic 32,10000,9749,0.053847
Arithmetic 32,10000,9750,0.053028
Arithmetic 32,10000,9751,0.05384
Arithmetic 32,10000,9752,0.054505
Arithmetic 32,10000,9753,0.053865
Arithmetic 32,10000,9754,0.053298
Arithmetic 32,10000,9755,0.054966
Arithmetic 32,10000,9756,0.054874
Arithmetic 32,10000,9757,0.053975
Arithmetic 32,10000,9758,0.054954
Arithmetic 32,10000,9759,0.054123
Arithmetic 32,10000,9760,0.054025
Arithmetic 32,10000,9761,0.053003
Arithmetic 32,10000,9762,0.054142
Arithmetic 32,10000,9763,0.054628
Arithmetic 32,10000,9764,0.053231
Arithmetic 32,10000,9765,0.054849
Arithmetic 32,10000,9766,0.055083
Arithmetic 32,10000,9767,0.054831
Arithmetic 32,10000,9768,0.053933
Arithmetic 32,10000,9769,0.054382
Arithmetic 32,10000,9770,0.052911
Arithmetic 32,10000,9771,0.054147
Arithmetic 32,10000,9772,0.05432
Arithmetic 32,10000,9773,0.054585
Arithmetic 32,10000,9774,0.054222
Arithmetic 32,10000,9775,0.055495
Arithmetic 32,10000,9776,0.053557
Arithmetic 32,10000,9777,0.054061
Arithmetic 32,10000,9778,0.052806
Arithmetic 32,10000,9779,0.054086
Arithmetic 32,10000,9780,0.053686
Arithmetic 32,10000,9781,0.053496
Arithmetic 32,10000,9782,0.053495
Arithmetic 32,10000,9783,0.05448
Arithmetic 32,10000,9784,0.05483
Arithmetic 32,10000,9785,0.054911
Arithmetic 32,10000,9786,0.054123
Arithmetic 32,10000,9787,0.054849
Arithmetic 32,10000,9788,0.053538
Arithmetic 32,10000,9789,0.05443
Arithmetic 32,10000,9790,0.054905
Arithmetic 32,10000,9791,0.054055
Arithmetic 32,10000,9792,0.053828
Arithmetic 32,10000,9793,0.053557
Arithmetic 32,10000,9794,0.053913
Arithmetic 32,10000,9795,0.054468
Arithmetic 32,10000,9796,0.054142
Arithmetic 32,10000,9797,0.053976
Arithmetic 32,10000,9798,0.053249
Arithmetic 32,10000,9799,0.054117
Arithmetic 32,10000,9800,0.054203
Arithmetic 32,10000,9801,0.053846
Arithmetic 32,10000,9802,0.05357
Arithmetic 32,10000,9803,0.053255
Arithmetic 32,10000,9804,0.053034
Arithmetic 32,10000,9805,0.054019
Arithmetic 32,10000,9806,0.054813
Arithmetic 32,10000,9807,0.053489
Arithmetic 32,10000,9808,0.053267
Arithmetic 32,10000,9809,0.05368
Arithmetic 32,10000,9810,0.053262
Arithmetic 32,10000,9811,0.054683
Arithmetic 32,10000,9812,0.054049
Arithmetic 32,10000,9813,0.055502
Arithmetic 32,10000,9814,0.053298
Arithmetic 32,10000,9815,0.05432
Arithmetic 32,10000,9816,0.054659
Arithmetic 32,10000,9817,0.054953
Arithmetic 32,10000,9818,0.053508
Arithmetic 32,10000,9819,0.054228
Arithmetic 32,10000,9820,0.054228
Arithmetic 32,10000,9821,0.05603
Arithmetic 32,10000,9822,0.05296
Arithmetic 32,10000,9823,0.054954
Arithmetic 32,10000,9824,0.054314
Arithmetic 32,10000,9825,0.053767
Arithmetic 32,10000,9826,0.05392
Arithmetic 32,10000,9827,0.053797
Arithmetic 32,10000,9828,0.053187
Arithmetic 32,10000,9829,0.054794
Arithmetic 32,10000,9830,0.054197
Arithmetic 32,10000,9831,0.053994
Arithmetic 32,10000,9832,0.053557
Arithmetic 32,10000,9833,0.055711
Arithmetic 32,10000,9834,0.053526
Arithmetic 32,10000,9835,0.055181
Arithmetic 32,10000,9836,0.055046
Arithmetic 32,10000,9837,0.05523
Arithmetic 32,10000,9838,0.055028
Arithmetic 32,10000,9839,0.054954
Arithmetic 32,10000,9840,0.053465
Arithmetic 32,10000,9841,0.054135
Arithmetic 32,10000,9842,0.053864
Arithmetic 32,10000,9843,0.053816
Arithmetic 32,10000,9844,0.053988
Arithmetic 32,10000,9845,0.053803
Arithmetic 32,10000,9846,0.05376
Arithmetic 32,10000,9847,0.054363
Arithmetic 32,10000,9848,0.053458
Arithmetic 32,10000,9849,0.054714
Arithmetic 32,10000,9850,0.053582
Arithmetic 32,10000,9851,0.053139
Arithmetic 32,10000,9852,0.053477
Arithmetic 32,10000,9853,0.053637
Arithmetic 32,10000,9854,0.053293
Arithmetic 32,10000,9855,0.052929
Arithmetic 32,10000,9856,0.054941
Arithmetic 32,10000,9857,0.054751
Arithmetic 32,10000,9858,0.053138
Arithmetic 32,10000,9859,0.053532
Arithmetic 32,10000,9860,0.054708
Arithmetic 32,10000,9861,0.053791
Arithmetic 32,10000,9862,0.05256
Arithmetic 32,10000,9863,0.053926
Arithmetic 32,10000,9864,0.054689
Arithmetic 32,10000,9865,0.054007
Arithmetic 32,10000,9866,0.054264
Arithmetic 32,10000,9867,0.066314
Arithmetic 32,10000,9868,0.072985
Arithmetic 32,10000,9869,0.060418
Arithmetic 32,10000,9870,0.062535
Arithmetic 32,10000,9871,0.060167
Arithmetic 32,10000,9872,0.054984
Arithmetic 32,10000,9873,0.057367
Arithmetic 32,10000,9874,0.053969
Arithmetic 32,10000,9875,0.053108
Arithmetic 32,10000,9876,0.054191
Arithmetic 32,10000,9877,0.053514
Arithmetic 32,10000,9878,0.053342
Arithmetic 32,10000,9879,0.054314
Arithmetic 32,10000,9880,0.053988
Arithmetic 32,10000,9881,0.053341
Arithmetic 32,10000,9882,0.055748
Arithmetic 32,10000,9883,0.053846
Arithmetic 32,10000,9884,0.05301
Arithmetic 32,10000,9885,0.054178
Arithmetic 32,10000,9886,0.053563
Arithmetic 32,10000,9887,0.053434
Arithmetic 32,10000,9888,0.053059
Arithmetic 32,10000,9889,0.054382
Arithmetic 32,10000,9890,0.053661
Arithmetic 32,10000,9891,0.054917
Arithmetic 32,10000,9892,0.053539
Arithmetic 32,10000,9893,0.053495
Arithmetic 32,10000,9894,0.053212
Arithmetic 32,10000,9895,0.053096
Arithmetic 32,10000,9896,0.05376
Arithmetic 32,10000,9897,0.054437
Arithmetic 32,10000,9898,0.053065
Arithmetic 32,10000,9899,0.053704
Arithmetic 32,10000,9900,0.055779
Arithmetic 32,10000,9901,0.053588
Arithmetic 32,10000,9902,0.053822
Arithmetic 32,10000,9903,0.053342
Arithmetic 32,10000,9904,0.053132
Arithmetic 32,10000,9905,0.05432
Arithmetic 32,10000,9906,0.053655
Arithmetic 32,10000,9907,0.054739
Arithmetic 32,10000,9908,0.053735
Arithmetic 32,10000,9909,0.054862
Arithmetic 32,10000,9910,0.053311
Arithmetic 32,10000,9911,0.054105
Arithmetic 32,10000,9912,0.05403
Arithmetic 32,10000,9913,0.054572
Arithmetic 32,10000,9914,0.054068
Arithmetic 32,10000,9915,0.053619
Arithmetic 32,10000,9916,0.053914
Arithmetic 32,10000,9917,0.054849
Arithmetic 32,10000,9918,0.055175
Arithmetic 32,10000,9919,0.054659
Arithmetic 32,10000,9920,0.053084
Arithmetic 32,10000,9921,0.054941
Arithmetic 32,10000,9922,0.054271
Arithmetic 32,10000,9923,0.053748
Arithmetic 32,10000,9924,0.053772
Arithmetic 32,10000,9925,0.053126
Arithmetic 32,10000,9926,0.053803
Arithmetic 32,10000,9927,0.053877
Arithmetic 32,10000,9928,0.052363
Arithmetic 32,10000,9929,0.054123
Arithmetic 32,10000,9930,0.053723
Arithmetic 32,10000,9931,0.053766
Arithmetic 32,10000,9932,0.05384
Arithmetic 32,10000,9933,0.054012
Arithmetic 32,10000,9934,0.053244
Arithmetic 32,10000,9935,0.054092
Arithmetic 32,10000,9936,0.055151
Arithmetic 32,10000,9937,0.055169
Arithmetic 32,10000,9938,0.054111
Arithmetic 32,10000,9939,0.053428
Arithmetic 32,10000,9940,0.053477
Arithmetic 32,10000,9941,0.05253
Arithmetic 32,10000,9942,0.053231
Arithmetic 32,10000,9943,0.053428
Arithmetic 32,10000,9944,0.05312
Arithmetic 32,10000,9945,0.054351
Arithmetic 32,10000,9946,0.054695
Arithmetic 32,10000,9947,0.053335
Arithmetic 32,10000,9948,0.054025
Arithmetic 32,10000,9949,0.05272
Arithmetic 32,10000,9950,0.054486
Arithmetic 32,10000,9951,0.05448
Arithmetic 32,10000,9952,0.053292
Arithmetic 32,10000,9953,0.054074
Arithmetic 32,10000,9954,0.053698
Arithmetic 32,10000,9955,0.054295
Arithmetic 32,10000,9956,0.053895
Arithmetic 32,10000,9957,0.053446
Arithmetic 32,10000,9958,0.053342
Arithmetic 32,10000,9959,0.053766
Arithmetic 32,10000,9960,0.054338
Arithmetic 32,10000,9961,0.055378
Arithmetic 32,10000,9962,0.055212
Arithmetic 32,10000,9963,0.054904
Arithmetic 32,10000,9964,0.052455
Arithmetic 32,10000,9965,0.053772
Arithmetic 32,10000,9966,0.054332
Arithmetic 32,10000,9967,0.054584
Arithmetic 32,10000,9968,0.053797
Arithmetic 32,10000,9969,0.054333
Arithmetic 32,10000,9970,0.053778
Arithmetic 32,10000,9971,0.052941
Arithmetic 32,10000,9972,0.054228
Arithmetic 32,10000,9973,0.053896
Arithmetic 32,10000,9974,0.053016
Arithmetic 32,10000,9975,0.054216
Arithmetic 32,10000,9976,0.053643
Arithmetic 32,10000,9977,0.053859
Arithmetic 32,10000,9978,0.052985
Arithmetic 32,10000,9979,0.053932
Arithmetic 32,10000,9980,0.053895
Arithmetic 32,10000,9981,0.054425
Arithmetic 32,10000,9982,0.054018
Arithmetic 32,10000,9983,0.053957
Arithmetic 32,10000,9984,0.053274
Arithmetic 32,10000,9985,0.054203
Arithmetic 32,10000,9986,0.052664
Arithmetic 32,10000,9987,0.05392
Arithmetic 32,10000,9988,0.052781
Arithmetic 32,10000,9989,0.053643
Arithmetic 32,10000,9990,0.053766
Arithmetic 32,10000,9991,0.053699
Arithmetic 32,10000,9992,0.053477
Arithmetic 32,10000,9993,0.054172
Arithmetic 32,10000,9994,0.054221
Arithmetic 32,10000,9995,0.053741
Arithmetic 32,10000,9996,0.052831
Arithmetic 32,10000,9997,0.053495
Arithmetic 32,10000,9998,0.053225
Arithmetic 32,10000,9999,0.055058
Arithmetic 32,10000,10000,0.053662
