algorithm,round_group,run_index,case_seed,elapsed_ms
Bubble Sort,100,0,20260803,0.424954
Bubble Sort,100,1,20260804,0.421459
Bubble Sort,100,2,20260805,0.427213
Bubble Sort,100,3,20260806,0.424634
Bubble Sort,100,4,20260807,0.420874
Bubble Sort,100,5,20260808,0.415126
Bubble Sort,100,6,20260809,0.424456
Bubble Sort,100,7,20260810,0.422603
Bubble Sort,100,8,20260811,0.412499
Bubble Sort,100,9,20260812,0.416356
Bubble Sort,100,10,20260813,0.425194
Bubble Sort,100,11,20260814,0.416511
Bubble Sort,100,12,20260815,0.411213
Bubble Sort,100,13,20260816,0.425046
Bubble Sort,100,14,20260817,0.412948
Bubble Sort,100,15,20260818,0.425071
Bubble Sort,100,16,20260819,0.427582
Bubble Sort,100,17,20260820,0.414179
Bubble Sort,100,18,20260821,0.412991
Bubble Sort,100,19,20260822,0.42448
Bubble Sort,100,20,20260823,0.413218
Bubble Sort,100,21,20260824,0.426172
Bubble Sort,100,22,20260825,0.412056
Bubble Sort,100,23,20260826,0.416037
Bubble Sort,100,24,20260827,0.416591
Bubble Sort,100,25,20260828,0.412622
Bubble Sort,100,26,20260829,0.423853
Bubble Sort,100,27,20260830,0.423188
Bubble Sort,100,28,20260831,0.426701
Bubble Sort,100,29,20260832,0.41616
Bubble Sort,100,30,20260833,0.411433
Bubble Sort,100,31,20260834,0.414548
Bubble Sort,100,32,20260835,0.413902
Bubble Sort,100,33,20260836,0.410812
Bubble Sort,100,34,20260837,0.412123
Bubble Sort,100,35,20260838,0.422609
Bubble Sort,100,36,20260839,0.414327
Bubble Sort,100,37,20260840,0.419883
Bubble Sort,100,38,20260841,0.413526
Bubble Sort,100,39,20260842,0.414135
Bubble Sort,100,40,20260843,0.414351
Bubble Sort,100,41,20260844,0.4128
Bubble Sort,100,42,20260845,0.413483
Bubble Sort,100,43,20260846,0.415828
Bubble Sort,100,44,20260847,0.425027
Bubble Sort,100,45,20260848,0.416111
Bubble Sort,100,46,20260849,0.428529
Bubble Sort,100,47,20260850,0.437083
Bubble Sort,100,48,20260851,0.438967
Bubble Sort,100,49,20260852,0.42941
Bubble Sort,100,50,20260853,0.435926
Bubble Sort,100,51,20260854,0.42648
Bubble Sort,100,52,20260855,0.415071
Bubble Sort,100,53,20260856,0.413643
Bubble Sort,100,54,20260857,0.41096
Bubble Sort,100,55,20260858,0.41384
Bubble Sort,100,56,20260859,0.411797
Bubble Sort,100,57,20260860,0.411187
Bubble Sort,100,58,20260861,0.412585
Bubble Sort,100,59,20260862,0.416591
Bubble Sort,100,60,20260863,0.412843
Bubble Sort,100,61,20260864,0.412265
Bubble Sort,100,62,20260865,0.416117
Bubble Sort,100,63,20260866,0.41488
Bubble Sort,100,64,20260867,0.415649
Bubble Sort,100,65,20260868,0.413102
Bubble Sort,100,66,20260869,0.414683
Bubble Sort,100,67,20260870,0.416647
Bubble Sort,100,68,20260871,0.41491
Bubble Sort,100,69,20260872,0.41248
Bubble Sort,100,70,20260873,0.420012
Bubble Sort,100,71,20260874,0.413803
Bubble Sort,100,72,20260875,0.409674
Bubble Sort,100,73,20260876,0.411895
Bubble Sort,100,74,20260877,0.413483
Bubble Sort,100,75,20260878,0.414013
Bubble Sort,100,76,20260879,0.422547
Bubble Sort,100,77,20260880,0.414843
Bubble Sort,100,78,20260881,0.412954
Bubble Sort,100,79,20260882,0.412517
Bubble Sort,100,80,20260883,0.411705
Bubble Sort,100,81,20260884,0.417009
Bubble Sort,100,82,20260885,0.412726
Bubble Sort,100,83,20260886,0.414357
Bubble Sort,100,84,20260887,0.414474
Bubble Sort,100,85,20260888,0.411902
Bubble Sort,100,86,20260889,0.415175
Bubble Sort,100,87,20260890,0.416653
Bubble Sort,100,88,20260891,0.413575
Bubble Sort,100,89,20260892,0.412184
Bubble Sort,100,90,20260893,0.420862
Bubble Sort,100,91,20260894,0.425256
Bubble Sort,100,92,20260895,0.41992
Bubble Sort,100,93,20260896,0.424154
Bubble Sort,100,94,20260897,0.422166
Bubble Sort,100,95,20260898,0.41269
Bubble Sort,100,96,20260899,0.414468
Bubble Sort,100,97,20260900,0.415508
Bubble Sort,100,98,20260901,0.413286
Bubble Sort,100,99,20260902,0.414074
Heap Sort,100,0,20260803,0.290763
Heap Sort,100,1,20260804,0.287883
Heap Sort,100,2,20260805,0.28637
Heap Sort,100,3,20260806,0.285446
Heap Sort,100,4,20260807,0.287612
Heap Sort,100,5,20260808,0.285852
Heap Sort,100,6,20260809,0.282382
Heap Sort,100,7,20260810,0.290061
Heap Sort,100,8,20260811,0.286757
Heap Sort,100,9,20260812,0.284653
Heap Sort,100,10,20260813,0.283335
Heap Sort,100,11,20260814,0.285016
Heap Sort,100,12,20260815,0.286264
Heap Sort,100,13,20260816,0.281027
Heap Sort,100,14,20260817,0.27792
Heap Sort,100,15,20260818,0.318493
Heap Sort,100,16,20260819,0.300326
Heap Sort,100,17,20260820,0.297224
Heap Sort,100,18,20260821,0.273779
Heap Sort,100,19,20260822,0.297742
Heap Sort,100,20,20260823,0.295102
Heap Sort,100,21,20260824,0.296776
Heap Sort,100,22,20260825,0.296591
Heap Sort,100,23,20260826,0.280628
Heap Sort,100,24,20260827,0.292887
Heap Sort,100,25,20260828,0.294757
Heap Sort,100,26,20260829,0.297409
Heap Sort,100,27,20260830,0.294302
Heap Sort,100,28,20260831,0.282757
Heap Sort,100,29,20260832,0.294727
Heap Sort,100,30,20260833,0.279483
Heap Sort,100,31,20260834,0.277532
Heap Sort,100,32,20260835,0.3008
Heap Sort,100,33,20260836,0.311175
Heap Sort,100,34,20260837,0.307809
Heap Sort,100,35,20260838,0.283545
Heap Sort,100,36,20260839,0.296782
Heap Sort,100,37,20260840,0.302382
Heap Sort,100,38,20260841,0.273877
Heap Sort,100,39,20260842,0.278172
Heap Sort,100,40,20260843,0.278086
Heap Sort,100,41,20260844,0.274739
Heap Sort,100,42,20260845,0.279735
Heap Sort,100,43,20260846,0.296726
Heap Sort,100,44,20260847,0.294572
Heap Sort,100,45,20260848,0.294536
Heap Sort,100,46,20260849,0.308536
Heap Sort,100,47,20260850,0.298837
Heap Sort,100,48,20260851,0.296738
Heap Sort,100,49,20260852,0.300499
Heap Sort,100,50,20260853,0.283058
Heap Sort,100,51,20260854,0.28339
Heap Sort,100,52,20260855,0.294868
Heap Sort,100,53,20260856,0.279083
Heap Sort,100,54,20260857,0.294492
Heap Sort,100,55,20260858,0.298862
Heap Sort,100,56,20260859,0.298504
Heap Sort,100,57,20260860,0.292695
Heap Sort,100,58,20260861,0.297803
Heap Sort,100,59,20260862,0.292702
Heap Sort,100,60,20260863,0.27848
Heap Sort,100,61,20260864,0.2772
Heap Sort,100,62,20260865,0.296031
Heap Sort,100,63,20260866,0.301551
Heap Sort,100,64,20260867,0.297619
Heap Sort,100,65,20260868,0.297594
Heap Sort,100,66,20260869,0.274074
Heap Sort,100,67,20260870,0.297748
Heap Sort,100,68,20260871,0.296412
Heap Sort,100,69,20260872,0.290738
Heap Sort,100,70,20260873,0.292868
Heap Sort,100,71,20260874,0.273649
Heap Sort,100,72,20260875,0.292166
Heap Sort,100,73,20260876,0.293268
Heap Sort,100,74,20260877,0.295951
Heap Sort,100,75,20260878,0.295114
Heap Sort,100,76,20260879,0.291735
Heap Sort,100,77,20260880,0.296461
Heap Sort,100,78,20260881,0.296351
Heap Sort,100,79,20260882,0.296222
Heap Sort,100,80,20260883,0.278375
Heap Sort,100,81,20260884,0.291569
Heap Sort,100,82,20260885,0.297976
Heap Sort,100,83,20260886,0.293114
Heap Sort,100,84,20260887,0.29624
Heap Sort,100,85,20260888,0.294597
Heap Sort,100,86,20260889,0.295311
Heap Sort,100,87,20260890,0.296874
Heap Sort,100,88,20260891,0.271655
Heap Sort,100,89,20260892,0.278307
Heap Sort,100,90,20260893,0.293569
Heap Sort,100,91,20260894,0.299385
Heap Sort,100,92,20260895,0.281686
Heap Sort,100,93,20260896,0.272542
Heap Sort,100,94,20260897,0.300707
Heap Sort,100,95,20260898,0.292302
Heap Sort,100,96,20260899,0.296222
Heap Sort,100,97,20260900,0.303766
Heap Sort,100,98,20260901,0.27944
Heap Sort,100,99,20260902,0.297212
Bubble Sort,1000,0,20260803,0.422098
Bubble Sort,1000,1,20260804,0.433508
Bubble Sort,1000,2,20260805,0.430898
Bubble Sort,1000,3,20260806,0.429009
Bubble Sort,1000,4,20260807,0.427809
Bubble Sort,1000,5,20260808,0.48336
Bubble Sort,1000,6,20260809,0.427932
Bubble Sort,1000,7,20260810,0.426234
Bubble Sort,1000,8,20260811,0.431133
Bubble Sort,1000,9,20260812,0.430191
Bubble Sort,1000,10,20260813,0.427477
Bubble Sort,1000,11,20260814,0.431156
Bubble Sort,1000,12,20260815,0.415353
Bubble Sort,1000,13,20260816,0.42824
Bubble Sort,1000,14,20260817,0.427496
Bubble Sort,1000,15,20260818,0.427963
Bubble Sort,1000,16,20260819,0.428695
Bubble Sort,1000,17,20260820,0.43048
Bubble Sort,1000,18,20260821,0.430449
Bubble Sort,1000,19,20260822,0.414036
Bubble Sort,1000,20,20260823,0.42736
Bubble Sort,1000,21,20260824,0.412449
Bubble Sort,1000,22,20260825,0.429588
Bubble Sort,1000,23,20260826,0.41712
Bubble Sort,1000,24,20260827,0.42885
Bubble Sort,1000,25,20260828,0.416412
Bubble Sort,1000,26,20260829,0.429255
Bubble Sort,1000,27,20260830,0.415151
Bubble Sort,1000,28,20260831,0.429698
Bubble Sort,1000,29,20260832,0.413883
Bubble Sort,1000,30,20260833,0.429976
Bubble Sort,1000,31,20260834,0.413773
Bubble Sort,1000,32,20260835,0.42888
Bubble Sort,1000,33,20260836,0.420664
Bubble Sort,1000,34,20260837,0.427797
Bubble Sort,1000,35,20260838,0.42808
Bubble Sort,1000,36,20260839,0.428708
Bubble Sort,1000,37,20260840,0.430917
Bubble Sort,1000,38,20260841,0.469027
Bubble Sort,1000,39,20260842,0.431065
Bubble Sort,1000,40,20260843,0.427907
Bubble Sort,1000,41,20260844,0.431459
Bubble Sort,1000,42,20260845,0.431545
Bubble Sort,1000,43,20260846,0.425582
Bubble Sort,1000,44,20260847,0.428092
Bubble Sort,1000,45,20260848,0.43203
Bubble Sort,1000,46,20260849,0.437004
Bubble Sort,1000,47,20260850,0.435791
Bubble Sort,1000,48,20260851,0.433612
Bubble Sort,1000,49,20260852,0.435403
Bubble Sort,1000,50,20260853,0.421317
Bubble Sort,1000,51,20260854,0.418806
Bubble Sort,1000,52,20260855,0.430413
Bubble Sort,1000,53,20260856,0.411785
Bubble Sort,1000,54,20260857,0.427477
Bubble Sort,1000,55,20260858,0.422646
Bubble Sort,1000,56,20260859,0.431046
Bubble Sort,1000,57,20260860,0.431342
Bubble Sort,1000,58,20260861,0.41307
Bubble Sort,1000,59,20260862,0.433803
Bubble Sort,1000,60,20260863,0.411804
Bubble Sort,1000,61,20260864,0.410603
Bubble Sort,1000,62,20260865,0.430904
Bubble Sort,1000,63,20260866,0.425723
Bubble Sort,1000,64,20260867,0.427391
Bubble Sort,1000,65,20260868,0.434006
Bubble Sort,1000,66,20260869,0.428468
Bubble Sort,1000,67,20260870,0.426714
Bubble Sort,1000,68,20260871,0.42528
Bubble Sort,1000,69,20260872,0.427889
Bubble Sort,1000,70,20260873,0.427896
Bubble Sort,1000,71,20260874,0.42733
Bubble Sort,1000,72,20260875,0.426283
Bubble Sort,1000,73,20260876,0.425754
Bubble Sort,1000,74,20260877,0.425243
Bubble Sort,1000,75,20260878,0.42792
Bubble Sort,1000,76,20260879,0.426271
Bubble Sort,1000,77,20260880,0.429939
Bubble Sort,1000,78,20260881,0.427495
Bubble Sort,1000,79,20260882,0.426406
Bubble Sort,1000,80,20260883,0.427267
Bubble Sort,1000,81,20260884,0.429496
Bubble Sort,1000,82,20260885,0.429047
Bubble Sort,1000,83,20260886,0.426012
Bubble Sort,1000,84,20260887,0.428646
Bubble Sort,1000,85,20260888,0.424689
Bubble Sort,1000,86,20260889,0.427157
Bubble Sort,1000,87,20260890,0.42656
Bubble Sort,1000,88,20260891,0.429508
Bubble Sort,1000,89,20260892,0.426862
Bubble Sort,1000,90,20260893,0.427157
Bubble Sort,1000,91,20260894,0.458689
Bubble Sort,1000,92,20260895,0.425667
Bubble Sort,1000,93,20260896,0.426708
Bubble Sort,1000,94,20260897,0.429926
Bubble Sort,1000,95,20260898,0.424849
Bubble Sort,1000,96,20260899,0.459341
Bubble Sort,1000,97,20260900,0.429736
Bubble Sort,1000,98,20260901,0.425643
Bubble Sort,1000,99,20260902,0.42816
Bubble Sort,1000,100,20260903,0.427649
Bubble Sort,1000,101,20260904,0.427625
Bubble Sort,1000,102,20260905,0.427889
Bubble Sort,1000,103,20260906,0.426499
Bubble Sort,1000,104,20260907,0.426665
Bubble Sort,1000,105,20260908,0.425224
Bubble Sort,1000,106,20260909,0.42672
Bubble Sort,1000,107,20260910,0.429446
Bubble Sort,1000,108,20260911,0.425557
Bubble Sort,1000,109,20260912,0.427643
Bubble Sort,1000,110,20260913,0.424393
Bubble Sort,1000,111,20260914,0.429286
Bubble Sort,1000,112,20260915,0.427028
Bubble Sort,1000,113,20260916,0.426603
Bubble Sort,1000,114,20260917,0.42872
Bubble Sort,1000,115,20260918,0.413113
Bubble Sort,1000,116,20260919,0.430061
Bubble Sort,1000,117,20260920,0.426203
Bubble Sort,1000,118,20260921,0.427391
Bubble Sort,1000,119,20260922,0.428227
Bubble Sort,1000,120,20260923,0.426443
Bubble Sort,1000,121,20260924,0.428941
Bubble Sort,1000,122,20260925,0.428449
Bubble Sort,1000,123,20260926,0.42624
Bubble Sort,1000,124,20260927,0.433028
Bubble Sort,1000,125,20260928,0.430609
Bubble Sort,1000,126,20260929,0.425815
Bubble Sort,1000,127,20260930,0.424757
Bubble Sort,1000,128,20260931,0.426548
Bubble Sort,1000,129,20260932,0.433852
Bubble Sort,1000,130,20260933,0.424844
Bubble Sort,1000,131,20260934,0.42536
Bubble Sort,1000,132,20260935,0.429963
Bubble Sort,1000,133,20260936,0.425133
Bubble Sort,1000,134,20260937,0.42763
Bubble Sort,1000,135,20260938,0.425754
Bubble Sort,1000,136,20260939,0.425465
Bubble Sort,1000,137,20260940,0.425612
Bubble Sort,1000,138,20260941,0.423569
Bubble Sort,1000,139,20260942,0.426043
Bubble Sort,1000,140,20260943,0.433729
Bubble Sort,1000,141,20260944,0.428523
Bubble Sort,1000,142,20260945,0.410591
Bubble Sort,1000,143,20260946,0.411483
Bubble Sort,1000,144,20260947,0.431077
Bubble Sort,1000,145,20260948,0.429502
Bubble Sort,1000,146,20260949,0.427108
Bubble Sort,1000,147,20260950,0.425975
Bubble Sort,1000,148,20260951,0.425507
Bubble Sort,1000,149,20260952,0.429009
Bubble Sort,1000,150,20260953,0.429858
Bubble Sort,1000,151,20260954,0.425815
Bubble Sort,1000,152,20260955,0.428258
Bubble Sort,1000,153,20260956,0.427083
Bubble Sort,1000,154,20260957,0.429046
Bubble Sort,1000,155,20260958,0.424351
Bubble Sort,1000,156,20260959,0.428061
Bubble Sort,1000,157,20260960,0.418
Bubble Sort,1000,158,20260961,0.427803
Bubble Sort,1000,159,20260962,0.428203
Bubble Sort,1000,160,20260963,0.424381
Bubble Sort,1000,161,20260964,0.42541
Bubble Sort,1000,162,20260965,0.425723
Bubble Sort,1000,163,20260966,0.423336
Bubble Sort,1000,164,20260967,0.427538
Bubble Sort,1000,165,20260968,0.424664
Bubble Sort,1000,166,20260969,0.425711
Bubble Sort,1000,167,20260970,0.423366
Bubble Sort,1000,168,20260971,0.428123
Bubble Sort,1000,169,20260972,0.427342
Bubble Sort,1000,170,20260973,0.427206
Bubble Sort,1000,171,20260974,0.427224
Bubble Sort,1000,172,20260975,0.427353
Bubble Sort,1000,173,20260976,0.424813
Bubble Sort,1000,174,20260977,0.431643
Bubble Sort,1000,175,20260978,0.425465
Bubble Sort,1000,176,20260979,0.425896
Bubble Sort,1000,177,20260980,0.424812
Bubble Sort,1000,178,20260981,0.430173
Bubble Sort,1000,179,20260982,0.422099
Bubble Sort,1000,180,20260983,0.427563
Bubble Sort,1000,181,20260984,0.424419
Bubble Sort,1000,182,20260985,0.427144
Bubble Sort,1000,183,20260986,0.426566
Bubble Sort,1000,184,20260987,0.432646
Bubble Sort,1000,185,20260988,0.427908
Bubble Sort,1000,186,20260989,0.412012
Bubble Sort,1000,187,20260990,0.431311
Bubble Sort,1000,188,20260991,0.432818
Bubble Sort,1000,189,20260992,0.425237
Bubble Sort,1000,190,20260993,0.428628
Bubble Sort,1000,191,20260994,0.42675
Bubble Sort,1000,192,20260995,0.428344
Bubble Sort,1000,193,20260996,0.431514
Bubble Sort,1000,194,20260997,0.423409
Bubble Sort,1000,195,20260998,0.429237
Bubble Sort,1000,196,20260999,0.422904
Bubble Sort,1000,197,20261000,0.428123
Bubble Sort,1000,198,20261001,0.429453
Bubble Sort,1000,199,20261002,0.428517
Bubble Sort,1000,200,20261003,0.425046
Bubble Sort,1000,201,20261004,0.43016
Bubble Sort,1000,202,20261005,0.426178
Bubble Sort,1000,203,20261006,0.43152
Bubble Sort,1000,204,20261007,0.430013
Bubble Sort,1000,205,20261008,0.428738
Bubble Sort,1000,206,20261009,0.427581
Bubble Sort,1000,207,20261010,0.427193
Bubble Sort,1000,208,20261011,0.427083
Bubble Sort,1000,209,20261012,0.427028
Bubble Sort,1000,210,20261013,0.42648
Bubble Sort,1000,211,20261014,0.426246
Bubble Sort,1000,212,20261015,0.426924
Bubble Sort,1000,213,20261016,0.416142
Bubble Sort,1000,214,20261017,0.427754
Bubble Sort,1000,215,20261018,0.426967
Bubble Sort,1000,216,20261019,0.424732
Bubble Sort,1000,217,20261020,0.42776
Bubble Sort,1000,218,20261021,0.425735
Bubble Sort,1000,219,20261022,0.42784
Bubble Sort,1000,220,20261023,0.425421
Bubble Sort,1000,221,20261024,0.428425
Bubble Sort,1000,222,20261025,0.425138
Bubble Sort,1000,223,20261026,0.428449
Bubble Sort,1000,224,20261027,0.426437
Bubble Sort,1000,225,20261028,0.426782
Bubble Sort,1000,226,20261029,0.425077
Bubble Sort,1000,227,20261030,0.429858
Bubble Sort,1000,228,20261031,0.427803
Bubble Sort,1000,229,20261032,0.433526
Bubble Sort,1000,230,20261033,0.431975
Bubble Sort,1000,231,20261034,0.420301
Bubble Sort,1000,232,20261035,0.422468
Bubble Sort,1000,233,20261036,0.433427
Bubble Sort,1000,234,20261037,0.425625
Bubble Sort,1000,235,20261038,0.430462
Bubble Sort,1000,236,20261039,0.426079
Bubble Sort,1000,237,20261040,0.420769
Bubble Sort,1000,238,20261041,0.4268
Bubble Sort,1000,239,20261042,0.428665
Bubble Sort,1000,240,20261043,0.434504
Bubble Sort,1000,241,20261044,0.432258
Bubble Sort,1000,242,20261045,0.427668
Bubble Sort,1000,243,20261046,0.427336
Bubble Sort,1000,244,20261047,0.426536
Bubble Sort,1000,245,20261048,0.430578
Bubble Sort,1000,246,20261049,0.428117
Bubble Sort,1000,247,20261050,0.426542
Bubble Sort,1000,248,20261051,0.424652
Bubble Sort,1000,249,20261052,0.426356
Bubble Sort,1000,250,20261053,0.42576
Bubble Sort,1000,251,20261054,0.430184
Bubble Sort,1000,252,20261055,0.423742
Bubble Sort,1000,253,20261056,0.423249
Bubble Sort,1000,254,20261057,0.426
Bubble Sort,1000,255,20261058,0.421988
Bubble Sort,1000,256,20261059,0.426381
Bubble Sort,1000,257,20261060,0.425095
Bubble Sort,1000,258,20261061,0.4264
Bubble Sort,1000,259,20261062,0.42552
Bubble Sort,1000,260,20261063,0.428326
Bubble Sort,1000,261,20261064,0.426185
Bubble Sort,1000,262,20261065,0.427981
Bubble Sort,1000,263,20261066,0.427581
Bubble Sort,1000,264,20261067,0.425551
Bubble Sort,1000,265,20261068,0.427594
Bubble Sort,1000,266,20261069,0.424511
Bubble Sort,1000,267,20261070,0.426609
Bubble Sort,1000,268,20261071,0.423957
Bubble Sort,1000,269,20261072,0.425877
Bubble Sort,1000,270,20261073,0.425428
Bubble Sort,1000,271,20261074,0.426049
Bubble Sort,1000,272,20261075,0.423397
Bubble Sort,1000,273,20261076,0.425298
Bubble Sort,1000,274,20261077,0.412578
Bubble Sort,1000,275,20261078,0.424345
Bubble Sort,1000,276,20261079,0.426695
Bubble Sort,1000,277,20261080,0.426049
Bubble Sort,1000,278,20261081,0.42544
Bubble Sort,1000,279,20261082,0.426818
Bubble Sort,1000,280,20261083,0.42637
Bubble Sort,1000,281,20261084,0.424148
Bubble Sort,1000,282,20261085,0.423773
Bubble Sort,1000,283,20261086,0.424486
Bubble Sort,1000,284,20261087,0.422449
Bubble Sort,1000,285,20261088,0.428954
Bubble Sort,1000,286,20261089,0.423747
Bubble Sort,1000,287,20261090,0.427102
Bubble Sort,1000,288,20261091,0.425021
Bubble Sort,1000,289,20261092,0.426892
Bubble Sort,1000,290,20261093,0.427274
Bubble Sort,1000,291,20261094,0.428074
Bubble Sort,1000,292,20261095,0.427693
Bubble Sort,1000,293,20261096,0.427889
Bubble Sort,1000,294,20261097,0.42653
Bubble Sort,1000,295,20261098,0.427544
Bubble Sort,1000,296,20261099,0.42736
Bubble Sort,1000,297,20261100,0.413668
Bubble Sort,1000,298,20261101,0.430098
Bubble Sort,1000,299,20261102,0.428824
Bubble Sort,1000,300,20261103,0.425059
Bubble Sort,1000,301,20261104,0.426972
Bubble Sort,1000,302,20261105,0.478708
Bubble Sort,1000,303,20261106,0.423108
Bubble Sort,1000,304,20261107,0.426609
Bubble Sort,1000,305,20261108,0.420658
Bubble Sort,1000,306,20261109,0.426954
Bubble Sort,1000,307,20261110,0.426419
Bubble Sort,1000,308,20261111,0.423981
Bubble Sort,1000,309,20261112,0.426738
Bubble Sort,1000,310,20261113,0.426818
Bubble Sort,1000,311,20261114,0.426148
Bubble Sort,1000,312,20261115,0.413772
Bubble Sort,1000,313,20261116,0.423901
Bubble Sort,1000,314,20261117,0.4248
Bubble Sort,1000,315,20261118,0.427126
Bubble Sort,1000,316,20261119,0.427293
Bubble Sort,1000,317,20261120,0.428074
Bubble Sort,1000,318,20261121,0.42584
Bubble Sort,1000,319,20261122,0.422726
Bubble Sort,1000,320,20261123,0.426295
Bubble Sort,1000,321,20261124,0.424529
Bubble Sort,1000,322,20261125,0.422554
Bubble Sort,1000,323,20261126,0.424566
Bubble Sort,1000,324,20261127,0.424991
Bubble Sort,1000,325,20261128,0.414363
Bubble Sort,1000,326,20261129,0.425422
Bubble Sort,1000,327,20261130,0.425705
Bubble Sort,1000,328,20261131,0.42664
Bubble Sort,1000,329,20261132,0.423871
Bubble Sort,1000,330,20261133,0.428535
Bubble Sort,1000,331,20261134,0.428536
Bubble Sort,1000,332,20261135,0.423569
Bubble Sort,1000,333,20261136,0.423957
Bubble Sort,1000,334,20261137,0.429397
Bubble Sort,1000,335,20261138,0.425993
Bubble Sort,1000,336,20261139,0.429077
Bubble Sort,1000,337,20261140,0.425373
Bubble Sort,1000,338,20261141,0.427003
Bubble Sort,1000,339,20261142,0.429194
Bubble Sort,1000,340,20261143,0.423779
Bubble Sort,1000,341,20261144,0.425741
Bubble Sort,1000,342,20261145,0.424862
Bubble Sort,1000,343,20261146,0.424037
Bubble Sort,1000,344,20261147,0.430123
Bubble Sort,1000,345,20261148,0.426357
Bubble Sort,1000,346,20261149,0.42776
Bubble Sort,1000,347,20261150,0.426222
Bubble Sort,1000,348,20261151,0.433446
Bubble Sort,1000,349,20261152,0.428794
Bubble Sort,1000,350,20261153,0.424542
Bubble Sort,1000,351,20261154,0.422167
Bubble Sort,1000,352,20261155,0.429403
Bubble Sort,1000,353,20261156,0.439231
Bubble Sort,1000,354,20261157,0.425292
Bubble Sort,1000,355,20261158,0.427299
Bubble Sort,1000,356,20261159,0.410782
Bubble Sort,1000,357,20261160,0.4264
Bubble Sort,1000,358,20261161,0.429415
Bubble Sort,1000,359,20261162,0.42592
Bubble Sort,1000,360,20261163,0.42464
Bubble Sort,1000,361,20261164,0.430375
Bubble Sort,1000,362,20261165,0.428492
Bubble Sort,1000,363,20261166,0.427163
Bubble Sort,1000,364,20261167,0.425582
Bubble Sort,1000,365,20261168,0.427932
Bubble Sort,1000,366,20261169,0.430591
Bubble Sort,1000,367,20261170,0.425606
Bubble Sort,1000,368,20261171,0.426247
Bubble Sort,1000,369,20261172,0.424788
Bubble Sort,1000,370,20261173,0.424073
Bubble Sort,1000,371,20261174,0.425182
Bubble Sort,1000,372,20261175,0.426991
Bubble Sort,1000,373,20261176,0.426523
Bubble Sort,1000,374,20261177,0.424418
Bubble Sort,1000,375,20261178,0.429292
Bubble Sort,1000,376,20261179,0.418136
Bubble Sort,1000,377,20261180,0.426929
Bubble Sort,1000,378,20261181,0.425901
Bubble Sort,1000,379,20261182,0.427766
Bubble Sort,1000,380,20261183,0.428006
Bubble Sort,1000,381,20261184,0.427483
Bubble Sort,1000,382,20261185,0.427397
Bubble Sort,1000,383,20261186,0.425113
Bubble Sort,1000,384,20261187,0.422117
Bubble Sort,1000,385,20261188,0.425624
Bubble Sort,1000,386,20261189,0.423532
Bubble Sort,1000,387,20261190,0.42717
Bubble Sort,1000,388,20261191,0.424228
Bubble Sort,1000,389,20261192,0.425569
Bubble Sort,1000,390,20261193,0.4256
Bubble Sort,1000,391,20261194,0.427138
Bubble Sort,1000,392,20261195,0.427871
Bubble Sort,1000,393,20261196,0.425932
Bubble Sort,1000,394,20261197,0.42368
Bubble Sort,1000,395,20261198,0.427329
Bubble Sort,1000,396,20261199,0.425477
Bubble Sort,1000,397,20261200,0.42872
Bubble Sort,1000,398,20261201,0.431637
Bubble Sort,1000,399,20261202,0.432781
Bubble Sort,1000,400,20261203,0.420677
Bubble Sort,1000,401,20261204,0.420462
Bubble Sort,1000,402,20261205,0.430099
Bubble Sort,1000,403,20261206,0.425175
Bubble Sort,1000,404,20261207,0.427385
Bubble Sort,1000,405,20261208,0.421619
Bubble Sort,1000,406,20261209,0.427096
Bubble Sort,1000,407,20261210,0.422935
Bubble Sort,1000,408,20261211,0.427225
Bubble Sort,1000,409,20261212,0.427687
Bubble Sort,1000,410,20261213,0.424375
Bubble Sort,1000,411,20261214,0.426584
Bubble Sort,1000,412,20261215,0.428941
Bubble Sort,1000,413,20261216,0.424615
Bubble Sort,1000,414,20261217,0.423452
Bubble Sort,1000,415,20261218,0.426062
Bubble Sort,1000,416,20261219,0.42832
Bubble Sort,1000,417,20261220,0.426141
Bubble Sort,1000,418,20261221,0.423686
Bubble Sort,1000,419,20261222,0.425237
Bubble Sort,1000,420,20261223,0.428086
Bubble Sort,1000,421,20261224,0.427304
Bubble Sort,1000,422,20261225,0.42739
Bubble Sort,1000,423,20261226,0.426332
Bubble Sort,1000,424,20261227,0.427674
Bubble Sort,1000,425,20261228,0.430061
Bubble Sort,1000,426,20261229,0.426012
Bubble Sort,1000,427,20261230,0.41544
Bubble Sort,1000,428,20261231,0.424984
Bubble Sort,1000,429,20261232,0.42336
Bubble Sort,1000,430,20261233,0.426708
Bubble Sort,1000,431,20261234,0.426541
Bubble Sort,1000,432,20261235,0.42336
Bubble Sort,1000,433,20261236,0.422972
Bubble Sort,1000,434,20261237,0.426677
Bubble Sort,1000,435,20261238,0.425539
Bubble Sort,1000,436,20261239,0.426867
Bubble Sort,1000,437,20261240,0.427126
Bubble Sort,1000,438,20261241,0.42592
Bubble Sort,1000,439,20261242,0.422812
Bubble Sort,1000,440,20261243,0.426381
Bubble Sort,1000,441,20261244,0.424646
Bubble Sort,1000,442,20261245,0.424296
Bubble Sort,1000,443,20261246,0.424893
Bubble Sort,1000,444,20261247,0.425889
Bubble Sort,1000,445,20261248,0.422517
Bubble Sort,1000,446,20261249,0.424566
Bubble Sort,1000,447,20261250,0.423693
Bubble Sort,1000,448,20261251,0.425385
Bubble Sort,1000,449,20261252,0.423274
Bubble Sort,1000,450,20261253,0.411446
Bubble Sort,1000,451,20261254,0.42403
Bubble Sort,1000,452,20261255,0.423619
Bubble Sort,1000,453,20261256,0.425846
Bubble Sort,1000,454,20261257,0.423791
Bubble Sort,1000,455,20261258,0.425372
Bubble Sort,1000,456,20261259,0.42728
Bubble Sort,1000,457,20261260,0.425532
Bubble Sort,1000,458,20261261,0.426024
Bubble Sort,1000,459,20261262,0.422203
Bubble Sort,1000,460,20261263,0.425625
Bubble Sort,1000,461,20261264,0.426486
Bubble Sort,1000,462,20261265,0.424061
Bubble Sort,1000,463,20261266,0.424407
Bubble Sort,1000,464,20261267,0.427853
Bubble Sort,1000,465,20261268,0.424326
Bubble Sort,1000,466,20261269,0.424431
Bubble Sort,1000,467,20261270,0.424947
Bubble Sort,1000,468,20261271,0.426787
Bubble Sort,1000,469,20261272,0.425366
Bubble Sort,1000,470,20261273,0.426265
Bubble Sort,1000,471,20261274,0.422818
Bubble Sort,1000,472,20261275,0.42584
Bubble Sort,1000,473,20261276,0.409803
Bubble Sort,1000,474,20261277,0.423619
Bubble Sort,1000,475,20261278,0.426991
Bubble Sort,1000,476,20261279,0.425778
Bubble Sort,1000,477,20261280,0.424954
Bubble Sort,1000,478,20261281,0.424911
Bubble Sort,1000,479,20261282,0.42344
Bubble Sort,1000,480,20261283,0.425464
Bubble Sort,1000,481,20261284,0.425723
Bubble Sort,1000,482,20261285,0.425317
Bubble Sort,1000,483,20261286,0.424166
Bubble Sort,1000,484,20261287,0.427465
Bubble Sort,1000,485,20261288,0.424271
Bubble Sort,1000,486,20261289,0.429822
Bubble Sort,1000,487,20261290,0.424652
Bubble Sort,1000,488,20261291,0.427532
Bubble Sort,1000,489,20261292,0.427551
Bubble Sort,1000,490,20261293,0.426265
Bubble Sort,1000,491,20261294,0.426616
Bubble Sort,1000,492,20261295,0.426738
Bubble Sort,1000,493,20261296,0.427009
Bubble Sort,1000,494,20261297,0.424936
Bubble Sort,1000,495,20261298,0.425416
Bubble Sort,1000,496,20261299,0.417034
Bubble Sort,1000,497,20261300,0.426542
Bubble Sort,1000,498,20261301,0.427367
Bubble Sort,1000,499,20261302,0.424388
Bubble Sort,1000,500,20261303,0.423932
Bubble Sort,1000,501,20261304,0.427502
Bubble Sort,1000,502,20261305,0.425249
Bubble Sort,1000,503,20261306,0.426523
Bubble Sort,1000,504,20261307,0.424696
Bubble Sort,1000,505,20261308,0.428597
Bubble Sort,1000,506,20261309,0.425606
Bubble Sort,1000,507,20261310,0.428215
Bubble Sort,1000,508,20261311,0.429705
Bubble Sort,1000,509,20261312,0.425539
Bubble Sort,1000,510,20261313,0.426467
Bubble Sort,1000,511,20261314,0.43067
Bubble Sort,1000,512,20261315,0.428554
Bubble Sort,1000,513,20261316,0.424135
Bubble Sort,1000,514,20261317,0.423022
Bubble Sort,1000,515,20261318,0.424843
Bubble Sort,1000,516,20261319,0.426247
Bubble Sort,1000,517,20261320,0.424541
Bubble Sort,1000,518,20261321,0.424333
Bubble Sort,1000,519,20261322,0.424689
Bubble Sort,1000,520,20261323,0.429268
Bubble Sort,1000,521,20261324,0.424117
Bubble Sort,1000,522,20261325,0.426216
Bubble Sort,1000,523,20261326,0.427384
Bubble Sort,1000,524,20261327,0.424301
Bubble Sort,1000,525,20261328,0.429175
Bubble Sort,1000,526,20261329,0.424665
Bubble Sort,1000,527,20261330,0.472006
Bubble Sort,1000,528,20261331,0.43093
Bubble Sort,1000,529,20261332,0.427686
Bubble Sort,1000,530,20261333,0.428215
Bubble Sort,1000,531,20261334,0.425735
Bubble Sort,1000,532,20261335,0.424867
Bubble Sort,1000,533,20261336,0.427256
Bubble Sort,1000,534,20261337,0.427717
Bubble Sort,1000,535,20261338,0.426954
Bubble Sort,1000,536,20261339,0.423686
Bubble Sort,1000,537,20261340,0.426739
Bubble Sort,1000,538,20261341,0.427723
Bubble Sort,1000,539,20261342,0.428757
Bubble Sort,1000,540,20261343,0.427827
Bubble Sort,1000,541,20261344,0.429446
Bubble Sort,1000,542,20261345,0.429945
Bubble Sort,1000,543,20261346,0.424529
Bubble Sort,1000,544,20261347,0.426338
Bubble Sort,1000,545,20261348,0.426031
Bubble Sort,1000,546,20261349,0.427588
Bubble Sort,1000,547,20261350,0.426449
Bubble Sort,1000,548,20261351,0.429501
Bubble Sort,1000,549,20261352,0.42864
Bubble Sort,1000,550,20261353,0.431526
Bubble Sort,1000,551,20261354,0.42581
Bubble Sort,1000,552,20261355,0.428197
Bubble Sort,1000,553,20261356,0.42888
Bubble Sort,1000,554,20261357,0.428073
Bubble Sort,1000,555,20261358,0.422874
Bubble Sort,1000,556,20261359,0.42651
Bubble Sort,1000,557,20261360,0.43048
Bubble Sort,1000,558,20261361,0.427784
Bubble Sort,1000,559,20261362,0.427299
Bubble Sort,1000,560,20261363,0.428228
Bubble Sort,1000,561,20261364,0.423132
Bubble Sort,1000,562,20261365,0.425606
Bubble Sort,1000,563,20261366,0.424129
Bubble Sort,1000,564,20261367,0.427656
Bubble Sort,1000,565,20261368,0.432683
Bubble Sort,1000,566,20261369,0.436351
Bubble Sort,1000,567,20261370,0.419545
Bubble Sort,1000,568,20261371,0.417243
Bubble Sort,1000,569,20261372,0.410739
Bubble Sort,1000,570,20261373,0.423877
Bubble Sort,1000,571,20261374,0.427828
Bubble Sort,1000,572,20261375,0.425649
Bubble Sort,1000,573,20261376,0.421588
Bubble Sort,1000,574,20261377,0.429957
Bubble Sort,1000,575,20261378,0.429219
Bubble Sort,1000,576,20261379,0.427009
Bubble Sort,1000,577,20261380,0.427705
Bubble Sort,1000,578,20261381,0.427705
Bubble Sort,1000,579,20261382,0.429373
Bubble Sort,1000,580,20261383,0.425317
Bubble Sort,1000,581,20261384,0.427489
Bubble Sort,1000,582,20261385,0.425581
Bubble Sort,1000,583,20261386,0.427126
Bubble Sort,1000,584,20261387,0.426179
Bubble Sort,1000,585,20261388,0.425213
Bubble Sort,1000,586,20261389,0.429243
Bubble Sort,1000,587,20261390,0.426153
Bubble Sort,1000,588,20261391,0.424708
Bubble Sort,1000,589,20261392,0.426468
Bubble Sort,1000,590,20261393,0.425539
Bubble Sort,1000,591,20261394,0.426136
Bubble Sort,1000,592,20261395,0.426923
Bubble Sort,1000,593,20261396,0.425618
Bubble Sort,1000,594,20261397,0.424462
Bubble Sort,1000,595,20261398,0.429772
Bubble Sort,1000,596,20261399,0.428849
Bubble Sort,1000,597,20261400,0.425206
Bubble Sort,1000,598,20261401,0.424904
Bubble Sort,1000,599,20261402,0.42581
Bubble Sort,1000,600,20261403,0.425902
Bubble Sort,1000,601,20261404,0.42077
Bubble Sort,1000,602,20261405,0.421384
Bubble Sort,1000,603,20261406,0.426424
Bubble Sort,1000,604,20261407,0.418536
Bubble Sort,1000,605,20261408,0.424677
Bubble Sort,1000,606,20261409,0.424806
Bubble Sort,1000,607,20261410,0.425545
Bubble Sort,1000,608,20261411,0.428388
Bubble Sort,1000,609,20261412,0.427464
Bubble Sort,1000,610,20261413,0.42464
Bubble Sort,1000,611,20261414,0.425077
Bubble Sort,1000,612,20261415,0.428031
Bubble Sort,1000,613,20261416,0.427938
Bubble Sort,1000,614,20261417,0.463741
Bubble Sort,1000,615,20261418,0.428948
Bubble Sort,1000,616,20261419,0.484
Bubble Sort,1000,617,20261420,0.439495
Bubble Sort,1000,618,20261421,0.445477
Bubble Sort,1000,619,20261422,0.425717
Bubble Sort,1000,620,20261423,0.487803
Bubble Sort,1000,621,20261424,0.422677
Bubble Sort,1000,622,20261425,0.416504
Bubble Sort,1000,623,20261426,0.418437
Bubble Sort,1000,624,20261427,0.41504
Bubble Sort,1000,625,20261428,0.416745
Bubble Sort,1000,626,20261429,0.422073
Bubble Sort,1000,627,20261430,0.415495
Bubble Sort,1000,628,20261431,0.426486
Bubble Sort,1000,629,20261432,0.425016
Bubble Sort,1000,630,20261433,0.419742
Bubble Sort,1000,631,20261434,0.427219
Bubble Sort,1000,632,20261435,0.447858
Bubble Sort,1000,633,20261436,0.459852
Bubble Sort,1000,634,20261437,0.434222
Bubble Sort,1000,635,20261438,0.443895
Bubble Sort,1000,636,20261439,0.477502
Bubble Sort,1000,637,20261440,0.439015
Bubble Sort,1000,638,20261441,0.423107
Bubble Sort,1000,639,20261442,0.459169
Bubble Sort,1000,640,20261443,0.426166
Bubble Sort,1000,641,20261444,0.419071
Bubble Sort,1000,642,20261445,0.419003
Bubble Sort,1000,643,20261446,0.416135
Bubble Sort,1000,644,20261447,0.420849
Bubble Sort,1000,645,20261448,0.418037
Bubble Sort,1000,646,20261449,0.416271
Bubble Sort,1000,647,20261450,0.43139
Bubble Sort,1000,648,20261451,0.44296
Bubble Sort,1000,649,20261452,0.427625
Bubble Sort,1000,650,20261453,0.443305
Bubble Sort,1000,651,20261454,0.42848
Bubble Sort,1000,652,20261455,0.44043
Bubble Sort,1000,653,20261456,0.440393
Bubble Sort,1000,654,20261457,0.439446
Bubble Sort,1000,655,20261458,0.442794
Bubble Sort,1000,656,20261459,0.45
Bubble Sort,1000,657,20261460,0.463809
Bubble Sort,1000,658,20261461,0.432061
Bubble Sort,1000,659,20261462,0.44752
Bubble Sort,1000,660,20261463,0.47029
Bubble Sort,1000,661,20261464,0.432591
Bubble Sort,1000,662,20261465,0.436246
Bubble Sort,1000,663,20261466,0.433274
Bubble Sort,1000,664,20261467,0.426271
Bubble Sort,1000,665,20261468,0.429883
Bubble Sort,1000,666,20261469,0.435754
Bubble Sort,1000,667,20261470,0.427403
Bubble Sort,1000,668,20261471,0.431556
Bubble Sort,1000,669,20261472,0.427994
Bubble Sort,1000,670,20261473,0.590246
Bubble Sort,1000,671,20261474,0.430578
Bubble Sort,1000,672,20261475,0.426333
Bubble Sort,1000,673,20261476,0.428696
Bubble Sort,1000,674,20261477,0.429643
Bubble Sort,1000,675,20261478,0.424093
Bubble Sort,1000,676,20261479,0.429194
Bubble Sort,1000,677,20261480,0.426634
Bubble Sort,1000,678,20261481,0.427748
Bubble Sort,1000,679,20261482,0.425225
Bubble Sort,1000,680,20261483,0.432222
Bubble Sort,1000,681,20261484,0.427729
Bubble Sort,1000,682,20261485,0.426745
Bubble Sort,1000,683,20261486,0.429545
Bubble Sort,1000,684,20261487,0.429268
Bubble Sort,1000,685,20261488,0.423883
Bubble Sort,1000,686,20261489,0.425483
Bubble Sort,1000,687,20261490,0.427366
Bubble Sort,1000,688,20261491,0.425889
Bubble Sort,1000,689,20261492,0.425588
Bubble Sort,1000,690,20261493,0.423397
Bubble Sort,1000,691,20261494,0.427027
Bubble Sort,1000,692,20261495,0.426049
Bubble Sort,1000,693,20261496,0.425083
Bubble Sort,1000,694,20261497,0.426265
Bubble Sort,1000,695,20261498,0.421126
Bubble Sort,1000,696,20261499,0.427821
Bubble Sort,1000,697,20261500,0.421926
Bubble Sort,1000,698,20261501,0.427053
Bubble Sort,1000,699,20261502,0.422818
Bubble Sort,1000,700,20261503,0.422788
Bubble Sort,1000,701,20261504,0.426973
Bubble Sort,1000,702,20261505,0.426351
Bubble Sort,1000,703,20261506,0.425182
Bubble Sort,1000,704,20261507,0.425687
Bubble Sort,1000,705,20261508,0.425446
Bubble Sort,1000,706,20261509,0.411157
Bubble Sort,1000,707,20261510,0.426419
Bubble Sort,1000,708,20261511,0.425865
Bubble Sort,1000,709,20261512,0.423667
Bubble Sort,1000,710,20261513,0.424098
Bubble Sort,1000,711,20261514,0.425299
Bubble Sort,1000,712,20261515,0.423957
Bubble Sort,1000,713,20261516,0.430633
Bubble Sort,1000,714,20261517,0.428179
Bubble Sort,1000,715,20261518,0.426855
Bubble Sort,1000,716,20261519,0.428813
Bubble Sort,1000,717,20261520,0.425649
Bubble Sort,1000,718,20261521,0.423649
Bubble Sort,1000,719,20261522,0.429046
Bubble Sort,1000,720,20261523,0.425859
Bubble Sort,1000,721,20261524,0.422
Bubble Sort,1000,722,20261525,0.427581
Bubble Sort,1000,723,20261526,0.425877
Bubble Sort,1000,724,20261527,0.428504
Bubble Sort,1000,725,20261528,0.424418
Bubble Sort,1000,726,20261529,0.4264
Bubble Sort,1000,727,20261530,0.424234
Bubble Sort,1000,728,20261531,0.424173
Bubble Sort,1000,729,20261532,0.425329
Bubble Sort,1000,730,20261533,0.424702
Bubble Sort,1000,731,20261534,0.427237
Bubble Sort,1000,732,20261535,0.423797
Bubble Sort,1000,733,20261536,0.42664
Bubble Sort,1000,734,20261537,0.430529
Bubble Sort,1000,735,20261538,0.433342
Bubble Sort,1000,736,20261539,0.42072
Bubble Sort,1000,737,20261540,0.421766
Bubble Sort,1000,738,20261541,0.432677
Bubble Sort,1000,739,20261542,0.426462
Bubble Sort,1000,740,20261543,0.427218
Bubble Sort,1000,741,20261544,0.427938
Bubble Sort,1000,742,20261545,0.436628
Bubble Sort,1000,743,20261546,0.429471
Bubble Sort,1000,744,20261547,0.422585
Bubble Sort,1000,745,20261548,0.425347
Bubble Sort,1000,746,20261549,0.424326
Bubble Sort,1000,747,20261550,0.423385
Bubble Sort,1000,748,20261551,0.428216
Bubble Sort,1000,749,20261552,0.423816
Bubble Sort,1000,750,20261553,0.427465
Bubble Sort,1000,751,20261554,0.428062
Bubble Sort,1000,752,20261555,0.425304
Bubble Sort,1000,753,20261556,0.426387
Bubble Sort,1000,754,20261557,0.429397
Bubble Sort,1000,755,20261558,0.432788
Bubble Sort,1000,756,20261559,0.424978
Bubble Sort,1000,757,20261560,0.426726
Bubble Sort,1000,758,20261561,0.4268
Bubble Sort,1000,759,20261562,0.429711
Bubble Sort,1000,760,20261563,0.426179
Bubble Sort,1000,761,20261564,0.424929
Bubble Sort,1000,762,20261565,0.42381
Bubble Sort,1000,763,20261566,0.425428
Bubble Sort,1000,764,20261567,0.42272
Bubble Sort,1000,765,20261568,0.427957
Bubble Sort,1000,766,20261569,0.423809
Bubble Sort,1000,767,20261570,0.427034
Bubble Sort,1000,768,20261571,0.426203
Bubble Sort,1000,769,20261572,0.42728
Bubble Sort,1000,770,20261573,0.427089
Bubble Sort,1000,771,20261574,0.426523
Bubble Sort,1000,772,20261575,0.429606
Bubble Sort,1000,773,20261576,0.444055
Bubble Sort,1000,774,20261577,0.425982
Bubble Sort,1000,775,20261578,0.424314
Bubble Sort,1000,776,20261579,0.422701
Bubble Sort,1000,777,20261580,0.423538
Bubble Sort,1000,778,20261581,0.42875
Bubble Sort,1000,779,20261582,0.428203
Bubble Sort,1000,780,20261583,0.42696
Bubble Sort,1000,781,20261584,0.42965
Bubble Sort,1000,782,20261585,0.42544
Bubble Sort,1000,783,20261586,0.429206
Bubble Sort,1000,784,20261587,0.427459
Bubble Sort,1000,785,20261588,0.425612
Bubble Sort,1000,786,20261589,0.455071
Bubble Sort,1000,787,20261590,0.426123
Bubble Sort,1000,788,20261591,0.423668
Bubble Sort,1000,789,20261592,0.427656
Bubble Sort,1000,790,20261593,0.42608
Bubble Sort,1000,791,20261594,0.427022
Bubble Sort,1000,792,20261595,0.431348
Bubble Sort,1000,793,20261596,0.428025
Bubble Sort,1000,794,20261597,0.425132
Bubble Sort,1000,795,20261598,0.427379
Bubble Sort,1000,796,20261599,0.431717
Bubble Sort,1000,797,20261600,0.43035
Bubble Sort,1000,798,20261601,0.427188
Bubble Sort,1000,799,20261602,0.429834
Bubble Sort,1000,800,20261603,0.426381
Bubble Sort,1000,801,20261604,0.429587
Bubble Sort,1000,802,20261605,0.426634
Bubble Sort,1000,803,20261606,0.413914
Bubble Sort,1000,804,20261607,0.43187
Bubble Sort,1000,805,20261608,0.41573
Bubble Sort,1000,806,20261609,0.41808
Bubble Sort,1000,807,20261610,0.418037
Bubble Sort,1000,808,20261611,0.414376
Bubble Sort,1000,809,20261612,0.416363
Bubble Sort,1000,810,20261613,0.418018
Bubble Sort,1000,811,20261614,0.416056
Bubble Sort,1000,812,20261615,0.41968
Bubble Sort,1000,813,20261616,0.417046
Bubble Sort,1000,814,20261617,0.418942
Bubble Sort,1000,815,20261618,0.415926
Bubble Sort,1000,816,20261619,0.414634
Bubble Sort,1000,817,20261620,0.417772
Bubble Sort,1000,818,20261621,0.416886
Bubble Sort,1000,819,20261622,0.415618
Bubble Sort,1000,820,20261623,0.417791
Bubble Sort,1000,821,20261624,0.414424
Bubble Sort,1000,822,20261625,0.414757
Bubble Sort,1000,823,20261626,0.414905
Bubble Sort,1000,824,20261627,0.415065
Bubble Sort,1000,825,20261628,0.41504
Bubble Sort,1000,826,20261629,0.4156
Bubble Sort,1000,827,20261630,0.419101
Bubble Sort,1000,828,20261631,0.416209
Bubble Sort,1000,829,20261632,0.41547
Bubble Sort,1000,830,20261633,0.416597
Bubble Sort,1000,831,20261634,0.416252
Bubble Sort,1000,832,20261635,0.416708
Bubble Sort,1000,833,20261636,0.413539
Bubble Sort,1000,834,20261637,0.414634
Bubble Sort,1000,835,20261638,0.427588
Bubble Sort,1000,836,20261639,0.415847
Bubble Sort,1000,837,20261640,0.417655
Bubble Sort,1000,838,20261641,0.411938
Bubble Sort,1000,839,20261642,0.414246
Bubble Sort,1000,840,20261643,0.412419
Bubble Sort,1000,841,20261644,0.417969
Bubble Sort,1000,842,20261645,0.415243
Bubble Sort,1000,843,20261646,0.416314
Bubble Sort,1000,844,20261647,0.415587
Bubble Sort,1000,845,20261648,0.416099
Bubble Sort,1000,846,20261649,0.414283
Bubble Sort,1000,847,20261650,0.416148
Bubble Sort,1000,848,20261651,0.415034
Bubble Sort,1000,849,20261652,0.416806
Bubble Sort,1000,850,20261653,0.416172
Bubble Sort,1000,851,20261654,0.415871
Bubble Sort,1000,852,20261655,0.417409
Bubble Sort,1000,853,20261656,0.455624
Bubble Sort,1000,854,20261657,0.414049
Bubble Sort,1000,855,20261658,0.416739
Bubble Sort,1000,856,20261659,0.416431
Bubble Sort,1000,857,20261660,0.413341
Bubble Sort,1000,858,20261661,0.413391
Bubble Sort,1000,859,20261662,0.416739
Bubble Sort,1000,860,20261663,0.418714
Bubble Sort,1000,861,20261664,0.418542
Bubble Sort,1000,862,20261665,0.416247
Bubble Sort,1000,863,20261666,0.419741
Bubble Sort,1000,864,20261667,0.416985
Bubble Sort,1000,865,20261668,0.416062
Bubble Sort,1000,866,20261669,0.418991
Bubble Sort,1000,867,20261670,0.418055
Bubble Sort,1000,868,20261671,0.416332
Bubble Sort,1000,869,20261672,0.413261
Bubble Sort,1000,870,20261673,0.412529
Bubble Sort,1000,871,20261674,0.415194
Bubble Sort,1000,872,20261675,0.416671
Bubble Sort,1000,873,20261676,0.418061
Bubble Sort,1000,874,20261677,0.417015
Bubble Sort,1000,875,20261678,0.414129
Bubble Sort,1000,876,20261679,0.416209
Bubble Sort,1000,877,20261680,0.414265
Bubble Sort,1000,878,20261681,0.418197
Bubble Sort,1000,879,20261682,0.418923
Bubble Sort,1000,880,20261683,0.4168
Bubble Sort,1000,881,20261684,0.418049
Bubble Sort,1000,882,20261685,0.415255
Bubble Sort,1000,883,20261686,0.41939
Bubble Sort,1000,884,20261687,0.423729
Bubble Sort,1000,885,20261688,0.416258
Bubble Sort,1000,886,20261689,0.413335
Bubble Sort,1000,887,20261690,0.415114
Bubble Sort,1000,888,20261691,0.417182
Bubble Sort,1000,889,20261692,0.418326
Bubble Sort,1000,890,20261693,0.417729
Bubble Sort,1000,891,20261694,0.417557
Bubble Sort,1000,892,20261695,0.414585
Bubble Sort,1000,893,20261696,0.41939
Bubble Sort,1000,894,20261697,0.415945
Bubble Sort,1000,895,20261698,0.420344
Bubble Sort,1000,896,20261699,0.418905
Bubble Sort,1000,897,20261700,0.416339
Bubble Sort,1000,898,20261701,0.415853
Bubble Sort,1000,899,20261702,0.417736
Bubble Sort,1000,900,20261703,0.420972
Bubble Sort,1000,901,20261704,0.417317
Bubble Sort,1000,902,20261705,0.41613
Bubble Sort,1000,903,20261706,0.425028
Bubble Sort,1000,904,20261707,0.423268
Bubble Sort,1000,905,20261708,0.414707
Bubble Sort,1000,906,20261709,0.412542
Bubble Sort,1000,907,20261710,0.422707
Bubble Sort,1000,908,20261711,0.417053
Bubble Sort,1000,909,20261712,0.416098
Bubble Sort,1000,910,20261713,0.41645
Bubble Sort,1000,911,20261714,0.415809
Bubble Sort,1000,912,20261715,0.416985
Bubble Sort,1000,913,20261716,0.419237
Bubble Sort,1000,914,20261717,0.413976
Bubble Sort,1000,915,20261718,0.418653
Bubble Sort,1000,916,20261719,0.41664
Bubble Sort,1000,917,20261720,0.417951
Bubble Sort,1000,918,20261721,0.417914
Bubble Sort,1000,919,20261722,0.41544
Bubble Sort,1000,920,20261723,0.488504
Bubble Sort,1000,921,20261724,0.429637
Bubble Sort,1000,922,20261725,0.424375
Bubble Sort,1000,923,20261726,0.423619
Bubble Sort,1000,924,20261727,0.420597
Bubble Sort,1000,925,20261728,0.421102
Bubble Sort,1000,926,20261729,0.424788
Bubble Sort,1000,927,20261730,0.423052
Bubble Sort,1000,928,20261731,0.423471
Bubble Sort,1000,929,20261732,0.422024
Bubble Sort,1000,930,20261733,0.422104
Bubble Sort,1000,931,20261734,0.422252
Bubble Sort,1000,932,20261735,0.42155
Bubble Sort,1000,933,20261736,0.429705
Bubble Sort,1000,934,20261737,0.421095
Bubble Sort,1000,935,20261738,0.421015
Bubble Sort,1000,936,20261739,0.421766
Bubble Sort,1000,937,20261740,0.423569
Bubble Sort,1000,938,20261741,0.421194
Bubble Sort,1000,939,20261742,0.420683
Bubble Sort,1000,940,20261743,0.419422
Bubble Sort,1000,941,20261744,0.421311
Bubble Sort,1000,942,20261745,0.422966
Bubble Sort,1000,943,20261746,0.409662
Bubble Sort,1000,944,20261747,0.422018
Bubble Sort,1000,945,20261748,0.411489
Bubble Sort,1000,946,20261749,0.423354
Bubble Sort,1000,947,20261750,0.42355
Bubble Sort,1000,948,20261751,0.423692
Bubble Sort,1000,949,20261752,0.424708
Bubble Sort,1000,950,20261753,0.423163
Bubble Sort,1000,951,20261754,0.425089
Bubble Sort,1000,952,20261755,0.425317
Bubble Sort,1000,953,20261756,0.424
Bubble Sort,1000,954,20261757,0.423157
Bubble Sort,1000,955,20261758,0.423957
Bubble Sort,1000,956,20261759,0.424936
Bubble Sort,1000,957,20261760,0.4248
Bubble Sort,1000,958,20261761,0.420505
Bubble Sort,1000,959,20261762,0.421975
Bubble Sort,1000,960,20261763,0.423126
Bubble Sort,1000,961,20261764,0.42507
Bubble Sort,1000,962,20261765,0.425834
Bubble Sort,1000,963,20261766,0.422302
Bubble Sort,1000,964,20261767,0.422603
Bubble Sort,1000,965,20261768,0.422997
Bubble Sort,1000,966,20261769,0.423477
Bubble Sort,1000,967,20261770,0.412203
Bubble Sort,1000,968,20261771,0.423145
Bubble Sort,1000,969,20261772,0.421636
Bubble Sort,1000,970,20261773,0.423422
Bubble Sort,1000,971,20261774,0.4224
Bubble Sort,1000,972,20261775,0.422333
Bubble Sort,1000,973,20261776,0.423237
Bubble Sort,1000,974,20261777,0.425354
Bubble Sort,1000,975,20261778,0.423453
Bubble Sort,1000,976,20261779,0.427471
Bubble Sort,1000,977,20261780,0.425416
Bubble Sort,1000,978,20261781,0.424412
Bubble Sort,1000,979,20261782,0.423409
Bubble Sort,1000,980,20261783,0.423803
Bubble Sort,1000,981,20261784,0.424037
Bubble Sort,1000,982,20261785,0.426553
Bubble Sort,1000,983,20261786,0.423145
Bubble Sort,1000,984,20261787,0.42512
Bubble Sort,1000,985,20261788,0.424147
Bubble Sort,1000,986,20261789,0.422702
Bubble Sort,1000,987,20261790,0.424338
Bubble Sort,1000,988,20261791,0.422702
Bubble Sort,1000,989,20261792,0.424578
Bubble Sort,1000,990,20261793,0.424222
Bubble Sort,1000,991,20261794,0.422098
Bubble Sort,1000,992,20261795,0.426659
Bubble Sort,1000,993,20261796,0.425686
Bubble Sort,1000,994,20261797,0.421982
Bubble Sort,1000,995,20261798,0.424775
Bubble Sort,1000,996,20261799,0.424886
Bubble Sort,1000,997,20261800,0.426942
Bubble Sort,1000,998,20261801,0.425557
Bubble Sort,1000,999,20261802,0.42376
Heap Sort,1000,0,20260803,0.285446
Heap Sort,1000,1,20260804,0.283384
Heap Sort,1000,2,20260805,0.27693
Heap Sort,1000,3,20260806,0.313416
Heap Sort,1000,4,20260807,0.280861
Heap Sort,1000,5,20260808,0.278911
Heap Sort,1000,6,20260809,0.300141
Heap Sort,1000,7,20260810,0.279643
Heap Sort,1000,8,20260811,0.279397
Heap Sort,1000,9,20260812,0.281594
Heap Sort,1000,10,20260813,0.299988
Heap Sort,1000,11,20260814,0.279822
Heap Sort,1000,12,20260815,0.276991
Heap Sort,1000,13,20260816,0.277914
Heap Sort,1000,14,20260817,0.282364
Heap Sort,1000,15,20260818,0.299169
Heap Sort,1000,16,20260819,0.297656
Heap Sort,1000,17,20260820,0.278141
Heap Sort,1000,18,20260821,0.279661
Heap Sort,1000,19,20260822,0.27917
Heap Sort,1000,20,20260823,0.278991
Heap Sort,1000,21,20260824,0.278818
Heap Sort,1000,22,20260825,0.278935
Heap Sort,1000,23,20260826,0.279256
Heap Sort,1000,24,20260827,0.276689
Heap Sort,1000,25,20260828,0.279391
Heap Sort,1000,26,20260829,0.280123
Heap Sort,1000,27,20260830,0.300794
Heap Sort,1000,28,20260831,0.279717
Heap Sort,1000,29,20260832,0.280111
Heap Sort,1000,30,20260833,0.281151
Heap Sort,1000,31,20260834,0.28219
Heap Sort,1000,32,20260835,0.278191
Heap Sort,1000,33,20260836,0.327551
Heap Sort,1000,34,20260837,0.281649
Heap Sort,1000,35,20260838,0.281797
Heap Sort,1000,36,20260839,0.280806
Heap Sort,1000,37,20260840,0.279944
Heap Sort,1000,38,20260841,0.279021
Heap Sort,1000,39,20260842,0.280025
Heap Sort,1000,40,20260843,0.279926
Heap Sort,1000,41,20260844,0.277944
Heap Sort,1000,42,20260845,0.280467
Heap Sort,1000,43,20260846,0.282517
Heap Sort,1000,44,20260847,0.282234
Heap Sort,1000,45,20260848,0.278923
Heap Sort,1000,46,20260849,0.281501
Heap Sort,1000,47,20260850,0.281895
Heap Sort,1000,48,20260851,0.288584
Heap Sort,1000,49,20260852,0.317655
Heap Sort,1000,50,20260853,0.285994
Heap Sort,1000,51,20260854,0.308923
Heap Sort,1000,52,20260855,0.29536
Heap Sort,1000,53,20260856,0.286824
Heap Sort,1000,54,20260857,0.284653
Heap Sort,1000,55,20260858,0.300794
Heap Sort,1000,56,20260859,0.27995
Heap Sort,1000,57,20260860,0.280911
Heap Sort,1000,58,20260861,0.279902
Heap Sort,1000,59,20260862,0.280013
Heap Sort,1000,60,20260863,0.27856
Heap Sort,1000,61,20260864,0.281471
Heap Sort,1000,62,20260865,0.280751
Heap Sort,1000,63,20260866,0.279452
Heap Sort,1000,64,20260867,0.282714
Heap Sort,1000,65,20260868,0.281957
Heap Sort,1000,66,20260869,0.279015
Heap Sort,1000,67,20260870,0.277643
Heap Sort,1000,68,20260871,0.280216
Heap Sort,1000,69,20260872,0.280449
Heap Sort,1000,70,20260873,0.28016
Heap Sort,1000,71,20260874,0.28272
Heap Sort,1000,72,20260875,0.283157
Heap Sort,1000,73,20260876,0.288258
Heap Sort,1000,74,20260877,0.289206
Heap Sort,1000,75,20260878,0.289896
Heap Sort,1000,76,20260879,0.286929
Heap Sort,1000,77,20260880,0.283059
Heap Sort,1000,78,20260881,0.280185
Heap Sort,1000,79,20260882,0.282499
Heap Sort,1000,80,20260883,0.281545
Heap Sort,1000,81,20260884,0.279139
Heap Sort,1000,82,20260885,0.280037
Heap Sort,1000,83,20260886,0.282615
Heap Sort,1000,84,20260887,0.282012
Heap Sort,1000,85,20260888,0.280437
Heap Sort,1000,86,20260889,0.299071
Heap Sort,1000,87,20260890,0.280572
Heap Sort,1000,88,20260891,0.283539
Heap Sort,1000,89,20260892,0.281551
Heap Sort,1000,90,20260893,0.283022
Heap Sort,1000,91,20260894,0.281354
Heap Sort,1000,92,20260895,0.340855
Heap Sort,1000,93,20260896,0.282209
Heap Sort,1000,94,20260897,0.300504
Heap Sort,1000,95,20260898,0.279138
Heap Sort,1000,96,20260899,0.280905
Heap Sort,1000,97,20260900,0.281151
Heap Sort,1000,98,20260901,0.279797
Heap Sort,1000,99,20260902,0.278036
Heap Sort,1000,100,20260903,0.28184
Heap Sort,1000,101,20260904,0.279871
Heap Sort,1000,102,20260905,0.279385
Heap Sort,1000,103,20260906,0.282911
Heap Sort,1000,104,20260907,0.279914
Heap Sort,1000,105,20260908,0.27904
Heap Sort,1000,106,20260909,0.279144
Heap Sort,1000,107,20260910,0.280493
Heap Sort,1000,108,20260911,0.278547
Heap Sort,1000,109,20260912,0.28133
Heap Sort,1000,110,20260913,0.279403
Heap Sort,1000,111,20260914,0.28184
Heap Sort,1000,112,20260915,0.298997
Heap Sort,1000,113,20260916,0.279982
Heap Sort,1000,114,20260917,0.28112
Heap Sort,1000,115,20260918,0.280031
Heap Sort,1000,116,20260919,0.280456
Heap Sort,1000,117,20260920,0.281009
Heap Sort,1000,118,20260921,0.279046
Heap Sort,1000,119,20260922,0.322227
Heap Sort,1000,120,20260923,0.28168
Heap Sort,1000,121,20260924,0.280633
Heap Sort,1000,122,20260925,0.280892
Heap Sort,1000,123,20260926,0.299582
Heap Sort,1000,124,20260927,0.28077
Heap Sort,1000,125,20260928,0.281895
Heap Sort,1000,126,20260929,0.277964
Heap Sort,1000,127,20260930,0.299243
Heap Sort,1000,128,20260931,0.279194
Heap Sort,1000,129,20260932,0.278751
Heap Sort,1000,130,20260933,0.28048
Heap Sort,1000,131,20260934,0.280708
Heap Sort,1000,132,20260935,0.279846
Heap Sort,1000,133,20260936,0.279686
Heap Sort,1000,134,20260937,0.278369
Heap Sort,1000,135,20260938,0.27904
Heap Sort,1000,136,20260939,0.29952
Heap Sort,1000,137,20260940,0.281753
Heap Sort,1000,138,20260941,0.282603
Heap Sort,1000,139,20260942,0.280979
Heap Sort,1000,140,20260943,0.278074
Heap Sort,1000,141,20260944,0.284326
Heap Sort,1000,142,20260945,0.285434
Heap Sort,1000,143,20260946,0.278628
Heap Sort,1000,144,20260947,0.279914
Heap Sort,1000,145,20260948,0.280831
Heap Sort,1000,146,20260949,0.327132
Heap Sort,1000,147,20260950,0.279212
Heap Sort,1000,148,20260951,0.27971
Heap Sort,1000,149,20260952,0.278904
Heap Sort,1000,150,20260953,0.28147
Heap Sort,1000,151,20260954,0.283083
Heap Sort,1000,152,20260955,0.280185
Heap Sort,1000,153,20260956,0.281797
Heap Sort,1000,154,20260957,0.279268
Heap Sort,1000,155,20260958,0.27875
Heap Sort,1000,156,20260959,0.279514
Heap Sort,1000,157,20260960,0.282929
Heap Sort,1000,158,20260961,0.279304
Heap Sort,1000,159,20260962,0.280843
Heap Sort,1000,160,20260963,0.279963
Heap Sort,1000,161,20260964,0.280904
Heap Sort,1000,162,20260965,0.278868
Heap Sort,1000,163,20260966,0.280941
Heap Sort,1000,164,20260967,0.282351
Heap Sort,1000,165,20260968,0.329169
Heap Sort,1000,166,20260969,0.28141
Heap Sort,1000,167,20260970,0.280831
Heap Sort,1000,168,20260971,0.28053
Heap Sort,1000,169,20260972,0.277403
Heap Sort,1000,170,20260973,0.279582
Heap Sort,1000,171,20260974,0.281908
Heap Sort,1000,172,20260975,0.281686
Heap Sort,1000,173,20260976,0.297366
Heap Sort,1000,174,20260977,0.279797
Heap Sort,1000,175,20260978,0.300683
Heap Sort,1000,176,20260979,0.281926
Heap Sort,1000,177,20260980,0.279367
Heap Sort,1000,178,20260981,0.278056
Heap Sort,1000,179,20260982,0.280634
Heap Sort,1000,180,20260983,0.280813
Heap Sort,1000,181,20260984,0.277612
Heap Sort,1000,182,20260985,0.279452
Heap Sort,1000,183,20260986,0.278573
Heap Sort,1000,184,20260987,0.280246
Heap Sort,1000,185,20260988,0.281483
Heap Sort,1000,186,20260989,0.279883
Heap Sort,1000,187,20260990,0.278468
Heap Sort,1000,188,20260991,0.298142
Heap Sort,1000,189,20260992,0.282215
Heap Sort,1000,190,20260993,0.281421
Heap Sort,1000,191,20260994,0.277077
Heap Sort,1000,192,20260995,0.280037
Heap Sort,1000,193,20260996,0.298277
Heap Sort,1000,194,20260997,0.279034
Heap Sort,1000,195,20260998,0.281009
Heap Sort,1000,196,20260999,0.279151
Heap Sort,1000,197,20261000,0.278313
Heap Sort,1000,198,20261001,0.278424
Heap Sort,1000,199,20261002,0.280394
Heap Sort,1000,200,20261003,0.280308
Heap Sort,1000,201,20261004,0.280708
Heap Sort,1000,202,20261005,0.299219
Heap Sort,1000,203,20261006,0.280572
Heap Sort,1000,204,20261007,0.301009
Heap Sort,1000,205,20261008,0.280818
Heap Sort,1000,206,20261009,0.281692
Heap Sort,1000,207,20261010,0.282671
Heap Sort,1000,208,20261011,0.280529
Heap Sort,1000,209,20261012,0.279716
Heap Sort,1000,210,20261013,0.278769
Heap Sort,1000,211,20261014,0.281994
Heap Sort,1000,212,20261015,0.279711
Heap Sort,1000,213,20261016,0.279421
Heap Sort,1000,214,20261017,0.278972
Heap Sort,1000,215,20261018,0.299686
Heap Sort,1000,216,20261019,0.279939
Heap Sort,1000,217,20261020,0.278713
Heap Sort,1000,218,20261021,0.281489
Heap Sort,1000,219,20261022,0.278806
Heap Sort,1000,220,20261023,0.283791
Heap Sort,1000,221,20261024,0.281588
Heap Sort,1000,222,20261025,0.278462
Heap Sort,1000,223,20261026,0.282813
Heap Sort,1000,224,20261027,0.280769
Heap Sort,1000,225,20261028,0.279864
Heap Sort,1000,226,20261029,0.278941
Heap Sort,1000,227,20261030,0.28128
Heap Sort,1000,228,20261031,0.299834
Heap Sort,1000,229,20261032,0.280775
Heap Sort,1000,230,20261033,0.281101
Heap Sort,1000,231,20261034,0.282566
Heap Sort,1000,232,20261035,0.301655
Heap Sort,1000,233,20261036,0.280745
Heap Sort,1000,234,20261037,0.280252
Heap Sort,1000,235,20261038,0.280221
Heap Sort,1000,236,20261039,0.281625
Heap Sort,1000,237,20261040,0.281114
Heap Sort,1000,238,20261041,0.282658
Heap Sort,1000,239,20261042,0.278856
Heap Sort,1000,240,20261043,0.302031
Heap Sort,1000,241,20261044,0.286652
Heap Sort,1000,242,20261045,0.281871
Heap Sort,1000,243,20261046,0.290597
Heap Sort,1000,244,20261047,0.287464
Heap Sort,1000,245,20261048,0.285587
Heap Sort,1000,246,20261049,0.302018
Heap Sort,1000,247,20261050,0.278997
Heap Sort,1000,248,20261051,0.281926
Heap Sort,1000,249,20261052,0.329151
Heap Sort,1000,250,20261053,0.281422
Heap Sort,1000,251,20261054,0.27843
Heap Sort,1000,252,20261055,0.280831
Heap Sort,1000,253,20261056,0.278499
Heap Sort,1000,254,20261057,0.276227
Heap Sort,1000,255,20261058,0.298523
Heap Sort,1000,256,20261059,0.279563
Heap Sort,1000,257,20261060,0.278819
Heap Sort,1000,258,20261061,0.27944
Heap Sort,1000,259,20261062,0.279563
Heap Sort,1000,260,20261063,0.281261
Heap Sort,1000,261,20261064,0.279347
Heap Sort,1000,262,20261065,0.277286
Heap Sort,1000,263,20261066,0.297477
Heap Sort,1000,264,20261067,0.276954
Heap Sort,1000,265,20261068,0.281625
Heap Sort,1000,266,20261069,0.280579
Heap Sort,1000,267,20261070,0.278333
Heap Sort,1000,268,20261071,0.277914
Heap Sort,1000,269,20261072,0.28
Heap Sort,1000,270,20261073,0.299871
Heap Sort,1000,271,20261074,0.280818
Heap Sort,1000,272,20261075,0.299347
Heap Sort,1000,273,20261076,0.278327
Heap Sort,1000,274,20261077,0.27933
Heap Sort,1000,275,20261078,0.278154
Heap Sort,1000,276,20261079,0.278843
Heap Sort,1000,277,20261080,0.300073
Heap Sort,1000,278,20261081,0.29664
Heap Sort,1000,279,20261082,0.279304
Heap Sort,1000,280,20261083,0.278763
Heap Sort,1000,281,20261084,0.279427
Heap Sort,1000,282,20261085,0.276363
Heap Sort,1000,283,20261086,0.278301
Heap Sort,1000,284,20261087,0.298818
Heap Sort,1000,285,20261088,0.279471
Heap Sort,1000,286,20261089,0.278314
Heap Sort,1000,287,20261090,0.28061
Heap Sort,1000,288,20261091,0.27848
Heap Sort,1000,289,20261092,0.281939
Heap Sort,1000,290,20261093,0.282099
Heap Sort,1000,291,20261094,0.278615
Heap Sort,1000,292,20261095,0.277699
Heap Sort,1000,293,20261096,0.300739
Heap Sort,1000,294,20261097,0.280985
Heap Sort,1000,295,20261098,0.280683
Heap Sort,1000,296,20261099,0.277883
Heap Sort,1000,297,20261100,0.280332
Heap Sort,1000,298,20261101,0.281852
Heap Sort,1000,299,20261102,0.279791
Heap Sort,1000,300,20261103,0.278492
Heap Sort,1000,301,20261104,0.278868
Heap Sort,1000,302,20261105,0.278326
Heap Sort,1000,303,20261106,0.278111
Heap Sort,1000,304,20261107,0.2784
Heap Sort,1000,305,20261108,0.299139
Heap Sort,1000,306,20261109,0.308948
Heap Sort,1000,307,20261110,0.278947
Heap Sort,1000,308,20261111,0.280541
Heap Sort,1000,309,20261112,0.290486
Heap Sort,1000,310,20261113,0.288554
Heap Sort,1000,311,20261114,0.283705
Heap Sort,1000,312,20261115,0.282339
Heap Sort,1000,313,20261116,0.319397
Heap Sort,1000,314,20261117,0.292332
Heap Sort,1000,315,20261118,0.279834
Heap Sort,1000,316,20261119,0.281034
Heap Sort,1000,317,20261120,0.280289
Heap Sort,1000,318,20261121,0.280148
Heap Sort,1000,319,20261122,0.282246
Heap Sort,1000,320,20261123,0.28312
Heap Sort,1000,321,20261124,0.281625
Heap Sort,1000,322,20261125,0.364123
Heap Sort,1000,323,20261126,0.281126
Heap Sort,1000,324,20261127,0.279212
Heap Sort,1000,325,20261128,0.280296
Heap Sort,1000,326,20261129,0.266948
Heap Sort,1000,327,20261130,0.280332
Heap Sort,1000,328,20261131,0.27856
Heap Sort,1000,329,20261132,0.279452
Heap Sort,1000,330,20261133,0.280591
Heap Sort,1000,331,20261134,0.29848
Heap Sort,1000,332,20261135,0.280781
Heap Sort,1000,333,20261136,0.278498
Heap Sort,1000,334,20261137,0.298923
Heap Sort,1000,335,20261138,0.280584
Heap Sort,1000,336,20261139,0.279674
Heap Sort,1000,337,20261140,0.280831
Heap Sort,1000,338,20261141,0.298763
Heap Sort,1000,339,20261142,0.278597
Heap Sort,1000,340,20261143,0.278548
Heap Sort,1000,341,20261144,0.30744
Heap Sort,1000,342,20261145,0.280535
Heap Sort,1000,343,20261146,0.277483
Heap Sort,1000,344,20261147,0.302037
Heap Sort,1000,345,20261148,0.299243
Heap Sort,1000,346,20261149,0.27768
Heap Sort,1000,347,20261150,0.279231
Heap Sort,1000,348,20261151,0.279926
Heap Sort,1000,349,20261152,0.280542
Heap Sort,1000,350,20261153,0.278221
Heap Sort,1000,351,20261154,0.280221
Heap Sort,1000,352,20261155,0.302911
Heap Sort,1000,353,20261156,0.283736
Heap Sort,1000,354,20261157,0.298375
Heap Sort,1000,355,20261158,0.277311
Heap Sort,1000,356,20261159,0.298689
Heap Sort,1000,357,20261160,0.299778
Heap Sort,1000,358,20261161,0.278609
Heap Sort,1000,359,20261162,0.280726
Heap Sort,1000,360,20261163,0.298702
Heap Sort,1000,361,20261164,0.279003
Heap Sort,1000,362,20261165,0.277452
Heap Sort,1000,363,20261166,0.277219
Heap Sort,1000,364,20261167,0.277064
Heap Sort,1000,365,20261168,0.278683
Heap Sort,1000,366,20261169,0.278978
Heap Sort,1000,367,20261170,0.281126
Heap Sort,1000,368,20261171,0.281126
Heap Sort,1000,369,20261172,0.278259
Heap Sort,1000,370,20261173,0.279145
Heap Sort,1000,371,20261174,0.280505
Heap Sort,1000,372,20261175,0.279662
Heap Sort,1000,373,20261176,0.279458
Heap Sort,1000,374,20261177,0.279255
Heap Sort,1000,375,20261178,0.278566
Heap Sort,1000,376,20261179,0.280948
Heap Sort,1000,377,20261180,0.281133
Heap Sort,1000,378,20261181,0.27976
Heap Sort,1000,379,20261182,0.279859
Heap Sort,1000,380,20261183,0.279637
Heap Sort,1000,381,20261184,0.280942
Heap Sort,1000,382,20261185,0.277489
Heap Sort,1000,383,20261186,0.278757
Heap Sort,1000,384,20261187,0.277827
Heap Sort,1000,385,20261188,0.297907
Heap Sort,1000,386,20261189,0.278449
Heap Sort,1000,387,20261190,0.279526
Heap Sort,1000,388,20261191,0.27973
Heap Sort,1000,389,20261192,0.278486
Heap Sort,1000,390,20261193,0.301723
Heap Sort,1000,391,20261194,0.277963
Heap Sort,1000,392,20261195,0.279661
Heap Sort,1000,393,20261196,0.279717
Heap Sort,1000,394,20261197,0.277686
Heap Sort,1000,395,20261198,0.278234
Heap Sort,1000,396,20261199,0.280308
Heap Sort,1000,397,20261200,0.27853
Heap Sort,1000,398,20261201,0.283446
Heap Sort,1000,399,20261202,0.275606
Heap Sort,1000,400,20261203,0.300252
Heap Sort,1000,401,20261204,0.277637
Heap Sort,1000,402,20261205,0.297612
Heap Sort,1000,403,20261206,0.279028
Heap Sort,1000,404,20261207,0.277994
Heap Sort,1000,405,20261208,0.280763
Heap Sort,1000,406,20261209,0.298991
Heap Sort,1000,407,20261210,0.279901
Heap Sort,1000,408,20261211,0.299015
Heap Sort,1000,409,20261212,0.28136
Heap Sort,1000,410,20261213,0.283827
Heap Sort,1000,411,20261214,0.302375
Heap Sort,1000,412,20261215,0.289612
Heap Sort,1000,413,20261216,0.289637
Heap Sort,1000,414,20261217,0.28395
Heap Sort,1000,415,20261218,0.299643
Heap Sort,1000,416,20261219,0.2796
Heap Sort,1000,417,20261220,0.431274
Heap Sort,1000,418,20261221,0.282024
Heap Sort,1000,419,20261222,0.279981
Heap Sort,1000,420,20261223,0.279785
Heap Sort,1000,421,20261224,0.28256
Heap Sort,1000,422,20261225,0.281225
Heap Sort,1000,423,20261226,0.280498
Heap Sort,1000,424,20261227,0.280129
Heap Sort,1000,425,20261228,0.331095
Heap Sort,1000,426,20261229,0.283206
Heap Sort,1000,427,20261230,0.279286
Heap Sort,1000,428,20261231,0.279348
Heap Sort,1000,429,20261232,0.278837
Heap Sort,1000,430,20261233,0.280135
Heap Sort,1000,431,20261234,0.283206
Heap Sort,1000,432,20261235,0.278153
Heap Sort,1000,433,20261236,0.27725
Heap Sort,1000,434,20261237,0.280542
Heap Sort,1000,435,20261238,0.301556
Heap Sort,1000,436,20261239,0.281132
Heap Sort,1000,437,20261240,0.27896
Heap Sort,1000,438,20261241,0.280043
Heap Sort,1000,439,20261242,0.280332
Heap Sort,1000,440,20261243,0.278659
Heap Sort,1000,441,20261244,0.279588
Heap Sort,1000,442,20261245,0.286258
Heap Sort,1000,443,20261246,0.283028
Heap Sort,1000,444,20261247,0.283034
Heap Sort,1000,445,20261248,0.281366
Heap Sort,1000,446,20261249,0.280363
Heap Sort,1000,447,20261250,0.280043
Heap Sort,1000,448,20261251,0.280375
Heap Sort,1000,449,20261252,0.281458
Heap Sort,1000,450,20261253,0.281372
Heap Sort,1000,451,20261254,0.301058
Heap Sort,1000,452,20261255,0.269034
Heap Sort,1000,453,20261256,0.286763
Heap Sort,1000,454,20261257,0.278794
Heap Sort,1000,455,20261258,0.278671
Heap Sort,1000,456,20261259,0.28224
Heap Sort,1000,457,20261260,0.279582
Heap Sort,1000,458,20261261,0.280461
Heap Sort,1000,459,20261262,0.279397
Heap Sort,1000,460,20261263,0.279926
Heap Sort,1000,461,20261264,0.278689
Heap Sort,1000,462,20261265,0.280579
Heap Sort,1000,463,20261266,0.281662
Heap Sort,1000,464,20261267,0.279378
Heap Sort,1000,465,20261268,0.276142
Heap Sort,1000,466,20261269,0.279181
Heap Sort,1000,467,20261270,0.281243
Heap Sort,1000,468,20261271,0.279864
Heap Sort,1000,469,20261272,0.280382
Heap Sort,1000,470,20261273,0.279176
Heap Sort,1000,471,20261274,0.294579
Heap Sort,1000,472,20261275,0.280031
Heap Sort,1000,473,20261276,0.280535
Heap Sort,1000,474,20261277,0.281538
Heap Sort,1000,475,20261278,0.27912
Heap Sort,1000,476,20261279,0.279883
Heap Sort,1000,477,20261280,0.278215
Heap Sort,1000,478,20261281,0.279403
Heap Sort,1000,479,20261282,0.280394
Heap Sort,1000,480,20261283,0.278782
Heap Sort,1000,481,20261284,0.282375
Heap Sort,1000,482,20261285,0.28024
Heap Sort,1000,483,20261286,0.279975
Heap Sort,1000,484,20261287,0.279816
Heap Sort,1000,485,20261288,0.277385
Heap Sort,1000,486,20261289,0.299693
Heap Sort,1000,487,20261290,0.276634
Heap Sort,1000,488,20261291,0.281047
Heap Sort,1000,489,20261292,0.279434
Heap Sort,1000,490,20261293,0.280781
Heap Sort,1000,491,20261294,0.28989
Heap Sort,1000,492,20261295,0.285299
Heap Sort,1000,493,20261296,0.30139
Heap Sort,1000,494,20261297,0.280264
Heap Sort,1000,495,20261298,0.280098
Heap Sort,1000,496,20261299,0.279624
Heap Sort,1000,497,20261300,0.280246
Heap Sort,1000,498,20261301,0.27784
Heap Sort,1000,499,20261302,0.279379
Heap Sort,1000,500,20261303,0.278825
Heap Sort,1000,501,20261304,0.27912
Heap Sort,1000,502,20261305,0.280338
Heap Sort,1000,503,20261306,0.280074
Heap Sort,1000,504,20261307,0.300751
Heap Sort,1000,505,20261308,0.28104
Heap Sort,1000,506,20261309,0.280265
Heap Sort,1000,507,20261310,0.28168
Heap Sort,1000,508,20261311,0.278818
Heap Sort,1000,509,20261312,0.278333
Heap Sort,1000,510,20261313,0.280732
Heap Sort,1000,511,20261314,0.278861
Heap Sort,1000,512,20261315,0.280517
Heap Sort,1000,513,20261316,0.279403
Heap Sort,1000,514,20261317,0.298326
Heap Sort,1000,515,20261318,0.278769
Heap Sort,1000,516,20261319,0.280209
Heap Sort,1000,517,20261320,0.283404
Heap Sort,1000,518,20261321,0.280499
Heap Sort,1000,519,20261322,0.298462
Heap Sort,1000,520,20261323,0.281268
Heap Sort,1000,521,20261324,0.278751
Heap Sort,1000,522,20261325,0.280856
Heap Sort,1000,523,20261326,0.281637
Heap Sort,1000,524,20261327,0.280154
Heap Sort,1000,525,20261328,0.279987
Heap Sort,1000,526,20261329,0.279625
Heap Sort,1000,527,20261330,0.279741
Heap Sort,1000,528,20261331,0.278203
Heap Sort,1000,529,20261332,0.280203
Heap Sort,1000,530,20261333,0.298233
Heap Sort,1000,531,20261334,0.278123
Heap Sort,1000,532,20261335,0.28056
Heap Sort,1000,533,20261336,0.280603
Heap Sort,1000,534,20261337,0.281187
Heap Sort,1000,535,20261338,0.278505
Heap Sort,1000,536,20261339,0.281908
Heap Sort,1000,537,20261340,0.279779
Heap Sort,1000,538,20261341,0.281311
Heap Sort,1000,539,20261342,0.282382
Heap Sort,1000,540,20261343,0.299938
Heap Sort,1000,541,20261344,0.27944
Heap Sort,1000,542,20261345,0.279514
Heap Sort,1000,543,20261346,0.280727
Heap Sort,1000,544,20261347,0.2828
Heap Sort,1000,545,20261348,0.279624
Heap Sort,1000,546,20261349,0.277071
Heap Sort,1000,547,20261350,0.280356
Heap Sort,1000,548,20261351,0.277766
Heap Sort,1000,549,20261352,0.281416
Heap Sort,1000,550,20261353,0.280584
Heap Sort,1000,551,20261354,0.298757
Heap Sort,1000,552,20261355,0.28048
Heap Sort,1000,553,20261356,0.282541
Heap Sort,1000,554,20261357,0.277723
Heap Sort,1000,555,20261358,0.298369
Heap Sort,1000,556,20261359,0.281157
Heap Sort,1000,557,20261360,0.280898
Heap Sort,1000,558,20261361,0.28056
Heap Sort,1000,559,20261362,0.282923
Heap Sort,1000,560,20261363,0.278209
Heap Sort,1000,561,20261364,0.300677
Heap Sort,1000,562,20261365,0.281797
Heap Sort,1000,563,20261366,0.299631
Heap Sort,1000,564,20261367,0.280222
Heap Sort,1000,565,20261368,0.280043
Heap Sort,1000,566,20261369,0.292616
Heap Sort,1000,567,20261370,0.300394
Heap Sort,1000,568,20261371,0.299292
Heap Sort,1000,569,20261372,0.284105
Heap Sort,1000,570,20261373,0.300036
Heap Sort,1000,571,20261374,0.281065
Heap Sort,1000,572,20261375,0.281274
Heap Sort,1000,573,20261376,0.280456
Heap Sort,1000,574,20261377,0.282406
Heap Sort,1000,575,20261378,0.281699
Heap Sort,1000,576,20261379,0.280308
Heap Sort,1000,577,20261380,0.279065
Heap Sort,1000,578,20261381,0.282197
Heap Sort,1000,579,20261382,0.283588
Heap Sort,1000,580,20261383,0.290289
Heap Sort,1000,581,20261384,0.2908
Heap Sort,1000,582,20261385,0.288597
Heap Sort,1000,583,20261386,0.287453
Heap Sort,1000,584,20261387,0.281187
Heap Sort,1000,585,20261388,0.298185
Heap Sort,1000,586,20261389,0.278073
Heap Sort,1000,587,20261390,0.27896
Heap Sort,1000,588,20261391,0.300843
Heap Sort,1000,589,20261392,0.283181
Heap Sort,1000,590,20261393,0.281569
Heap Sort,1000,591,20261394,0.298449
Heap Sort,1000,592,20261395,0.281735
Heap Sort,1000,593,20261396,0.281901
Heap Sort,1000,594,20261397,0.278806
Heap Sort,1000,595,20261398,0.280843
Heap Sort,1000,596,20261399,0.281705
Heap Sort,1000,597,20261400,0.301945
Heap Sort,1000,598,20261401,0.279138
Heap Sort,1000,599,20261402,0.280659
Heap Sort,1000,600,20261403,0.280283
Heap Sort,1000,601,20261404,0.280855
Heap Sort,1000,602,20261405,0.280757
Heap Sort,1000,603,20261406,0.283895
Heap Sort,1000,604,20261407,0.428456
Heap Sort,1000,605,20261408,0.27827
Heap Sort,1000,606,20261409,0.279219
Heap Sort,1000,607,20261410,0.28061
Heap Sort,1000,608,20261411,0.278443
Heap Sort,1000,609,20261412,0.282418
Heap Sort,1000,610,20261413,0.279828
Heap Sort,1000,611,20261414,0.316529
Heap Sort,1000,612,20261415,0.37757
Heap Sort,1000,613,20261416,0.28456
Heap Sort,1000,614,20261417,0.280449
Heap Sort,1000,615,20261418,0.279323
Heap Sort,1000,616,20261419,0.279533
Heap Sort,1000,617,20261420,0.278892
Heap Sort,1000,618,20261421,0.279711
Heap Sort,1000,619,20261422,0.279107
Heap Sort,1000,620,20261423,0.279994
Heap Sort,1000,621,20261424,0.301404
Heap Sort,1000,622,20261425,0.297489
Heap Sort,1000,623,20261426,0.281902
Heap Sort,1000,624,20261427,0.281532
Heap Sort,1000,625,20261428,0.28128
Heap Sort,1000,626,20261429,0.278056
Heap Sort,1000,627,20261430,0.277194
Heap Sort,1000,628,20261431,0.28019
Heap Sort,1000,629,20261432,0.279705
Heap Sort,1000,630,20261433,0.277268
Heap Sort,1000,631,20261434,0.301391
Heap Sort,1000,632,20261435,0.279378
Heap Sort,1000,633,20261436,0.27971
Heap Sort,1000,634,20261437,0.300511
Heap Sort,1000,635,20261438,0.27864
Heap Sort,1000,636,20261439,0.27816
Heap Sort,1000,637,20261440,0.280917
Heap Sort,1000,638,20261441,0.280123
Heap Sort,1000,639,20261442,0.280659
Heap Sort,1000,640,20261443,0.299286
Heap Sort,1000,641,20261444,0.28213
Heap Sort,1000,642,20261445,0.279778
Heap Sort,1000,643,20261446,0.278738
Heap Sort,1000,644,20261447,0.277169
Heap Sort,1000,645,20261448,0.299581
Heap Sort,1000,646,20261449,0.278412
Heap Sort,1000,647,20261450,0.29872
Heap Sort,1000,648,20261451,0.278227
Heap Sort,1000,649,20261452,0.279926
Heap Sort,1000,650,20261453,0.279459
Heap Sort,1000,651,20261454,0.279015
Heap Sort,1000,652,20261455,0.280406
Heap Sort,1000,653,20261456,0.27936
Heap Sort,1000,654,20261457,0.281286
Heap Sort,1000,655,20261458,0.281034
Heap Sort,1000,656,20261459,0.281846
Heap Sort,1000,657,20261460,0.278388
Heap Sort,1000,658,20261461,0.321132
Heap Sort,1000,659,20261462,0.279741
Heap Sort,1000,660,20261463,0.279865
Heap Sort,1000,661,20261464,0.279539
Heap Sort,1000,662,20261465,0.281575
Heap Sort,1000,663,20261466,0.283576
Heap Sort,1000,664,20261467,0.278431
Heap Sort,1000,665,20261468,0.280277
Heap Sort,1000,666,20261469,0.280978
Heap Sort,1000,667,20261470,0.277613
Heap Sort,1000,668,20261471,0.28264
Heap Sort,1000,669,20261472,0.301581
Heap Sort,1000,670,20261473,0.280739
Heap Sort,1000,671,20261474,0.280924
Heap Sort,1000,672,20261475,0.2808
Heap Sort,1000,673,20261476,0.281268
Heap Sort,1000,674,20261477,0.278997
Heap Sort,1000,675,20261478,0.281083
Heap Sort,1000,676,20261479,0.278806
Heap Sort,1000,677,20261480,0.31192
Heap Sort,1000,678,20261481,0.27896
Heap Sort,1000,679,20261482,0.279754
Heap Sort,1000,680,20261483,0.279717
Heap Sort,1000,681,20261484,0.281538
Heap Sort,1000,682,20261485,0.280523
Heap Sort,1000,683,20261486,0.280929
Heap Sort,1000,684,20261487,0.2792
Heap Sort,1000,685,20261488,0.277237
Heap Sort,1000,686,20261489,0.279083
Heap Sort,1000,687,20261490,0.278713
Heap Sort,1000,688,20261491,0.279249
Heap Sort,1000,689,20261492,0.282092
Heap Sort,1000,690,20261493,0.281299
Heap Sort,1000,691,20261494,0.282142
Heap Sort,1000,692,20261495,0.27944
Heap Sort,1000,693,20261496,0.279133
Heap Sort,1000,694,20261497,0.283286
Heap Sort,1000,695,20261498,0.280542
Heap Sort,1000,696,20261499,0.292222
Heap Sort,1000,697,20261500,0.299077
Heap Sort,1000,698,20261501,0.27992
Heap Sort,1000,699,20261502,0.278664
Heap Sort,1000,700,20261503,0.277637
Heap Sort,1000,701,20261504,0.277673
Heap Sort,1000,702,20261505,0.279963
Heap Sort,1000,703,20261506,0.281256
Heap Sort,1000,704,20261507,0.280985
Heap Sort,1000,705,20261508,0.280283
Heap Sort,1000,706,20261509,0.277661
Heap Sort,1000,707,20261510,0.289156
Heap Sort,1000,708,20261511,0.279459
Heap Sort,1000,709,20261512,0.298985
Heap Sort,1000,710,20261513,0.280086
Heap Sort,1000,711,20261514,0.277871
Heap Sort,1000,712,20261515,0.300338
Heap Sort,1000,713,20261516,0.280381
Heap Sort,1000,714,20261517,0.281225
Heap Sort,1000,715,20261518,0.289034
Heap Sort,1000,716,20261519,0.281569
Heap Sort,1000,717,20261520,0.280462
Heap Sort,1000,718,20261521,0.300056
Heap Sort,1000,719,20261522,0.301698
Heap Sort,1000,720,20261523,0.280541
Heap Sort,1000,721,20261524,0.283151
Heap Sort,1000,722,20261525,0.280283
Heap Sort,1000,723,20261526,0.28064
Heap Sort,1000,724,20261527,0.280153
Heap Sort,1000,725,20261528,0.281053
Heap Sort,1000,726,20261529,0.282622
Heap Sort,1000,727,20261530,0.278597
Heap Sort,1000,728,20261531,0.283877
Heap Sort,1000,729,20261532,0.281145
Heap Sort,1000,730,20261533,0.283397
Heap Sort,1000,731,20261534,0.278775
Heap Sort,1000,732,20261535,0.28024
Heap Sort,1000,733,20261536,0.280683
Heap Sort,1000,734,20261537,0.280862
Heap Sort,1000,735,20261538,0.280714
Heap Sort,1000,736,20261539,0.28144
Heap Sort,1000,737,20261540,0.282276
Heap Sort,1000,738,20261541,0.279945
Heap Sort,1000,739,20261542,0.282234
Heap Sort,1000,740,20261543,0.280948
Heap Sort,1000,741,20261544,0.281083
Heap Sort,1000,742,20261545,0.300388
Heap Sort,1000,743,20261546,0.278929
Heap Sort,1000,744,20261547,0.280215
Heap Sort,1000,745,20261548,0.280591
Heap Sort,1000,746,20261549,0.282123
Heap Sort,1000,747,20261550,0.280141
Heap Sort,1000,748,20261551,0.285877
Heap Sort,1000,749,20261552,0.283108
Heap Sort,1000,750,20261553,0.290941
Heap Sort,1000,751,20261554,0.293034
Heap Sort,1000,752,20261555,0.285944
Heap Sort,1000,753,20261556,0.280917
Heap Sort,1000,754,20261557,0.279126
Heap Sort,1000,755,20261558,0.279187
Heap Sort,1000,756,20261559,0.278418
Heap Sort,1000,757,20261560,0.283096
Heap Sort,1000,758,20261561,0.280104
Heap Sort,1000,759,20261562,0.282154
Heap Sort,1000,760,20261563,0.28024
Heap Sort,1000,761,20261564,0.291194
Heap Sort,1000,762,20261565,0.280615
Heap Sort,1000,763,20261566,0.281772
Heap Sort,1000,764,20261567,0.30109
Heap Sort,1000,765,20261568,0.279853
Heap Sort,1000,766,20261569,0.300153
Heap Sort,1000,767,20261570,0.280056
Heap Sort,1000,768,20261571,0.277513
Heap Sort,1000,769,20261572,0.281311
Heap Sort,1000,770,20261573,0.281538
Heap Sort,1000,771,20261574,0.281797
Heap Sort,1000,772,20261575,0.279096
Heap Sort,1000,773,20261576,0.300344
Heap Sort,1000,774,20261577,0.278074
Heap Sort,1000,775,20261578,0.278425
Heap Sort,1000,776,20261579,0.279944
Heap Sort,1000,777,20261580,0.278941
Heap Sort,1000,778,20261581,0.279575
Heap Sort,1000,779,20261582,0.281249
Heap Sort,1000,780,20261583,0.292893
Heap Sort,1000,781,20261584,0.280517
Heap Sort,1000,782,20261585,0.279618
Heap Sort,1000,783,20261586,0.299188
Heap Sort,1000,784,20261587,0.281476
Heap Sort,1000,785,20261588,0.301828
Heap Sort,1000,786,20261589,0.279064
Heap Sort,1000,787,20261590,0.300345
Heap Sort,1000,788,20261591,0.27928
Heap Sort,1000,789,20261592,0.27968
Heap Sort,1000,790,20261593,0.280991
Heap Sort,1000,791,20261594,0.300757
Heap Sort,1000,792,20261595,0.281305
Heap Sort,1000,793,20261596,0.282148
Heap Sort,1000,794,20261597,0.300739
Heap Sort,1000,795,20261598,0.280449
Heap Sort,1000,796,20261599,0.301619
Heap Sort,1000,797,20261600,0.279834
Heap Sort,1000,798,20261601,0.279495
Heap Sort,1000,799,20261602,0.309058
Heap Sort,1000,800,20261603,0.281237
Heap Sort,1000,801,20261604,0.281501
Heap Sort,1000,802,20261605,0.280898
Heap Sort,1000,803,20261606,0.280849
Heap Sort,1000,804,20261607,0.278794
Heap Sort,1000,805,20261608,0.299815
Heap Sort,1000,806,20261609,0.281945
Heap Sort,1000,807,20261610,0.281969
Heap Sort,1000,808,20261611,0.280259
Heap Sort,1000,809,20261612,0.278449
Heap Sort,1000,810,20261613,0.28088
Heap Sort,1000,811,20261614,0.281766
Heap Sort,1000,812,20261615,0.300302
Heap Sort,1000,813,20261616,0.28216
Heap Sort,1000,814,20261617,0.283243
Heap Sort,1000,815,20261618,0.298855
Heap Sort,1000,816,20261619,0.280812
Heap Sort,1000,817,20261620,0.278117
Heap Sort,1000,818,20261621,0.289852
Heap Sort,1000,819,20261622,0.301452
Heap Sort,1000,820,20261623,0.279896
Heap Sort,1000,821,20261624,0.281243
Heap Sort,1000,822,20261625,0.280831
Heap Sort,1000,823,20261626,0.279477
Heap Sort,1000,824,20261627,0.279157
Heap Sort,1000,825,20261628,0.280265
Heap Sort,1000,826,20261629,0.280984
Heap Sort,1000,827,20261630,0.28245
Heap Sort,1000,828,20261631,0.302301
Heap Sort,1000,829,20261632,0.281815
Heap Sort,1000,830,20261633,0.280123
Heap Sort,1000,831,20261634,0.280622
Heap Sort,1000,832,20261635,0.278929
Heap Sort,1000,833,20261636,0.279945
Heap Sort,1000,834,20261637,0.286185
Heap Sort,1000,835,20261638,0.282271
Heap Sort,1000,836,20261639,0.283027
Heap Sort,1000,837,20261640,0.278302
Heap Sort,1000,838,20261641,0.299582
Heap Sort,1000,839,20261642,0.300197
Heap Sort,1000,840,20261643,0.279458
Heap Sort,1000,841,20261644,0.283834
Heap Sort,1000,842,20261645,0.281138
Heap Sort,1000,843,20261646,0.279932
Heap Sort,1000,844,20261647,0.28224
Heap Sort,1000,845,20261648,0.281588
Heap Sort,1000,846,20261649,0.300222
Heap Sort,1000,847,20261650,0.277748
Heap Sort,1000,848,20261651,0.283662
Heap Sort,1000,849,20261652,0.28117
Heap Sort,1000,850,20261653,0.281784
Heap Sort,1000,851,20261654,0.282781
Heap Sort,1000,852,20261655,0.278782
Heap Sort,1000,853,20261656,0.279225
Heap Sort,1000,854,20261657,0.281939
Heap Sort,1000,855,20261658,0.282013
Heap Sort,1000,856,20261659,0.283526
Heap Sort,1000,857,20261660,0.278455
Heap Sort,1000,858,20261661,0.281194
Heap Sort,1000,859,20261662,0.279077
Heap Sort,1000,860,20261663,0.281065
Heap Sort,1000,861,20261664,0.280221
Heap Sort,1000,862,20261665,0.299422
Heap Sort,1000,863,20261666,0.281742
Heap Sort,1000,864,20261667,0.279779
Heap Sort,1000,865,20261668,0.281262
Heap Sort,1000,866,20261669,0.425705
Heap Sort,1000,867,20261670,0.279538
Heap Sort,1000,868,20261671,0.281003
Heap Sort,1000,869,20261672,0.28037
Heap Sort,1000,870,20261673,0.297945
Heap Sort,1000,871,20261674,0.280086
Heap Sort,1000,872,20261675,0.302357
Heap Sort,1000,873,20261676,0.28101
Heap Sort,1000,874,20261677,0.277613
Heap Sort,1000,875,20261678,0.279274
Heap Sort,1000,876,20261679,0.280154
Heap Sort,1000,877,20261680,0.277618
Heap Sort,1000,878,20261681,0.281206
Heap Sort,1000,879,20261682,0.29835
Heap Sort,1000,880,20261683,0.280486
Heap Sort,1000,881,20261684,0.279613
Heap Sort,1000,882,20261685,0.280492
Heap Sort,1000,883,20261686,0.28019
Heap Sort,1000,884,20261687,0.281625
Heap Sort,1000,885,20261688,0.278098
Heap Sort,1000,886,20261689,0.279384
Heap Sort,1000,887,20261690,0.278942
Heap Sort,1000,888,20261691,0.280702
Heap Sort,1000,889,20261692,0.279736
Heap Sort,1000,890,20261693,0.278658
Heap Sort,1000,891,20261694,0.278381
Heap Sort,1000,892,20261695,0.28032
Heap Sort,1000,893,20261696,0.277828
Heap Sort,1000,894,20261697,0.28123
Heap Sort,1000,895,20261698,0.280246
Heap Sort,1000,896,20261699,0.281772
Heap Sort,1000,897,20261700,0.279551
Heap Sort,1000,898,20261701,0.300646
Heap Sort,1000,899,20261702,0.278997
Heap Sort,1000,900,20261703,0.299846
Heap Sort,1000,901,20261704,0.282603
Heap Sort,1000,902,20261705,0.281108
Heap Sort,1000,903,20261706,0.280868
Heap Sort,1000,904,20261707,0.280431
Heap Sort,1000,905,20261708,0.280578
Heap Sort,1000,906,20261709,0.279551
Heap Sort,1000,907,20261710,0.281298
Heap Sort,1000,908,20261711,0.281194
Heap Sort,1000,909,20261712,0.28
Heap Sort,1000,910,20261713,0.301028
Heap Sort,1000,911,20261714,0.278868
Heap Sort,1000,912,20261715,0.279809
Heap Sort,1000,913,20261716,0.27965
Heap Sort,1000,914,20261717,0.300978
Heap Sort,1000,915,20261718,0.300154
Heap Sort,1000,916,20261719,0.277502
Heap Sort,1000,917,20261720,0.28536
Heap Sort,1000,918,20261721,0.283071
Heap Sort,1000,919,20261722,0.28787
Heap Sort,1000,920,20261723,0.288973
Heap Sort,1000,921,20261724,0.292855
Heap Sort,1000,922,20261725,0.279323
Heap Sort,1000,923,20261726,0.279188
Heap Sort,1000,924,20261727,0.281815
Heap Sort,1000,925,20261728,0.282215
Heap Sort,1000,926,20261729,0.280499
Heap Sort,1000,927,20261730,0.278203
Heap Sort,1000,928,20261731,0.28048
Heap Sort,1000,929,20261732,0.281323
Heap Sort,1000,930,20261733,0.278929
Heap Sort,1000,931,20261734,0.279914
Heap Sort,1000,932,20261735,0.280209
Heap Sort,1000,933,20261736,0.281133
Heap Sort,1000,934,20261737,0.280948
Heap Sort,1000,935,20261738,0.297736
Heap Sort,1000,936,20261739,0.286308
Heap Sort,1000,937,20261740,0.291157
Heap Sort,1000,938,20261741,0.281353
Heap Sort,1000,939,20261742,0.296062
Heap Sort,1000,940,20261743,0.282659
Heap Sort,1000,941,20261744,0.281698
Heap Sort,1000,942,20261745,0.281797
Heap Sort,1000,943,20261746,0.287157
Heap Sort,1000,944,20261747,0.28
Heap Sort,1000,945,20261748,0.278849
Heap Sort,1000,946,20261749,0.280739
Heap Sort,1000,947,20261750,0.281538
Heap Sort,1000,948,20261751,0.281643
Heap Sort,1000,949,20261752,0.298062
Heap Sort,1000,950,20261753,0.28205
Heap Sort,1000,951,20261754,0.28016
Heap Sort,1000,952,20261755,0.279901
Heap Sort,1000,953,20261756,0.278831
Heap Sort,1000,954,20261757,0.278923
Heap Sort,1000,955,20261758,0.277877
Heap Sort,1000,956,20261759,0.280609
Heap Sort,1000,957,20261760,0.277969
Heap Sort,1000,958,20261761,0.282781
Heap Sort,1000,959,20261762,0.299822
Heap Sort,1000,960,20261763,0.279766
Heap Sort,1000,961,20261764,0.281847
Heap Sort,1000,962,20261765,0.279717
Heap Sort,1000,963,20261766,0.278296
Heap Sort,1000,964,20261767,0.280825
Heap Sort,1000,965,20261768,0.281391
Heap Sort,1000,966,20261769,0.289809
Heap Sort,1000,967,20261770,0.280093
Heap Sort,1000,968,20261771,0.28424
Heap Sort,1000,969,20261772,0.277513
Heap Sort,1000,970,20261773,0.279957
Heap Sort,1000,971,20261774,0.276849
Heap Sort,1000,972,20261775,0.281557
Heap Sort,1000,973,20261776,0.279692
Heap Sort,1000,974,20261777,0.279877
Heap Sort,1000,975,20261778,0.28147
Heap Sort,1000,976,20261779,0.300129
Heap Sort,1000,977,20261780,0.281336
Heap Sort,1000,978,20261781,0.276536
Heap Sort,1000,979,20261782,0.300185
Heap Sort,1000,980,20261783,0.301471
Heap Sort,1000,981,20261784,0.282911
Heap Sort,1000,982,20261785,0.299384
Heap Sort,1000,983,20261786,0.278744
Heap Sort,1000,984,20261787,0.279385
Heap Sort,1000,985,20261788,0.298597
Heap Sort,1000,986,20261789,0.279981
Heap Sort,1000,987,20261790,0.277692
Heap Sort,1000,988,20261791,0.279766
Heap Sort,1000,989,20261792,0.27744
Heap Sort,1000,990,20261793,0.280597
Heap Sort,1000,991,20261794,0.279194
Heap Sort,1000,992,20261795,0.278253
Heap Sort,1000,993,20261796,0.280283
Heap Sort,1000,994,20261797,0.281785
Heap Sort,1000,995,20261798,0.280529
Heap Sort,1000,996,20261799,0.282763
Heap Sort,1000,997,20261800,0.280314
Heap Sort,1000,998,20261801,0.281766
Heap Sort,1000,999,20261802,0.281576
Bubble Sort,10000,0,20260803,0.419619
Bubble Sort,10000,1,20260804,0.429539
Bubble Sort,10000,2,20260805,0.4236
Bubble Sort,10000,3,20260806,0.422265
Bubble Sort,10000,4,20260807,0.427096
Bubble Sort,10000,5,20260808,0.428129
Bubble Sort,10000,6,20260809,0.418412
Bubble Sort,10000,7,20260810,0.426056
Bubble Sort,10000,8,20260811,0.40936
Bubble Sort,10000,9,20260812,0.426147
Bubble Sort,10000,10,20260813,0.425883
Bubble Sort,10000,11,20260814,0.425532
Bubble Sort,10000,12,20260815,0.42624
Bubble Sort,10000,13,20260816,0.424437
Bubble Sort,10000,14,20260817,0.408357
Bubble Sort,10000,15,20260818,0.425138
Bubble Sort,10000,16,20260819,0.42467
Bubble Sort,10000,17,20260820,0.422819
Bubble Sort,10000,18,20260821,0.423009
Bubble Sort,10000,19,20260822,0.423496
Bubble Sort,10000,20,20260823,0.423262
Bubble Sort,10000,21,20260824,0.427249
Bubble Sort,10000,22,20260825,0.426025
Bubble Sort,10000,23,20260826,0.426086
Bubble Sort,10000,24,20260827,0.424382
Bubble Sort,10000,25,20260828,0.423588
Bubble Sort,10000,26,20260829,0.425693
Bubble Sort,10000,27,20260830,0.412837
Bubble Sort,10000,28,20260831,0.424708
Bubble Sort,10000,29,20260832,0.424067
Bubble Sort,10000,30,20260833,0.427003
Bubble Sort,10000,31,20260834,0.425071
Bubble Sort,10000,32,20260835,0.425865
Bubble Sort,10000,33,20260836,0.425569
Bubble Sort,10000,34,20260837,0.426296
Bubble Sort,10000,35,20260838,0.426129
Bubble Sort,10000,36,20260839,0.425975
Bubble Sort,10000,37,20260840,0.420548
Bubble Sort,10000,38,20260841,0.426184
Bubble Sort,10000,39,20260842,0.42328
Bubble Sort,10000,40,20260843,0.426596
Bubble Sort,10000,41,20260844,0.425434
Bubble Sort,10000,42,20260845,0.422425
Bubble Sort,10000,43,20260846,0.426271
Bubble Sort,10000,44,20260847,0.425496
Bubble Sort,10000,45,20260848,0.424037
Bubble Sort,10000,46,20260849,0.426591
Bubble Sort,10000,47,20260850,0.431261
Bubble Sort,10000,48,20260851,0.443889
Bubble Sort,10000,49,20260852,0.430074
Bubble Sort,10000,50,20260853,0.429378
Bubble Sort,10000,51,20260854,0.442665
Bubble Sort,10000,52,20260855,0.430382
Bubble Sort,10000,53,20260856,0.428055
Bubble Sort,10000,54,20260857,0.424818
Bubble Sort,10000,55,20260858,0.425969
Bubble Sort,10000,56,20260859,0.42544
Bubble Sort,10000,57,20260860,0.426037
Bubble Sort,10000,58,20260861,0.426911
Bubble Sort,10000,59,20260862,0.424216
Bubble Sort,10000,60,20260863,0.425538
Bubble Sort,10000,61,20260864,0.425661
Bubble Sort,10000,62,20260865,0.425711
Bubble Sort,10000,63,20260866,0.426418
Bubble Sort,10000,64,20260867,0.429047
Bubble Sort,10000,65,20260868,0.426327
Bubble Sort,10000,66,20260869,0.427859
Bubble Sort,10000,67,20260870,0.423613
Bubble Sort,10000,68,20260871,0.426646
Bubble Sort,10000,69,20260872,0.423372
Bubble Sort,10000,70,20260873,0.425778
Bubble Sort,10000,71,20260874,0.427354
Bubble Sort,10000,72,20260875,0.424689
Bubble Sort,10000,73,20260876,0.424387
Bubble Sort,10000,74,20260877,0.425618
Bubble Sort,10000,75,20260878,0.430695
Bubble Sort,10000,76,20260879,0.42544
Bubble Sort,10000,77,20260880,0.426166
Bubble Sort,10000,78,20260881,0.425705
Bubble Sort,10000,79,20260882,0.424222
Bubble Sort,10000,80,20260883,0.426547
Bubble Sort,10000,81,20260884,0.423883
Bubble Sort,10000,82,20260885,0.428314
Bubble Sort,10000,83,20260886,0.424806
Bubble Sort,10000,84,20260887,0.427945
Bubble Sort,10000,85,20260888,0.428345
Bubble Sort,10000,86,20260889,0.426412
Bubble Sort,10000,87,20260890,0.426031
Bubble Sort,10000,88,20260891,0.42832
Bubble Sort,10000,89,20260892,0.427089
Bubble Sort,10000,90,20260893,0.410597
Bubble Sort,10000,91,20260894,0.422837
Bubble Sort,10000,92,20260895,0.421262
Bubble Sort,10000,93,20260896,0.413655
Bubble Sort,10000,94,20260897,0.424339
Bubble Sort,10000,95,20260898,0.426203
Bubble Sort,10000,96,20260899,0.424548
Bubble Sort,10000,97,20260900,0.423496
Bubble Sort,10000,98,20260901,0.421576
Bubble Sort,10000,99,20260902,0.42499
Bubble Sort,10000,100,20260903,0.426886
Bubble Sort,10000,101,20260904,0.40968
Bubble Sort,10000,102,20260905,0.423458
Bubble Sort,10000,103,20260906,0.424874
Bubble Sort,10000,104,20260907,0.408259
Bubble Sort,10000,105,20260908,0.426449
Bubble Sort,10000,106,20260909,0.427779
Bubble Sort,10000,107,20260910,0.426701
Bubble Sort,10000,108,20260911,0.426578
Bubble Sort,10000,109,20260912,0.425803
Bubble Sort,10000,110,20260913,0.428763
Bubble Sort,10000,111,20260914,0.423766
Bubble Sort,10000,112,20260915,0.423944
Bubble Sort,10000,113,20260916,0.425089
Bubble Sort,10000,114,20260917,0.42632
Bubble Sort,10000,115,20260918,0.425046
Bubble Sort,10000,116,20260919,0.423766
Bubble Sort,10000,117,20260920,0.424338
Bubble Sort,10000,118,20260921,0.427674
Bubble Sort,10000,119,20260922,0.421871
Bubble Sort,10000,120,20260923,0.425711
Bubble Sort,10000,121,20260924,0.42536
Bubble Sort,10000,122,20260925,0.426025
Bubble Sort,10000,123,20260926,0.431428
Bubble Sort,10000,124,20260927,0.425262
Bubble Sort,10000,125,20260928,0.424683
Bubble Sort,10000,126,20260929,0.426523
Bubble Sort,10000,127,20260930,0.425163
Bubble Sort,10000,128,20260931,0.42624
Bubble Sort,10000,129,20260932,0.426954
Bubble Sort,10000,130,20260933,0.425631
Bubble Sort,10000,131,20260934,0.426012
Bubble Sort,10000,132,20260935,0.424031
Bubble Sort,10000,133,20260936,0.424167
Bubble Sort,10000,134,20260937,0.425181
Bubble Sort,10000,135,20260938,0.422695
Bubble Sort,10000,136,20260939,0.425945
Bubble Sort,10000,137,20260940,0.422381
Bubble Sort,10000,138,20260941,0.424468
Bubble Sort,10000,139,20260942,0.424874
Bubble Sort,10000,140,20260943,0.42795
Bubble Sort,10000,141,20260944,0.424295
Bubble Sort,10000,142,20260945,0.423883
Bubble Sort,10000,143,20260946,0.425354
Bubble Sort,10000,144,20260947,0.413938
Bubble Sort,10000,145,20260948,0.426603
Bubble Sort,10000,146,20260949,0.425372
Bubble Sort,10000,147,20260950,0.424203
Bubble Sort,10000,148,20260951,0.426604
Bubble Sort,10000,149,20260952,0.424314
Bubble Sort,10000,150,20260953,0.408732
Bubble Sort,10000,151,20260954,0.425742
Bubble Sort,10000,152,20260955,0.426191
Bubble Sort,10000,153,20260956,0.425809
Bubble Sort,10000,154,20260957,0.422652
Bubble Sort,10000,155,20260958,0.425575
Bubble Sort,10000,156,20260959,0.425637
Bubble Sort,10000,157,20260960,0.425458
Bubble Sort,10000,158,20260961,0.423034
Bubble Sort,10000,159,20260962,0.423975
Bubble Sort,10000,160,20260963,0.426923
Bubble Sort,10000,161,20260964,0.424597
Bubble Sort,10000,162,20260965,0.424726
Bubble Sort,10000,163,20260966,0.42251
Bubble Sort,10000,164,20260967,0.421975
Bubble Sort,10000,165,20260968,0.426474
Bubble Sort,10000,166,20260969,0.423711
Bubble Sort,10000,167,20260970,0.425932
Bubble Sort,10000,168,20260971,0.42448
Bubble Sort,10000,169,20260972,0.426566
Bubble Sort,10000,170,20260973,0.425514
Bubble Sort,10000,171,20260974,0.425699
Bubble Sort,10000,172,20260975,0.426627
Bubble Sort,10000,173,20260976,0.42552
Bubble Sort,10000,174,20260977,0.427803
Bubble Sort,10000,175,20260978,0.425889
Bubble Sort,10000,176,20260979,0.428246
Bubble Sort,10000,177,20260980,0.42408
Bubble Sort,10000,178,20260981,0.429126
Bubble Sort,10000,179,20260982,0.42272
Bubble Sort,10000,180,20260983,0.421748
Bubble Sort,10000,181,20260984,0.425372
Bubble Sort,10000,182,20260985,0.424763
Bubble Sort,10000,183,20260986,0.425213
Bubble Sort,10000,184,20260987,0.425065
Bubble Sort,10000,185,20260988,0.422517
Bubble Sort,10000,186,20260989,0.414271
Bubble Sort,10000,187,20260990,0.422812
Bubble Sort,10000,188,20260991,0.425698
Bubble Sort,10000,189,20260992,0.422504
Bubble Sort,10000,190,20260993,0.423151
Bubble Sort,10000,191,20260994,0.423176
Bubble Sort,10000,192,20260995,0.422696
Bubble Sort,10000,193,20260996,0.425052
Bubble Sort,10000,194,20260997,0.422849
Bubble Sort,10000,195,20260998,0.425052
Bubble Sort,10000,196,20260999,0.422351
Bubble Sort,10000,197,20261000,0.42323
Bubble Sort,10000,198,20261001,0.419347
Bubble Sort,10000,199,20261002,0.428098
Bubble Sort,10000,200,20261003,0.424892
Bubble Sort,10000,201,20261004,0.422216
Bubble Sort,10000,202,20261005,0.424504
Bubble Sort,10000,203,20261006,0.42352
Bubble Sort,10000,204,20261007,0.426074
Bubble Sort,10000,205,20261008,0.423889
Bubble Sort,10000,206,20261009,0.422517
Bubble Sort,10000,207,20261010,0.425317
Bubble Sort,10000,208,20261011,0.422942
Bubble Sort,10000,209,20261012,0.425587
Bubble Sort,10000,210,20261013,0.425576
Bubble Sort,10000,211,20261014,0.423089
Bubble Sort,10000,212,20261015,0.419255
Bubble Sort,10000,213,20261016,0.425736
Bubble Sort,10000,214,20261017,0.423348
Bubble Sort,10000,215,20261018,0.425834
Bubble Sort,10000,216,20261019,0.424824
Bubble Sort,10000,217,20261020,0.424868
Bubble Sort,10000,218,20261021,0.423261
Bubble Sort,10000,219,20261022,0.422658
Bubble Sort,10000,220,20261023,0.424591
Bubble Sort,10000,221,20261024,0.426905
Bubble Sort,10000,222,20261025,0.422369
Bubble Sort,10000,223,20261026,0.423969
Bubble Sort,10000,224,20261027,0.422431
Bubble Sort,10000,225,20261028,0.424867
Bubble Sort,10000,226,20261029,0.430129
Bubble Sort,10000,227,20261030,0.425446
Bubble Sort,10000,228,20261031,0.425649
Bubble Sort,10000,229,20261032,0.424123
Bubble Sort,10000,230,20261033,0.425194
Bubble Sort,10000,231,20261034,0.423231
Bubble Sort,10000,232,20261035,0.422609
Bubble Sort,10000,233,20261036,0.430609
Bubble Sort,10000,234,20261037,0.424092
Bubble Sort,10000,235,20261038,0.423267
Bubble Sort,10000,236,20261039,0.424874
Bubble Sort,10000,237,20261040,0.42344
Bubble Sort,10000,238,20261041,0.425003
Bubble Sort,10000,239,20261042,0.423071
Bubble Sort,10000,240,20261043,0.42256
Bubble Sort,10000,241,20261044,0.423126
Bubble Sort,10000,242,20261045,0.423416
Bubble Sort,10000,243,20261046,0.423219
Bubble Sort,10000,244,20261047,0.424892
Bubble Sort,10000,245,20261048,0.42352
Bubble Sort,10000,246,20261049,0.413323
Bubble Sort,10000,247,20261050,0.421053
Bubble Sort,10000,248,20261051,0.425415
Bubble Sort,10000,249,20261052,0.423274
Bubble Sort,10000,250,20261053,0.423612
Bubble Sort,10000,251,20261054,0.424542
Bubble Sort,10000,252,20261055,0.422628
Bubble Sort,10000,253,20261056,0.421538
Bubble Sort,10000,254,20261057,0.427059
Bubble Sort,10000,255,20261058,0.425779
Bubble Sort,10000,256,20261059,0.424246
Bubble Sort,10000,257,20261060,0.423021
Bubble Sort,10000,258,20261061,0.428277
Bubble Sort,10000,259,20261062,0.429877
Bubble Sort,10000,260,20261063,0.419354
Bubble Sort,10000,261,20261064,0.41883
Bubble Sort,10000,262,20261065,0.429465
Bubble Sort,10000,263,20261066,0.4236
Bubble Sort,10000,264,20261067,0.423944
Bubble Sort,10000,265,20261068,0.425286
Bubble Sort,10000,266,20261069,0.422443
Bubble Sort,10000,267,20261070,0.433544
Bubble Sort,10000,268,20261071,0.424265
Bubble Sort,10000,269,20261072,0.423502
Bubble Sort,10000,270,20261073,0.423975
Bubble Sort,10000,271,20261074,0.422954
Bubble Sort,10000,272,20261075,0.420972
Bubble Sort,10000,273,20261076,0.435563
Bubble Sort,10000,274,20261077,0.426148
Bubble Sort,10000,275,20261078,0.426683
Bubble Sort,10000,276,20261079,0.422733
Bubble Sort,10000,277,20261080,0.424062
Bubble Sort,10000,278,20261081,0.424375
Bubble Sort,10000,279,20261082,0.422714
Bubble Sort,10000,280,20261083,0.41448
Bubble Sort,10000,281,20261084,0.423649
Bubble Sort,10000,282,20261085,0.423926
Bubble Sort,10000,283,20261086,0.422862
Bubble Sort,10000,284,20261087,0.423206
Bubble Sort,10000,285,20261088,0.42576
Bubble Sort,10000,286,20261089,0.422664
Bubble Sort,10000,287,20261090,0.420511
Bubble Sort,10000,288,20261091,0.42205
Bubble Sort,10000,289,20261092,0.424751
Bubble Sort,10000,290,20261093,0.421016
Bubble Sort,10000,291,20261094,0.424911
Bubble Sort,10000,292,20261095,0.42272
Bubble Sort,10000,293,20261096,0.421637
Bubble Sort,10000,294,20261097,0.424756
Bubble Sort,10000,295,20261098,0.422437
Bubble Sort,10000,296,20261099,0.423009
Bubble Sort,10000,297,20261100,0.4252
Bubble Sort,10000,298,20261101,0.424197
Bubble Sort,10000,299,20261102,0.423914
Bubble Sort,10000,300,20261103,0.422369
Bubble Sort,10000,301,20261104,0.428135
Bubble Sort,10000,302,20261105,0.425084
Bubble Sort,10000,303,20261106,0.423692
Bubble Sort,10000,304,20261107,0.422984
Bubble Sort,10000,305,20261108,0.421447
Bubble Sort,10000,306,20261109,0.424591
Bubble Sort,10000,307,20261110,0.423175
Bubble Sort,10000,308,20261111,0.422677
Bubble Sort,10000,309,20261112,0.421028
Bubble Sort,10000,310,20261113,0.425428
Bubble Sort,10000,311,20261114,0.424868
Bubble Sort,10000,312,20261115,0.423649
Bubble Sort,10000,313,20261116,0.423834
Bubble Sort,10000,314,20261117,0.422413
Bubble Sort,10000,315,20261118,0.420782
Bubble Sort,10000,316,20261119,0.425723
Bubble Sort,10000,317,20261120,0.42296
Bubble Sort,10000,318,20261121,0.427267
Bubble Sort,10000,319,20261122,0.423427
Bubble Sort,10000,320,20261123,0.422843
Bubble Sort,10000,321,20261124,0.427963
Bubble Sort,10000,322,20261125,0.42272
Bubble Sort,10000,323,20261126,0.424523
Bubble Sort,10000,324,20261127,0.423724
Bubble Sort,10000,325,20261128,0.424628
Bubble Sort,10000,326,20261129,0.423778
Bubble Sort,10000,327,20261130,0.421969
Bubble Sort,10000,328,20261131,0.422062
Bubble Sort,10000,329,20261132,0.425422
Bubble Sort,10000,330,20261133,0.423588
Bubble Sort,10000,331,20261134,0.422369
Bubble Sort,10000,332,20261135,0.427852
Bubble Sort,10000,333,20261136,0.422252
Bubble Sort,10000,334,20261137,0.424714
Bubble Sort,10000,335,20261138,0.433255
Bubble Sort,10000,336,20261139,0.422868
Bubble Sort,10000,337,20261140,0.42221
Bubble Sort,10000,338,20261141,0.427379
Bubble Sort,10000,339,20261142,0.422437
Bubble Sort,10000,340,20261143,0.422671
Bubble Sort,10000,341,20261144,0.42416
Bubble Sort,10000,342,20261145,0.422351
Bubble Sort,10000,343,20261146,0.424523
Bubble Sort,10000,344,20261147,0.424222
Bubble Sort,10000,345,20261148,0.422745
Bubble Sort,10000,346,20261149,0.424418
Bubble Sort,10000,347,20261150,0.415618
Bubble Sort,10000,348,20261151,0.412591
Bubble Sort,10000,349,20261152,0.425286
Bubble Sort,10000,350,20261153,0.423557
Bubble Sort,10000,351,20261154,0.424129
Bubble Sort,10000,352,20261155,0.424154
Bubble Sort,10000,353,20261156,0.42133
Bubble Sort,10000,354,20261157,0.425606
Bubble Sort,10000,355,20261158,0.424523
Bubble Sort,10000,356,20261159,0.414548
Bubble Sort,10000,357,20261160,0.425083
Bubble Sort,10000,358,20261161,0.425311
Bubble Sort,10000,359,20261162,0.426498
Bubble Sort,10000,360,20261163,0.423514
Bubble Sort,10000,361,20261164,0.426093
Bubble Sort,10000,362,20261165,0.425059
Bubble Sort,10000,363,20261166,0.42496
Bubble Sort,10000,364,20261167,0.428111
Bubble Sort,10000,365,20261168,0.423151
Bubble Sort,10000,366,20261169,0.422905
Bubble Sort,10000,367,20261170,0.423256
Bubble Sort,10000,368,20261171,0.423095
Bubble Sort,10000,369,20261172,0.417138
Bubble Sort,10000,370,20261173,0.426431
Bubble Sort,10000,371,20261174,0.422788
Bubble Sort,10000,372,20261175,0.424344
Bubble Sort,10000,373,20261176,0.423779
Bubble Sort,10000,374,20261177,0.422936
Bubble Sort,10000,375,20261178,0.424154
Bubble Sort,10000,376,20261179,0.426868
Bubble Sort,10000,377,20261180,0.423581
Bubble Sort,10000,378,20261181,0.426025
Bubble Sort,10000,379,20261182,0.422554
Bubble Sort,10000,380,20261183,0.423261
Bubble Sort,10000,381,20261184,0.422376
Bubble Sort,10000,382,20261185,0.42368
Bubble Sort,10000,383,20261186,0.422597
Bubble Sort,10000,384,20261187,0.423822
Bubble Sort,10000,385,20261188,0.423508
Bubble Sort,10000,386,20261189,0.422167
Bubble Sort,10000,387,20261190,0.424794
Bubble Sort,10000,388,20261191,0.421716
Bubble Sort,10000,389,20261192,0.423969
Bubble Sort,10000,390,20261193,0.423157
Bubble Sort,10000,391,20261194,0.422369
Bubble Sort,10000,392,20261195,0.423212
Bubble Sort,10000,393,20261196,0.424037
Bubble Sort,10000,394,20261197,0.42576
Bubble Sort,10000,395,20261198,0.42715
Bubble Sort,10000,396,20261199,0.408548
Bubble Sort,10000,397,20261200,0.427329
Bubble Sort,10000,398,20261201,0.427575
Bubble Sort,10000,399,20261202,0.426818
Bubble Sort,10000,400,20261203,0.423945
Bubble Sort,10000,401,20261204,0.425249
Bubble Sort,10000,402,20261205,0.427169
Bubble Sort,10000,403,20261206,0.425963
Bubble Sort,10000,404,20261207,0.423883
Bubble Sort,10000,405,20261208,0.423496
Bubble Sort,10000,406,20261209,0.421753
Bubble Sort,10000,407,20261210,0.424215
Bubble Sort,10000,408,20261211,0.424653
Bubble Sort,10000,409,20261212,0.425938
Bubble Sort,10000,410,20261213,0.422646
Bubble Sort,10000,411,20261214,0.424228
Bubble Sort,10000,412,20261215,0.425015
Bubble Sort,10000,413,20261216,0.426911
Bubble Sort,10000,414,20261217,0.424031
Bubble Sort,10000,415,20261218,0.4236
Bubble Sort,10000,416,20261219,0.424147
Bubble Sort,10000,417,20261220,0.421969
Bubble Sort,10000,418,20261221,0.420234
Bubble Sort,10000,419,20261222,0.422462
Bubble Sort,10000,420,20261223,0.425422
Bubble Sort,10000,421,20261224,0.423132
Bubble Sort,10000,422,20261225,0.422517
Bubble Sort,10000,423,20261226,0.421791
Bubble Sort,10000,424,20261227,0.417409
Bubble Sort,10000,425,20261228,0.421742
Bubble Sort,10000,426,20261229,0.424979
Bubble Sort,10000,427,20261230,0.431483
Bubble Sort,10000,428,20261231,0.430018
Bubble Sort,10000,429,20261232,0.418012
Bubble Sort,10000,430,20261233,0.419181
Bubble Sort,10000,431,20261234,0.427003
Bubble Sort,10000,432,20261235,0.421994
Bubble Sort,10000,433,20261236,0.420726
Bubble Sort,10000,434,20261237,0.421379
Bubble Sort,10000,435,20261238,0.421846
Bubble Sort,10000,436,20261239,0.423213
Bubble Sort,10000,437,20261240,0.421139
Bubble Sort,10000,438,20261241,0.422314
Bubble Sort,10000,439,20261242,0.422123
Bubble Sort,10000,440,20261243,0.423501
Bubble Sort,10000,441,20261244,0.42216
Bubble Sort,10000,442,20261245,0.42224
Bubble Sort,10000,443,20261246,0.420086
Bubble Sort,10000,444,20261247,0.423071
Bubble Sort,10000,445,20261248,0.409545
Bubble Sort,10000,446,20261249,0.421397
Bubble Sort,10000,447,20261250,0.419987
Bubble Sort,10000,448,20261251,0.419618
Bubble Sort,10000,449,20261252,0.420013
Bubble Sort,10000,450,20261253,0.421427
Bubble Sort,10000,451,20261254,0.421668
Bubble Sort,10000,452,20261255,0.419058
Bubble Sort,10000,453,20261256,0.424018
Bubble Sort,10000,454,20261257,0.420689
Bubble Sort,10000,455,20261258,0.420689
Bubble Sort,10000,456,20261259,0.420591
Bubble Sort,10000,457,20261260,0.424567
Bubble Sort,10000,458,20261261,0.421022
Bubble Sort,10000,459,20261262,0.421151
Bubble Sort,10000,460,20261263,0.422751
Bubble Sort,10000,461,20261264,0.421619
Bubble Sort,10000,462,20261265,0.425034
Bubble Sort,10000,463,20261266,0.423317
Bubble Sort,10000,464,20261267,0.423434
Bubble Sort,10000,465,20261268,0.422265
Bubble Sort,10000,466,20261269,0.428246
Bubble Sort,10000,467,20261270,0.422437
Bubble Sort,10000,468,20261271,0.423674
Bubble Sort,10000,469,20261272,0.421871
Bubble Sort,10000,470,20261273,0.422351
Bubble Sort,10000,471,20261274,0.424117
Bubble Sort,10000,472,20261275,0.422554
Bubble Sort,10000,473,20261276,0.422043
Bubble Sort,10000,474,20261277,0.410647
Bubble Sort,10000,475,20261278,0.409107
Bubble Sort,10000,476,20261279,0.422265
Bubble Sort,10000,477,20261280,0.424412
Bubble Sort,10000,478,20261281,0.425231
Bubble Sort,10000,479,20261282,0.414468
Bubble Sort,10000,480,20261283,0.423717
Bubble Sort,10000,481,20261284,0.420313
Bubble Sort,10000,482,20261285,0.421194
Bubble Sort,10000,483,20261286,0.424302
Bubble Sort,10000,484,20261287,0.422388
Bubble Sort,10000,485,20261288,0.422283
Bubble Sort,10000,486,20261289,0.421563
Bubble Sort,10000,487,20261290,0.42512
Bubble Sort,10000,488,20261291,0.42024
Bubble Sort,10000,489,20261292,0.422782
Bubble Sort,10000,490,20261293,0.422733
Bubble Sort,10000,491,20261294,0.422499
Bubble Sort,10000,492,20261295,0.421809
Bubble Sort,10000,493,20261296,0.4236
Bubble Sort,10000,494,20261297,0.427735
Bubble Sort,10000,495,20261298,0.423993
Bubble Sort,10000,496,20261299,0.422615
Bubble Sort,10000,497,20261300,0.422572
Bubble Sort,10000,498,20261301,0.428037
Bubble Sort,10000,499,20261302,0.424283
Bubble Sort,10000,500,20261303,0.417508
Bubble Sort,10000,501,20261304,0.424062
Bubble Sort,10000,502,20261305,0.421224
Bubble Sort,10000,503,20261306,0.424751
Bubble Sort,10000,504,20261307,0.424357
Bubble Sort,10000,505,20261308,0.421796
Bubble Sort,10000,506,20261309,0.422074
Bubble Sort,10000,507,20261310,0.425545
Bubble Sort,10000,508,20261311,0.422376
Bubble Sort,10000,509,20261312,0.426935
Bubble Sort,10000,510,20261313,0.424948
Bubble Sort,10000,511,20261314,0.424209
Bubble Sort,10000,512,20261315,0.424917
Bubble Sort,10000,513,20261316,0.424393
Bubble Sort,10000,514,20261317,0.419674
Bubble Sort,10000,515,20261318,0.420807
Bubble Sort,10000,516,20261319,0.426061
Bubble Sort,10000,517,20261320,0.42533
Bubble Sort,10000,518,20261321,0.423065
Bubble Sort,10000,519,20261322,0.42464
Bubble Sort,10000,520,20261323,0.423593
Bubble Sort,10000,521,20261324,0.415095
Bubble Sort,10000,522,20261325,0.420191
Bubble Sort,10000,523,20261326,0.423316
Bubble Sort,10000,524,20261327,0.421569
Bubble Sort,10000,525,20261328,0.42192
Bubble Sort,10000,526,20261329,0.423379
Bubble Sort,10000,527,20261330,0.424886
Bubble Sort,10000,528,20261331,0.425545
Bubble Sort,10000,529,20261332,0.425508
Bubble Sort,10000,530,20261333,0.423735
Bubble Sort,10000,531,20261334,0.425366
Bubble Sort,10000,532,20261335,0.421354
Bubble Sort,10000,533,20261336,0.428246
Bubble Sort,10000,534,20261337,0.421416
Bubble Sort,10000,535,20261338,0.421458
Bubble Sort,10000,536,20261339,0.425114
Bubble Sort,10000,537,20261340,0.424757
Bubble Sort,10000,538,20261341,0.424769
Bubble Sort,10000,539,20261342,0.422615
Bubble Sort,10000,540,20261343,0.423163
Bubble Sort,10000,541,20261344,0.425564
Bubble Sort,10000,542,20261345,0.419256
Bubble Sort,10000,543,20261346,0.425126
Bubble Sort,10000,544,20261347,0.424104
Bubble Sort,10000,545,20261348,0.422412
Bubble Sort,10000,546,20261349,0.423606
Bubble Sort,10000,547,20261350,0.422154
Bubble Sort,10000,548,20261351,0.423101
Bubble Sort,10000,549,20261352,0.42005
Bubble Sort,10000,550,20261353,0.422363
Bubble Sort,10000,551,20261354,0.423267
Bubble Sort,10000,552,20261355,0.418954
Bubble Sort,10000,553,20261356,0.417175
Bubble Sort,10000,554,20261357,0.424136
Bubble Sort,10000,555,20261358,0.425508
Bubble Sort,10000,556,20261359,0.422099
Bubble Sort,10000,557,20261360,0.423453
Bubble Sort,10000,558,20261361,0.426117
Bubble Sort,10000,559,20261362,0.423896
Bubble Sort,10000,560,20261363,0.423151
Bubble Sort,10000,561,20261364,0.424689
Bubble Sort,10000,562,20261365,0.421914
Bubble Sort,10000,563,20261366,0.41136
Bubble Sort,10000,564,20261367,0.421896
Bubble Sort,10000,565,20261368,0.42309
Bubble Sort,10000,566,20261369,0.424548
Bubble Sort,10000,567,20261370,0.420776
Bubble Sort,10000,568,20261371,0.427163
Bubble Sort,10000,569,20261372,0.420308
Bubble Sort,10000,570,20261373,0.424197
Bubble Sort,10000,571,20261374,0.423003
Bubble Sort,10000,572,20261375,0.425021
Bubble Sort,10000,573,20261376,0.422344
Bubble Sort,10000,574,20261377,0.419496
Bubble Sort,10000,575,20261378,0.422579
Bubble Sort,10000,576,20261379,0.424209
Bubble Sort,10000,577,20261380,0.420714
Bubble Sort,10000,578,20261381,0.421606
Bubble Sort,10000,579,20261382,0.423428
Bubble Sort,10000,580,20261383,0.425379
Bubble Sort,10000,581,20261384,0.422228
Bubble Sort,10000,582,20261385,0.42584
Bubble Sort,10000,583,20261386,0.4244
Bubble Sort,10000,584,20261387,0.425495
Bubble Sort,10000,585,20261388,0.424056
Bubble Sort,10000,586,20261389,0.427194
Bubble Sort,10000,587,20261390,0.422178
Bubble Sort,10000,588,20261391,0.42325
Bubble Sort,10000,589,20261392,0.4188
Bubble Sort,10000,590,20261393,0.423046
Bubble Sort,10000,591,20261394,0.425206
Bubble Sort,10000,592,20261395,0.423556
Bubble Sort,10000,593,20261396,0.42432
Bubble Sort,10000,594,20261397,0.425865
Bubble Sort,10000,595,20261398,0.426659
Bubble Sort,10000,596,20261399,0.428997
Bubble Sort,10000,597,20261400,0.431428
Bubble Sort,10000,598,20261401,0.417532
Bubble Sort,10000,599,20261402,0.420166
Bubble Sort,10000,600,20261403,0.410684
Bubble Sort,10000,601,20261404,0.42715
Bubble Sort,10000,602,20261405,0.411779
Bubble Sort,10000,603,20261406,0.42549
Bubble Sort,10000,604,20261407,0.424505
Bubble Sort,10000,605,20261408,0.422621
Bubble Sort,10000,606,20261409,0.423108
Bubble Sort,10000,607,20261410,0.421034
Bubble Sort,10000,608,20261411,0.421625
Bubble Sort,10000,609,20261412,0.421145
Bubble Sort,10000,610,20261413,0.424584
Bubble Sort,10000,611,20261414,0.422345
Bubble Sort,10000,612,20261415,0.421544
Bubble Sort,10000,613,20261416,0.425378
Bubble Sort,10000,614,20261417,0.422387
Bubble Sort,10000,615,20261418,0.422486
Bubble Sort,10000,616,20261419,0.421963
Bubble Sort,10000,617,20261420,0.422794
Bubble Sort,10000,618,20261421,0.450301
Bubble Sort,10000,619,20261422,0.424375
Bubble Sort,10000,620,20261423,0.42232
Bubble Sort,10000,621,20261424,0.425883
Bubble Sort,10000,622,20261425,0.420449
Bubble Sort,10000,623,20261426,0.424185
Bubble Sort,10000,624,20261427,0.420424
Bubble Sort,10000,625,20261428,0.42309
Bubble Sort,10000,626,20261429,0.42715
Bubble Sort,10000,627,20261430,0.421108
Bubble Sort,10000,628,20261431,0.422566
Bubble Sort,10000,629,20261432,0.420862
Bubble Sort,10000,630,20261433,0.422313
Bubble Sort,10000,631,20261434,0.425108
Bubble Sort,10000,632,20261435,0.424086
Bubble Sort,10000,633,20261436,0.422117
Bubble Sort,10000,634,20261437,0.423483
Bubble Sort,10000,635,20261438,0.421901
Bubble Sort,10000,636,20261439,0.41864
Bubble Sort,10000,637,20261440,0.422333
Bubble Sort,10000,638,20261441,0.42264
Bubble Sort,10000,639,20261442,0.42512
Bubble Sort,10000,640,20261443,0.420363
Bubble Sort,10000,641,20261444,0.421194
Bubble Sort,10000,642,20261445,0.422068
Bubble Sort,10000,643,20261446,0.423563
Bubble Sort,10000,644,20261447,0.422997
Bubble Sort,10000,645,20261448,0.422787
Bubble Sort,10000,646,20261449,0.420597
Bubble Sort,10000,647,20261450,0.422345
Bubble Sort,10000,648,20261451,0.419181
Bubble Sort,10000,649,20261452,0.420197
Bubble Sort,10000,650,20261453,0.419939
Bubble Sort,10000,651,20261454,0.41944
Bubble Sort,10000,652,20261455,0.423582
Bubble Sort,10000,653,20261456,0.421704
Bubble Sort,10000,654,20261457,0.422148
Bubble Sort,10000,655,20261458,0.420775
Bubble Sort,10000,656,20261459,0.422074
Bubble Sort,10000,657,20261460,0.422006
Bubble Sort,10000,658,20261461,0.421803
Bubble Sort,10000,659,20261462,0.422511
Bubble Sort,10000,660,20261463,0.413065
Bubble Sort,10000,661,20261464,0.422
Bubble Sort,10000,662,20261465,0.421803
Bubble Sort,10000,663,20261466,0.423126
Bubble Sort,10000,664,20261467,0.420567
Bubble Sort,10000,665,20261468,0.421317
Bubble Sort,10000,666,20261469,0.426302
Bubble Sort,10000,667,20261470,0.422474
Bubble Sort,10000,668,20261471,0.42376
Bubble Sort,10000,669,20261472,0.422652
Bubble Sort,10000,670,20261473,0.42101
Bubble Sort,10000,671,20261474,0.420376
Bubble Sort,10000,672,20261475,0.419945
Bubble Sort,10000,673,20261476,0.4256
Bubble Sort,10000,674,20261477,0.421317
Bubble Sort,10000,675,20261478,0.422849
Bubble Sort,10000,676,20261479,0.423994
Bubble Sort,10000,677,20261480,0.421527
Bubble Sort,10000,678,20261481,0.421988
Bubble Sort,10000,679,20261482,0.42128
Bubble Sort,10000,680,20261483,0.421225
Bubble Sort,10000,681,20261484,0.421464
Bubble Sort,10000,682,20261485,0.422603
Bubble Sort,10000,683,20261486,0.420732
Bubble Sort,10000,684,20261487,0.423034
Bubble Sort,10000,685,20261488,0.424142
Bubble Sort,10000,686,20261489,0.424277
Bubble Sort,10000,687,20261490,0.421477
Bubble Sort,10000,688,20261491,0.422978
Bubble Sort,10000,689,20261492,0.423563
Bubble Sort,10000,690,20261493,0.421391
Bubble Sort,10000,691,20261494,0.420886
Bubble Sort,10000,692,20261495,0.421446
Bubble Sort,10000,693,20261496,0.427126
Bubble Sort,10000,694,20261497,0.423459
Bubble Sort,10000,695,20261498,0.424732
Bubble Sort,10000,696,20261499,0.421268
Bubble Sort,10000,697,20261500,0.425021
Bubble Sort,10000,698,20261501,0.423662
Bubble Sort,10000,699,20261502,0.423827
Bubble Sort,10000,700,20261503,0.420584
Bubble Sort,10000,701,20261504,0.425175
Bubble Sort,10000,702,20261505,0.424216
Bubble Sort,10000,703,20261506,0.420585
Bubble Sort,10000,704,20261507,0.423723
Bubble Sort,10000,705,20261508,0.424566
Bubble Sort,10000,706,20261509,0.420104
Bubble Sort,10000,707,20261510,0.421372
Bubble Sort,10000,708,20261511,0.420775
Bubble Sort,10000,709,20261512,0.422492
Bubble Sort,10000,710,20261513,0.42064
Bubble Sort,10000,711,20261514,0.423551
Bubble Sort,10000,712,20261515,0.417747
Bubble Sort,10000,713,20261516,0.422473
Bubble Sort,10000,714,20261517,0.420726
Bubble Sort,10000,715,20261518,0.424332
Bubble Sort,10000,716,20261519,0.421631
Bubble Sort,10000,717,20261520,0.422049
Bubble Sort,10000,718,20261521,0.418117
Bubble Sort,10000,719,20261522,0.419003
Bubble Sort,10000,720,20261523,0.421231
Bubble Sort,10000,721,20261524,0.419846
Bubble Sort,10000,722,20261525,0.42416
Bubble Sort,10000,723,20261526,0.410886
Bubble Sort,10000,724,20261527,0.420043
Bubble Sort,10000,725,20261528,0.423354
Bubble Sort,10000,726,20261529,0.421249
Bubble Sort,10000,727,20261530,0.4216
Bubble Sort,10000,728,20261531,0.423625
Bubble Sort,10000,729,20261532,0.410498
Bubble Sort,10000,730,20261533,0.422505
Bubble Sort,10000,731,20261534,0.422954
Bubble Sort,10000,732,20261535,0.424166
Bubble Sort,10000,733,20261536,0.425778
Bubble Sort,10000,734,20261537,0.423575
Bubble Sort,10000,735,20261538,0.424609
Bubble Sort,10000,736,20261539,0.422018
Bubble Sort,10000,737,20261540,0.424713
Bubble Sort,10000,738,20261541,0.423145
Bubble Sort,10000,739,20261542,0.421723
Bubble Sort,10000,740,20261543,0.421477
Bubble Sort,10000,741,20261544,0.425293
Bubble Sort,10000,742,20261545,0.42429
Bubble Sort,10000,743,20261546,0.42464
Bubble Sort,10000,744,20261547,0.414227
Bubble Sort,10000,745,20261548,0.423507
Bubble Sort,10000,746,20261549,0.420536
Bubble Sort,10000,747,20261550,0.420622
Bubble Sort,10000,748,20261551,0.422775
Bubble Sort,10000,749,20261552,0.422892
Bubble Sort,10000,750,20261553,0.420413
Bubble Sort,10000,751,20261554,0.426763
Bubble Sort,10000,752,20261555,0.42496
Bubble Sort,10000,753,20261556,0.425286
Bubble Sort,10000,754,20261557,0.422308
Bubble Sort,10000,755,20261558,0.420751
Bubble Sort,10000,756,20261559,0.42181
Bubble Sort,10000,757,20261560,0.424775
Bubble Sort,10000,758,20261561,0.422529
Bubble Sort,10000,759,20261562,0.422024
Bubble Sort,10000,760,20261563,0.426788
Bubble Sort,10000,761,20261564,0.42304
Bubble Sort,10000,762,20261565,0.423901
Bubble Sort,10000,763,20261566,0.423446
Bubble Sort,10000,764,20261567,0.424074
Bubble Sort,10000,765,20261568,0.434117
Bubble Sort,10000,766,20261569,0.431194
Bubble Sort,10000,767,20261570,0.420136
Bubble Sort,10000,768,20261571,0.419336
Bubble Sort,10000,769,20261572,0.412781
Bubble Sort,10000,770,20261573,0.428062
Bubble Sort,10000,771,20261574,0.424991
Bubble Sort,10000,772,20261575,0.424554
Bubble Sort,10000,773,20261576,0.423249
Bubble Sort,10000,774,20261577,0.422357
Bubble Sort,10000,775,20261578,0.425969
Bubble Sort,10000,776,20261579,0.422979
Bubble Sort,10000,777,20261580,0.423846
Bubble Sort,10000,778,20261581,0.417545
Bubble Sort,10000,779,20261582,0.42616
Bubble Sort,10000,780,20261583,0.425655
Bubble Sort,10000,781,20261584,0.423274
Bubble Sort,10000,782,20261585,0.426591
Bubble Sort,10000,783,20261586,0.424
Bubble Sort,10000,784,20261587,0.4212
Bubble Sort,10000,785,20261588,0.425157
Bubble Sort,10000,786,20261589,0.427606
Bubble Sort,10000,787,20261590,0.423495
Bubble Sort,10000,788,20261591,0.429114
Bubble Sort,10000,789,20261592,0.423391
Bubble Sort,10000,790,20261593,0.42563
Bubble Sort,10000,791,20261594,0.423618
Bubble Sort,10000,792,20261595,0.424111
Bubble Sort,10000,793,20261596,0.42451
Bubble Sort,10000,794,20261597,0.426867
Bubble Sort,10000,795,20261598,0.424276
Bubble Sort,10000,796,20261599,0.4244
Bubble Sort,10000,797,20261600,0.422418
Bubble Sort,10000,798,20261601,0.424535
Bubble Sort,10000,799,20261602,0.423385
Bubble Sort,10000,800,20261603,0.42496
Bubble Sort,10000,801,20261604,0.427871
Bubble Sort,10000,802,20261605,0.421612
Bubble Sort,10000,803,20261606,0.425717
Bubble Sort,10000,804,20261607,0.423262
Bubble Sort,10000,805,20261608,0.422572
Bubble Sort,10000,806,20261609,0.42792
Bubble Sort,10000,807,20261610,0.424455
Bubble Sort,10000,808,20261611,0.42531
Bubble Sort,10000,809,20261612,0.425643
Bubble Sort,10000,810,20261613,0.422357
Bubble Sort,10000,811,20261614,0.424547
Bubble Sort,10000,812,20261615,0.423058
Bubble Sort,10000,813,20261616,0.422437
Bubble Sort,10000,814,20261617,0.42272
Bubble Sort,10000,815,20261618,0.423373
Bubble Sort,10000,816,20261619,0.424332
Bubble Sort,10000,817,20261620,0.424468
Bubble Sort,10000,818,20261621,0.424609
Bubble Sort,10000,819,20261622,0.425126
Bubble Sort,10000,820,20261623,0.427994
Bubble Sort,10000,821,20261624,0.423631
Bubble Sort,10000,822,20261625,0.423193
Bubble Sort,10000,823,20261626,0.421102
Bubble Sort,10000,824,20261627,0.42272
Bubble Sort,10000,825,20261628,0.425766
Bubble Sort,10000,826,20261629,0.425218
Bubble Sort,10000,827,20261630,0.421397
Bubble Sort,10000,828,20261631,0.426468
Bubble Sort,10000,829,20261632,0.423741
Bubble Sort,10000,830,20261633,0.423993
Bubble Sort,10000,831,20261634,0.425575
Bubble Sort,10000,832,20261635,0.423908
Bubble Sort,10000,833,20261636,0.422861
Bubble Sort,10000,834,20261637,0.426683
Bubble Sort,10000,835,20261638,0.42627
Bubble Sort,10000,836,20261639,0.426831
Bubble Sort,10000,837,20261640,0.425877
Bubble Sort,10000,838,20261641,0.424295
Bubble Sort,10000,839,20261642,0.424511
Bubble Sort,10000,840,20261643,0.424301
Bubble Sort,10000,841,20261644,0.427274
Bubble Sort,10000,842,20261645,0.42632
Bubble Sort,10000,843,20261646,0.425545
Bubble Sort,10000,844,20261647,0.422265
Bubble Sort,10000,845,20261648,0.42632
Bubble Sort,10000,846,20261649,0.427551
Bubble Sort,10000,847,20261650,0.42656
Bubble Sort,10000,848,20261651,0.429379
Bubble Sort,10000,849,20261652,0.425194
Bubble Sort,10000,850,20261653,0.426824
Bubble Sort,10000,851,20261654,0.42888
Bubble Sort,10000,852,20261655,0.426683
Bubble Sort,10000,853,20261656,0.424117
Bubble Sort,10000,854,20261657,0.425317
Bubble Sort,10000,855,20261658,0.426947
Bubble Sort,10000,856,20261659,0.416024
Bubble Sort,10000,857,20261660,0.426714
Bubble Sort,10000,858,20261661,0.428018
Bubble Sort,10000,859,20261662,0.422542
Bubble Sort,10000,860,20261663,0.424948
Bubble Sort,10000,861,20261664,0.426726
Bubble Sort,10000,862,20261665,0.425816
Bubble Sort,10000,863,20261666,0.427403
Bubble Sort,10000,864,20261667,0.430116
Bubble Sort,10000,865,20261668,0.425643
Bubble Sort,10000,866,20261669,0.425225
Bubble Sort,10000,867,20261670,0.459772
Bubble Sort,10000,868,20261671,0.42272
Bubble Sort,10000,869,20261672,0.426468
Bubble Sort,10000,870,20261673,0.427071
Bubble Sort,10000,871,20261674,0.425101
Bubble Sort,10000,872,20261675,0.426991
Bubble Sort,10000,873,20261676,0.425391
Bubble Sort,10000,874,20261677,0.428431
Bubble Sort,10000,875,20261678,0.409606
Bubble Sort,10000,876,20261679,0.423237
Bubble Sort,10000,877,20261680,0.425963
Bubble Sort,10000,878,20261681,0.424265
Bubble Sort,10000,879,20261682,0.423034
Bubble Sort,10000,880,20261683,0.434025
Bubble Sort,10000,881,20261684,0.42597
Bubble Sort,10000,882,20261685,0.426067
Bubble Sort,10000,883,20261686,0.427028
Bubble Sort,10000,884,20261687,0.42488
Bubble Sort,10000,885,20261688,0.427594
Bubble Sort,10000,886,20261689,0.429028
Bubble Sort,10000,887,20261690,0.422744
Bubble Sort,10000,888,20261691,0.426628
Bubble Sort,10000,889,20261692,0.427169
Bubble Sort,10000,890,20261693,0.425907
Bubble Sort,10000,891,20261694,0.425287
Bubble Sort,10000,892,20261695,0.424203
Bubble Sort,10000,893,20261696,0.424579
Bubble Sort,10000,894,20261697,0.426794
Bubble Sort,10000,895,20261698,0.425255
Bubble Sort,10000,896,20261699,0.42584
Bubble Sort,10000,897,20261700,0.425779
Bubble Sort,10000,898,20261701,0.422941
Bubble Sort,10000,899,20261702,0.421883
Bubble Sort,10000,900,20261703,0.426658
Bubble Sort,10000,901,20261704,0.419003
Bubble Sort,10000,902,20261705,0.424333
Bubble Sort,10000,903,20261706,0.427495
Bubble Sort,10000,904,20261707,0.424806
Bubble Sort,10000,905,20261708,0.424049
Bubble Sort,10000,906,20261709,0.427052
Bubble Sort,10000,907,20261710,0.425188
Bubble Sort,10000,908,20261711,0.427699
Bubble Sort,10000,909,20261712,0.423797
Bubble Sort,10000,910,20261713,0.423348
Bubble Sort,10000,911,20261714,0.424357
Bubble Sort,10000,912,20261715,0.423822
Bubble Sort,10000,913,20261716,0.424253
Bubble Sort,10000,914,20261717,0.42768
Bubble Sort,10000,915,20261718,0.427748
Bubble Sort,10000,916,20261719,0.426714
Bubble Sort,10000,917,20261720,0.428523
Bubble Sort,10000,918,20261721,0.425249
Bubble Sort,10000,919,20261722,0.428148
Bubble Sort,10000,920,20261723,0.424178
Bubble Sort,10000,921,20261724,0.42723
Bubble Sort,10000,922,20261725,0.425292
Bubble Sort,10000,923,20261726,0.424701
Bubble Sort,10000,924,20261727,0.425674
Bubble Sort,10000,925,20261728,0.425945
Bubble Sort,10000,926,20261729,0.427114
Bubble Sort,10000,927,20261730,0.42688
Bubble Sort,10000,928,20261731,0.425502
Bubble Sort,10000,929,20261732,0.428449
Bubble Sort,10000,930,20261733,0.426413
Bubble Sort,10000,931,20261734,0.424996
Bubble Sort,10000,932,20261735,0.426757
Bubble Sort,10000,933,20261736,0.428179
Bubble Sort,10000,934,20261737,0.411526
Bubble Sort,10000,935,20261738,0.427107
Bubble Sort,10000,936,20261739,0.422677
Bubble Sort,10000,937,20261740,0.418541
Bubble Sort,10000,938,20261741,0.410222
Bubble Sort,10000,939,20261742,0.427102
Bubble Sort,10000,940,20261743,0.42352
Bubble Sort,10000,941,20261744,0.425489
Bubble Sort,10000,942,20261745,0.408744
Bubble Sort,10000,943,20261746,0.424462
Bubble Sort,10000,944,20261747,0.428468
Bubble Sort,10000,945,20261748,0.427483
Bubble Sort,10000,946,20261749,0.424412
Bubble Sort,10000,947,20261750,0.424166
Bubble Sort,10000,948,20261751,0.417108
Bubble Sort,10000,949,20261752,0.426105
Bubble Sort,10000,950,20261753,0.428247
Bubble Sort,10000,951,20261754,0.425256
Bubble Sort,10000,952,20261755,0.42536
Bubble Sort,10000,953,20261756,0.423261
Bubble Sort,10000,954,20261757,0.427015
Bubble Sort,10000,955,20261758,0.42629
Bubble Sort,10000,956,20261759,0.425409
Bubble Sort,10000,957,20261760,0.426572
Bubble Sort,10000,958,20261761,0.425046
Bubble Sort,10000,959,20261762,0.425471
Bubble Sort,10000,960,20261763,0.423403
Bubble Sort,10000,961,20261764,0.473951
Bubble Sort,10000,962,20261765,0.426616
Bubble Sort,10000,963,20261766,0.427397
Bubble Sort,10000,964,20261767,0.426936
Bubble Sort,10000,965,20261768,0.427544
Bubble Sort,10000,966,20261769,0.424898
Bubble Sort,10000,967,20261770,0.426357
Bubble Sort,10000,968,20261771,0.425828
Bubble Sort,10000,969,20261772,0.42424
Bubble Sort,10000,970,20261773,0.425193
Bubble Sort,10000,971,20261774,0.42664
Bubble Sort,10000,972,20261775,0.422523
Bubble Sort,10000,973,20261776,0.423858
Bubble Sort,10000,974,20261777,0.423705
Bubble Sort,10000,975,20261778,0.425194
Bubble Sort,10000,976,20261779,0.424652
Bubble Sort,10000,977,20261780,0.425896
Bubble Sort,10000,978,20261781,0.421139
Bubble Sort,10000,979,20261782,0.425021
Bubble Sort,10000,980,20261783,0.426511
Bubble Sort,10000,981,20261784,0.424295
Bubble Sort,10000,982,20261785,0.424332
Bubble Sort,10000,983,20261786,0.412806
Bubble Sort,10000,984,20261787,0.426443
Bubble Sort,10000,985,20261788,0.422782
Bubble Sort,10000,986,20261789,0.425828
Bubble Sort,10000,987,20261790,0.422905
Bubble Sort,10000,988,20261791,0.426449
Bubble Sort,10000,989,20261792,0.42472
Bubble Sort,10000,990,20261793,0.426258
Bubble Sort,10000,991,20261794,0.426529
Bubble Sort,10000,992,20261795,0.422333
Bubble Sort,10000,993,20261796,0.425144
Bubble Sort,10000,994,20261797,0.42272
Bubble Sort,10000,995,20261798,0.416222
Bubble Sort,10000,996,20261799,0.422775
Bubble Sort,10000,997,20261800,0.422074
Bubble Sort,10000,998,20261801,0.420905
Bubble Sort,10000,999,20261802,0.425188
Bubble Sort,10000,1000,20261803,0.423077
Bubble Sort,10000,1001,20261804,0.428135
Bubble Sort,10000,1002,20261805,0.425317
Bubble Sort,10000,1003,20261806,0.425144
Bubble Sort,10000,1004,20261807,0.425249
Bubble Sort,10000,1005,20261808,0.424904
Bubble Sort,10000,1006,20261809,0.425292
Bubble Sort,10000,1007,20261810,0.424855
Bubble Sort,10000,1008,20261811,0.422523
Bubble Sort,10000,1009,20261812,0.422929
Bubble Sort,10000,1010,20261813,0.424031
Bubble Sort,10000,1011,20261814,0.426923
Bubble Sort,10000,1012,20261815,0.43272
Bubble Sort,10000,1013,20261816,0.426536
Bubble Sort,10000,1014,20261817,0.426302
Bubble Sort,10000,1015,20261818,0.42595
Bubble Sort,10000,1016,20261819,0.424585
Bubble Sort,10000,1017,20261820,0.42792
Bubble Sort,10000,1018,20261821,0.425723
Bubble Sort,10000,1019,20261822,0.424234
Bubble Sort,10000,1020,20261823,0.426234
Bubble Sort,10000,1021,20261824,0.422105
Bubble Sort,10000,1022,20261825,0.427551
Bubble Sort,10000,1023,20261826,0.428984
Bubble Sort,10000,1024,20261827,0.425335
Bubble Sort,10000,1025,20261828,0.425533
Bubble Sort,10000,1026,20261829,0.427471
Bubble Sort,10000,1027,20261830,0.425015
Bubble Sort,10000,1028,20261831,0.42416
Bubble Sort,10000,1029,20261832,0.415618
Bubble Sort,10000,1030,20261833,0.425132
Bubble Sort,10000,1031,20261834,0.424554
Bubble Sort,10000,1032,20261835,0.423618
Bubble Sort,10000,1033,20261836,0.425182
Bubble Sort,10000,1034,20261837,0.421483
Bubble Sort,10000,1035,20261838,0.42152
Bubble Sort,10000,1036,20261839,0.424074
Bubble Sort,10000,1037,20261840,0.428135
Bubble Sort,10000,1038,20261841,0.423717
Bubble Sort,10000,1039,20261842,0.423864
Bubble Sort,10000,1040,20261843,0.423717
Bubble Sort,10000,1041,20261844,0.4264
Bubble Sort,10000,1042,20261845,0.417182
Bubble Sort,10000,1043,20261846,0.422818
Bubble Sort,10000,1044,20261847,0.422129
Bubble Sort,10000,1045,20261848,0.425145
Bubble Sort,10000,1046,20261849,0.4264
Bubble Sort,10000,1047,20261850,0.421951
Bubble Sort,10000,1048,20261851,0.425489
Bubble Sort,10000,1049,20261852,0.425108
Bubble Sort,10000,1050,20261853,0.424535
Bubble Sort,10000,1051,20261854,0.424394
Bubble Sort,10000,1052,20261855,0.425107
Bubble Sort,10000,1053,20261856,0.423102
Bubble Sort,10000,1054,20261857,0.42309
Bubble Sort,10000,1055,20261858,0.427939
Bubble Sort,10000,1056,20261859,0.427126
Bubble Sort,10000,1057,20261860,0.425348
Bubble Sort,10000,1058,20261861,0.422825
Bubble Sort,10000,1059,20261862,0.431262
Bubble Sort,10000,1060,20261863,0.426167
Bubble Sort,10000,1061,20261864,0.428191
Bubble Sort,10000,1062,20261865,0.42504
Bubble Sort,10000,1063,20261866,0.423877
Bubble Sort,10000,1064,20261867,0.425126
Bubble Sort,10000,1065,20261868,0.427305
Bubble Sort,10000,1066,20261869,0.424197
Bubble Sort,10000,1067,20261870,0.425766
Bubble Sort,10000,1068,20261871,0.426124
Bubble Sort,10000,1069,20261872,0.423742
Bubble Sort,10000,1070,20261873,0.426991
Bubble Sort,10000,1071,20261874,0.42736
Bubble Sort,10000,1072,20261875,0.422726
Bubble Sort,10000,1073,20261876,0.426517
Bubble Sort,10000,1074,20261877,0.425778
Bubble Sort,10000,1075,20261878,0.427218
Bubble Sort,10000,1076,20261879,0.43056
Bubble Sort,10000,1077,20261880,0.426455
Bubble Sort,10000,1078,20261881,0.424455
Bubble Sort,10000,1079,20261882,0.424197
Bubble Sort,10000,1080,20261883,0.421908
Bubble Sort,10000,1081,20261884,0.425963
Bubble Sort,10000,1082,20261885,0.428541
Bubble Sort,10000,1083,20261886,0.427649
Bubble Sort,10000,1084,20261887,0.429126
Bubble Sort,10000,1085,20261888,0.427957
Bubble Sort,10000,1086,20261889,0.425551
Bubble Sort,10000,1087,20261890,0.423631
Bubble Sort,10000,1088,20261891,0.424634
Bubble Sort,10000,1089,20261892,0.41557
Bubble Sort,10000,1090,20261893,0.423766
Bubble Sort,10000,1091,20261894,0.425354
Bubble Sort,10000,1092,20261895,0.423366
Bubble Sort,10000,1093,20261896,0.427858
Bubble Sort,10000,1094,20261897,0.423791
Bubble Sort,10000,1095,20261898,0.425452
Bubble Sort,10000,1096,20261899,0.423532
Bubble Sort,10000,1097,20261900,0.427987
Bubble Sort,10000,1098,20261901,0.423976
Bubble Sort,10000,1099,20261902,0.42376
Bubble Sort,10000,1100,20261903,0.422708
Bubble Sort,10000,1101,20261904,0.426665
Bubble Sort,10000,1102,20261905,0.458862
Bubble Sort,10000,1103,20261906,0.412271
Bubble Sort,10000,1104,20261907,0.411865
Bubble Sort,10000,1105,20261908,0.421483
Bubble Sort,10000,1106,20261909,0.42043
Bubble Sort,10000,1107,20261910,0.427089
Bubble Sort,10000,1108,20261911,0.411883
Bubble Sort,10000,1109,20261912,0.42192
Bubble Sort,10000,1110,20261913,0.413274
Bubble Sort,10000,1111,20261914,0.42533
Bubble Sort,10000,1112,20261915,0.423618
Bubble Sort,10000,1113,20261916,0.423576
Bubble Sort,10000,1114,20261917,0.423434
Bubble Sort,10000,1115,20261918,0.415298
Bubble Sort,10000,1116,20261919,0.42464
Bubble Sort,10000,1117,20261920,0.420486
Bubble Sort,10000,1118,20261921,0.427896
Bubble Sort,10000,1119,20261922,0.424129
Bubble Sort,10000,1120,20261923,0.423404
Bubble Sort,10000,1121,20261924,0.426043
Bubble Sort,10000,1122,20261925,0.424567
Bubble Sort,10000,1123,20261926,0.42576
Bubble Sort,10000,1124,20261927,0.422677
Bubble Sort,10000,1125,20261928,0.423501
Bubble Sort,10000,1126,20261929,0.427397
Bubble Sort,10000,1127,20261930,0.42165
Bubble Sort,10000,1128,20261931,0.422862
Bubble Sort,10000,1129,20261932,0.423797
Bubble Sort,10000,1130,20261933,0.424806
Bubble Sort,10000,1131,20261934,0.423434
Bubble Sort,10000,1132,20261935,0.427009
Bubble Sort,10000,1133,20261936,0.425421
Bubble Sort,10000,1134,20261937,0.42424
Bubble Sort,10000,1135,20261938,0.426517
Bubble Sort,10000,1136,20261939,0.450541
Bubble Sort,10000,1137,20261940,0.42544
Bubble Sort,10000,1138,20261941,0.426603
Bubble Sort,10000,1139,20261942,0.423274
Bubble Sort,10000,1140,20261943,0.424357
Bubble Sort,10000,1141,20261944,0.424234
Bubble Sort,10000,1142,20261945,0.422973
Bubble Sort,10000,1143,20261946,0.425692
Bubble Sort,10000,1144,20261947,0.424129
Bubble Sort,10000,1145,20261948,0.423545
Bubble Sort,10000,1146,20261949,0.426825
Bubble Sort,10000,1147,20261950,0.422591
Bubble Sort,10000,1148,20261951,0.424369
Bubble Sort,10000,1149,20261952,0.424849
Bubble Sort,10000,1150,20261953,0.423649
Bubble Sort,10000,1151,20261954,0.424874
Bubble Sort,10000,1152,20261955,0.426056
Bubble Sort,10000,1153,20261956,0.424006
Bubble Sort,10000,1154,20261957,0.427304
Bubble Sort,10000,1155,20261958,0.42875
Bubble Sort,10000,1156,20261959,0.430708
Bubble Sort,10000,1157,20261960,0.429151
Bubble Sort,10000,1158,20261961,0.426388
Bubble Sort,10000,1159,20261962,0.42424
Bubble Sort,10000,1160,20261963,0.422664
Bubble Sort,10000,1161,20261964,0.422954
Bubble Sort,10000,1162,20261965,0.426129
Bubble Sort,10000,1163,20261966,0.425784
Bubble Sort,10000,1164,20261967,0.426061
Bubble Sort,10000,1165,20261968,0.426757
Bubble Sort,10000,1166,20261969,0.425797
Bubble Sort,10000,1167,20261970,0.42416
Bubble Sort,10000,1168,20261971,0.422757
Bubble Sort,10000,1169,20261972,0.42584
Bubble Sort,10000,1170,20261973,0.426683
Bubble Sort,10000,1171,20261974,0.422055
Bubble Sort,10000,1172,20261975,0.425501
Bubble Sort,10000,1173,20261976,0.424966
Bubble Sort,10000,1174,20261977,0.425095
Bubble Sort,10000,1175,20261978,0.42424
Bubble Sort,10000,1176,20261979,0.42256
Bubble Sort,10000,1177,20261980,0.424689
Bubble Sort,10000,1178,20261981,0.427459
Bubble Sort,10000,1179,20261982,0.424234
Bubble Sort,10000,1180,20261983,0.425053
Bubble Sort,10000,1181,20261984,0.423108
Bubble Sort,10000,1182,20261985,0.422566
Bubble Sort,10000,1183,20261986,0.415889
Bubble Sort,10000,1184,20261987,0.424615
Bubble Sort,10000,1185,20261988,0.4256
Bubble Sort,10000,1186,20261989,0.422228
Bubble Sort,10000,1187,20261990,0.425545
Bubble Sort,10000,1188,20261991,0.424702
Bubble Sort,10000,1189,20261992,0.423261
Bubble Sort,10000,1190,20261993,0.424049
Bubble Sort,10000,1191,20261994,0.425581
Bubble Sort,10000,1192,20261995,0.425009
Bubble Sort,10000,1193,20261996,0.42328
Bubble Sort,10000,1194,20261997,0.425557
Bubble Sort,10000,1195,20261998,0.423268
Bubble Sort,10000,1196,20261999,0.423883
Bubble Sort,10000,1197,20262000,0.423384
Bubble Sort,10000,1198,20262001,0.424923
Bubble Sort,10000,1199,20262002,0.424978
Bubble Sort,10000,1200,20262003,0.422867
Bubble Sort,10000,1201,20262004,0.422873
Bubble Sort,10000,1202,20262005,0.425353
Bubble Sort,10000,1203,20262006,0.423034
Bubble Sort,10000,1204,20262007,0.454086
Bubble Sort,10000,1205,20262008,0.427452
Bubble Sort,10000,1206,20262009,0.42928
Bubble Sort,10000,1207,20262010,0.424234
Bubble Sort,10000,1208,20262011,0.426806
Bubble Sort,10000,1209,20262012,0.425083
Bubble Sort,10000,1210,20262013,0.427415
Bubble Sort,10000,1211,20262014,0.42296
Bubble Sort,10000,1212,20262015,0.424098
Bubble Sort,10000,1213,20262016,0.426276
Bubble Sort,10000,1214,20262017,0.423859
Bubble Sort,10000,1215,20262018,0.427218
Bubble Sort,10000,1216,20262019,0.425354
Bubble Sort,10000,1217,20262020,0.415409
Bubble Sort,10000,1218,20262021,0.423643
Bubble Sort,10000,1219,20262022,0.423809
Bubble Sort,10000,1220,20262023,0.425059
Bubble Sort,10000,1221,20262024,0.426991
Bubble Sort,10000,1222,20262025,0.425815
Bubble Sort,10000,1223,20262026,0.424418
Bubble Sort,10000,1224,20262027,0.4232
Bubble Sort,10000,1225,20262028,0.423293
Bubble Sort,10000,1226,20262029,0.421951
Bubble Sort,10000,1227,20262030,0.425347
Bubble Sort,10000,1228,20262031,0.427348
Bubble Sort,10000,1229,20262032,0.424259
Bubble Sort,10000,1230,20262033,0.424135
Bubble Sort,10000,1231,20262034,0.426855
Bubble Sort,10000,1232,20262035,0.426824
Bubble Sort,10000,1233,20262036,0.424683
Bubble Sort,10000,1234,20262037,0.423477
Bubble Sort,10000,1235,20262038,0.422659
Bubble Sort,10000,1236,20262039,0.424468
Bubble Sort,10000,1237,20262040,0.414086
Bubble Sort,10000,1238,20262041,0.423569
Bubble Sort,10000,1239,20262042,0.424087
Bubble Sort,10000,1240,20262043,0.424172
Bubble Sort,10000,1241,20262044,0.425261
Bubble Sort,10000,1242,20262045,0.427422
Bubble Sort,10000,1243,20262046,0.425877
Bubble Sort,10000,1244,20262047,0.423711
Bubble Sort,10000,1245,20262048,0.423194
Bubble Sort,10000,1246,20262049,0.422781
Bubble Sort,10000,1247,20262050,0.424203
Bubble Sort,10000,1248,20262051,0.423963
Bubble Sort,10000,1249,20262052,0.424862
Bubble Sort,10000,1250,20262053,0.419637
Bubble Sort,10000,1251,20262054,0.450185
Bubble Sort,10000,1252,20262055,0.425785
Bubble Sort,10000,1253,20262056,0.419766
Bubble Sort,10000,1254,20262057,0.424209
Bubble Sort,10000,1255,20262058,0.424455
Bubble Sort,10000,1256,20262059,0.423372
Bubble Sort,10000,1257,20262060,0.426185
Bubble Sort,10000,1258,20262061,0.425471
Bubble Sort,10000,1259,20262062,0.424462
Bubble Sort,10000,1260,20262063,0.424036
Bubble Sort,10000,1261,20262064,0.424253
Bubble Sort,10000,1262,20262065,0.425692
Bubble Sort,10000,1263,20262066,0.427403
Bubble Sort,10000,1264,20262067,0.410917
Bubble Sort,10000,1265,20262068,0.423809
Bubble Sort,10000,1266,20262069,0.424436
Bubble Sort,10000,1267,20262070,0.424628
Bubble Sort,10000,1268,20262071,0.424024
Bubble Sort,10000,1269,20262072,0.421865
Bubble Sort,10000,1270,20262073,0.421446
Bubble Sort,10000,1271,20262074,0.425631
Bubble Sort,10000,1272,20262075,0.429034
Bubble Sort,10000,1273,20262076,0.428074
Bubble Sort,10000,1274,20262077,0.415323
Bubble Sort,10000,1275,20262078,0.417477
Bubble Sort,10000,1276,20262079,0.409237
Bubble Sort,10000,1277,20262080,0.424105
Bubble Sort,10000,1278,20262081,0.423606
Bubble Sort,10000,1279,20262082,0.42384
Bubble Sort,10000,1280,20262083,0.426868
Bubble Sort,10000,1281,20262084,0.426554
Bubble Sort,10000,1282,20262085,0.426006
Bubble Sort,10000,1283,20262086,0.425028
Bubble Sort,10000,1284,20262087,0.423237
Bubble Sort,10000,1285,20262088,0.451003
Bubble Sort,10000,1286,20262089,0.422695
Bubble Sort,10000,1287,20262090,0.421404
Bubble Sort,10000,1288,20262091,0.421963
Bubble Sort,10000,1289,20262092,0.423821
Bubble Sort,10000,1290,20262093,0.424917
Bubble Sort,10000,1291,20262094,0.42264
Bubble Sort,10000,1292,20262095,0.426277
Bubble Sort,10000,1293,20262096,0.427662
Bubble Sort,10000,1294,20262097,0.424246
Bubble Sort,10000,1295,20262098,0.425828
Bubble Sort,10000,1296,20262099,0.424074
Bubble Sort,10000,1297,20262100,0.423606
Bubble Sort,10000,1298,20262101,0.426233
Bubble Sort,10000,1299,20262102,0.424037
Bubble Sort,10000,1300,20262103,0.423329
Bubble Sort,10000,1301,20262104,0.419668
Bubble Sort,10000,1302,20262105,0.422867
Bubble Sort,10000,1303,20262106,0.423581
Bubble Sort,10000,1304,20262107,0.420702
Bubble Sort,10000,1305,20262108,0.424025
Bubble Sort,10000,1306,20262109,0.427581
Bubble Sort,10000,1307,20262110,0.423871
Bubble Sort,10000,1308,20262111,0.424222
Bubble Sort,10000,1309,20262112,0.42301
Bubble Sort,10000,1310,20262113,0.421846
Bubble Sort,10000,1311,20262114,0.422369
Bubble Sort,10000,1312,20262115,0.42616
Bubble Sort,10000,1313,20262116,0.424455
Bubble Sort,10000,1314,20262117,0.424738
Bubble Sort,10000,1315,20262118,0.424055
Bubble Sort,10000,1316,20262119,0.421717
Bubble Sort,10000,1317,20262120,0.423453
Bubble Sort,10000,1318,20262121,0.423255
Bubble Sort,10000,1319,20262122,0.469465
Bubble Sort,10000,1320,20262123,0.425545
Bubble Sort,10000,1321,20262124,0.424622
Bubble Sort,10000,1322,20262125,0.42368
Bubble Sort,10000,1323,20262126,0.423169
Bubble Sort,10000,1324,20262127,0.424172
Bubble Sort,10000,1325,20262128,0.422486
Bubble Sort,10000,1326,20262129,0.421421
Bubble Sort,10000,1327,20262130,0.42528
Bubble Sort,10000,1328,20262131,0.42424
Bubble Sort,10000,1329,20262132,0.422708
Bubble Sort,10000,1330,20262133,0.422769
Bubble Sort,10000,1331,20262134,0.42336
Bubble Sort,10000,1332,20262135,0.426794
Bubble Sort,10000,1333,20262136,0.422819
Bubble Sort,10000,1334,20262137,0.425218
Bubble Sort,10000,1335,20262138,0.426825
Bubble Sort,10000,1336,20262139,0.42512
Bubble Sort,10000,1337,20262140,0.421741
Bubble Sort,10000,1338,20262141,0.424683
Bubble Sort,10000,1339,20262142,0.422147
Bubble Sort,10000,1340,20262143,0.41288
Bubble Sort,10000,1341,20262144,0.425465
Bubble Sort,10000,1342,20262145,0.422443
Bubble Sort,10000,1343,20262146,0.424892
Bubble Sort,10000,1344,20262147,0.423871
Bubble Sort,10000,1345,20262148,0.42576
Bubble Sort,10000,1346,20262149,0.42712
Bubble Sort,10000,1347,20262150,0.423175
Bubble Sort,10000,1348,20262151,0.4256
Bubble Sort,10000,1349,20262152,0.425083
Bubble Sort,10000,1350,20262153,0.425828
Bubble Sort,10000,1351,20262154,0.424068
Bubble Sort,10000,1352,20262155,0.424849
Bubble Sort,10000,1353,20262156,0.412984
Bubble Sort,10000,1354,20262157,0.425434
Bubble Sort,10000,1355,20262158,0.421003
Bubble Sort,10000,1356,20262159,0.421096
Bubble Sort,10000,1357,20262160,0.424012
Bubble Sort,10000,1358,20262161,0.42432
Bubble Sort,10000,1359,20262162,0.426511
Bubble Sort,10000,1360,20262163,0.421797
Bubble Sort,10000,1361,20262164,0.425612
Bubble Sort,10000,1362,20262165,0.421618
Bubble Sort,10000,1363,20262166,0.426043
Bubble Sort,10000,1364,20262167,0.413108
Bubble Sort,10000,1365,20262168,0.425114
Bubble Sort,10000,1366,20262169,0.424148
Bubble Sort,10000,1367,20262170,0.425569
Bubble Sort,10000,1368,20262171,0.424726
Bubble Sort,10000,1369,20262172,0.424917
Bubble Sort,10000,1370,20262173,0.424185
Bubble Sort,10000,1371,20262174,0.422769
Bubble Sort,10000,1372,20262175,0.425822
Bubble Sort,10000,1373,20262176,0.422554
Bubble Sort,10000,1374,20262177,0.4132
Bubble Sort,10000,1375,20262178,0.42648
Bubble Sort,10000,1376,20262179,0.423877
Bubble Sort,10000,1377,20262180,0.428363
Bubble Sort,10000,1378,20262181,0.426056
Bubble Sort,10000,1379,20262182,0.427212
Bubble Sort,10000,1380,20262183,0.424658
Bubble Sort,10000,1381,20262184,0.425126
Bubble Sort,10000,1382,20262185,0.426499
Bubble Sort,10000,1383,20262186,0.409397
Bubble Sort,10000,1384,20262187,0.426215
Bubble Sort,10000,1385,20262188,0.427607
Bubble Sort,10000,1386,20262189,0.422757
Bubble Sort,10000,1387,20262190,0.422911
Bubble Sort,10000,1388,20262191,0.425329
Bubble Sort,10000,1389,20262192,0.423822
Bubble Sort,10000,1390,20262193,0.421379
Bubble Sort,10000,1391,20262194,0.423797
Bubble Sort,10000,1392,20262195,0.429003
Bubble Sort,10000,1393,20262196,0.421594
Bubble Sort,10000,1394,20262197,0.427028
Bubble Sort,10000,1395,20262198,0.428873
Bubble Sort,10000,1396,20262199,0.424997
Bubble Sort,10000,1397,20262200,0.429674
Bubble Sort,10000,1398,20262201,0.429126
Bubble Sort,10000,1399,20262202,0.428978
Bubble Sort,10000,1400,20262203,0.426307
Bubble Sort,10000,1401,20262204,0.427212
Bubble Sort,10000,1402,20262205,0.426553
Bubble Sort,10000,1403,20262206,0.42496
Bubble Sort,10000,1404,20262207,0.423114
Bubble Sort,10000,1405,20262208,0.426124
Bubble Sort,10000,1406,20262209,0.428412
Bubble Sort,10000,1407,20262210,0.424733
Bubble Sort,10000,1408,20262211,0.429347
Bubble Sort,10000,1409,20262212,0.426745
Bubble Sort,10000,1410,20262213,0.426984
Bubble Sort,10000,1411,20262214,0.424874
Bubble Sort,10000,1412,20262215,0.424209
Bubble Sort,10000,1413,20262216,0.423987
Bubble Sort,10000,1414,20262217,0.422947
Bubble Sort,10000,1415,20262218,0.426197
Bubble Sort,10000,1416,20262219,0.426
Bubble Sort,10000,1417,20262220,0.427982
Bubble Sort,10000,1418,20262221,0.427471
Bubble Sort,10000,1419,20262222,0.4228
Bubble Sort,10000,1420,20262223,0.42528
Bubble Sort,10000,1421,20262224,0.414652
Bubble Sort,10000,1422,20262225,0.426658
Bubble Sort,10000,1423,20262226,0.423723
Bubble Sort,10000,1424,20262227,0.427385
Bubble Sort,10000,1425,20262228,0.426764
Bubble Sort,10000,1426,20262229,0.424868
Bubble Sort,10000,1427,20262230,0.422769
Bubble Sort,10000,1428,20262231,0.424265
Bubble Sort,10000,1429,20262232,0.426031
Bubble Sort,10000,1430,20262233,0.442898
Bubble Sort,10000,1431,20262234,0.430935
Bubble Sort,10000,1432,20262235,0.42456
Bubble Sort,10000,1433,20262236,0.424295
Bubble Sort,10000,1434,20262237,0.42443
Bubble Sort,10000,1435,20262238,0.42571
Bubble Sort,10000,1436,20262239,0.426861
Bubble Sort,10000,1437,20262240,0.426407
Bubble Sort,10000,1438,20262241,0.424837
Bubble Sort,10000,1439,20262242,0.428936
Bubble Sort,10000,1440,20262243,0.425458
Bubble Sort,10000,1441,20262244,0.43136
Bubble Sort,10000,1442,20262245,0.411144
Bubble Sort,10000,1443,20262246,0.419459
Bubble Sort,10000,1444,20262247,0.418172
Bubble Sort,10000,1445,20262248,0.410535
Bubble Sort,10000,1446,20262249,0.423207
Bubble Sort,10000,1447,20262250,0.414985
Bubble Sort,10000,1448,20262251,0.423852
Bubble Sort,10000,1449,20262252,0.420271
Bubble Sort,10000,1450,20262253,0.426652
Bubble Sort,10000,1451,20262254,0.420739
Bubble Sort,10000,1452,20262255,0.425139
Bubble Sort,10000,1453,20262256,0.423354
Bubble Sort,10000,1454,20262257,0.424855
Bubble Sort,10000,1455,20262258,0.424837
Bubble Sort,10000,1456,20262259,0.425773
Bubble Sort,10000,1457,20262260,0.424067
Bubble Sort,10000,1458,20262261,0.424874
Bubble Sort,10000,1459,20262262,0.420074
Bubble Sort,10000,1460,20262263,0.448413
Bubble Sort,10000,1461,20262264,0.425766
Bubble Sort,10000,1462,20262265,0.42309
Bubble Sort,10000,1463,20262266,0.425071
Bubble Sort,10000,1464,20262267,0.425871
Bubble Sort,10000,1465,20262268,0.420492
Bubble Sort,10000,1466,20262269,0.425779
Bubble Sort,10000,1467,20262270,0.423735
Bubble Sort,10000,1468,20262271,0.427699
Bubble Sort,10000,1469,20262272,0.425053
Bubble Sort,10000,1470,20262273,0.421957
Bubble Sort,10000,1471,20262274,0.424702
Bubble Sort,10000,1472,20262275,0.424006
Bubble Sort,10000,1473,20262276,0.426228
Bubble Sort,10000,1474,20262277,0.4236
Bubble Sort,10000,1475,20262278,0.42592
Bubble Sort,10000,1476,20262279,0.424683
Bubble Sort,10000,1477,20262280,0.424123
Bubble Sort,10000,1478,20262281,0.42285
Bubble Sort,10000,1479,20262282,0.424683
Bubble Sort,10000,1480,20262283,0.425126
Bubble Sort,10000,1481,20262284,0.561828
Bubble Sort,10000,1482,20262285,0.423077
Bubble Sort,10000,1483,20262286,0.424714
Bubble Sort,10000,1484,20262287,0.423613
Bubble Sort,10000,1485,20262288,0.424683
Bubble Sort,10000,1486,20262289,0.422905
Bubble Sort,10000,1487,20262290,0.423988
Bubble Sort,10000,1488,20262291,0.425717
Bubble Sort,10000,1489,20262292,0.425145
Bubble Sort,10000,1490,20262293,0.422929
Bubble Sort,10000,1491,20262294,0.413471
Bubble Sort,10000,1492,20262295,0.427101
Bubble Sort,10000,1493,20262296,0.424086
Bubble Sort,10000,1494,20262297,0.414911
Bubble Sort,10000,1495,20262298,0.420991
Bubble Sort,10000,1496,20262299,0.423175
Bubble Sort,10000,1497,20262300,0.424474
Bubble Sort,10000,1498,20262301,0.424536
Bubble Sort,10000,1499,20262302,0.424923
Bubble Sort,10000,1500,20262303,0.423785
Bubble Sort,10000,1501,20262304,0.42112
Bubble Sort,10000,1502,20262305,0.424812
Bubble Sort,10000,1503,20262306,0.42493
Bubble Sort,10000,1504,20262307,0.422406
Bubble Sort,10000,1505,20262308,0.423754
Bubble Sort,10000,1506,20262309,0.42472
Bubble Sort,10000,1507,20262310,0.424831
Bubble Sort,10000,1508,20262311,0.425729
Bubble Sort,10000,1509,20262312,0.424068
Bubble Sort,10000,1510,20262313,0.422769
Bubble Sort,10000,1511,20262314,0.426504
Bubble Sort,10000,1512,20262315,0.424529
Bubble Sort,10000,1513,20262316,0.427735
Bubble Sort,10000,1514,20262317,0.425785
Bubble Sort,10000,1515,20262318,0.41824
Bubble Sort,10000,1516,20262319,0.423735
Bubble Sort,10000,1517,20262320,0.423366
Bubble Sort,10000,1518,20262321,0.423741
Bubble Sort,10000,1519,20262322,0.423341
Bubble Sort,10000,1520,20262323,0.423698
Bubble Sort,10000,1521,20262324,0.421477
Bubble Sort,10000,1522,20262325,0.424542
Bubble Sort,10000,1523,20262326,0.423625
Bubble Sort,10000,1524,20262327,0.42301
Bubble Sort,10000,1525,20262328,0.424209
Bubble Sort,10000,1526,20262329,0.423716
Bubble Sort,10000,1527,20262330,0.422504
Bubble Sort,10000,1528,20262331,0.420381
Bubble Sort,10000,1529,20262332,0.424173
Bubble Sort,10000,1530,20262333,0.422953
Bubble Sort,10000,1531,20262334,0.424006
Bubble Sort,10000,1532,20262335,0.426049
Bubble Sort,10000,1533,20262336,0.425138
Bubble Sort,10000,1534,20262337,0.423249
Bubble Sort,10000,1535,20262338,0.424505
Bubble Sort,10000,1536,20262339,0.41731
Bubble Sort,10000,1537,20262340,0.422825
Bubble Sort,10000,1538,20262341,0.422991
Bubble Sort,10000,1539,20262342,0.424603
Bubble Sort,10000,1540,20262343,0.422566
Bubble Sort,10000,1541,20262344,0.423101
Bubble Sort,10000,1542,20262345,0.420973
Bubble Sort,10000,1543,20262346,0.426326
Bubble Sort,10000,1544,20262347,0.425452
Bubble Sort,10000,1545,20262348,0.42664
Bubble Sort,10000,1546,20262349,0.425557
Bubble Sort,10000,1547,20262350,0.423255
Bubble Sort,10000,1548,20262351,0.427754
Bubble Sort,10000,1549,20262352,0.429748
Bubble Sort,10000,1550,20262353,0.424591
Bubble Sort,10000,1551,20262354,0.42453
Bubble Sort,10000,1552,20262355,0.422431
Bubble Sort,10000,1553,20262356,0.428868
Bubble Sort,10000,1554,20262357,0.424493
Bubble Sort,10000,1555,20262358,0.424806
Bubble Sort,10000,1556,20262359,0.423705
Bubble Sort,10000,1557,20262360,0.414111
Bubble Sort,10000,1558,20262361,0.428087
Bubble Sort,10000,1559,20262362,0.421273
Bubble Sort,10000,1560,20262363,0.422819
Bubble Sort,10000,1561,20262364,0.423773
Bubble Sort,10000,1562,20262365,0.423132
Bubble Sort,10000,1563,20262366,0.426209
Bubble Sort,10000,1564,20262367,0.424972
Bubble Sort,10000,1565,20262368,0.410264
Bubble Sort,10000,1566,20262369,0.42653
Bubble Sort,10000,1567,20262370,0.424942
Bubble Sort,10000,1568,20262371,0.421046
Bubble Sort,10000,1569,20262372,0.4268
Bubble Sort,10000,1570,20262373,0.425939
Bubble Sort,10000,1571,20262374,0.422511
Bubble Sort,10000,1572,20262375,0.423507
Bubble Sort,10000,1573,20262376,0.423858
Bubble Sort,10000,1574,20262377,0.428135
Bubble Sort,10000,1575,20262378,0.423021
Bubble Sort,10000,1576,20262379,0.408357
Bubble Sort,10000,1577,20262380,0.426572
Bubble Sort,10000,1578,20262381,0.414603
Bubble Sort,10000,1579,20262382,0.423563
Bubble Sort,10000,1580,20262383,0.422696
Bubble Sort,10000,1581,20262384,0.426585
Bubble Sort,10000,1582,20262385,0.421298
Bubble Sort,10000,1583,20262386,0.42664
Bubble Sort,10000,1584,20262387,0.425108
Bubble Sort,10000,1585,20262388,0.425489
Bubble Sort,10000,1586,20262389,0.422714
Bubble Sort,10000,1587,20262390,0.424929
Bubble Sort,10000,1588,20262391,0.422147
Bubble Sort,10000,1589,20262392,0.425846
Bubble Sort,10000,1590,20262393,0.426142
Bubble Sort,10000,1591,20262394,0.464498
Bubble Sort,10000,1592,20262395,0.424819
Bubble Sort,10000,1593,20262396,0.422068
Bubble Sort,10000,1594,20262397,0.422462
Bubble Sort,10000,1595,20262398,0.408357
Bubble Sort,10000,1596,20262399,0.428604
Bubble Sort,10000,1597,20262400,0.426923
Bubble Sort,10000,1598,20262401,0.4244
Bubble Sort,10000,1599,20262402,0.425378
Bubble Sort,10000,1600,20262403,0.425526
Bubble Sort,10000,1601,20262404,0.423169
Bubble Sort,10000,1602,20262405,0.424338
Bubble Sort,10000,1603,20262406,0.423791
Bubble Sort,10000,1604,20262407,0.426295
Bubble Sort,10000,1605,20262408,0.425508
Bubble Sort,10000,1606,20262409,0.42163
Bubble Sort,10000,1607,20262410,0.425779
Bubble Sort,10000,1608,20262411,0.424542
Bubble Sort,10000,1609,20262412,0.42235
Bubble Sort,10000,1610,20262413,0.429606
Bubble Sort,10000,1611,20262414,0.427274
Bubble Sort,10000,1612,20262415,0.420191
Bubble Sort,10000,1613,20262416,0.418419
Bubble Sort,10000,1614,20262417,0.427287
Bubble Sort,10000,1615,20262418,0.423699
Bubble Sort,10000,1616,20262419,0.422154
Bubble Sort,10000,1617,20262420,0.41141
Bubble Sort,10000,1618,20262421,0.412387
Bubble Sort,10000,1619,20262422,0.421932
Bubble Sort,10000,1620,20262423,0.42216
Bubble Sort,10000,1621,20262424,0.424516
Bubble Sort,10000,1622,20262425,0.424584
Bubble Sort,10000,1623,20262426,0.421655
Bubble Sort,10000,1624,20262427,0.420204
Bubble Sort,10000,1625,20262428,0.417021
Bubble Sort,10000,1626,20262429,0.422542
Bubble Sort,10000,1627,20262430,0.42629
Bubble Sort,10000,1628,20262431,0.422302
Bubble Sort,10000,1629,20262432,0.422191
Bubble Sort,10000,1630,20262433,0.422092
Bubble Sort,10000,1631,20262434,0.41984
Bubble Sort,10000,1632,20262435,0.421003
Bubble Sort,10000,1633,20262436,0.422683
Bubble Sort,10000,1634,20262437,0.424622
Bubble Sort,10000,1635,20262438,0.419815
Bubble Sort,10000,1636,20262439,0.420197
Bubble Sort,10000,1637,20262440,0.423686
Bubble Sort,10000,1638,20262441,0.421053
Bubble Sort,10000,1639,20262442,0.420597
Bubble Sort,10000,1640,20262443,0.423594
Bubble Sort,10000,1641,20262444,0.424696
Bubble Sort,10000,1642,20262445,0.422247
Bubble Sort,10000,1643,20262446,0.424339
Bubble Sort,10000,1644,20262447,0.4208
Bubble Sort,10000,1645,20262448,0.420671
Bubble Sort,10000,1646,20262449,0.4316
Bubble Sort,10000,1647,20262450,0.422098
Bubble Sort,10000,1648,20262451,0.42208
Bubble Sort,10000,1649,20262452,0.420492
Bubble Sort,10000,1650,20262453,0.421717
Bubble Sort,10000,1651,20262454,0.419083
Bubble Sort,10000,1652,20262455,0.422665
Bubble Sort,10000,1653,20262456,0.421058
Bubble Sort,10000,1654,20262457,0.421945
Bubble Sort,10000,1655,20262458,0.423101
Bubble Sort,10000,1656,20262459,0.422979
Bubble Sort,10000,1657,20262460,0.422345
Bubble Sort,10000,1658,20262461,0.425003
Bubble Sort,10000,1659,20262462,0.423594
Bubble Sort,10000,1660,20262463,0.424579
Bubble Sort,10000,1661,20262464,0.42352
Bubble Sort,10000,1662,20262465,0.421933
Bubble Sort,10000,1663,20262466,0.422622
Bubble Sort,10000,1664,20262467,0.422455
Bubble Sort,10000,1665,20262468,0.421785
Bubble Sort,10000,1666,20262469,0.424917
Bubble Sort,10000,1667,20262470,0.423108
Bubble Sort,10000,1668,20262471,0.422344
Bubble Sort,10000,1669,20262472,0.423693
Bubble Sort,10000,1670,20262473,0.423027
Bubble Sort,10000,1671,20262474,0.423686
Bubble Sort,10000,1672,20262475,0.422659
Bubble Sort,10000,1673,20262476,0.423649
Bubble Sort,10000,1674,20262477,0.421772
Bubble Sort,10000,1675,20262478,0.416339
Bubble Sort,10000,1676,20262479,0.422468
Bubble Sort,10000,1677,20262480,0.421489
Bubble Sort,10000,1678,20262481,0.422923
Bubble Sort,10000,1679,20262482,0.424702
Bubble Sort,10000,1680,20262483,0.424738
Bubble Sort,10000,1681,20262484,0.423409
Bubble Sort,10000,1682,20262485,0.422689
Bubble Sort,10000,1683,20262486,0.420191
Bubble Sort,10000,1684,20262487,0.424203
Bubble Sort,10000,1685,20262488,0.423231
Bubble Sort,10000,1686,20262489,0.420782
Bubble Sort,10000,1687,20262490,0.422935
Bubble Sort,10000,1688,20262491,0.421896
Bubble Sort,10000,1689,20262492,0.42603
Bubble Sort,10000,1690,20262493,0.424486
Bubble Sort,10000,1691,20262494,0.421262
Bubble Sort,10000,1692,20262495,0.429335
Bubble Sort,10000,1693,20262496,0.440295
Bubble Sort,10000,1694,20262497,0.431403
Bubble Sort,10000,1695,20262498,0.477575
Bubble Sort,10000,1696,20262499,0.429379
Bubble Sort,10000,1697,20262500,0.432689
Bubble Sort,10000,1698,20262501,0.454935
Bubble Sort,10000,1699,20262502,0.423778
Bubble Sort,10000,1700,20262503,0.441224
Bubble Sort,10000,1701,20262504,0.435218
Bubble Sort,10000,1702,20262505,0.435569
Bubble Sort,10000,1703,20262506,0.429711
Bubble Sort,10000,1704,20262507,0.428523
Bubble Sort,10000,1705,20262508,0.433588
Bubble Sort,10000,1706,20262509,0.412492
Bubble Sort,10000,1707,20262510,0.427606
Bubble Sort,10000,1708,20262511,0.436967
Bubble Sort,10000,1709,20262512,0.43637
Bubble Sort,10000,1710,20262513,0.449637
Bubble Sort,10000,1711,20262514,0.454511
Bubble Sort,10000,1712,20262515,0.450296
Bubble Sort,10000,1713,20262516,0.455581
Bubble Sort,10000,1714,20262517,0.438744
Bubble Sort,10000,1715,20262518,0.44744
Bubble Sort,10000,1716,20262519,0.436412
Bubble Sort,10000,1717,20262520,0.441354
Bubble Sort,10000,1718,20262521,0.437587
Bubble Sort,10000,1719,20262522,0.430462
Bubble Sort,10000,1720,20262523,0.425329
Bubble Sort,10000,1721,20262524,0.43085
Bubble Sort,10000,1722,20262525,0.42403
Bubble Sort,10000,1723,20262526,0.438739
Bubble Sort,10000,1724,20262527,0.425514
Bubble Sort,10000,1725,20262528,0.448997
Bubble Sort,10000,1726,20262529,0.43624
Bubble Sort,10000,1727,20262530,0.423483
Bubble Sort,10000,1728,20262531,0.431471
Bubble Sort,10000,1729,20262532,0.44144
Bubble Sort,10000,1730,20262533,0.457545
Bubble Sort,10000,1731,20262534,0.449532
Bubble Sort,10000,1732,20262535,0.444203
Bubble Sort,10000,1733,20262536,0.463317
Bubble Sort,10000,1734,20262537,0.444357
Bubble Sort,10000,1735,20262538,0.453083
Bubble Sort,10000,1736,20262539,0.43056
Bubble Sort,10000,1737,20262540,0.428449
Bubble Sort,10000,1738,20262541,0.418807
Bubble Sort,10000,1739,20262542,0.489926
Bubble Sort,10000,1740,20262543,0.416289
Bubble Sort,10000,1741,20262544,0.416443
Bubble Sort,10000,1742,20262545,0.418308
Bubble Sort,10000,1743,20262546,0.420665
Bubble Sort,10000,1744,20262547,0.416505
Bubble Sort,10000,1745,20262548,0.428658
Bubble Sort,10000,1746,20262549,0.420142
Bubble Sort,10000,1747,20262550,0.416474
Bubble Sort,10000,1748,20262551,0.421046
Bubble Sort,10000,1749,20262552,0.416744
Bubble Sort,10000,1750,20262553,0.422388
Bubble Sort,10000,1751,20262554,0.416542
Bubble Sort,10000,1752,20262555,0.422061
Bubble Sort,10000,1753,20262556,0.417735
Bubble Sort,10000,1754,20262557,0.416683
Bubble Sort,10000,1755,20262558,0.418874
Bubble Sort,10000,1756,20262559,0.414585
Bubble Sort,10000,1757,20262560,0.424775
Bubble Sort,10000,1758,20262561,0.419631
Bubble Sort,10000,1759,20262562,0.41576
Bubble Sort,10000,1760,20262563,0.419243
Bubble Sort,10000,1761,20262564,0.417853
Bubble Sort,10000,1762,20262565,0.413957
Bubble Sort,10000,1763,20262566,0.41965
Bubble Sort,10000,1764,20262567,0.415661
Bubble Sort,10000,1765,20262568,0.421151
Bubble Sort,10000,1766,20262569,0.417723
Bubble Sort,10000,1767,20262570,0.415219
Bubble Sort,10000,1768,20262571,0.417661
Bubble Sort,10000,1769,20262572,0.414825
Bubble Sort,10000,1770,20262573,0.41677
Bubble Sort,10000,1771,20262574,0.418345
Bubble Sort,10000,1772,20262575,0.41848
Bubble Sort,10000,1773,20262576,0.416707
Bubble Sort,10000,1774,20262577,0.419483
Bubble Sort,10000,1775,20262578,0.432824
Bubble Sort,10000,1776,20262579,0.416339
Bubble Sort,10000,1777,20262580,0.419255
Bubble Sort,10000,1778,20262581,0.419139
Bubble Sort,10000,1779,20262582,0.425452
Bubble Sort,10000,1780,20262583,0.425169
Bubble Sort,10000,1781,20262584,0.415095
Bubble Sort,10000,1782,20262585,0.432843
Bubble Sort,10000,1783,20262586,0.450055
Bubble Sort,10000,1784,20262587,0.422677
Bubble Sort,10000,1785,20262588,0.415348
Bubble Sort,10000,1786,20262589,0.42192
Bubble Sort,10000,1787,20262590,0.419692
Bubble Sort,10000,1788,20262591,0.415459
Bubble Sort,10000,1789,20262592,0.426443
Bubble Sort,10000,1790,20262593,0.416265
Bubble Sort,10000,1791,20262594,0.41856
Bubble Sort,10000,1792,20262595,0.418196
Bubble Sort,10000,1793,20262596,0.412591
Bubble Sort,10000,1794,20262597,0.416739
Bubble Sort,10000,1795,20262598,0.416277
Bubble Sort,10000,1796,20262599,0.416837
Bubble Sort,10000,1797,20262600,0.419243
Bubble Sort,10000,1798,20262601,0.526578
Bubble Sort,10000,1799,20262602,0.44352
Bubble Sort,10000,1800,20262603,0.437993
Bubble Sort,10000,1801,20262604,0.443311
Bubble Sort,10000,1802,20262605,0.446505
Bubble Sort,10000,1803,20262606,0.446991
Bubble Sort,10000,1804,20262607,0.444295
Bubble Sort,10000,1805,20262608,0.445637
Bubble Sort,10000,1806,20262609,0.444573
Bubble Sort,10000,1807,20262610,0.444296
Bubble Sort,10000,1808,20262611,0.445206
Bubble Sort,10000,1809,20262612,0.439938
Bubble Sort,10000,1810,20262613,0.430542
Bubble Sort,10000,1811,20262614,0.420062
Bubble Sort,10000,1812,20262615,0.418216
Bubble Sort,10000,1813,20262616,0.420905
Bubble Sort,10000,1814,20262617,0.414246
Bubble Sort,10000,1815,20262618,0.417711
Bubble Sort,10000,1816,20262619,0.4196
Bubble Sort,10000,1817,20262620,0.418991
Bubble Sort,10000,1818,20262621,0.417114
Bubble Sort,10000,1819,20262622,0.413976
Bubble Sort,10000,1820,20262623,0.419877
Bubble Sort,10000,1821,20262624,0.41371
Bubble Sort,10000,1822,20262625,0.416579
Bubble Sort,10000,1823,20262626,0.414898
Bubble Sort,10000,1824,20262627,0.416911
Bubble Sort,10000,1825,20262628,0.429982
Bubble Sort,10000,1826,20262629,0.421231
Bubble Sort,10000,1827,20262630,0.418664
Bubble Sort,10000,1828,20262631,0.416265
Bubble Sort,10000,1829,20262632,0.425895
Bubble Sort,10000,1830,20262633,0.416529
Bubble Sort,10000,1831,20262634,0.418905
Bubble Sort,10000,1832,20262635,0.419871
Bubble Sort,10000,1833,20262636,0.41648
Bubble Sort,10000,1834,20262637,0.41443
Bubble Sort,10000,1835,20262638,0.4172
Bubble Sort,10000,1836,20262639,0.420708
Bubble Sort,10000,1837,20262640,0.418849
Bubble Sort,10000,1838,20262641,0.417194
Bubble Sort,10000,1839,20262642,0.415428
Bubble Sort,10000,1840,20262643,0.41699
Bubble Sort,10000,1841,20262644,0.4164
Bubble Sort,10000,1842,20262645,0.41584
Bubble Sort,10000,1843,20262646,0.430751
Bubble Sort,10000,1844,20262647,0.415896
Bubble Sort,10000,1845,20262648,0.416658
Bubble Sort,10000,1846,20262649,0.419594
Bubble Sort,10000,1847,20262650,0.416523
Bubble Sort,10000,1848,20262651,0.419988
Bubble Sort,10000,1849,20262652,0.417292
Bubble Sort,10000,1850,20262653,0.418524
Bubble Sort,10000,1851,20262654,0.420862
Bubble Sort,10000,1852,20262655,0.415175
Bubble Sort,10000,1853,20262656,0.415938
Bubble Sort,10000,1854,20262657,0.420431
Bubble Sort,10000,1855,20262658,0.417459
Bubble Sort,10000,1856,20262659,0.417022
Bubble Sort,10000,1857,20262660,0.419846
Bubble Sort,10000,1858,20262661,0.41624
Bubble Sort,10000,1859,20262662,0.417717
Bubble Sort,10000,1860,20262663,0.415772
Bubble Sort,10000,1861,20262664,0.433164
Bubble Sort,10000,1862,20262665,0.41912
Bubble Sort,10000,1863,20262666,0.41976
Bubble Sort,10000,1864,20262667,0.421883
Bubble Sort,10000,1865,20262668,0.415052
Bubble Sort,10000,1866,20262669,0.418849
Bubble Sort,10000,1867,20262670,0.42032
Bubble Sort,10000,1868,20262671,0.417373
Bubble Sort,10000,1869,20262672,0.418812
Bubble Sort,10000,1870,20262673,0.417477
Bubble Sort,10000,1871,20262674,0.41928
Bubble Sort,10000,1872,20262675,0.428498
Bubble Sort,10000,1873,20262676,0.419545
Bubble Sort,10000,1874,20262677,0.419157
Bubble Sort,10000,1875,20262678,0.418357
Bubble Sort,10000,1876,20262679,0.415256
Bubble Sort,10000,1877,20262680,0.416849
Bubble Sort,10000,1878,20262681,0.419852
Bubble Sort,10000,1879,20262682,0.428185
Bubble Sort,10000,1880,20262683,0.418498
Bubble Sort,10000,1881,20262684,0.418203
Bubble Sort,10000,1882,20262685,0.417071
Bubble Sort,10000,1883,20262686,0.41827
Bubble Sort,10000,1884,20262687,0.421483
Bubble Sort,10000,1885,20262688,0.420375
Bubble Sort,10000,1886,20262689,0.418111
Bubble Sort,10000,1887,20262690,0.416443
Bubble Sort,10000,1888,20262691,0.416707
Bubble Sort,10000,1889,20262692,0.41616
Bubble Sort,10000,1890,20262693,0.416105
Bubble Sort,10000,1891,20262694,0.416468
Bubble Sort,10000,1892,20262695,0.418277
Bubble Sort,10000,1893,20262696,0.413902
Bubble Sort,10000,1894,20262697,0.415877
Bubble Sort,10000,1895,20262698,0.413821
Bubble Sort,10000,1896,20262699,0.418369
Bubble Sort,10000,1897,20262700,0.417587
Bubble Sort,10000,1898,20262701,0.415464
Bubble Sort,10000,1899,20262702,0.416714
Bubble Sort,10000,1900,20262703,0.417883
Bubble Sort,10000,1901,20262704,0.416437
Bubble Sort,10000,1902,20262705,0.419822
Bubble Sort,10000,1903,20262706,0.41755
Bubble Sort,10000,1904,20262707,0.418179
Bubble Sort,10000,1905,20262708,0.419311
Bubble Sort,10000,1906,20262709,0.418031
Bubble Sort,10000,1907,20262710,0.417502
Bubble Sort,10000,1908,20262711,0.417994
Bubble Sort,10000,1909,20262712,0.418295
Bubble Sort,10000,1910,20262713,0.464615
Bubble Sort,10000,1911,20262714,0.416129
Bubble Sort,10000,1912,20262715,0.41728
Bubble Sort,10000,1913,20262716,0.418098
Bubble Sort,10000,1914,20262717,0.417083
Bubble Sort,10000,1915,20262718,0.41704
Bubble Sort,10000,1916,20262719,0.421181
Bubble Sort,10000,1917,20262720,0.420726
Bubble Sort,10000,1918,20262721,0.418461
Bubble Sort,10000,1919,20262722,0.418862
Bubble Sort,10000,1920,20262723,0.420179
Bubble Sort,10000,1921,20262724,0.419212
Bubble Sort,10000,1922,20262725,0.418296
Bubble Sort,10000,1923,20262726,0.468585
Bubble Sort,10000,1924,20262727,0.41896
Bubble Sort,10000,1925,20262728,0.414283
Bubble Sort,10000,1926,20262729,0.418037
Bubble Sort,10000,1927,20262730,0.417397
Bubble Sort,10000,1928,20262731,0.419938
Bubble Sort,10000,1929,20262732,0.416923
Bubble Sort,10000,1930,20262733,0.421231
Bubble Sort,10000,1931,20262734,0.419021
Bubble Sort,10000,1932,20262735,0.418136
Bubble Sort,10000,1933,20262736,0.417834
Bubble Sort,10000,1934,20262737,0.41624
Bubble Sort,10000,1935,20262738,0.419372
Bubble Sort,10000,1936,20262739,0.421883
Bubble Sort,10000,1937,20262740,0.415988
Bubble Sort,10000,1938,20262741,0.417927
Bubble Sort,10000,1939,20262742,0.415342
Bubble Sort,10000,1940,20262743,0.42016
Bubble Sort,10000,1941,20262744,0.425384
Bubble Sort,10000,1942,20262745,0.416566
Bubble Sort,10000,1943,20262746,0.418025
Bubble Sort,10000,1944,20262747,0.417459
Bubble Sort,10000,1945,20262748,0.417778
Bubble Sort,10000,1946,20262749,0.415391
Bubble Sort,10000,1947,20262750,0.416431
Bubble Sort,10000,1948,20262751,0.424431
Bubble Sort,10000,1949,20262752,0.423778
Bubble Sort,10000,1950,20262753,0.415981
Bubble Sort,10000,1951,20262754,0.431773
Bubble Sort,10000,1952,20262755,0.424985
Bubble Sort,10000,1953,20262756,0.419126
Bubble Sort,10000,1954,20262757,0.418566
Bubble Sort,10000,1955,20262758,0.41296
Bubble Sort,10000,1956,20262759,0.413754
Bubble Sort,10000,1957,20262760,0.417009
Bubble Sort,10000,1958,20262761,0.419132
Bubble Sort,10000,1959,20262762,0.472763
Bubble Sort,10000,1960,20262763,0.415003
Bubble Sort,10000,1961,20262764,0.414867
Bubble Sort,10000,1962,20262765,0.419126
Bubble Sort,10000,1963,20262766,0.41728
Bubble Sort,10000,1964,20262767,0.415902
Bubble Sort,10000,1965,20262768,0.417403
Bubble Sort,10000,1966,20262769,0.416572
Bubble Sort,10000,1967,20262770,0.416541
Bubble Sort,10000,1968,20262771,0.416099
Bubble Sort,10000,1969,20262772,0.419871
Bubble Sort,10000,1970,20262773,0.415735
Bubble Sort,10000,1971,20262774,0.414892
Bubble Sort,10000,1972,20262775,0.423391
Bubble Sort,10000,1973,20262776,0.418941
Bubble Sort,10000,1974,20262777,0.420394
Bubble Sort,10000,1975,20262778,0.416197
Bubble Sort,10000,1976,20262779,0.417532
Bubble Sort,10000,1977,20262780,0.414129
Bubble Sort,10000,1978,20262781,0.413705
Bubble Sort,10000,1979,20262782,0.418806
Bubble Sort,10000,1980,20262783,0.418283
Bubble Sort,10000,1981,20262784,0.416172
Bubble Sort,10000,1982,20262785,0.41648
Bubble Sort,10000,1983,20262786,0.419809
Bubble Sort,10000,1984,20262787,0.415415
Bubble Sort,10000,1985,20262788,0.418677
Bubble Sort,10000,1986,20262789,0.418646
Bubble Sort,10000,1987,20262790,0.413736
Bubble Sort,10000,1988,20262791,0.418664
Bubble Sort,10000,1989,20262792,0.415655
Bubble Sort,10000,1990,20262793,0.460073
Bubble Sort,10000,1991,20262794,0.417459
Bubble Sort,10000,1992,20262795,0.416474
Bubble Sort,10000,1993,20262796,0.416997
Bubble Sort,10000,1994,20262797,0.426972
Bubble Sort,10000,1995,20262798,0.42003
Bubble Sort,10000,1996,20262799,0.418215
Bubble Sort,10000,1997,20262800,0.416689
Bubble Sort,10000,1998,20262801,0.416985
Bubble Sort,10000,1999,20262802,0.42896
Bubble Sort,10000,2000,20262803,0.415692
Bubble Sort,10000,2001,20262804,0.416868
Bubble Sort,10000,2002,20262805,0.416271
Bubble Sort,10000,2003,20262806,0.418973
Bubble Sort,10000,2004,20262807,0.416388
Bubble Sort,10000,2005,20262808,0.415963
Bubble Sort,10000,2006,20262809,0.415379
Bubble Sort,10000,2007,20262810,0.415791
Bubble Sort,10000,2008,20262811,0.424455
Bubble Sort,10000,2009,20262812,0.417163
Bubble Sort,10000,2010,20262813,0.415902
Bubble Sort,10000,2011,20262814,0.41368
Bubble Sort,10000,2012,20262815,0.415687
Bubble Sort,10000,2013,20262816,0.417187
Bubble Sort,10000,2014,20262817,0.414923
Bubble Sort,10000,2015,20262818,0.415471
Bubble Sort,10000,2016,20262819,0.419631
Bubble Sort,10000,2017,20262820,0.415107
Bubble Sort,10000,2018,20262821,0.418578
Bubble Sort,10000,2019,20262822,0.41883
Bubble Sort,10000,2020,20262823,0.417348
Bubble Sort,10000,2021,20262824,0.418061
Bubble Sort,10000,2022,20262825,0.417089
Bubble Sort,10000,2023,20262826,0.414363
Bubble Sort,10000,2024,20262827,0.418166
Bubble Sort,10000,2025,20262828,0.419237
Bubble Sort,10000,2026,20262829,0.425267
Bubble Sort,10000,2027,20262830,0.416418
Bubble Sort,10000,2028,20262831,0.414966
Bubble Sort,10000,2029,20262832,0.416874
Bubble Sort,10000,2030,20262833,0.417637
Bubble Sort,10000,2031,20262834,0.414991
Bubble Sort,10000,2032,20262835,0.419784
Bubble Sort,10000,2033,20262836,0.418086
Bubble Sort,10000,2034,20262837,0.418714
Bubble Sort,10000,2035,20262838,0.418917
Bubble Sort,10000,2036,20262839,0.417797
Bubble Sort,10000,2037,20262840,0.417594
Bubble Sort,10000,2038,20262841,0.415447
Bubble Sort,10000,2039,20262842,0.469256
Bubble Sort,10000,2040,20262843,0.417458
Bubble Sort,10000,2041,20262844,0.415458
Bubble Sort,10000,2042,20262845,0.422129
Bubble Sort,10000,2043,20262846,0.417009
Bubble Sort,10000,2044,20262847,0.417606
Bubble Sort,10000,2045,20262848,0.415262
Bubble Sort,10000,2046,20262849,0.418289
Bubble Sort,10000,2047,20262850,0.413447
Bubble Sort,10000,2048,20262851,0.412603
Bubble Sort,10000,2049,20262852,0.41717
Bubble Sort,10000,2050,20262853,0.417889
Bubble Sort,10000,2051,20262854,0.416511
Bubble Sort,10000,2052,20262855,0.419256
Bubble Sort,10000,2053,20262856,0.417982
Bubble Sort,10000,2054,20262857,0.416499
Bubble Sort,10000,2055,20262858,0.415507
Bubble Sort,10000,2056,20262859,0.418314
Bubble Sort,10000,2057,20262860,0.468812
Bubble Sort,10000,2058,20262861,0.416246
Bubble Sort,10000,2059,20262862,0.417225
Bubble Sort,10000,2060,20262863,0.419207
Bubble Sort,10000,2061,20262864,0.416659
Bubble Sort,10000,2062,20262865,0.416677
Bubble Sort,10000,2063,20262866,0.412043
Bubble Sort,10000,2064,20262867,0.417957
Bubble Sort,10000,2065,20262868,0.416807
Bubble Sort,10000,2066,20262869,0.414665
Bubble Sort,10000,2067,20262870,0.414702
Bubble Sort,10000,2068,20262871,0.415822
Bubble Sort,10000,2069,20262872,0.420308
Bubble Sort,10000,2070,20262873,0.417459
Bubble Sort,10000,2071,20262874,0.417945
Bubble Sort,10000,2072,20262875,0.420246
Bubble Sort,10000,2073,20262876,0.419065
Bubble Sort,10000,2074,20262877,0.419003
Bubble Sort,10000,2075,20262878,0.416929
Bubble Sort,10000,2076,20262879,0.414677
Bubble Sort,10000,2077,20262880,0.415243
Bubble Sort,10000,2078,20262881,0.418449
Bubble Sort,10000,2079,20262882,0.418123
Bubble Sort,10000,2080,20262883,0.419563
Bubble Sort,10000,2081,20262884,0.416173
Bubble Sort,10000,2082,20262885,0.413089
Bubble Sort,10000,2083,20262886,0.41923
Bubble Sort,10000,2084,20262887,0.416714
Bubble Sort,10000,2085,20262888,0.418191
Bubble Sort,10000,2086,20262889,0.4164
Bubble Sort,10000,2087,20262890,0.417237
Bubble Sort,10000,2088,20262891,0.431169
Bubble Sort,10000,2089,20262892,0.415661
Bubble Sort,10000,2090,20262893,0.416271
Bubble Sort,10000,2091,20262894,0.419311
Bubble Sort,10000,2092,20262895,0.417268
Bubble Sort,10000,2093,20262896,0.416099
Bubble Sort,10000,2094,20262897,0.418443
Bubble Sort,10000,2095,20262898,0.415711
Bubble Sort,10000,2096,20262899,0.418055
Bubble Sort,10000,2097,20262900,0.416037
Bubble Sort,10000,2098,20262901,0.417871
Bubble Sort,10000,2099,20262902,0.41736
Bubble Sort,10000,2100,20262903,0.414659
Bubble Sort,10000,2101,20262904,0.418227
Bubble Sort,10000,2102,20262905,0.414683
Bubble Sort,10000,2103,20262906,0.417747
Bubble Sort,10000,2104,20262907,0.418659
Bubble Sort,10000,2105,20262908,0.418277
Bubble Sort,10000,2106,20262909,0.464105
Bubble Sort,10000,2107,20262910,0.418985
Bubble Sort,10000,2108,20262911,0.416973
Bubble Sort,10000,2109,20262912,0.416
Bubble Sort,10000,2110,20262913,0.418793
Bubble Sort,10000,2111,20262914,0.418062
Bubble Sort,10000,2112,20262915,0.4192
Bubble Sort,10000,2113,20262916,0.418652
Bubble Sort,10000,2114,20262917,0.420049
Bubble Sort,10000,2115,20262918,0.416517
Bubble Sort,10000,2116,20262919,0.417071
Bubble Sort,10000,2117,20262920,0.425378
Bubble Sort,10000,2118,20262921,0.42941
Bubble Sort,10000,2119,20262922,0.416216
Bubble Sort,10000,2120,20262923,0.415464
Bubble Sort,10000,2121,20262924,0.426271
Bubble Sort,10000,2122,20262925,0.415348
Bubble Sort,10000,2123,20262926,0.414732
Bubble Sort,10000,2124,20262927,0.433581
Bubble Sort,10000,2125,20262928,0.420505
Bubble Sort,10000,2126,20262929,0.428873
Bubble Sort,10000,2127,20262930,0.415102
Bubble Sort,10000,2128,20262931,0.418258
Bubble Sort,10000,2129,20262932,0.417379
Bubble Sort,10000,2130,20262933,0.416431
Bubble Sort,10000,2131,20262934,0.4148
Bubble Sort,10000,2132,20262935,0.418111
Bubble Sort,10000,2133,20262936,0.418056
Bubble Sort,10000,2134,20262937,0.417459
Bubble Sort,10000,2135,20262938,0.417988
Bubble Sort,10000,2136,20262939,0.413649
Bubble Sort,10000,2137,20262940,0.416997
Bubble Sort,10000,2138,20262941,0.416966
Bubble Sort,10000,2139,20262942,0.418468
Bubble Sort,10000,2140,20262943,0.420634
Bubble Sort,10000,2141,20262944,0.415083
Bubble Sort,10000,2142,20262945,0.417311
Bubble Sort,10000,2143,20262946,0.417434
Bubble Sort,10000,2144,20262947,0.418646
Bubble Sort,10000,2145,20262948,0.416984
Bubble Sort,10000,2146,20262949,0.417027
Bubble Sort,10000,2147,20262950,0.417827
Bubble Sort,10000,2148,20262951,0.415791
Bubble Sort,10000,2149,20262952,0.413218
Bubble Sort,10000,2150,20262953,0.417987
Bubble Sort,10000,2151,20262954,0.417027
Bubble Sort,10000,2152,20262955,0.416825
Bubble Sort,10000,2153,20262956,0.41949
Bubble Sort,10000,2154,20262957,0.411735
Bubble Sort,10000,2155,20262958,0.415163
Bubble Sort,10000,2156,20262959,0.41488
Bubble Sort,10000,2157,20262960,0.417717
Bubble Sort,10000,2158,20262961,0.416905
Bubble Sort,10000,2159,20262962,0.416375
Bubble Sort,10000,2160,20262963,0.417298
Bubble Sort,10000,2161,20262964,0.417901
Bubble Sort,10000,2162,20262965,0.414627
Bubble Sort,10000,2163,20262966,0.415138
Bubble Sort,10000,2164,20262967,0.41776
Bubble Sort,10000,2165,20262968,0.418714
Bubble Sort,10000,2166,20262969,0.41584
Bubble Sort,10000,2167,20262970,0.415434
Bubble Sort,10000,2168,20262971,0.418308
Bubble Sort,10000,2169,20262972,0.419938
Bubble Sort,10000,2170,20262973,0.418738
Bubble Sort,10000,2171,20262974,0.418093
Bubble Sort,10000,2172,20262975,0.420886
Bubble Sort,10000,2173,20262976,0.418406
Bubble Sort,10000,2174,20262977,0.415557
Bubble Sort,10000,2175,20262978,0.41632
Bubble Sort,10000,2176,20262979,0.416455
Bubble Sort,10000,2177,20262980,0.415231
Bubble Sort,10000,2178,20262981,0.414517
Bubble Sort,10000,2179,20262982,0.414419
Bubble Sort,10000,2180,20262983,0.419366
Bubble Sort,10000,2181,20262984,0.418387
Bubble Sort,10000,2182,20262985,0.419459
Bubble Sort,10000,2183,20262986,0.417089
Bubble Sort,10000,2184,20262987,0.418394
Bubble Sort,10000,2185,20262988,0.41528
Bubble Sort,10000,2186,20262989,0.43008
Bubble Sort,10000,2187,20262990,0.415483
Bubble Sort,10000,2188,20262991,0.418406
Bubble Sort,10000,2189,20262992,0.415717
Bubble Sort,10000,2190,20262993,0.418104
Bubble Sort,10000,2191,20262994,0.419403
Bubble Sort,10000,2192,20262995,0.417409
Bubble Sort,10000,2193,20262996,0.416855
Bubble Sort,10000,2194,20262997,0.413877
Bubble Sort,10000,2195,20262998,0.420363
Bubble Sort,10000,2196,20262999,0.419816
Bubble Sort,10000,2197,20263000,0.417298
Bubble Sort,10000,2198,20263001,0.418037
Bubble Sort,10000,2199,20263002,0.427207
Bubble Sort,10000,2200,20263003,0.421735
Bubble Sort,10000,2201,20263004,0.42264
Bubble Sort,10000,2202,20263005,0.419784
Bubble Sort,10000,2203,20263006,0.419206
Bubble Sort,10000,2204,20263007,0.419096
Bubble Sort,10000,2205,20263008,0.41768
Bubble Sort,10000,2206,20263009,0.41981
Bubble Sort,10000,2207,20263010,0.415324
Bubble Sort,10000,2208,20263011,0.416418
Bubble Sort,10000,2209,20263012,0.418843
Bubble Sort,10000,2210,20263013,0.416116
Bubble Sort,10000,2211,20263014,0.417059
Bubble Sort,10000,2212,20263015,0.421027
Bubble Sort,10000,2213,20263016,0.418904
Bubble Sort,10000,2214,20263017,0.417539
Bubble Sort,10000,2215,20263018,0.423139
Bubble Sort,10000,2216,20263019,0.41928
Bubble Sort,10000,2217,20263020,0.412677
Bubble Sort,10000,2218,20263021,0.418671
Bubble Sort,10000,2219,20263022,0.418147
Bubble Sort,10000,2220,20263023,0.41496
Bubble Sort,10000,2221,20263024,0.418658
Bubble Sort,10000,2222,20263025,0.416898
Bubble Sort,10000,2223,20263026,0.41827
Bubble Sort,10000,2224,20263027,0.416862
Bubble Sort,10000,2225,20263028,0.416603
Bubble Sort,10000,2226,20263029,0.416683
Bubble Sort,10000,2227,20263030,0.420689
Bubble Sort,10000,2228,20263031,0.417797
Bubble Sort,10000,2229,20263032,0.417323
Bubble Sort,10000,2230,20263033,0.418308
Bubble Sort,10000,2231,20263034,0.416536
Bubble Sort,10000,2232,20263035,0.414659
Bubble Sort,10000,2233,20263036,0.413145
Bubble Sort,10000,2234,20263037,0.418031
Bubble Sort,10000,2235,20263038,0.435176
Bubble Sort,10000,2236,20263039,0.415127
Bubble Sort,10000,2237,20263040,0.420382
Bubble Sort,10000,2238,20263041,0.416271
Bubble Sort,10000,2239,20263042,0.416196
Bubble Sort,10000,2240,20263043,0.416105
Bubble Sort,10000,2241,20263044,0.416652
Bubble Sort,10000,2242,20263045,0.414997
Bubble Sort,10000,2243,20263046,0.42024
Bubble Sort,10000,2244,20263047,0.416542
Bubble Sort,10000,2245,20263048,0.415015
Bubble Sort,10000,2246,20263049,0.41464
Bubble Sort,10000,2247,20263050,0.414412
Bubble Sort,10000,2248,20263051,0.418246
Bubble Sort,10000,2249,20263052,0.414049
Bubble Sort,10000,2250,20263053,0.418006
Bubble Sort,10000,2251,20263054,0.415421
Bubble Sort,10000,2252,20263055,0.424505
Bubble Sort,10000,2253,20263056,0.433157
Bubble Sort,10000,2254,20263057,0.416751
Bubble Sort,10000,2255,20263058,0.415009
Bubble Sort,10000,2256,20263059,0.415736
Bubble Sort,10000,2257,20263060,0.415741
Bubble Sort,10000,2258,20263061,0.417428
Bubble Sort,10000,2259,20263062,0.416978
Bubble Sort,10000,2260,20263063,0.417526
Bubble Sort,10000,2261,20263064,0.419169
Bubble Sort,10000,2262,20263065,0.416252
Bubble Sort,10000,2263,20263066,0.416566
Bubble Sort,10000,2264,20263067,0.414474
Bubble Sort,10000,2265,20263068,0.416111
Bubble Sort,10000,2266,20263069,0.422536
Bubble Sort,10000,2267,20263070,0.41709
Bubble Sort,10000,2268,20263071,0.416252
Bubble Sort,10000,2269,20263072,0.415354
Bubble Sort,10000,2270,20263073,0.415207
Bubble Sort,10000,2271,20263074,0.420892
Bubble Sort,10000,2272,20263075,0.416413
Bubble Sort,10000,2273,20263076,0.417908
Bubble Sort,10000,2274,20263077,0.417496
Bubble Sort,10000,2275,20263078,0.420141
Bubble Sort,10000,2276,20263079,0.412474
Bubble Sort,10000,2277,20263080,0.419735
Bubble Sort,10000,2278,20263081,0.417785
Bubble Sort,10000,2279,20263082,0.418942
Bubble Sort,10000,2280,20263083,0.416141
Bubble Sort,10000,2281,20263084,0.41688
Bubble Sort,10000,2282,20263085,0.415507
Bubble Sort,10000,2283,20263086,0.418006
Bubble Sort,10000,2284,20263087,0.421643
Bubble Sort,10000,2285,20263088,0.419071
Bubble Sort,10000,2286,20263089,0.423267
Bubble Sort,10000,2287,20263090,0.424388
Bubble Sort,10000,2288,20263091,0.433194
Bubble Sort,10000,2289,20263092,0.433273
Bubble Sort,10000,2290,20263093,0.422948
Bubble Sort,10000,2291,20263094,0.41939
Bubble Sort,10000,2292,20263095,0.417981
Bubble Sort,10000,2293,20263096,0.414923
Bubble Sort,10000,2294,20263097,0.415982
Bubble Sort,10000,2295,20263098,0.417785
Bubble Sort,10000,2296,20263099,0.419674
Bubble Sort,10000,2297,20263100,0.413932
Bubble Sort,10000,2298,20263101,0.418307
Bubble Sort,10000,2299,20263102,0.415926
Bubble Sort,10000,2300,20263103,0.416314
Bubble Sort,10000,2301,20263104,0.418498
Bubble Sort,10000,2302,20263105,0.420941
Bubble Sort,10000,2303,20263106,0.420012
Bubble Sort,10000,2304,20263107,0.416604
Bubble Sort,10000,2305,20263108,0.416769
Bubble Sort,10000,2306,20263109,0.41376
Bubble Sort,10000,2307,20263110,0.416695
Bubble Sort,10000,2308,20263111,0.418855
Bubble Sort,10000,2309,20263112,0.419114
Bubble Sort,10000,2310,20263113,0.419354
Bubble Sort,10000,2311,20263114,0.423089
Bubble Sort,10000,2312,20263115,0.419569
Bubble Sort,10000,2313,20263116,0.418775
Bubble Sort,10000,2314,20263117,0.418246
Bubble Sort,10000,2315,20263118,0.418092
Bubble Sort,10000,2316,20263119,0.418616
Bubble Sort,10000,2317,20263120,0.419188
Bubble Sort,10000,2318,20263121,0.420117
Bubble Sort,10000,2319,20263122,0.418074
Bubble Sort,10000,2320,20263123,0.428295
Bubble Sort,10000,2321,20263124,0.418467
Bubble Sort,10000,2322,20263125,0.41928
Bubble Sort,10000,2323,20263126,0.415988
Bubble Sort,10000,2324,20263127,0.418874
Bubble Sort,10000,2325,20263128,0.420652
Bubble Sort,10000,2326,20263129,0.415963
Bubble Sort,10000,2327,20263130,0.418954
Bubble Sort,10000,2328,20263131,0.419114
Bubble Sort,10000,2329,20263132,0.418529
Bubble Sort,10000,2330,20263133,0.41456
Bubble Sort,10000,2331,20263134,0.420412
Bubble Sort,10000,2332,20263135,0.416209
Bubble Sort,10000,2333,20263136,0.415077
Bubble Sort,10000,2334,20263137,0.419834
Bubble Sort,10000,2335,20263138,0.416123
Bubble Sort,10000,2336,20263139,0.418554
Bubble Sort,10000,2337,20263140,0.415071
Bubble Sort,10000,2338,20263141,0.426745
Bubble Sort,10000,2339,20263142,0.419846
Bubble Sort,10000,2340,20263143,0.414375
Bubble Sort,10000,2341,20263144,0.417649
Bubble Sort,10000,2342,20263145,0.418923
Bubble Sort,10000,2343,20263146,0.419102
Bubble Sort,10000,2344,20263147,0.415815
Bubble Sort,10000,2345,20263148,0.417969
Bubble Sort,10000,2346,20263149,0.415581
Bubble Sort,10000,2347,20263150,0.417385
Bubble Sort,10000,2348,20263151,0.416818
Bubble Sort,10000,2349,20263152,0.418314
Bubble Sort,10000,2350,20263153,0.420474
Bubble Sort,10000,2351,20263154,0.423071
Bubble Sort,10000,2352,20263155,0.421206
Bubble Sort,10000,2353,20263156,0.416991
Bubble Sort,10000,2354,20263157,0.418504
Bubble Sort,10000,2355,20263158,0.42152
Bubble Sort,10000,2356,20263159,0.471987
Bubble Sort,10000,2357,20263160,0.420807
Bubble Sort,10000,2358,20263161,0.41536
Bubble Sort,10000,2359,20263162,0.420172
Bubble Sort,10000,2360,20263163,0.421212
Bubble Sort,10000,2361,20263164,0.418123
Bubble Sort,10000,2362,20263165,0.417293
Bubble Sort,10000,2363,20263166,0.417698
Bubble Sort,10000,2364,20263167,0.418954
Bubble Sort,10000,2365,20263168,0.420498
Bubble Sort,10000,2366,20263169,0.419896
Bubble Sort,10000,2367,20263170,0.418123
Bubble Sort,10000,2368,20263171,0.41784
Bubble Sort,10000,2369,20263172,0.419508
Bubble Sort,10000,2370,20263173,0.417022
Bubble Sort,10000,2371,20263174,0.421686
Bubble Sort,10000,2372,20263175,0.420727
Bubble Sort,10000,2373,20263176,0.417409
Bubble Sort,10000,2374,20263177,0.433483
Bubble Sort,10000,2375,20263178,0.417089
Bubble Sort,10000,2376,20263179,0.41773
Bubble Sort,10000,2377,20263180,0.417871
Bubble Sort,10000,2378,20263181,0.418234
Bubble Sort,10000,2379,20263182,0.418037
Bubble Sort,10000,2380,20263183,0.427693
Bubble Sort,10000,2381,20263184,0.420313
Bubble Sort,10000,2382,20263185,0.418185
Bubble Sort,10000,2383,20263186,0.418806
Bubble Sort,10000,2384,20263187,0.417323
Bubble Sort,10000,2385,20263188,0.420246
Bubble Sort,10000,2386,20263189,0.415581
Bubble Sort,10000,2387,20263190,0.41936
Bubble Sort,10000,2388,20263191,0.418
Bubble Sort,10000,2389,20263192,0.417526
Bubble Sort,10000,2390,20263193,0.420732
Bubble Sort,10000,2391,20263194,0.413742
Bubble Sort,10000,2392,20263195,0.431416
Bubble Sort,10000,2393,20263196,0.41792
Bubble Sort,10000,2394,20263197,0.418794
Bubble Sort,10000,2395,20263198,0.420843
Bubble Sort,10000,2396,20263199,0.418067
Bubble Sort,10000,2397,20263200,0.419009
Bubble Sort,10000,2398,20263201,0.419852
Bubble Sort,10000,2399,20263202,0.417539
Bubble Sort,10000,2400,20263203,0.414849
Bubble Sort,10000,2401,20263204,0.421286
Bubble Sort,10000,2402,20263205,0.418714
Bubble Sort,10000,2403,20263206,0.417194
Bubble Sort,10000,2404,20263207,0.418074
Bubble Sort,10000,2405,20263208,0.416498
Bubble Sort,10000,2406,20263209,0.417717
Bubble Sort,10000,2407,20263210,0.415243
Bubble Sort,10000,2408,20263211,0.417292
Bubble Sort,10000,2409,20263212,0.416757
Bubble Sort,10000,2410,20263213,0.414615
Bubble Sort,10000,2411,20263214,0.414972
Bubble Sort,10000,2412,20263215,0.419662
Bubble Sort,10000,2413,20263216,0.415563
Bubble Sort,10000,2414,20263217,0.416727
Bubble Sort,10000,2415,20263218,0.418707
Bubble Sort,10000,2416,20263219,0.418068
Bubble Sort,10000,2417,20263220,0.4184
Bubble Sort,10000,2418,20263221,0.417939
Bubble Sort,10000,2419,20263222,0.418978
Bubble Sort,10000,2420,20263223,0.417255
Bubble Sort,10000,2421,20263224,0.421594
Bubble Sort,10000,2422,20263225,0.419741
Bubble Sort,10000,2423,20263226,0.472548
Bubble Sort,10000,2424,20263227,0.418123
Bubble Sort,10000,2425,20263228,0.417274
Bubble Sort,10000,2426,20263229,0.420843
Bubble Sort,10000,2427,20263230,0.419797
Bubble Sort,10000,2428,20263231,0.419231
Bubble Sort,10000,2429,20263232,0.420923
Bubble Sort,10000,2430,20263233,0.41824
Bubble Sort,10000,2431,20263234,0.418886
Bubble Sort,10000,2432,20263235,0.419501
Bubble Sort,10000,2433,20263236,0.413847
Bubble Sort,10000,2434,20263237,0.421576
Bubble Sort,10000,2435,20263238,0.420111
Bubble Sort,10000,2436,20263239,0.418578
Bubble Sort,10000,2437,20263240,0.416652
Bubble Sort,10000,2438,20263241,0.417138
Bubble Sort,10000,2439,20263242,0.420887
Bubble Sort,10000,2440,20263243,0.421828
Bubble Sort,10000,2441,20263244,0.421834
Bubble Sort,10000,2442,20263245,0.41592
Bubble Sort,10000,2443,20263246,0.419194
Bubble Sort,10000,2444,20263247,0.418615
Bubble Sort,10000,2445,20263248,0.41912
Bubble Sort,10000,2446,20263249,0.416622
Bubble Sort,10000,2447,20263250,0.416966
Bubble Sort,10000,2448,20263251,0.414984
Bubble Sort,10000,2449,20263252,0.421489
Bubble Sort,10000,2450,20263253,0.418283
Bubble Sort,10000,2451,20263254,0.418043
Bubble Sort,10000,2452,20263255,0.418536
Bubble Sort,10000,2453,20263256,0.41744
Bubble Sort,10000,2454,20263257,0.41568
Bubble Sort,10000,2455,20263258,0.423501
Bubble Sort,10000,2456,20263259,0.425274
Bubble Sort,10000,2457,20263260,0.434025
Bubble Sort,10000,2458,20263261,0.429827
Bubble Sort,10000,2459,20263262,0.416707
Bubble Sort,10000,2460,20263263,0.418548
Bubble Sort,10000,2461,20263264,0.416111
Bubble Sort,10000,2462,20263265,0.418996
Bubble Sort,10000,2463,20263266,0.416406
Bubble Sort,10000,2464,20263267,0.420892
Bubble Sort,10000,2465,20263268,0.416548
Bubble Sort,10000,2466,20263269,0.419028
Bubble Sort,10000,2467,20263270,0.418351
Bubble Sort,10000,2468,20263271,0.416689
Bubble Sort,10000,2469,20263272,0.419699
Bubble Sort,10000,2470,20263273,0.419225
Bubble Sort,10000,2471,20263274,0.416843
Bubble Sort,10000,2472,20263275,0.419207
Bubble Sort,10000,2473,20263276,0.4192
Bubble Sort,10000,2474,20263277,0.419736
Bubble Sort,10000,2475,20263278,0.416098
Bubble Sort,10000,2476,20263279,0.416788
Bubble Sort,10000,2477,20263280,0.427655
Bubble Sort,10000,2478,20263281,0.413594
Bubble Sort,10000,2479,20263282,0.419692
Bubble Sort,10000,2480,20263283,0.418443
Bubble Sort,10000,2481,20263284,0.417865
Bubble Sort,10000,2482,20263285,0.417613
Bubble Sort,10000,2483,20263286,0.414209
Bubble Sort,10000,2484,20263287,0.416308
Bubble Sort,10000,2485,20263288,0.418376
Bubble Sort,10000,2486,20263289,0.416049
Bubble Sort,10000,2487,20263290,0.417231
Bubble Sort,10000,2488,20263291,0.416776
Bubble Sort,10000,2489,20263292,0.417157
Bubble Sort,10000,2490,20263293,0.416523
Bubble Sort,10000,2491,20263294,0.416665
Bubble Sort,10000,2492,20263295,0.417588
Bubble Sort,10000,2493,20263296,0.414553
Bubble Sort,10000,2494,20263297,0.414184
Bubble Sort,10000,2495,20263298,0.474228
Bubble Sort,10000,2496,20263299,0.416837
Bubble Sort,10000,2497,20263300,0.417231
Bubble Sort,10000,2498,20263301,0.415237
Bubble Sort,10000,2499,20263302,0.42016
Bubble Sort,10000,2500,20263303,0.415513
Bubble Sort,10000,2501,20263304,0.41835
Bubble Sort,10000,2502,20263305,0.418541
Bubble Sort,10000,2503,20263306,0.418855
Bubble Sort,10000,2504,20263307,0.419563
Bubble Sort,10000,2505,20263308,0.419618
Bubble Sort,10000,2506,20263309,0.415324
Bubble Sort,10000,2507,20263310,0.425163
Bubble Sort,10000,2508,20263311,0.415969
Bubble Sort,10000,2509,20263312,0.4164
Bubble Sort,10000,2510,20263313,0.415287
Bubble Sort,10000,2511,20263314,0.414751
Bubble Sort,10000,2512,20263315,0.412652
Bubble Sort,10000,2513,20263316,0.468246
Bubble Sort,10000,2514,20263317,0.413637
Bubble Sort,10000,2515,20263318,0.415513
Bubble Sort,10000,2516,20263319,0.418573
Bubble Sort,10000,2517,20263320,0.416307
Bubble Sort,10000,2518,20263321,0.415889
Bubble Sort,10000,2519,20263322,0.416117
Bubble Sort,10000,2520,20263323,0.417396
Bubble Sort,10000,2521,20263324,0.417311
Bubble Sort,10000,2522,20263325,0.416221
Bubble Sort,10000,2523,20263326,0.414936
Bubble Sort,10000,2524,20263327,0.418677
Bubble Sort,10000,2525,20263328,0.415834
Bubble Sort,10000,2526,20263329,0.471021
Bubble Sort,10000,2527,20263330,0.415354
Bubble Sort,10000,2528,20263331,0.418492
Bubble Sort,10000,2529,20263332,0.419047
Bubble Sort,10000,2530,20263333,0.415476
Bubble Sort,10000,2531,20263334,0.41888
Bubble Sort,10000,2532,20263335,0.416037
Bubble Sort,10000,2533,20263336,0.415643
Bubble Sort,10000,2534,20263337,0.418308
Bubble Sort,10000,2535,20263338,0.417742
Bubble Sort,10000,2536,20263339,0.419527
Bubble Sort,10000,2537,20263340,0.416702
Bubble Sort,10000,2538,20263341,0.419126
Bubble Sort,10000,2539,20263342,0.41928
Bubble Sort,10000,2540,20263343,0.416665
Bubble Sort,10000,2541,20263344,0.416289
Bubble Sort,10000,2542,20263345,0.416978
Bubble Sort,10000,2543,20263346,0.418702
Bubble Sort,10000,2544,20263347,0.42272
Bubble Sort,10000,2545,20263348,0.421132
Bubble Sort,10000,2546,20263349,0.415267
Bubble Sort,10000,2547,20263350,0.4172
Bubble Sort,10000,2548,20263351,0.418
Bubble Sort,10000,2549,20263352,0.418966
Bubble Sort,10000,2550,20263353,0.417932
Bubble Sort,10000,2551,20263354,0.417292
Bubble Sort,10000,2552,20263355,0.412935
Bubble Sort,10000,2553,20263356,0.41776
Bubble Sort,10000,2554,20263357,0.418597
Bubble Sort,10000,2555,20263358,0.434037
Bubble Sort,10000,2556,20263359,0.421551
Bubble Sort,10000,2557,20263360,0.422142
Bubble Sort,10000,2558,20263361,0.416302
Bubble Sort,10000,2559,20263362,0.416357
Bubble Sort,10000,2560,20263363,0.419194
Bubble Sort,10000,2561,20263364,0.420104
Bubble Sort,10000,2562,20263365,0.456388
Bubble Sort,10000,2563,20263366,0.417834
Bubble Sort,10000,2564,20263367,0.417021
Bubble Sort,10000,2565,20263368,0.419249
Bubble Sort,10000,2566,20263369,0.415587
Bubble Sort,10000,2567,20263370,0.415932
Bubble Sort,10000,2568,20263371,0.417483
Bubble Sort,10000,2569,20263372,0.419446
Bubble Sort,10000,2570,20263373,0.415477
Bubble Sort,10000,2571,20263374,0.418265
Bubble Sort,10000,2572,20263375,0.417501
Bubble Sort,10000,2573,20263376,0.418098
Bubble Sort,10000,2574,20263377,0.417527
Bubble Sort,10000,2575,20263378,0.418418
Bubble Sort,10000,2576,20263379,0.41864
Bubble Sort,10000,2577,20263380,0.416547
Bubble Sort,10000,2578,20263381,0.412979
Bubble Sort,10000,2579,20263382,0.419747
Bubble Sort,10000,2580,20263383,0.419021
Bubble Sort,10000,2581,20263384,0.416
Bubble Sort,10000,2582,20263385,0.417071
Bubble Sort,10000,2583,20263386,0.416788
Bubble Sort,10000,2584,20263387,0.42
Bubble Sort,10000,2585,20263388,0.417754
Bubble Sort,10000,2586,20263389,0.415779
Bubble Sort,10000,2587,20263390,0.421464
Bubble Sort,10000,2588,20263391,0.420173
Bubble Sort,10000,2589,20263392,0.414893
Bubble Sort,10000,2590,20263393,0.412899
Bubble Sort,10000,2591,20263394,0.420184
Bubble Sort,10000,2592,20263395,0.416209
Bubble Sort,10000,2593,20263396,0.432542
Bubble Sort,10000,2594,20263397,0.42227
Bubble Sort,10000,2595,20263398,0.416763
Bubble Sort,10000,2596,20263399,0.418966
Bubble Sort,10000,2597,20263400,0.415182
Bubble Sort,10000,2598,20263401,0.416
Bubble Sort,10000,2599,20263402,0.419231
Bubble Sort,10000,2600,20263403,0.42035
Bubble Sort,10000,2601,20263404,0.415581
Bubble Sort,10000,2602,20263405,0.425724
Bubble Sort,10000,2603,20263406,0.420548
Bubble Sort,10000,2604,20263407,0.415982
Bubble Sort,10000,2605,20263408,0.417649
Bubble Sort,10000,2606,20263409,0.418892
Bubble Sort,10000,2607,20263410,0.415563
Bubble Sort,10000,2608,20263411,0.418258
Bubble Sort,10000,2609,20263412,0.416695
Bubble Sort,10000,2610,20263413,0.41669
Bubble Sort,10000,2611,20263414,0.419403
Bubble Sort,10000,2612,20263415,0.422683
Bubble Sort,10000,2613,20263416,0.416357
Bubble Sort,10000,2614,20263417,0.419834
Bubble Sort,10000,2615,20263418,0.41792
Bubble Sort,10000,2616,20263419,0.415477
Bubble Sort,10000,2617,20263420,0.419495
Bubble Sort,10000,2618,20263421,0.418535
Bubble Sort,10000,2619,20263422,0.416781
Bubble Sort,10000,2620,20263423,0.417207
Bubble Sort,10000,2621,20263424,0.421169
Bubble Sort,10000,2622,20263425,0.415661
Bubble Sort,10000,2623,20263426,0.419704
Bubble Sort,10000,2624,20263427,0.429618
Bubble Sort,10000,2625,20263428,0.424831
Bubble Sort,10000,2626,20263429,0.432536
Bubble Sort,10000,2627,20263430,0.43219
Bubble Sort,10000,2628,20263431,0.429169
Bubble Sort,10000,2629,20263432,0.419477
Bubble Sort,10000,2630,20263433,0.418455
Bubble Sort,10000,2631,20263434,0.418499
Bubble Sort,10000,2632,20263435,0.418733
Bubble Sort,10000,2633,20263436,0.417034
Bubble Sort,10000,2634,20263437,0.427661
Bubble Sort,10000,2635,20263438,0.4152
Bubble Sort,10000,2636,20263439,0.417391
Bubble Sort,10000,2637,20263440,0.41813
Bubble Sort,10000,2638,20263441,0.418628
Bubble Sort,10000,2639,20263442,0.418659
Bubble Sort,10000,2640,20263443,0.415692
Bubble Sort,10000,2641,20263444,0.416947
Bubble Sort,10000,2642,20263445,0.421329
Bubble Sort,10000,2643,20263446,0.414628
Bubble Sort,10000,2644,20263447,0.41693
Bubble Sort,10000,2645,20263448,0.415797
Bubble Sort,10000,2646,20263449,0.417157
Bubble Sort,10000,2647,20263450,0.418923
Bubble Sort,10000,2648,20263451,0.416634
Bubble Sort,10000,2649,20263452,0.413004
Bubble Sort,10000,2650,20263453,0.419231
Bubble Sort,10000,2651,20263454,0.418345
Bubble Sort,10000,2652,20263455,0.418634
Bubble Sort,10000,2653,20263456,0.416634
Bubble Sort,10000,2654,20263457,0.414732
Bubble Sort,10000,2655,20263458,0.420037
Bubble Sort,10000,2656,20263459,0.417643
Bubble Sort,10000,2657,20263460,0.412111
Bubble Sort,10000,2658,20263461,0.418775
Bubble Sort,10000,2659,20263462,0.417311
Bubble Sort,10000,2660,20263463,0.4152
Bubble Sort,10000,2661,20263464,0.41264
Bubble Sort,10000,2662,20263465,0.414247
Bubble Sort,10000,2663,20263466,0.419828
Bubble Sort,10000,2664,20263467,0.416775
Bubble Sort,10000,2665,20263468,0.416708
Bubble Sort,10000,2666,20263469,0.417335
Bubble Sort,10000,2667,20263470,0.416227
Bubble Sort,10000,2668,20263471,0.415582
Bubble Sort,10000,2669,20263472,0.415736
Bubble Sort,10000,2670,20263473,0.469563
Bubble Sort,10000,2671,20263474,0.415576
Bubble Sort,10000,2672,20263475,0.415065
Bubble Sort,10000,2673,20263476,0.41811
Bubble Sort,10000,2674,20263477,0.416898
Bubble Sort,10000,2675,20263478,0.416499
Bubble Sort,10000,2676,20263479,0.419963
Bubble Sort,10000,2677,20263480,0.41736
Bubble Sort,10000,2678,20263481,0.4172
Bubble Sort,10000,2679,20263482,0.417021
Bubble Sort,10000,2680,20263483,0.415957
Bubble Sort,10000,2681,20263484,0.416843
Bubble Sort,10000,2682,20263485,0.418867
Bubble Sort,10000,2683,20263486,0.420567
Bubble Sort,10000,2684,20263487,0.419957
Bubble Sort,10000,2685,20263488,0.4184
Bubble Sort,10000,2686,20263489,0.419828
Bubble Sort,10000,2687,20263490,0.41808
Bubble Sort,10000,2688,20263491,0.416517
Bubble Sort,10000,2689,20263492,0.419298
Bubble Sort,10000,2690,20263493,0.419569
Bubble Sort,10000,2691,20263494,0.418142
Bubble Sort,10000,2692,20263495,0.419557
Bubble Sort,10000,2693,20263496,0.416203
Bubble Sort,10000,2694,20263497,0.418517
Bubble Sort,10000,2695,20263498,0.419957
Bubble Sort,10000,2696,20263499,0.418978
Bubble Sort,10000,2697,20263500,0.418843
Bubble Sort,10000,2698,20263501,0.419778
Bubble Sort,10000,2699,20263502,0.417896
Bubble Sort,10000,2700,20263503,0.4156
Bubble Sort,10000,2701,20263504,0.470172
Bubble Sort,10000,2702,20263505,0.415785
Bubble Sort,10000,2703,20263506,0.418148
Bubble Sort,10000,2704,20263507,0.419175
Bubble Sort,10000,2705,20263508,0.419446
Bubble Sort,10000,2706,20263509,0.414739
Bubble Sort,10000,2707,20263510,0.41768
Bubble Sort,10000,2708,20263511,0.416542
Bubble Sort,10000,2709,20263512,0.42176
Bubble Sort,10000,2710,20263513,0.417717
Bubble Sort,10000,2711,20263514,0.416695
Bubble Sort,10000,2712,20263515,0.417452
Bubble Sort,10000,2713,20263516,0.414381
Bubble Sort,10000,2714,20263517,0.416462
Bubble Sort,10000,2715,20263518,0.415563
Bubble Sort,10000,2716,20263519,0.420203
Bubble Sort,10000,2717,20263520,0.416887
Bubble Sort,10000,2718,20263521,0.420886
Bubble Sort,10000,2719,20263522,0.412849
Bubble Sort,10000,2720,20263523,0.418474
Bubble Sort,10000,2721,20263524,0.419551
Bubble Sort,10000,2722,20263525,0.414566
Bubble Sort,10000,2723,20263526,0.415969
Bubble Sort,10000,2724,20263527,0.420861
Bubble Sort,10000,2725,20263528,0.419514
Bubble Sort,10000,2726,20263529,0.420351
Bubble Sort,10000,2727,20263530,0.416622
Bubble Sort,10000,2728,20263531,0.417434
Bubble Sort,10000,2729,20263532,0.41712
Bubble Sort,10000,2730,20263533,0.418554
Bubble Sort,10000,2731,20263534,0.414271
Bubble Sort,10000,2732,20263535,0.417945
Bubble Sort,10000,2733,20263536,0.418074
Bubble Sort,10000,2734,20263537,0.415354
Bubble Sort,10000,2735,20263538,0.415624
Bubble Sort,10000,2736,20263539,0.415513
Bubble Sort,10000,2737,20263540,0.425446
Bubble Sort,10000,2738,20263541,0.418019
Bubble Sort,10000,2739,20263542,0.417108
Bubble Sort,10000,2740,20263543,0.417058
Bubble Sort,10000,2741,20263544,0.420037
Bubble Sort,10000,2742,20263545,0.417939
Bubble Sort,10000,2743,20263546,0.416492
Bubble Sort,10000,2744,20263547,0.414246
Bubble Sort,10000,2745,20263548,0.420468
Bubble Sort,10000,2746,20263549,0.415496
Bubble Sort,10000,2747,20263550,0.416628
Bubble Sort,10000,2748,20263551,0.41728
Bubble Sort,10000,2749,20263552,0.415225
Bubble Sort,10000,2750,20263553,0.419458
Bubble Sort,10000,2751,20263554,0.41603
Bubble Sort,10000,2752,20263555,0.416997
Bubble Sort,10000,2753,20263556,0.419975
Bubble Sort,10000,2754,20263557,0.414899
Bubble Sort,10000,2755,20263558,0.431963
Bubble Sort,10000,2756,20263559,0.416782
Bubble Sort,10000,2757,20263560,0.415539
Bubble Sort,10000,2758,20263561,0.415237
Bubble Sort,10000,2759,20263562,0.417514
Bubble Sort,10000,2760,20263563,0.425003
Bubble Sort,10000,2761,20263564,0.425656
Bubble Sort,10000,2762,20263565,0.418215
Bubble Sort,10000,2763,20263566,0.415982
Bubble Sort,10000,2764,20263567,0.41728
Bubble Sort,10000,2765,20263568,0.415096
Bubble Sort,10000,2766,20263569,0.414018
Bubble Sort,10000,2767,20263570,0.418
Bubble Sort,10000,2768,20263571,0.417059
Bubble Sort,10000,2769,20263572,0.418966
Bubble Sort,10000,2770,20263573,0.419495
Bubble Sort,10000,2771,20263574,0.416794
Bubble Sort,10000,2772,20263575,0.432388
Bubble Sort,10000,2773,20263576,0.43485
Bubble Sort,10000,2774,20263577,0.427723
Bubble Sort,10000,2775,20263578,0.424197
Bubble Sort,10000,2776,20263579,0.416972
Bubble Sort,10000,2777,20263580,0.430929
Bubble Sort,10000,2778,20263581,0.416634
Bubble Sort,10000,2779,20263582,0.427625
Bubble Sort,10000,2780,20263583,0.423163
Bubble Sort,10000,2781,20263584,0.425969
Bubble Sort,10000,2782,20263585,0.426702
Bubble Sort,10000,2783,20263586,0.421446
Bubble Sort,10000,2784,20263587,0.421785
Bubble Sort,10000,2785,20263588,0.424419
Bubble Sort,10000,2786,20263589,0.423612
Bubble Sort,10000,2787,20263590,0.422634
Bubble Sort,10000,2788,20263591,0.423822
Bubble Sort,10000,2789,20263592,0.42283
Bubble Sort,10000,2790,20263593,0.42237
Bubble Sort,10000,2791,20263594,0.413957
Bubble Sort,10000,2792,20263595,0.42416
Bubble Sort,10000,2793,20263596,0.429594
Bubble Sort,10000,2794,20263597,0.427108
Bubble Sort,10000,2795,20263598,0.419212
Bubble Sort,10000,2796,20263599,0.417582
Bubble Sort,10000,2797,20263600,0.428819
Bubble Sort,10000,2798,20263601,0.422886
Bubble Sort,10000,2799,20263602,0.426246
Bubble Sort,10000,2800,20263603,0.422843
Bubble Sort,10000,2801,20263604,0.425409
Bubble Sort,10000,2802,20263605,0.425077
Bubble Sort,10000,2803,20263606,0.424621
Bubble Sort,10000,2804,20263607,0.42552
Bubble Sort,10000,2805,20263608,0.422628
Bubble Sort,10000,2806,20263609,0.426031
Bubble Sort,10000,2807,20263610,0.426116
Bubble Sort,10000,2808,20263611,0.424
Bubble Sort,10000,2809,20263612,0.422049
Bubble Sort,10000,2810,20263613,0.42299
Bubble Sort,10000,2811,20263614,0.420997
Bubble Sort,10000,2812,20263615,0.409132
Bubble Sort,10000,2813,20263616,0.423194
Bubble Sort,10000,2814,20263617,0.422498
Bubble Sort,10000,2815,20263618,0.421194
Bubble Sort,10000,2816,20263619,0.423847
Bubble Sort,10000,2817,20263620,0.42253
Bubble Sort,10000,2818,20263621,0.425576
Bubble Sort,10000,2819,20263622,0.425249
Bubble Sort,10000,2820,20263623,0.42389
Bubble Sort,10000,2821,20263624,0.422695
Bubble Sort,10000,2822,20263625,0.425711
Bubble Sort,10000,2823,20263626,0.425532
Bubble Sort,10000,2824,20263627,0.422924
Bubble Sort,10000,2825,20263628,0.424468
Bubble Sort,10000,2826,20263629,0.423791
Bubble Sort,10000,2827,20263630,0.423028
Bubble Sort,10000,2828,20263631,0.423422
Bubble Sort,10000,2829,20263632,0.420947
Bubble Sort,10000,2830,20263633,0.42379
Bubble Sort,10000,2831,20263634,0.423225
Bubble Sort,10000,2832,20263635,0.423896
Bubble Sort,10000,2833,20263636,0.414517
Bubble Sort,10000,2834,20263637,0.424301
Bubble Sort,10000,2835,20263638,0.422609
Bubble Sort,10000,2836,20263639,0.421422
Bubble Sort,10000,2837,20263640,0.424467
Bubble Sort,10000,2838,20263641,0.425169
Bubble Sort,10000,2839,20263642,0.424412
Bubble Sort,10000,2840,20263643,0.420234
Bubble Sort,10000,2841,20263644,0.423015
Bubble Sort,10000,2842,20263645,0.419335
Bubble Sort,10000,2843,20263646,0.422862
Bubble Sort,10000,2844,20263647,0.420628
Bubble Sort,10000,2845,20263648,0.424087
Bubble Sort,10000,2846,20263649,0.423323
Bubble Sort,10000,2847,20263650,0.42536
Bubble Sort,10000,2848,20263651,0.423489
Bubble Sort,10000,2849,20263652,0.42504
Bubble Sort,10000,2850,20263653,0.423607
Bubble Sort,10000,2851,20263654,0.424166
Bubble Sort,10000,2852,20263655,0.422923
Bubble Sort,10000,2853,20263656,0.425317
Bubble Sort,10000,2854,20263657,0.414904
Bubble Sort,10000,2855,20263658,0.422812
Bubble Sort,10000,2856,20263659,0.424043
Bubble Sort,10000,2857,20263660,0.423588
Bubble Sort,10000,2858,20263661,0.425416
Bubble Sort,10000,2859,20263662,0.422412
Bubble Sort,10000,2860,20263663,0.42272
Bubble Sort,10000,2861,20263664,0.426978
Bubble Sort,10000,2862,20263665,0.42403
Bubble Sort,10000,2863,20263666,0.423619
Bubble Sort,10000,2864,20263667,0.424185
Bubble Sort,10000,2865,20263668,0.424222
Bubble Sort,10000,2866,20263669,0.422523
Bubble Sort,10000,2867,20263670,0.423434
Bubble Sort,10000,2868,20263671,0.422068
Bubble Sort,10000,2869,20263672,0.424782
Bubble Sort,10000,2870,20263673,0.427329
Bubble Sort,10000,2871,20263674,0.421938
Bubble Sort,10000,2872,20263675,0.421508
Bubble Sort,10000,2873,20263676,0.424338
Bubble Sort,10000,2874,20263677,0.423926
Bubble Sort,10000,2875,20263678,0.413853
Bubble Sort,10000,2876,20263679,0.423797
Bubble Sort,10000,2877,20263680,0.423046
Bubble Sort,10000,2878,20263681,0.425434
Bubble Sort,10000,2879,20263682,0.42043
Bubble Sort,10000,2880,20263683,0.422794
Bubble Sort,10000,2881,20263684,0.425379
Bubble Sort,10000,2882,20263685,0.423766
Bubble Sort,10000,2883,20263686,0.422492
Bubble Sort,10000,2884,20263687,0.426892
Bubble Sort,10000,2885,20263688,0.424172
Bubble Sort,10000,2886,20263689,0.421244
Bubble Sort,10000,2887,20263690,0.422554
Bubble Sort,10000,2888,20263691,0.447655
Bubble Sort,10000,2889,20263692,0.424283
Bubble Sort,10000,2890,20263693,0.423095
Bubble Sort,10000,2891,20263694,0.422363
Bubble Sort,10000,2892,20263695,0.422824
Bubble Sort,10000,2893,20263696,0.428781
Bubble Sort,10000,2894,20263697,0.424308
Bubble Sort,10000,2895,20263698,0.423643
Bubble Sort,10000,2896,20263699,0.42331
Bubble Sort,10000,2897,20263700,0.423366
Bubble Sort,10000,2898,20263701,0.421871
Bubble Sort,10000,2899,20263702,0.423656
Bubble Sort,10000,2900,20263703,0.424178
Bubble Sort,10000,2901,20263704,0.423944
Bubble Sort,10000,2902,20263705,0.424222
Bubble Sort,10000,2903,20263706,0.426683
Bubble Sort,10000,2904,20263707,0.420739
Bubble Sort,10000,2905,20263708,0.422357
Bubble Sort,10000,2906,20263709,0.424239
Bubble Sort,10000,2907,20263710,0.425538
Bubble Sort,10000,2908,20263711,0.424135
Bubble Sort,10000,2909,20263712,0.42288
Bubble Sort,10000,2910,20263713,0.422677
Bubble Sort,10000,2911,20263714,0.423564
Bubble Sort,10000,2912,20263715,0.422769
Bubble Sort,10000,2913,20263716,0.424332
Bubble Sort,10000,2914,20263717,0.423778
Bubble Sort,10000,2915,20263718,0.421944
Bubble Sort,10000,2916,20263719,0.425237
Bubble Sort,10000,2917,20263720,0.422701
Bubble Sort,10000,2918,20263721,0.424713
Bubble Sort,10000,2919,20263722,0.423311
Bubble Sort,10000,2920,20263723,0.421452
Bubble Sort,10000,2921,20263724,0.423139
Bubble Sort,10000,2922,20263725,0.424966
Bubble Sort,10000,2923,20263726,0.42168
Bubble Sort,10000,2924,20263727,0.424197
Bubble Sort,10000,2925,20263728,0.421385
Bubble Sort,10000,2926,20263729,0.4232
Bubble Sort,10000,2927,20263730,0.423877
Bubble Sort,10000,2928,20263731,0.425323
Bubble Sort,10000,2929,20263732,0.424419
Bubble Sort,10000,2930,20263733,0.424185
Bubble Sort,10000,2931,20263734,0.425433
Bubble Sort,10000,2932,20263735,0.424264
Bubble Sort,10000,2933,20263736,0.423335
Bubble Sort,10000,2934,20263737,0.422424
Bubble Sort,10000,2935,20263738,0.425021
Bubble Sort,10000,2936,20263739,0.4284
Bubble Sort,10000,2937,20263740,0.424437
Bubble Sort,10000,2938,20263741,0.426277
Bubble Sort,10000,2939,20263742,0.424745
Bubble Sort,10000,2940,20263743,0.424769
Bubble Sort,10000,2941,20263744,0.424757
Bubble Sort,10000,2942,20263745,0.424154
Bubble Sort,10000,2943,20263746,0.428246
Bubble Sort,10000,2944,20263747,0.422818
Bubble Sort,10000,2945,20263748,0.426609
Bubble Sort,10000,2946,20263749,0.421945
Bubble Sort,10000,2947,20263750,0.423046
Bubble Sort,10000,2948,20263751,0.4232
Bubble Sort,10000,2949,20263752,0.424819
Bubble Sort,10000,2950,20263753,0.426622
Bubble Sort,10000,2951,20263754,0.427299
Bubble Sort,10000,2952,20263755,0.423077
Bubble Sort,10000,2953,20263756,0.423341
Bubble Sort,10000,2954,20263757,0.425342
Bubble Sort,10000,2955,20263758,0.425502
Bubble Sort,10000,2956,20263759,0.424997
Bubble Sort,10000,2957,20263760,0.426689
Bubble Sort,10000,2958,20263761,0.425594
Bubble Sort,10000,2959,20263762,0.426055
Bubble Sort,10000,2960,20263763,0.423034
Bubble Sort,10000,2961,20263764,0.424049
Bubble Sort,10000,2962,20263765,0.429858
Bubble Sort,10000,2963,20263766,0.431532
Bubble Sort,10000,2964,20263767,0.431926
Bubble Sort,10000,2965,20263768,0.41915
Bubble Sort,10000,2966,20263769,0.408708
Bubble Sort,10000,2967,20263770,0.423927
Bubble Sort,10000,2968,20263771,0.423772
Bubble Sort,10000,2969,20263772,0.421834
Bubble Sort,10000,2970,20263773,0.422105
Bubble Sort,10000,2971,20263774,0.421373
Bubble Sort,10000,2972,20263775,0.423145
Bubble Sort,10000,2973,20263776,0.423323
Bubble Sort,10000,2974,20263777,0.423606
Bubble Sort,10000,2975,20263778,0.42264
Bubble Sort,10000,2976,20263779,0.422942
Bubble Sort,10000,2977,20263780,0.421151
Bubble Sort,10000,2978,20263781,0.422973
Bubble Sort,10000,2979,20263782,0.423415
Bubble Sort,10000,2980,20263783,0.422825
Bubble Sort,10000,2981,20263784,0.420302
Bubble Sort,10000,2982,20263785,0.424788
Bubble Sort,10000,2983,20263786,0.423631
Bubble Sort,10000,2984,20263787,0.42008
Bubble Sort,10000,2985,20263788,0.414609
Bubble Sort,10000,2986,20263789,0.423624
Bubble Sort,10000,2987,20263790,0.421366
Bubble Sort,10000,2988,20263791,0.422553
Bubble Sort,10000,2989,20263792,0.422166
Bubble Sort,10000,2990,20263793,0.424449
Bubble Sort,10000,2991,20263794,0.425028
Bubble Sort,10000,2992,20263795,0.422055
Bubble Sort,10000,2993,20263796,0.423071
Bubble Sort,10000,2994,20263797,0.424222
Bubble Sort,10000,2995,20263798,0.422997
Bubble Sort,10000,2996,20263799,0.424062
Bubble Sort,10000,2997,20263800,0.420381
Bubble Sort,10000,2998,20263801,0.420788
Bubble Sort,10000,2999,20263802,0.424104
Bubble Sort,10000,3000,20263803,0.424621
Bubble Sort,10000,3001,20263804,0.422444
Bubble Sort,10000,3002,20263805,0.421852
Bubble Sort,10000,3003,20263806,0.420634
Bubble Sort,10000,3004,20263807,0.422813
Bubble Sort,10000,3005,20263808,0.421354
Bubble Sort,10000,3006,20263809,0.426111
Bubble Sort,10000,3007,20263810,0.426683
Bubble Sort,10000,3008,20263811,0.422185
Bubble Sort,10000,3009,20263812,0.425126
Bubble Sort,10000,3010,20263813,0.426068
Bubble Sort,10000,3011,20263814,0.417619
Bubble Sort,10000,3012,20263815,0.422683
Bubble Sort,10000,3013,20263816,0.426683
Bubble Sort,10000,3014,20263817,0.414265
Bubble Sort,10000,3015,20263818,0.414837
Bubble Sort,10000,3016,20263819,0.479256
Bubble Sort,10000,3017,20263820,0.417348
Bubble Sort,10000,3018,20263821,0.427114
Bubble Sort,10000,3019,20263822,0.415711
Bubble Sort,10000,3020,20263823,0.425428
Bubble Sort,10000,3021,20263824,0.422247
Bubble Sort,10000,3022,20263825,0.41344
Bubble Sort,10000,3023,20263826,0.425969
Bubble Sort,10000,3024,20263827,0.432696
Bubble Sort,10000,3025,20263828,0.425932
Bubble Sort,10000,3026,20263829,0.42248
Bubble Sort,10000,3027,20263830,0.425323
Bubble Sort,10000,3028,20263831,0.422972
Bubble Sort,10000,3029,20263832,0.425742
Bubble Sort,10000,3030,20263833,0.422142
Bubble Sort,10000,3031,20263834,0.424375
Bubble Sort,10000,3032,20263835,0.421181
Bubble Sort,10000,3033,20263836,0.422338
Bubble Sort,10000,3034,20263837,0.411816
Bubble Sort,10000,3035,20263838,0.420837
Bubble Sort,10000,3036,20263839,0.421422
Bubble Sort,10000,3037,20263840,0.422935
Bubble Sort,10000,3038,20263841,0.420646
Bubble Sort,10000,3039,20263842,0.420486
Bubble Sort,10000,3040,20263843,0.423182
Bubble Sort,10000,3041,20263844,0.422535
Bubble Sort,10000,3042,20263845,0.423612
Bubble Sort,10000,3043,20263846,0.423391
Bubble Sort,10000,3044,20263847,0.419304
Bubble Sort,10000,3045,20263848,0.421317
Bubble Sort,10000,3046,20263849,0.420929
Bubble Sort,10000,3047,20263850,0.421354
Bubble Sort,10000,3048,20263851,0.419514
Bubble Sort,10000,3049,20263852,0.420504
Bubble Sort,10000,3050,20263853,0.426277
Bubble Sort,10000,3051,20263854,0.423262
Bubble Sort,10000,3052,20263855,0.420929
Bubble Sort,10000,3053,20263856,0.41867
Bubble Sort,10000,3054,20263857,0.420382
Bubble Sort,10000,3055,20263858,0.42971
Bubble Sort,10000,3056,20263859,0.423138
Bubble Sort,10000,3057,20263860,0.421735
Bubble Sort,10000,3058,20263861,0.421804
Bubble Sort,10000,3059,20263862,0.418387
Bubble Sort,10000,3060,20263863,0.421262
Bubble Sort,10000,3061,20263864,0.423286
Bubble Sort,10000,3062,20263865,0.420646
Bubble Sort,10000,3063,20263866,0.421969
Bubble Sort,10000,3064,20263867,0.42101
Bubble Sort,10000,3065,20263868,0.423508
Bubble Sort,10000,3066,20263869,0.421188
Bubble Sort,10000,3067,20263870,0.424234
Bubble Sort,10000,3068,20263871,0.421957
Bubble Sort,10000,3069,20263872,0.424966
Bubble Sort,10000,3070,20263873,0.4228
Bubble Sort,10000,3071,20263874,0.425969
Bubble Sort,10000,3072,20263875,0.421907
Bubble Sort,10000,3073,20263876,0.420923
Bubble Sort,10000,3074,20263877,0.421292
Bubble Sort,10000,3075,20263878,0.42104
Bubble Sort,10000,3076,20263879,0.423175
Bubble Sort,10000,3077,20263880,0.425428
Bubble Sort,10000,3078,20263881,0.419687
Bubble Sort,10000,3079,20263882,0.424345
Bubble Sort,10000,3080,20263883,0.423077
Bubble Sort,10000,3081,20263884,0.42435
Bubble Sort,10000,3082,20263885,0.423539
Bubble Sort,10000,3083,20263886,0.424025
Bubble Sort,10000,3084,20263887,0.417304
Bubble Sort,10000,3085,20263888,0.422265
Bubble Sort,10000,3086,20263889,0.42064
Bubble Sort,10000,3087,20263890,0.422892
Bubble Sort,10000,3088,20263891,0.422302
Bubble Sort,10000,3089,20263892,0.422209
Bubble Sort,10000,3090,20263893,0.422677
Bubble Sort,10000,3091,20263894,0.423391
Bubble Sort,10000,3092,20263895,0.42792
Bubble Sort,10000,3093,20263896,0.423613
Bubble Sort,10000,3094,20263897,0.423046
Bubble Sort,10000,3095,20263898,0.423021
Bubble Sort,10000,3096,20263899,0.420504
Bubble Sort,10000,3097,20263900,0.422289
Bubble Sort,10000,3098,20263901,0.422658
Bubble Sort,10000,3099,20263902,0.420431
Bubble Sort,10000,3100,20263903,0.422037
Bubble Sort,10000,3101,20263904,0.421083
Bubble Sort,10000,3102,20263905,0.422492
Bubble Sort,10000,3103,20263906,0.4232
Bubble Sort,10000,3104,20263907,0.418886
Bubble Sort,10000,3105,20263908,0.413003
Bubble Sort,10000,3106,20263909,0.419767
Bubble Sort,10000,3107,20263910,0.419993
Bubble Sort,10000,3108,20263911,0.422695
Bubble Sort,10000,3109,20263912,0.420184
Bubble Sort,10000,3110,20263913,0.422548
Bubble Sort,10000,3111,20263914,0.425341
Bubble Sort,10000,3112,20263915,0.420726
Bubble Sort,10000,3113,20263916,0.424677
Bubble Sort,10000,3114,20263917,0.420905
Bubble Sort,10000,3115,20263918,0.423071
Bubble Sort,10000,3116,20263919,0.423175
Bubble Sort,10000,3117,20263920,0.421619
Bubble Sort,10000,3118,20263921,0.419219
Bubble Sort,10000,3119,20263922,0.421434
Bubble Sort,10000,3120,20263923,0.422013
Bubble Sort,10000,3121,20263924,0.425342
Bubble Sort,10000,3122,20263925,0.424431
Bubble Sort,10000,3123,20263926,0.421489
Bubble Sort,10000,3124,20263927,0.42363
Bubble Sort,10000,3125,20263928,0.421618
Bubble Sort,10000,3126,20263929,0.426382
Bubble Sort,10000,3127,20263930,0.418782
Bubble Sort,10000,3128,20263931,0.423065
Bubble Sort,10000,3129,20263932,0.423507
Bubble Sort,10000,3130,20263933,0.42128
Bubble Sort,10000,3131,20263934,0.42827
Bubble Sort,10000,3132,20263935,0.429526
Bubble Sort,10000,3133,20263936,0.419477
Bubble Sort,10000,3134,20263937,0.416683
Bubble Sort,10000,3135,20263938,0.427502
Bubble Sort,10000,3136,20263939,0.421988
Bubble Sort,10000,3137,20263940,0.421803
Bubble Sort,10000,3138,20263941,0.42397
Bubble Sort,10000,3139,20263942,0.41536
Bubble Sort,10000,3140,20263943,0.424406
Bubble Sort,10000,3141,20263944,0.424197
Bubble Sort,10000,3142,20263945,0.411317
Bubble Sort,10000,3143,20263946,0.418726
Bubble Sort,10000,3144,20263947,0.42552
Bubble Sort,10000,3145,20263948,0.420437
Bubble Sort,10000,3146,20263949,0.423576
Bubble Sort,10000,3147,20263950,0.424258
Bubble Sort,10000,3148,20263951,0.424142
Bubble Sort,10000,3149,20263952,0.422018
Bubble Sort,10000,3150,20263953,0.42072
Bubble Sort,10000,3151,20263954,0.421453
Bubble Sort,10000,3152,20263955,0.425939
Bubble Sort,10000,3153,20263956,0.422787
Bubble Sort,10000,3154,20263957,0.420147
Bubble Sort,10000,3155,20263958,0.423847
Bubble Sort,10000,3156,20263959,0.422683
Bubble Sort,10000,3157,20263960,0.42355
Bubble Sort,10000,3158,20263961,0.42395
Bubble Sort,10000,3159,20263962,0.423175
Bubble Sort,10000,3160,20263963,0.449452
Bubble Sort,10000,3161,20263964,0.420621
Bubble Sort,10000,3162,20263965,0.424733
Bubble Sort,10000,3163,20263966,0.422935
Bubble Sort,10000,3164,20263967,0.42373
Bubble Sort,10000,3165,20263968,0.42077
Bubble Sort,10000,3166,20263969,0.421477
Bubble Sort,10000,3167,20263970,0.421711
Bubble Sort,10000,3168,20263971,0.424418
Bubble Sort,10000,3169,20263972,0.424511
Bubble Sort,10000,3170,20263973,0.419846
Bubble Sort,10000,3171,20263974,0.421507
Bubble Sort,10000,3172,20263975,0.42173
Bubble Sort,10000,3173,20263976,0.42083
Bubble Sort,10000,3174,20263977,0.422062
Bubble Sort,10000,3175,20263978,0.422874
Bubble Sort,10000,3176,20263979,0.422197
Bubble Sort,10000,3177,20263980,0.41984
Bubble Sort,10000,3178,20263981,0.420837
Bubble Sort,10000,3179,20263982,0.422948
Bubble Sort,10000,3180,20263983,0.423613
Bubble Sort,10000,3181,20263984,0.422111
Bubble Sort,10000,3182,20263985,0.423692
Bubble Sort,10000,3183,20263986,0.421747
Bubble Sort,10000,3184,20263987,0.421797
Bubble Sort,10000,3185,20263988,0.421692
Bubble Sort,10000,3186,20263989,0.421471
Bubble Sort,10000,3187,20263990,0.42333
Bubble Sort,10000,3188,20263991,0.423779
Bubble Sort,10000,3189,20263992,0.410739
Bubble Sort,10000,3190,20263993,0.423169
Bubble Sort,10000,3191,20263994,0.426437
Bubble Sort,10000,3192,20263995,0.42448
Bubble Sort,10000,3193,20263996,0.422302
Bubble Sort,10000,3194,20263997,0.419704
Bubble Sort,10000,3195,20263998,0.423446
Bubble Sort,10000,3196,20263999,0.422849
Bubble Sort,10000,3197,20264000,0.423711
Bubble Sort,10000,3198,20264001,0.424357
Bubble Sort,10000,3199,20264002,0.423975
Bubble Sort,10000,3200,20264003,0.426707
Bubble Sort,10000,3201,20264004,0.423901
Bubble Sort,10000,3202,20264005,0.422302
Bubble Sort,10000,3203,20264006,0.425785
Bubble Sort,10000,3204,20264007,0.423433
Bubble Sort,10000,3205,20264008,0.426
Bubble Sort,10000,3206,20264009,0.423138
Bubble Sort,10000,3207,20264010,0.425673
Bubble Sort,10000,3208,20264011,0.426676
Bubble Sort,10000,3209,20264012,0.424868
Bubble Sort,10000,3210,20264013,0.414191
Bubble Sort,10000,3211,20264014,0.428813
Bubble Sort,10000,3212,20264015,0.424529
Bubble Sort,10000,3213,20264016,0.42312
Bubble Sort,10000,3214,20264017,0.423065
Bubble Sort,10000,3215,20264018,0.427453
Bubble Sort,10000,3216,20264019,0.426819
Bubble Sort,10000,3217,20264020,0.426326
Bubble Sort,10000,3218,20264021,0.423656
Bubble Sort,10000,3219,20264022,0.424148
Bubble Sort,10000,3220,20264023,0.424172
Bubble Sort,10000,3221,20264024,0.425305
Bubble Sort,10000,3222,20264025,0.423434
Bubble Sort,10000,3223,20264026,0.425427
Bubble Sort,10000,3224,20264027,0.424345
Bubble Sort,10000,3225,20264028,0.421606
Bubble Sort,10000,3226,20264029,0.422861
Bubble Sort,10000,3227,20264030,0.420769
Bubble Sort,10000,3228,20264031,0.423767
Bubble Sort,10000,3229,20264032,0.42461
Bubble Sort,10000,3230,20264033,0.422708
Bubble Sort,10000,3231,20264034,0.421071
Bubble Sort,10000,3232,20264035,0.423717
Bubble Sort,10000,3233,20264036,0.424794
Bubble Sort,10000,3234,20264037,0.425501
Bubble Sort,10000,3235,20264038,0.426135
Bubble Sort,10000,3236,20264039,0.420554
Bubble Sort,10000,3237,20264040,0.423385
Bubble Sort,10000,3238,20264041,0.420375
Bubble Sort,10000,3239,20264042,0.424086
Bubble Sort,10000,3240,20264043,0.420947
Bubble Sort,10000,3241,20264044,0.426333
Bubble Sort,10000,3242,20264045,0.426178
Bubble Sort,10000,3243,20264046,0.419582
Bubble Sort,10000,3244,20264047,0.423477
Bubble Sort,10000,3245,20264048,0.422973
Bubble Sort,10000,3246,20264049,0.423908
Bubble Sort,10000,3247,20264050,0.423483
Bubble Sort,10000,3248,20264051,0.422695
Bubble Sort,10000,3249,20264052,0.422314
Bubble Sort,10000,3250,20264053,0.423292
Bubble Sort,10000,3251,20264054,0.426431
Bubble Sort,10000,3252,20264055,0.450153
Bubble Sort,10000,3253,20264056,0.422572
Bubble Sort,10000,3254,20264057,0.422092
Bubble Sort,10000,3255,20264058,0.423452
Bubble Sort,10000,3256,20264059,0.427262
Bubble Sort,10000,3257,20264060,0.421496
Bubble Sort,10000,3258,20264061,0.424412
Bubble Sort,10000,3259,20264062,0.422253
Bubble Sort,10000,3260,20264063,0.424363
Bubble Sort,10000,3261,20264064,0.423286
Bubble Sort,10000,3262,20264065,0.421895
Bubble Sort,10000,3263,20264066,0.423902
Bubble Sort,10000,3264,20264067,0.428492
Bubble Sort,10000,3265,20264068,0.466456
Bubble Sort,10000,3266,20264069,0.412892
Bubble Sort,10000,3267,20264070,0.424504
Bubble Sort,10000,3268,20264071,0.412806
Bubble Sort,10000,3269,20264072,0.415207
Bubble Sort,10000,3270,20264073,0.422861
Bubble Sort,10000,3271,20264074,0.423717
Bubble Sort,10000,3272,20264075,0.423526
Bubble Sort,10000,3273,20264076,0.423034
Bubble Sort,10000,3274,20264077,0.420954
Bubble Sort,10000,3275,20264078,0.422566
Bubble Sort,10000,3276,20264079,0.425422
Bubble Sort,10000,3277,20264080,0.421305
Bubble Sort,10000,3278,20264081,0.422812
Bubble Sort,10000,3279,20264082,0.421927
Bubble Sort,10000,3280,20264083,0.422554
Bubble Sort,10000,3281,20264084,0.427378
Bubble Sort,10000,3282,20264085,0.423058
Bubble Sort,10000,3283,20264086,0.424007
Bubble Sort,10000,3284,20264087,0.42579
Bubble Sort,10000,3285,20264088,0.423484
Bubble Sort,10000,3286,20264089,0.418061
Bubble Sort,10000,3287,20264090,0.424099
Bubble Sort,10000,3288,20264091,0.42259
Bubble Sort,10000,3289,20264092,0.425969
Bubble Sort,10000,3290,20264093,0.421132
Bubble Sort,10000,3291,20264094,0.427335
Bubble Sort,10000,3292,20264095,0.425144
Bubble Sort,10000,3293,20264096,0.423244
Bubble Sort,10000,3294,20264097,0.424283
Bubble Sort,10000,3295,20264098,0.426585
Bubble Sort,10000,3296,20264099,0.421305
Bubble Sort,10000,3297,20264100,0.423267
Bubble Sort,10000,3298,20264101,0.423667
Bubble Sort,10000,3299,20264102,0.424258
Bubble Sort,10000,3300,20264103,0.426049
Bubble Sort,10000,3301,20264104,0.429384
Bubble Sort,10000,3302,20264105,0.427471
Bubble Sort,10000,3303,20264106,0.41984
Bubble Sort,10000,3304,20264107,0.412523
Bubble Sort,10000,3305,20264108,0.42768
Bubble Sort,10000,3306,20264109,0.423846
Bubble Sort,10000,3307,20264110,0.43488
Bubble Sort,10000,3308,20264111,0.423982
Bubble Sort,10000,3309,20264112,0.422732
Bubble Sort,10000,3310,20264113,0.424178
Bubble Sort,10000,3311,20264114,0.421612
Bubble Sort,10000,3312,20264115,0.425834
Bubble Sort,10000,3313,20264116,0.428
Bubble Sort,10000,3314,20264117,0.426911
Bubble Sort,10000,3315,20264118,0.424431
Bubble Sort,10000,3316,20264119,0.423864
Bubble Sort,10000,3317,20264120,0.422769
Bubble Sort,10000,3318,20264121,0.422874
Bubble Sort,10000,3319,20264122,0.423766
Bubble Sort,10000,3320,20264123,0.463538
Bubble Sort,10000,3321,20264124,0.427501
Bubble Sort,10000,3322,20264125,0.425157
Bubble Sort,10000,3323,20264126,0.424701
Bubble Sort,10000,3324,20264127,0.427766
Bubble Sort,10000,3325,20264128,0.427489
Bubble Sort,10000,3326,20264129,0.420246
Bubble Sort,10000,3327,20264130,0.425551
Bubble Sort,10000,3328,20264131,0.427993
Bubble Sort,10000,3329,20264132,0.421895
Bubble Sort,10000,3330,20264133,0.426726
Bubble Sort,10000,3331,20264134,0.424536
Bubble Sort,10000,3332,20264135,0.423249
Bubble Sort,10000,3333,20264136,0.42488
Bubble Sort,10000,3334,20264137,0.424824
Bubble Sort,10000,3335,20264138,0.424363
Bubble Sort,10000,3336,20264139,0.429748
Bubble Sort,10000,3337,20264140,0.426837
Bubble Sort,10000,3338,20264141,0.425544
Bubble Sort,10000,3339,20264142,0.427908
Bubble Sort,10000,3340,20264143,0.42528
Bubble Sort,10000,3341,20264144,0.410868
Bubble Sort,10000,3342,20264145,0.427323
Bubble Sort,10000,3343,20264146,0.424393
Bubble Sort,10000,3344,20264147,0.423501
Bubble Sort,10000,3345,20264148,0.424031
Bubble Sort,10000,3346,20264149,0.421231
Bubble Sort,10000,3347,20264150,0.425256
Bubble Sort,10000,3348,20264151,0.427459
Bubble Sort,10000,3349,20264152,0.42392
Bubble Sort,10000,3350,20264153,0.424012
Bubble Sort,10000,3351,20264154,0.420585
Bubble Sort,10000,3352,20264155,0.423754
Bubble Sort,10000,3353,20264156,0.429852
Bubble Sort,10000,3354,20264157,0.422382
Bubble Sort,10000,3355,20264158,0.423342
Bubble Sort,10000,3356,20264159,0.425176
Bubble Sort,10000,3357,20264160,0.423907
Bubble Sort,10000,3358,20264161,0.423766
Bubble Sort,10000,3359,20264162,0.424541
Bubble Sort,10000,3360,20264163,0.423096
Bubble Sort,10000,3361,20264164,0.424665
Bubble Sort,10000,3362,20264165,0.42688
Bubble Sort,10000,3363,20264166,0.423742
Bubble Sort,10000,3364,20264167,0.422357
Bubble Sort,10000,3365,20264168,0.425508
Bubble Sort,10000,3366,20264169,0.423624
Bubble Sort,10000,3367,20264170,0.424498
Bubble Sort,10000,3368,20264171,0.425895
Bubble Sort,10000,3369,20264172,0.427132
Bubble Sort,10000,3370,20264173,0.424191
Bubble Sort,10000,3371,20264174,0.424942
Bubble Sort,10000,3372,20264175,0.423852
Bubble Sort,10000,3373,20264176,0.425828
Bubble Sort,10000,3374,20264177,0.421976
Bubble Sort,10000,3375,20264178,0.411815
Bubble Sort,10000,3376,20264179,0.42672
Bubble Sort,10000,3377,20264180,0.423114
Bubble Sort,10000,3378,20264181,0.426726
Bubble Sort,10000,3379,20264182,0.42448
Bubble Sort,10000,3380,20264183,0.424813
Bubble Sort,10000,3381,20264184,0.424271
Bubble Sort,10000,3382,20264185,0.424707
Bubble Sort,10000,3383,20264186,0.426541
Bubble Sort,10000,3384,20264187,0.418744
Bubble Sort,10000,3385,20264188,0.426049
Bubble Sort,10000,3386,20264189,0.42632
Bubble Sort,10000,3387,20264190,0.427613
Bubble Sort,10000,3388,20264191,0.426671
Bubble Sort,10000,3389,20264192,0.424338
Bubble Sort,10000,3390,20264193,0.426653
Bubble Sort,10000,3391,20264194,0.425501
Bubble Sort,10000,3392,20264195,0.424271
Bubble Sort,10000,3393,20264196,0.42344
Bubble Sort,10000,3394,20264197,0.423416
Bubble Sort,10000,3395,20264198,0.426658
Bubble Sort,10000,3396,20264199,0.417483
Bubble Sort,10000,3397,20264200,0.424813
Bubble Sort,10000,3398,20264201,0.42536
Bubble Sort,10000,3399,20264202,0.42376
Bubble Sort,10000,3400,20264203,0.42488
Bubble Sort,10000,3401,20264204,0.420006
Bubble Sort,10000,3402,20264205,0.424689
Bubble Sort,10000,3403,20264206,0.421421
Bubble Sort,10000,3404,20264207,0.423963
Bubble Sort,10000,3405,20264208,0.420873
Bubble Sort,10000,3406,20264209,0.424412
Bubble Sort,10000,3407,20264210,0.422923
Bubble Sort,10000,3408,20264211,0.42392
Bubble Sort,10000,3409,20264212,0.471938
Bubble Sort,10000,3410,20264213,0.421465
Bubble Sort,10000,3411,20264214,0.420824
Bubble Sort,10000,3412,20264215,0.423403
Bubble Sort,10000,3413,20264216,0.425403
Bubble Sort,10000,3414,20264217,0.423723
Bubble Sort,10000,3415,20264218,0.423563
Bubble Sort,10000,3416,20264219,0.424326
Bubble Sort,10000,3417,20264220,0.426781
Bubble Sort,10000,3418,20264221,0.424043
Bubble Sort,10000,3419,20264222,0.424541
Bubble Sort,10000,3420,20264223,0.42117
Bubble Sort,10000,3421,20264224,0.422757
Bubble Sort,10000,3422,20264225,0.423662
Bubble Sort,10000,3423,20264226,0.425772
Bubble Sort,10000,3424,20264227,0.423656
Bubble Sort,10000,3425,20264228,0.423668
Bubble Sort,10000,3426,20264229,0.426
Bubble Sort,10000,3427,20264230,0.423557
Bubble Sort,10000,3428,20264231,0.421827
Bubble Sort,10000,3429,20264232,0.421538
Bubble Sort,10000,3430,20264233,0.422813
Bubble Sort,10000,3431,20264234,0.423858
Bubble Sort,10000,3432,20264235,0.42325
Bubble Sort,10000,3433,20264236,0.422794
Bubble Sort,10000,3434,20264237,0.421434
Bubble Sort,10000,3435,20264238,0.424099
Bubble Sort,10000,3436,20264239,0.421218
Bubble Sort,10000,3437,20264240,0.421021
Bubble Sort,10000,3438,20264241,0.418757
Bubble Sort,10000,3439,20264242,0.422394
Bubble Sort,10000,3440,20264243,0.422591
Bubble Sort,10000,3441,20264244,0.424073
Bubble Sort,10000,3442,20264245,0.422505
Bubble Sort,10000,3443,20264246,0.422634
Bubble Sort,10000,3444,20264247,0.42248
Bubble Sort,10000,3445,20264248,0.425661
Bubble Sort,10000,3446,20264249,0.425009
Bubble Sort,10000,3447,20264250,0.423464
Bubble Sort,10000,3448,20264251,0.421735
Bubble Sort,10000,3449,20264252,0.421747
Bubble Sort,10000,3450,20264253,0.424905
Bubble Sort,10000,3451,20264254,0.423607
Bubble Sort,10000,3452,20264255,0.424148
Bubble Sort,10000,3453,20264256,0.422308
Bubble Sort,10000,3454,20264257,0.421249
Bubble Sort,10000,3455,20264258,0.421913
Bubble Sort,10000,3456,20264259,0.424148
Bubble Sort,10000,3457,20264260,0.425113
Bubble Sort,10000,3458,20264261,0.426985
Bubble Sort,10000,3459,20264262,0.469354
Bubble Sort,10000,3460,20264263,0.422634
Bubble Sort,10000,3461,20264264,0.425354
Bubble Sort,10000,3462,20264265,0.425286
Bubble Sort,10000,3463,20264266,0.423317
Bubble Sort,10000,3464,20264267,0.42635
Bubble Sort,10000,3465,20264268,0.427927
Bubble Sort,10000,3466,20264269,0.42557
Bubble Sort,10000,3467,20264270,0.426548
Bubble Sort,10000,3468,20264271,0.428129
Bubble Sort,10000,3469,20264272,0.410781
Bubble Sort,10000,3470,20264273,0.429779
Bubble Sort,10000,3471,20264274,0.42128
Bubble Sort,10000,3472,20264275,0.430061
Bubble Sort,10000,3473,20264276,0.410849
Bubble Sort,10000,3474,20264277,0.420701
Bubble Sort,10000,3475,20264278,0.422819
Bubble Sort,10000,3476,20264279,0.423378
Bubble Sort,10000,3477,20264280,0.420062
Bubble Sort,10000,3478,20264281,0.42448
Bubble Sort,10000,3479,20264282,0.421988
Bubble Sort,10000,3480,20264283,0.424135
Bubble Sort,10000,3481,20264284,0.421637
Bubble Sort,10000,3482,20264285,0.423747
Bubble Sort,10000,3483,20264286,0.419052
Bubble Sort,10000,3484,20264287,0.422954
Bubble Sort,10000,3485,20264288,0.42397
Bubble Sort,10000,3486,20264289,0.423151
Bubble Sort,10000,3487,20264290,0.422178
Bubble Sort,10000,3488,20264291,0.422813
Bubble Sort,10000,3489,20264292,0.421969
Bubble Sort,10000,3490,20264293,0.418603
Bubble Sort,10000,3491,20264294,0.423286
Bubble Sort,10000,3492,20264295,0.423545
Bubble Sort,10000,3493,20264296,0.42128
Bubble Sort,10000,3494,20264297,0.42256
Bubble Sort,10000,3495,20264298,0.420867
Bubble Sort,10000,3496,20264299,0.422412
Bubble Sort,10000,3497,20264300,0.421926
Bubble Sort,10000,3498,20264301,0.423693
Bubble Sort,10000,3499,20264302,0.422806
Bubble Sort,10000,3500,20264303,0.427594
Bubble Sort,10000,3501,20264304,0.427741
Bubble Sort,10000,3502,20264305,0.424776
Bubble Sort,10000,3503,20264306,0.419772
Bubble Sort,10000,3504,20264307,0.423261
Bubble Sort,10000,3505,20264308,0.419846
Bubble Sort,10000,3506,20264309,0.421551
Bubble Sort,10000,3507,20264310,0.423926
Bubble Sort,10000,3508,20264311,0.422252
Bubble Sort,10000,3509,20264312,0.423667
Bubble Sort,10000,3510,20264313,0.420117
Bubble Sort,10000,3511,20264314,0.423846
Bubble Sort,10000,3512,20264315,0.424412
Bubble Sort,10000,3513,20264316,0.423766
Bubble Sort,10000,3514,20264317,0.471495
Bubble Sort,10000,3515,20264318,0.423255
Bubble Sort,10000,3516,20264319,0.426031
Bubble Sort,10000,3517,20264320,0.421828
Bubble Sort,10000,3518,20264321,0.420622
Bubble Sort,10000,3519,20264322,0.42032
Bubble Sort,10000,3520,20264323,0.423803
Bubble Sort,10000,3521,20264324,0.42248
Bubble Sort,10000,3522,20264325,0.41296
Bubble Sort,10000,3523,20264326,0.412504
Bubble Sort,10000,3524,20264327,0.425022
Bubble Sort,10000,3525,20264328,0.422375
Bubble Sort,10000,3526,20264329,0.42061
Bubble Sort,10000,3527,20264330,0.422425
Bubble Sort,10000,3528,20264331,0.423876
Bubble Sort,10000,3529,20264332,0.421206
Bubble Sort,10000,3530,20264333,0.424776
Bubble Sort,10000,3531,20264334,0.422252
Bubble Sort,10000,3532,20264335,0.423477
Bubble Sort,10000,3533,20264336,0.422492
Bubble Sort,10000,3534,20264337,0.424849
Bubble Sort,10000,3535,20264338,0.475643
Bubble Sort,10000,3536,20264339,0.425674
Bubble Sort,10000,3537,20264340,0.410055
Bubble Sort,10000,3538,20264341,0.425126
Bubble Sort,10000,3539,20264342,0.4208
Bubble Sort,10000,3540,20264343,0.425421
Bubble Sort,10000,3541,20264344,0.424972
Bubble Sort,10000,3542,20264345,0.422142
Bubble Sort,10000,3543,20264346,0.424726
Bubble Sort,10000,3544,20264347,0.424633
Bubble Sort,10000,3545,20264348,0.421895
Bubble Sort,10000,3546,20264349,0.417988
Bubble Sort,10000,3547,20264350,0.422265
Bubble Sort,10000,3548,20264351,0.426966
Bubble Sort,10000,3549,20264352,0.423896
Bubble Sort,10000,3550,20264353,0.422326
Bubble Sort,10000,3551,20264354,0.421594
Bubble Sort,10000,3552,20264355,0.424154
Bubble Sort,10000,3553,20264356,0.423939
Bubble Sort,10000,3554,20264357,0.425858
Bubble Sort,10000,3555,20264358,0.422665
Bubble Sort,10000,3556,20264359,0.423052
Bubble Sort,10000,3557,20264360,0.420831
Bubble Sort,10000,3558,20264361,0.421785
Bubble Sort,10000,3559,20264362,0.422597
Bubble Sort,10000,3560,20264363,0.419846
Bubble Sort,10000,3561,20264364,0.42448
Bubble Sort,10000,3562,20264365,0.421938
Bubble Sort,10000,3563,20264366,0.42232
Bubble Sort,10000,3564,20264367,0.41112
Bubble Sort,10000,3565,20264368,0.423015
Bubble Sort,10000,3566,20264369,0.42224
Bubble Sort,10000,3567,20264370,0.421378
Bubble Sort,10000,3568,20264371,0.421982
Bubble Sort,10000,3569,20264372,0.42171
Bubble Sort,10000,3570,20264373,0.4228
Bubble Sort,10000,3571,20264374,0.42427
Bubble Sort,10000,3572,20264375,0.423151
Bubble Sort,10000,3573,20264376,0.421336
Bubble Sort,10000,3574,20264377,0.424382
Bubble Sort,10000,3575,20264378,0.423533
Bubble Sort,10000,3576,20264379,0.422566
Bubble Sort,10000,3577,20264380,0.421699
Bubble Sort,10000,3578,20264381,0.422855
Bubble Sort,10000,3579,20264382,0.421182
Bubble Sort,10000,3580,20264383,0.424658
Bubble Sort,10000,3581,20264384,0.424554
Bubble Sort,10000,3582,20264385,0.422387
Bubble Sort,10000,3583,20264386,0.423914
Bubble Sort,10000,3584,20264387,0.425896
Bubble Sort,10000,3585,20264388,0.425434
Bubble Sort,10000,3586,20264389,0.423366
Bubble Sort,10000,3587,20264390,0.421274
Bubble Sort,10000,3588,20264391,0.422369
Bubble Sort,10000,3589,20264392,0.422874
Bubble Sort,10000,3590,20264393,0.424234
Bubble Sort,10000,3591,20264394,0.425096
Bubble Sort,10000,3592,20264395,0.422252
Bubble Sort,10000,3593,20264396,0.421662
Bubble Sort,10000,3594,20264397,0.426326
Bubble Sort,10000,3595,20264398,0.423631
Bubble Sort,10000,3596,20264399,0.421932
Bubble Sort,10000,3597,20264400,0.422456
Bubble Sort,10000,3598,20264401,0.423403
Bubble Sort,10000,3599,20264402,0.423901
Bubble Sort,10000,3600,20264403,0.423612
Bubble Sort,10000,3601,20264404,0.422326
Bubble Sort,10000,3602,20264405,0.423945
Bubble Sort,10000,3603,20264406,0.421095
Bubble Sort,10000,3604,20264407,0.422831
Bubble Sort,10000,3605,20264408,0.422443
Bubble Sort,10000,3606,20264409,0.411895
Bubble Sort,10000,3607,20264410,0.421409
Bubble Sort,10000,3608,20264411,0.425594
Bubble Sort,10000,3609,20264412,0.422726
Bubble Sort,10000,3610,20264413,0.42256
Bubble Sort,10000,3611,20264414,0.424141
Bubble Sort,10000,3612,20264415,0.422123
Bubble Sort,10000,3613,20264416,0.424683
Bubble Sort,10000,3614,20264417,0.424456
Bubble Sort,10000,3615,20264418,0.424184
Bubble Sort,10000,3616,20264419,0.423969
Bubble Sort,10000,3617,20264420,0.423649
Bubble Sort,10000,3618,20264421,0.420603
Bubble Sort,10000,3619,20264422,0.421477
Bubble Sort,10000,3620,20264423,0.425587
Bubble Sort,10000,3621,20264424,0.423773
Bubble Sort,10000,3622,20264425,0.423255
Bubble Sort,10000,3623,20264426,0.42016
Bubble Sort,10000,3624,20264427,0.423656
Bubble Sort,10000,3625,20264428,0.424726
Bubble Sort,10000,3626,20264429,0.42624
Bubble Sort,10000,3627,20264430,0.409668
Bubble Sort,10000,3628,20264431,0.421656
Bubble Sort,10000,3629,20264432,0.421557
Bubble Sort,10000,3630,20264433,0.42456
Bubble Sort,10000,3631,20264434,0.422824
Bubble Sort,10000,3632,20264435,0.422406
Bubble Sort,10000,3633,20264436,0.420837
Bubble Sort,10000,3634,20264437,0.424911
Bubble Sort,10000,3635,20264438,0.422104
Bubble Sort,10000,3636,20264439,0.422677
Bubble Sort,10000,3637,20264440,0.424911
Bubble Sort,10000,3638,20264441,0.428892
Bubble Sort,10000,3639,20264442,0.411698
Bubble Sort,10000,3640,20264443,0.432973
Bubble Sort,10000,3641,20264444,0.417815
Bubble Sort,10000,3642,20264445,0.410252
Bubble Sort,10000,3643,20264446,0.426013
Bubble Sort,10000,3644,20264447,0.423347
Bubble Sort,10000,3645,20264448,0.423163
Bubble Sort,10000,3646,20264449,0.425372
Bubble Sort,10000,3647,20264450,0.423871
Bubble Sort,10000,3648,20264451,0.424456
Bubble Sort,10000,3649,20264452,0.426203
Bubble Sort,10000,3650,20264453,0.414917
Bubble Sort,10000,3651,20264454,0.427329
Bubble Sort,10000,3652,20264455,0.426929
Bubble Sort,10000,3653,20264456,0.424511
Bubble Sort,10000,3654,20264457,0.427342
Bubble Sort,10000,3655,20264458,0.421299
Bubble Sort,10000,3656,20264459,0.425071
Bubble Sort,10000,3657,20264460,0.423145
Bubble Sort,10000,3658,20264461,0.423483
Bubble Sort,10000,3659,20264462,0.425649
Bubble Sort,10000,3660,20264463,0.422382
Bubble Sort,10000,3661,20264464,0.431618
Bubble Sort,10000,3662,20264465,0.421699
Bubble Sort,10000,3663,20264466,0.425557
Bubble Sort,10000,3664,20264467,0.4252
Bubble Sort,10000,3665,20264468,0.426455
Bubble Sort,10000,3666,20264469,0.424419
Bubble Sort,10000,3667,20264470,0.422929
Bubble Sort,10000,3668,20264471,0.425877
Bubble Sort,10000,3669,20264472,0.424474
Bubble Sort,10000,3670,20264473,0.424184
Bubble Sort,10000,3671,20264474,0.425711
Bubble Sort,10000,3672,20264475,0.423526
Bubble Sort,10000,3673,20264476,0.425834
Bubble Sort,10000,3674,20264477,0.418954
Bubble Sort,10000,3675,20264478,0.422573
Bubble Sort,10000,3676,20264479,0.428191
Bubble Sort,10000,3677,20264480,0.421193
Bubble Sort,10000,3678,20264481,0.423336
Bubble Sort,10000,3679,20264482,0.424098
Bubble Sort,10000,3680,20264483,0.425206
Bubble Sort,10000,3681,20264484,0.423545
Bubble Sort,10000,3682,20264485,0.425797
Bubble Sort,10000,3683,20264486,0.426179
Bubble Sort,10000,3684,20264487,0.421095
Bubble Sort,10000,3685,20264488,0.42424
Bubble Sort,10000,3686,20264489,0.424456
Bubble Sort,10000,3687,20264490,0.426068
Bubble Sort,10000,3688,20264491,0.425157
Bubble Sort,10000,3689,20264492,0.423391
Bubble Sort,10000,3690,20264493,0.426061
Bubble Sort,10000,3691,20264494,0.425145
Bubble Sort,10000,3692,20264495,0.427717
Bubble Sort,10000,3693,20264496,0.422393
Bubble Sort,10000,3694,20264497,0.424917
Bubble Sort,10000,3695,20264498,0.409625
Bubble Sort,10000,3696,20264499,0.422258
Bubble Sort,10000,3697,20264500,0.426191
Bubble Sort,10000,3698,20264501,0.424259
Bubble Sort,10000,3699,20264502,0.423563
Bubble Sort,10000,3700,20264503,0.425071
Bubble Sort,10000,3701,20264504,0.423194
Bubble Sort,10000,3702,20264505,0.424129
Bubble Sort,10000,3703,20264506,0.425187
Bubble Sort,10000,3704,20264507,0.426228
Bubble Sort,10000,3705,20264508,0.426597
Bubble Sort,10000,3706,20264509,0.42355
Bubble Sort,10000,3707,20264510,0.425133
Bubble Sort,10000,3708,20264511,0.423575
Bubble Sort,10000,3709,20264512,0.421348
Bubble Sort,10000,3710,20264513,0.426074
Bubble Sort,10000,3711,20264514,0.421274
Bubble Sort,10000,3712,20264515,0.423674
Bubble Sort,10000,3713,20264516,0.427188
Bubble Sort,10000,3714,20264517,0.427772
Bubble Sort,10000,3715,20264518,0.428006
Bubble Sort,10000,3716,20264519,0.425569
Bubble Sort,10000,3717,20264520,0.427655
Bubble Sort,10000,3718,20264521,0.426344
Bubble Sort,10000,3719,20264522,0.423114
Bubble Sort,10000,3720,20264523,0.424443
Bubble Sort,10000,3721,20264524,0.425982
Bubble Sort,10000,3722,20264525,0.426234
Bubble Sort,10000,3723,20264526,0.425889
Bubble Sort,10000,3724,20264527,0.427982
Bubble Sort,10000,3725,20264528,0.426757
Bubble Sort,10000,3726,20264529,0.423292
Bubble Sort,10000,3727,20264530,0.408486
Bubble Sort,10000,3728,20264531,0.425144
Bubble Sort,10000,3729,20264532,0.411483
Bubble Sort,10000,3730,20264533,0.42653
Bubble Sort,10000,3731,20264534,0.426972
Bubble Sort,10000,3732,20264535,0.424689
Bubble Sort,10000,3733,20264536,0.421613
Bubble Sort,10000,3734,20264537,0.42448
Bubble Sort,10000,3735,20264538,0.428061
Bubble Sort,10000,3736,20264539,0.424769
Bubble Sort,10000,3737,20264540,0.425717
Bubble Sort,10000,3738,20264541,0.427299
Bubble Sort,10000,3739,20264542,0.423421
Bubble Sort,10000,3740,20264543,0.424714
Bubble Sort,10000,3741,20264544,0.426074
Bubble Sort,10000,3742,20264545,0.425034
Bubble Sort,10000,3743,20264546,0.427932
Bubble Sort,10000,3744,20264547,0.427766
Bubble Sort,10000,3745,20264548,0.427458
Bubble Sort,10000,3746,20264549,0.422375
Bubble Sort,10000,3747,20264550,0.427391
Bubble Sort,10000,3748,20264551,0.422837
Bubble Sort,10000,3749,20264552,0.422702
Bubble Sort,10000,3750,20264553,0.425397
Bubble Sort,10000,3751,20264554,0.422314
Bubble Sort,10000,3752,20264555,0.425267
Bubble Sort,10000,3753,20264556,0.424456
Bubble Sort,10000,3754,20264557,0.42328
Bubble Sort,10000,3755,20264558,0.423735
Bubble Sort,10000,3756,20264559,0.420911
Bubble Sort,10000,3757,20264560,0.423981
Bubble Sort,10000,3758,20264561,0.422942
Bubble Sort,10000,3759,20264562,0.426264
Bubble Sort,10000,3760,20264563,0.425637
Bubble Sort,10000,3761,20264564,0.42419
Bubble Sort,10000,3762,20264565,0.424647
Bubble Sort,10000,3763,20264566,0.455809
Bubble Sort,10000,3764,20264567,0.427126
Bubble Sort,10000,3765,20264568,0.422443
Bubble Sort,10000,3766,20264569,0.424763
Bubble Sort,10000,3767,20264570,0.42531
Bubble Sort,10000,3768,20264571,0.426197
Bubble Sort,10000,3769,20264572,0.423046
Bubble Sort,10000,3770,20264573,0.423237
Bubble Sort,10000,3771,20264574,0.426831
Bubble Sort,10000,3772,20264575,0.424769
Bubble Sort,10000,3773,20264576,0.423145
Bubble Sort,10000,3774,20264577,0.424646
Bubble Sort,10000,3775,20264578,0.422154
Bubble Sort,10000,3776,20264579,0.451065
Bubble Sort,10000,3777,20264580,0.413619
Bubble Sort,10000,3778,20264581,0.4244
Bubble Sort,10000,3779,20264582,0.423723
Bubble Sort,10000,3780,20264583,0.427606
Bubble Sort,10000,3781,20264584,0.424314
Bubble Sort,10000,3782,20264585,0.423274
Bubble Sort,10000,3783,20264586,0.425618
Bubble Sort,10000,3784,20264587,0.427822
Bubble Sort,10000,3785,20264588,0.421138
Bubble Sort,10000,3786,20264589,0.422449
Bubble Sort,10000,3787,20264590,0.424529
Bubble Sort,10000,3788,20264591,0.425489
Bubble Sort,10000,3789,20264592,0.419206
Bubble Sort,10000,3790,20264593,0.42368
Bubble Sort,10000,3791,20264594,0.425335
Bubble Sort,10000,3792,20264595,0.421379
Bubble Sort,10000,3793,20264596,0.424074
Bubble Sort,10000,3794,20264597,0.425243
Bubble Sort,10000,3795,20264598,0.427403
Bubble Sort,10000,3796,20264599,0.422067
Bubble Sort,10000,3797,20264600,0.427569
Bubble Sort,10000,3798,20264601,0.426381
Bubble Sort,10000,3799,20264602,0.407944
Bubble Sort,10000,3800,20264603,0.426123
Bubble Sort,10000,3801,20264604,0.426055
Bubble Sort,10000,3802,20264605,0.425138
Bubble Sort,10000,3803,20264606,0.42736
Bubble Sort,10000,3804,20264607,0.425071
Bubble Sort,10000,3805,20264608,0.422566
Bubble Sort,10000,3806,20264609,0.424468
Bubble Sort,10000,3807,20264610,0.429705
Bubble Sort,10000,3808,20264611,0.41061
Bubble Sort,10000,3809,20264612,0.42
Bubble Sort,10000,3810,20264613,0.422652
Bubble Sort,10000,3811,20264614,0.430443
Bubble Sort,10000,3812,20264615,0.4232
Bubble Sort,10000,3813,20264616,0.425569
Bubble Sort,10000,3814,20264617,0.420702
Bubble Sort,10000,3815,20264618,0.423815
Bubble Sort,10000,3816,20264619,0.426338
Bubble Sort,10000,3817,20264620,0.42104
Bubble Sort,10000,3818,20264621,0.423465
Bubble Sort,10000,3819,20264622,0.420628
Bubble Sort,10000,3820,20264623,0.424394
Bubble Sort,10000,3821,20264624,0.4236
Bubble Sort,10000,3822,20264625,0.423231
Bubble Sort,10000,3823,20264626,0.421649
Bubble Sort,10000,3824,20264627,0.424658
Bubble Sort,10000,3825,20264628,0.422381
Bubble Sort,10000,3826,20264629,0.423409
Bubble Sort,10000,3827,20264630,0.422769
Bubble Sort,10000,3828,20264631,0.422209
Bubble Sort,10000,3829,20264632,0.422818
Bubble Sort,10000,3830,20264633,0.421465
Bubble Sort,10000,3831,20264634,0.423053
Bubble Sort,10000,3832,20264635,0.420775
Bubble Sort,10000,3833,20264636,0.424179
Bubble Sort,10000,3834,20264637,0.420339
Bubble Sort,10000,3835,20264638,0.424221
Bubble Sort,10000,3836,20264639,0.423022
Bubble Sort,10000,3837,20264640,0.423028
Bubble Sort,10000,3838,20264641,0.422886
Bubble Sort,10000,3839,20264642,0.422696
Bubble Sort,10000,3840,20264643,0.422916
Bubble Sort,10000,3841,20264644,0.423181
Bubble Sort,10000,3842,20264645,0.425428
Bubble Sort,10000,3843,20264646,0.425428
Bubble Sort,10000,3844,20264647,0.417809
Bubble Sort,10000,3845,20264648,0.422141
Bubble Sort,10000,3846,20264649,0.422658
Bubble Sort,10000,3847,20264650,0.425311
Bubble Sort,10000,3848,20264651,0.424018
Bubble Sort,10000,3849,20264652,0.42336
Bubble Sort,10000,3850,20264653,0.423557
Bubble Sort,10000,3851,20264654,0.426258
Bubble Sort,10000,3852,20264655,0.426025
Bubble Sort,10000,3853,20264656,0.424652
Bubble Sort,10000,3854,20264657,0.422997
Bubble Sort,10000,3855,20264658,0.423711
Bubble Sort,10000,3856,20264659,0.424806
Bubble Sort,10000,3857,20264660,0.424259
Bubble Sort,10000,3858,20264661,0.423667
Bubble Sort,10000,3859,20264662,0.422529
Bubble Sort,10000,3860,20264663,0.425434
Bubble Sort,10000,3861,20264664,0.422535
Bubble Sort,10000,3862,20264665,0.42205
Bubble Sort,10000,3863,20264666,0.421939
Bubble Sort,10000,3864,20264667,0.42304
Bubble Sort,10000,3865,20264668,0.410603
Bubble Sort,10000,3866,20264669,0.421889
Bubble Sort,10000,3867,20264670,0.422788
Bubble Sort,10000,3868,20264671,0.423809
Bubble Sort,10000,3869,20264672,0.423686
Bubble Sort,10000,3870,20264673,0.424787
Bubble Sort,10000,3871,20264674,0.426579
Bubble Sort,10000,3872,20264675,0.425502
Bubble Sort,10000,3873,20264676,0.428073
Bubble Sort,10000,3874,20264677,0.425613
Bubble Sort,10000,3875,20264678,0.424763
Bubble Sort,10000,3876,20264679,0.42264
Bubble Sort,10000,3877,20264680,0.427687
Bubble Sort,10000,3878,20264681,0.42488
Bubble Sort,10000,3879,20264682,0.425907
Bubble Sort,10000,3880,20264683,0.425095
Bubble Sort,10000,3881,20264684,0.42504
Bubble Sort,10000,3882,20264685,0.423649
Bubble Sort,10000,3883,20264686,0.422849
Bubble Sort,10000,3884,20264687,0.422677
Bubble Sort,10000,3885,20264688,0.42536
Bubble Sort,10000,3886,20264689,0.425336
Bubble Sort,10000,3887,20264690,0.422252
Bubble Sort,10000,3888,20264691,0.424111
Bubble Sort,10000,3889,20264692,0.425225
Bubble Sort,10000,3890,20264693,0.42536
Bubble Sort,10000,3891,20264694,0.425508
Bubble Sort,10000,3892,20264695,0.421009
Bubble Sort,10000,3893,20264696,0.426444
Bubble Sort,10000,3894,20264697,0.422104
Bubble Sort,10000,3895,20264698,0.423643
Bubble Sort,10000,3896,20264699,0.426178
Bubble Sort,10000,3897,20264700,0.425181
Bubble Sort,10000,3898,20264701,0.422689
Bubble Sort,10000,3899,20264702,0.449933
Bubble Sort,10000,3900,20264703,0.423723
Bubble Sort,10000,3901,20264704,0.419963
Bubble Sort,10000,3902,20264705,0.412037
Bubble Sort,10000,3903,20264706,0.4204
Bubble Sort,10000,3904,20264707,0.413237
Bubble Sort,10000,3905,20264708,0.422689
Bubble Sort,10000,3906,20264709,0.424068
Bubble Sort,10000,3907,20264710,0.422905
Bubble Sort,10000,3908,20264711,0.424911
Bubble Sort,10000,3909,20264712,0.423741
Bubble Sort,10000,3910,20264713,0.427391
Bubble Sort,10000,3911,20264714,0.424659
Bubble Sort,10000,3912,20264715,0.424474
Bubble Sort,10000,3913,20264716,0.42744
Bubble Sort,10000,3914,20264717,0.422824
Bubble Sort,10000,3915,20264718,0.422228
Bubble Sort,10000,3916,20264719,0.425077
Bubble Sort,10000,3917,20264720,0.424302
Bubble Sort,10000,3918,20264721,0.419427
Bubble Sort,10000,3919,20264722,0.423563
Bubble Sort,10000,3920,20264723,0.426345
Bubble Sort,10000,3921,20264724,0.422843
Bubble Sort,10000,3922,20264725,0.423809
Bubble Sort,10000,3923,20264726,0.422013
Bubble Sort,10000,3924,20264727,0.422579
Bubble Sort,10000,3925,20264728,0.420757
Bubble Sort,10000,3926,20264729,0.424216
Bubble Sort,10000,3927,20264730,0.421661
Bubble Sort,10000,3928,20264731,0.423933
Bubble Sort,10000,3929,20264732,0.424467
Bubble Sort,10000,3930,20264733,0.425563
Bubble Sort,10000,3931,20264734,0.423397
Bubble Sort,10000,3932,20264735,0.425298
Bubble Sort,10000,3933,20264736,0.418333
Bubble Sort,10000,3934,20264737,0.428332
Bubble Sort,10000,3935,20264738,0.424333
Bubble Sort,10000,3936,20264739,0.424788
Bubble Sort,10000,3937,20264740,0.425458
Bubble Sort,10000,3938,20264741,0.427415
Bubble Sort,10000,3939,20264742,0.423526
Bubble Sort,10000,3940,20264743,0.425059
Bubble Sort,10000,3941,20264744,0.425871
Bubble Sort,10000,3942,20264745,0.42744
Bubble Sort,10000,3943,20264746,0.425003
Bubble Sort,10000,3944,20264747,0.423212
Bubble Sort,10000,3945,20264748,0.42523
Bubble Sort,10000,3946,20264749,0.426726
Bubble Sort,10000,3947,20264750,0.424671
Bubble Sort,10000,3948,20264751,0.427372
Bubble Sort,10000,3949,20264752,0.426394
Bubble Sort,10000,3950,20264753,0.420376
Bubble Sort,10000,3951,20264754,0.423385
Bubble Sort,10000,3952,20264755,0.426099
Bubble Sort,10000,3953,20264756,0.423853
Bubble Sort,10000,3954,20264757,0.423046
Bubble Sort,10000,3955,20264758,0.425157
Bubble Sort,10000,3956,20264759,0.426376
Bubble Sort,10000,3957,20264760,0.424184
Bubble Sort,10000,3958,20264761,0.424105
Bubble Sort,10000,3959,20264762,0.423341
Bubble Sort,10000,3960,20264763,0.424991
Bubble Sort,10000,3961,20264764,0.426357
Bubble Sort,10000,3962,20264765,0.423662
Bubble Sort,10000,3963,20264766,0.42611
Bubble Sort,10000,3964,20264767,0.423144
Bubble Sort,10000,3965,20264768,0.425975
Bubble Sort,10000,3966,20264769,0.422701
Bubble Sort,10000,3967,20264770,0.423397
Bubble Sort,10000,3968,20264771,0.425305
Bubble Sort,10000,3969,20264772,0.424707
Bubble Sort,10000,3970,20264773,0.423736
Bubble Sort,10000,3971,20264774,0.422148
Bubble Sort,10000,3972,20264775,0.426671
Bubble Sort,10000,3973,20264776,0.423809
Bubble Sort,10000,3974,20264777,0.422879
Bubble Sort,10000,3975,20264778,0.424671
Bubble Sort,10000,3976,20264779,0.430492
Bubble Sort,10000,3977,20264780,0.43005
Bubble Sort,10000,3978,20264781,0.420166
Bubble Sort,10000,3979,20264782,0.415711
Bubble Sort,10000,3980,20264783,0.409717
Bubble Sort,10000,3981,20264784,0.429243
Bubble Sort,10000,3982,20264785,0.426332
Bubble Sort,10000,3983,20264786,0.428339
Bubble Sort,10000,3984,20264787,0.423581
Bubble Sort,10000,3985,20264788,0.426616
Bubble Sort,10000,3986,20264789,0.425741
Bubble Sort,10000,3987,20264790,0.424855
Bubble Sort,10000,3988,20264791,0.415773
Bubble Sort,10000,3989,20264792,0.421447
Bubble Sort,10000,3990,20264793,0.425649
Bubble Sort,10000,3991,20264794,0.428006
Bubble Sort,10000,3992,20264795,0.422553
Bubble Sort,10000,3993,20264796,0.426056
Bubble Sort,10000,3994,20264797,0.428258
Bubble Sort,10000,3995,20264798,0.425477
Bubble Sort,10000,3996,20264799,0.42693
Bubble Sort,10000,3997,20264800,0.42613
Bubble Sort,10000,3998,20264801,0.425452
Bubble Sort,10000,3999,20264802,0.424166
Bubble Sort,10000,4000,20264803,0.426695
Bubble Sort,10000,4001,20264804,0.425335
Bubble Sort,10000,4002,20264805,0.424517
Bubble Sort,10000,4003,20264806,0.423865
Bubble Sort,10000,4004,20264807,0.428597
Bubble Sort,10000,4005,20264808,0.42376
Bubble Sort,10000,4006,20264809,0.426473
Bubble Sort,10000,4007,20264810,0.426996
Bubble Sort,10000,4008,20264811,0.4236
Bubble Sort,10000,4009,20264812,0.423194
Bubble Sort,10000,4010,20264813,0.425754
Bubble Sort,10000,4011,20264814,0.423625
Bubble Sort,10000,4012,20264815,0.423649
Bubble Sort,10000,4013,20264816,0.423501
Bubble Sort,10000,4014,20264817,0.42195
Bubble Sort,10000,4015,20264818,0.425877
Bubble Sort,10000,4016,20264819,0.420566
Bubble Sort,10000,4017,20264820,0.424689
Bubble Sort,10000,4018,20264821,0.429477
Bubble Sort,10000,4019,20264822,0.427661
Bubble Sort,10000,4020,20264823,0.424369
Bubble Sort,10000,4021,20264824,0.424948
Bubble Sort,10000,4022,20264825,0.417194
Bubble Sort,10000,4023,20264826,0.424141
Bubble Sort,10000,4024,20264827,0.423544
Bubble Sort,10000,4025,20264828,0.423144
Bubble Sort,10000,4026,20264829,0.423957
Bubble Sort,10000,4027,20264830,0.426708
Bubble Sort,10000,4028,20264831,0.421969
Bubble Sort,10000,4029,20264832,0.422006
Bubble Sort,10000,4030,20264833,0.425631
Bubble Sort,10000,4031,20264834,0.412178
Bubble Sort,10000,4032,20264835,0.421427
Bubble Sort,10000,4033,20264836,0.421982
Bubble Sort,10000,4034,20264837,0.423821
Bubble Sort,10000,4035,20264838,0.447181
Bubble Sort,10000,4036,20264839,0.423545
Bubble Sort,10000,4037,20264840,0.423815
Bubble Sort,10000,4038,20264841,0.423366
Bubble Sort,10000,4039,20264842,0.425187
Bubble Sort,10000,4040,20264843,0.42229
Bubble Sort,10000,4041,20264844,0.426554
Bubble Sort,10000,4042,20264845,0.420326
Bubble Sort,10000,4043,20264846,0.424671
Bubble Sort,10000,4044,20264847,0.422585
Bubble Sort,10000,4045,20264848,0.422837
Bubble Sort,10000,4046,20264849,0.426012
Bubble Sort,10000,4047,20264850,0.425483
Bubble Sort,10000,4048,20264851,0.424991
Bubble Sort,10000,4049,20264852,0.42467
Bubble Sort,10000,4050,20264853,0.425446
Bubble Sort,10000,4051,20264854,0.425336
Bubble Sort,10000,4052,20264855,0.42592
Bubble Sort,10000,4053,20264856,0.424068
Bubble Sort,10000,4054,20264857,0.422966
Bubble Sort,10000,4055,20264858,0.423871
Bubble Sort,10000,4056,20264859,0.41653
Bubble Sort,10000,4057,20264860,0.425489
Bubble Sort,10000,4058,20264861,0.423957
Bubble Sort,10000,4059,20264862,0.425299
Bubble Sort,10000,4060,20264863,0.4232
Bubble Sort,10000,4061,20264864,0.4252
Bubble Sort,10000,4062,20264865,0.425182
Bubble Sort,10000,4063,20264866,0.422806
Bubble Sort,10000,4064,20264867,0.425938
Bubble Sort,10000,4065,20264868,0.4228
Bubble Sort,10000,4066,20264869,0.425526
Bubble Sort,10000,4067,20264870,0.421773
Bubble Sort,10000,4068,20264871,0.422591
Bubble Sort,10000,4069,20264872,0.42152
Bubble Sort,10000,4070,20264873,0.425452
Bubble Sort,10000,4071,20264874,0.42288
Bubble Sort,10000,4072,20264875,0.424418
Bubble Sort,10000,4073,20264876,0.424024
Bubble Sort,10000,4074,20264877,0.425046
Bubble Sort,10000,4075,20264878,0.419785
Bubble Sort,10000,4076,20264879,0.423083
Bubble Sort,10000,4077,20264880,0.416689
Bubble Sort,10000,4078,20264881,0.426277
Bubble Sort,10000,4079,20264882,0.424037
Bubble Sort,10000,4080,20264883,0.426381
Bubble Sort,10000,4081,20264884,0.422695
Bubble Sort,10000,4082,20264885,0.425231
Bubble Sort,10000,4083,20264886,0.422203
Bubble Sort,10000,4084,20264887,0.422437
Bubble Sort,10000,4085,20264888,0.425132
Bubble Sort,10000,4086,20264889,0.424652
Bubble Sort,10000,4087,20264890,0.424523
Bubble Sort,10000,4088,20264891,0.425981
Bubble Sort,10000,4089,20264892,0.42704
Bubble Sort,10000,4090,20264893,0.424806
Bubble Sort,10000,4091,20264894,0.420148
Bubble Sort,10000,4092,20264895,0.423637
Bubble Sort,10000,4093,20264896,0.425139
Bubble Sort,10000,4094,20264897,0.42123
Bubble Sort,10000,4095,20264898,0.423982
Bubble Sort,10000,4096,20264899,0.42355
Bubble Sort,10000,4097,20264900,0.423415
Bubble Sort,10000,4098,20264901,0.418259
Bubble Sort,10000,4099,20264902,0.424012
Bubble Sort,10000,4100,20264903,0.42435
Bubble Sort,10000,4101,20264904,0.423354
Bubble Sort,10000,4102,20264905,0.421083
Bubble Sort,10000,4103,20264906,0.421741
Bubble Sort,10000,4104,20264907,0.425243
Bubble Sort,10000,4105,20264908,0.426148
Bubble Sort,10000,4106,20264909,0.423403
Bubble Sort,10000,4107,20264910,0.422862
Bubble Sort,10000,4108,20264911,0.426135
Bubble Sort,10000,4109,20264912,0.42293
Bubble Sort,10000,4110,20264913,0.423563
Bubble Sort,10000,4111,20264914,0.42251
Bubble Sort,10000,4112,20264915,0.427526
Bubble Sort,10000,4113,20264916,0.424044
Bubble Sort,10000,4114,20264917,0.423459
Bubble Sort,10000,4115,20264918,0.426443
Bubble Sort,10000,4116,20264919,0.424775
Bubble Sort,10000,4117,20264920,0.421668
Bubble Sort,10000,4118,20264921,0.424356
Bubble Sort,10000,4119,20264922,0.418332
Bubble Sort,10000,4120,20264923,0.426923
Bubble Sort,10000,4121,20264924,0.425237
Bubble Sort,10000,4122,20264925,0.425396
Bubble Sort,10000,4123,20264926,0.432941
Bubble Sort,10000,4124,20264927,0.422216
Bubble Sort,10000,4125,20264928,0.422394
Bubble Sort,10000,4126,20264929,0.42413
Bubble Sort,10000,4127,20264930,0.423772
Bubble Sort,10000,4128,20264931,0.426203
Bubble Sort,10000,4129,20264932,0.424511
Bubble Sort,10000,4130,20264933,0.428006
Bubble Sort,10000,4131,20264934,0.425329
Bubble Sort,10000,4132,20264935,0.413182
Bubble Sort,10000,4133,20264936,0.425631
Bubble Sort,10000,4134,20264937,0.426111
Bubble Sort,10000,4135,20264938,0.427815
Bubble Sort,10000,4136,20264939,0.426431
Bubble Sort,10000,4137,20264940,0.427748
Bubble Sort,10000,4138,20264941,0.423711
Bubble Sort,10000,4139,20264942,0.424061
Bubble Sort,10000,4140,20264943,0.425095
Bubble Sort,10000,4141,20264944,0.425378
Bubble Sort,10000,4142,20264945,0.425484
Bubble Sort,10000,4143,20264946,0.423293
Bubble Sort,10000,4144,20264947,0.426407
Bubble Sort,10000,4145,20264948,0.427304
Bubble Sort,10000,4146,20264949,0.426837
Bubble Sort,10000,4147,20264950,0.416006
Bubble Sort,10000,4148,20264951,0.419089
Bubble Sort,10000,4149,20264952,0.408917
Bubble Sort,10000,4150,20264953,0.423181
Bubble Sort,10000,4151,20264954,0.425015
Bubble Sort,10000,4152,20264955,0.425827
Bubble Sort,10000,4153,20264956,0.42344
Bubble Sort,10000,4154,20264957,0.424486
Bubble Sort,10000,4155,20264958,0.424745
Bubble Sort,10000,4156,20264959,0.423353
Bubble Sort,10000,4157,20264960,0.421373
Bubble Sort,10000,4158,20264961,0.457655
Bubble Sort,10000,4159,20264962,0.422357
Bubble Sort,10000,4160,20264963,0.42472
Bubble Sort,10000,4161,20264964,0.424043
Bubble Sort,10000,4162,20264965,0.425889
Bubble Sort,10000,4163,20264966,0.4232
Bubble Sort,10000,4164,20264967,0.425304
Bubble Sort,10000,4165,20264968,0.423865
Bubble Sort,10000,4166,20264969,0.425778
Bubble Sort,10000,4167,20264970,0.42595
Bubble Sort,10000,4168,20264971,0.42184
Bubble Sort,10000,4169,20264972,0.426012
Bubble Sort,10000,4170,20264973,0.431027
Bubble Sort,10000,4171,20264974,0.425889
Bubble Sort,10000,4172,20264975,0.424357
Bubble Sort,10000,4173,20264976,0.424431
Bubble Sort,10000,4174,20264977,0.423865
Bubble Sort,10000,4175,20264978,0.424074
Bubble Sort,10000,4176,20264979,0.423569
Bubble Sort,10000,4177,20264980,0.423366
Bubble Sort,10000,4178,20264981,0.422517
Bubble Sort,10000,4179,20264982,0.409409
Bubble Sort,10000,4180,20264983,0.423859
Bubble Sort,10000,4181,20264984,0.424394
Bubble Sort,10000,4182,20264985,0.42376
Bubble Sort,10000,4183,20264986,0.422837
Bubble Sort,10000,4184,20264987,0.424787
Bubble Sort,10000,4185,20264988,0.42437
Bubble Sort,10000,4186,20264989,0.421243
Bubble Sort,10000,4187,20264990,0.425606
Bubble Sort,10000,4188,20264991,0.427828
Bubble Sort,10000,4189,20264992,0.421692
Bubble Sort,10000,4190,20264993,0.421699
Bubble Sort,10000,4191,20264994,0.42272
Bubble Sort,10000,4192,20264995,0.423464
Bubble Sort,10000,4193,20264996,0.422892
Bubble Sort,10000,4194,20264997,0.41992
Bubble Sort,10000,4195,20264998,0.422271
Bubble Sort,10000,4196,20264999,0.423932
Bubble Sort,10000,4197,20265000,0.424172
Bubble Sort,10000,4198,20265001,0.425255
Bubble Sort,10000,4199,20265002,0.421686
Bubble Sort,10000,4200,20265003,0.428461
Bubble Sort,10000,4201,20265004,0.424492
Bubble Sort,10000,4202,20265005,0.421846
Bubble Sort,10000,4203,20265006,0.425268
Bubble Sort,10000,4204,20265007,0.425305
Bubble Sort,10000,4205,20265008,0.423225
Bubble Sort,10000,4206,20265009,0.424153
Bubble Sort,10000,4207,20265010,0.425926
Bubble Sort,10000,4208,20265011,0.422984
Bubble Sort,10000,4209,20265012,0.424425
Bubble Sort,10000,4210,20265013,0.42072
Bubble Sort,10000,4211,20265014,0.425673
Bubble Sort,10000,4212,20265015,0.426184
Bubble Sort,10000,4213,20265016,0.425409
Bubble Sort,10000,4214,20265017,0.422
Bubble Sort,10000,4215,20265018,0.422677
Bubble Sort,10000,4216,20265019,0.425464
Bubble Sort,10000,4217,20265020,0.426012
Bubble Sort,10000,4218,20265021,0.426141
Bubble Sort,10000,4219,20265022,0.425219
Bubble Sort,10000,4220,20265023,0.42557
Bubble Sort,10000,4221,20265024,0.428191
Bubble Sort,10000,4222,20265025,0.424117
Bubble Sort,10000,4223,20265026,0.424492
Bubble Sort,10000,4224,20265027,0.423932
Bubble Sort,10000,4225,20265028,0.422086
Bubble Sort,10000,4226,20265029,0.423864
Bubble Sort,10000,4227,20265030,0.421945
Bubble Sort,10000,4228,20265031,0.423477
Bubble Sort,10000,4229,20265032,0.423871
Bubble Sort,10000,4230,20265033,0.424092
Bubble Sort,10000,4231,20265034,0.422991
Bubble Sort,10000,4232,20265035,0.423988
Bubble Sort,10000,4233,20265036,0.426098
Bubble Sort,10000,4234,20265037,0.4116
Bubble Sort,10000,4235,20265038,0.424794
Bubble Sort,10000,4236,20265039,0.422763
Bubble Sort,10000,4237,20265040,0.42424
Bubble Sort,10000,4238,20265041,0.423901
Bubble Sort,10000,4239,20265042,0.425834
Bubble Sort,10000,4240,20265043,0.425803
Bubble Sort,10000,4241,20265044,0.423114
Bubble Sort,10000,4242,20265045,0.427132
Bubble Sort,10000,4243,20265046,0.422923
Bubble Sort,10000,4244,20265047,0.42384
Bubble Sort,10000,4245,20265048,0.42579
Bubble Sort,10000,4246,20265049,0.420701
Bubble Sort,10000,4247,20265050,0.42784
Bubble Sort,10000,4248,20265051,0.424357
Bubble Sort,10000,4249,20265052,0.423588
Bubble Sort,10000,4250,20265053,0.426234
Bubble Sort,10000,4251,20265054,0.424388
Bubble Sort,10000,4252,20265055,0.409668
Bubble Sort,10000,4253,20265056,0.424794
Bubble Sort,10000,4254,20265057,0.423268
Bubble Sort,10000,4255,20265058,0.418511
Bubble Sort,10000,4256,20265059,0.425508
Bubble Sort,10000,4257,20265060,0.425458
Bubble Sort,10000,4258,20265061,0.423723
Bubble Sort,10000,4259,20265062,0.423667
Bubble Sort,10000,4260,20265063,0.424873
Bubble Sort,10000,4261,20265064,0.408406
Bubble Sort,10000,4262,20265065,0.424283
Bubble Sort,10000,4263,20265066,0.427723
Bubble Sort,10000,4264,20265067,0.427083
Bubble Sort,10000,4265,20265068,0.423471
Bubble Sort,10000,4266,20265069,0.427803
Bubble Sort,10000,4267,20265070,0.425212
Bubble Sort,10000,4268,20265071,0.426068
Bubble Sort,10000,4269,20265072,0.424179
Bubble Sort,10000,4270,20265073,0.422191
Bubble Sort,10000,4271,20265074,0.4264
Bubble Sort,10000,4272,20265075,0.426874
Bubble Sort,10000,4273,20265076,0.423151
Bubble Sort,10000,4274,20265077,0.428615
Bubble Sort,10000,4275,20265078,0.421483
Bubble Sort,10000,4276,20265079,0.423871
Bubble Sort,10000,4277,20265080,0.423083
Bubble Sort,10000,4278,20265081,0.428012
Bubble Sort,10000,4279,20265082,0.422899
Bubble Sort,10000,4280,20265083,0.425089
Bubble Sort,10000,4281,20265084,0.426049
Bubble Sort,10000,4282,20265085,0.421237
Bubble Sort,10000,4283,20265086,0.423655
Bubble Sort,10000,4284,20265087,0.424233
Bubble Sort,10000,4285,20265088,0.414013
Bubble Sort,10000,4286,20265089,0.423957
Bubble Sort,10000,4287,20265090,0.423305
Bubble Sort,10000,4288,20265091,0.424917
Bubble Sort,10000,4289,20265092,0.414264
Bubble Sort,10000,4290,20265093,0.426856
Bubble Sort,10000,4291,20265094,0.429114
Bubble Sort,10000,4292,20265095,0.426529
Bubble Sort,10000,4293,20265096,0.423446
Bubble Sort,10000,4294,20265097,0.423354
Bubble Sort,10000,4295,20265098,0.427606
Bubble Sort,10000,4296,20265099,0.423452
Bubble Sort,10000,4297,20265100,0.428295
Bubble Sort,10000,4298,20265101,0.42285
Bubble Sort,10000,4299,20265102,0.421594
Bubble Sort,10000,4300,20265103,0.423852
Bubble Sort,10000,4301,20265104,0.424788
Bubble Sort,10000,4302,20265105,0.42352
Bubble Sort,10000,4303,20265106,0.426874
Bubble Sort,10000,4304,20265107,0.42568
Bubble Sort,10000,4305,20265108,0.423944
Bubble Sort,10000,4306,20265109,0.425847
Bubble Sort,10000,4307,20265110,0.423046
Bubble Sort,10000,4308,20265111,0.417298
Bubble Sort,10000,4309,20265112,0.42688
Bubble Sort,10000,4310,20265113,0.428659
Bubble Sort,10000,4311,20265114,0.4236
Bubble Sort,10000,4312,20265115,0.423335
Bubble Sort,10000,4313,20265116,0.423274
Bubble Sort,10000,4314,20265117,0.409649
Bubble Sort,10000,4315,20265118,0.445231
Bubble Sort,10000,4316,20265119,0.420616
Bubble Sort,10000,4317,20265120,0.419255
Bubble Sort,10000,4318,20265121,0.429539
Bubble Sort,10000,4319,20265122,0.425797
Bubble Sort,10000,4320,20265123,0.426369
Bubble Sort,10000,4321,20265124,0.423575
Bubble Sort,10000,4322,20265125,0.42544
Bubble Sort,10000,4323,20265126,0.428431
Bubble Sort,10000,4324,20265127,0.423133
Bubble Sort,10000,4325,20265128,0.425329
Bubble Sort,10000,4326,20265129,0.425625
Bubble Sort,10000,4327,20265130,0.423004
Bubble Sort,10000,4328,20265131,0.421815
Bubble Sort,10000,4329,20265132,0.425372
Bubble Sort,10000,4330,20265133,0.426517
Bubble Sort,10000,4331,20265134,0.421434
Bubble Sort,10000,4332,20265135,0.428203
Bubble Sort,10000,4333,20265136,0.423569
Bubble Sort,10000,4334,20265137,0.427747
Bubble Sort,10000,4335,20265138,0.42493
Bubble Sort,10000,4336,20265139,0.451348
Bubble Sort,10000,4337,20265140,0.429748
Bubble Sort,10000,4338,20265141,0.424418
Bubble Sort,10000,4339,20265142,0.425139
Bubble Sort,10000,4340,20265143,0.421846
Bubble Sort,10000,4341,20265144,0.422652
Bubble Sort,10000,4342,20265145,0.42421
Bubble Sort,10000,4343,20265146,0.424603
Bubble Sort,10000,4344,20265147,0.425261
Bubble Sort,10000,4345,20265148,0.422763
Bubble Sort,10000,4346,20265149,0.423403
Bubble Sort,10000,4347,20265150,0.423132
Bubble Sort,10000,4348,20265151,0.423859
Bubble Sort,10000,4349,20265152,0.424591
Bubble Sort,10000,4350,20265153,0.427077
Bubble Sort,10000,4351,20265154,0.423563
Bubble Sort,10000,4352,20265155,0.42432
Bubble Sort,10000,4353,20265156,0.425637
Bubble Sort,10000,4354,20265157,0.42376
Bubble Sort,10000,4355,20265158,0.42408
Bubble Sort,10000,4356,20265159,0.421427
Bubble Sort,10000,4357,20265160,0.427446
Bubble Sort,10000,4358,20265161,0.423249
Bubble Sort,10000,4359,20265162,0.426824
Bubble Sort,10000,4360,20265163,0.424117
Bubble Sort,10000,4361,20265164,0.419895
Bubble Sort,10000,4362,20265165,0.423489
Bubble Sort,10000,4363,20265166,0.423286
Bubble Sort,10000,4364,20265167,0.4244
Bubble Sort,10000,4365,20265168,0.422327
Bubble Sort,10000,4366,20265169,0.423612
Bubble Sort,10000,4367,20265170,0.423458
Bubble Sort,10000,4368,20265171,0.424683
Bubble Sort,10000,4369,20265172,0.427108
Bubble Sort,10000,4370,20265173,0.414326
Bubble Sort,10000,4371,20265174,0.422923
Bubble Sort,10000,4372,20265175,0.422333
Bubble Sort,10000,4373,20265176,0.422763
Bubble Sort,10000,4374,20265177,0.423052
Bubble Sort,10000,4375,20265178,0.42488
Bubble Sort,10000,4376,20265179,0.428499
Bubble Sort,10000,4377,20265180,0.423139
Bubble Sort,10000,4378,20265181,0.426769
Bubble Sort,10000,4379,20265182,0.423618
Bubble Sort,10000,4380,20265183,0.423181
Bubble Sort,10000,4381,20265184,0.421803
Bubble Sort,10000,4382,20265185,0.422658
Bubble Sort,10000,4383,20265186,0.423994
Bubble Sort,10000,4384,20265187,0.421982
Bubble Sort,10000,4385,20265188,0.426492
Bubble Sort,10000,4386,20265189,0.425163
Bubble Sort,10000,4387,20265190,0.422628
Bubble Sort,10000,4388,20265191,0.4252
Bubble Sort,10000,4389,20265192,0.420985
Bubble Sort,10000,4390,20265193,0.42693
Bubble Sort,10000,4391,20265194,0.431453
Bubble Sort,10000,4392,20265195,0.423459
Bubble Sort,10000,4393,20265196,0.424221
Bubble Sort,10000,4394,20265197,0.421453
Bubble Sort,10000,4395,20265198,0.426284
Bubble Sort,10000,4396,20265199,0.428861
Bubble Sort,10000,4397,20265200,0.429194
Bubble Sort,10000,4398,20265201,0.42365
Bubble Sort,10000,4399,20265202,0.424529
Bubble Sort,10000,4400,20265203,0.424172
Bubble Sort,10000,4401,20265204,0.424911
Bubble Sort,10000,4402,20265205,0.424178
Bubble Sort,10000,4403,20265206,0.427594
Bubble Sort,10000,4404,20265207,0.418517
Bubble Sort,10000,4405,20265208,0.425834
Bubble Sort,10000,4406,20265209,0.42331
Bubble Sort,10000,4407,20265210,0.426671
Bubble Sort,10000,4408,20265211,0.426018
Bubble Sort,10000,4409,20265212,0.424486
Bubble Sort,10000,4410,20265213,0.423262
Bubble Sort,10000,4411,20265214,0.414954
Bubble Sort,10000,4412,20265215,0.413791
Bubble Sort,10000,4413,20265216,0.427403
Bubble Sort,10000,4414,20265217,0.424782
Bubble Sort,10000,4415,20265218,0.424012
Bubble Sort,10000,4416,20265219,0.425372
Bubble Sort,10000,4417,20265220,0.42355
Bubble Sort,10000,4418,20265221,0.423631
Bubble Sort,10000,4419,20265222,0.424621
Bubble Sort,10000,4420,20265223,0.42528
Bubble Sort,10000,4421,20265224,0.428443
Bubble Sort,10000,4422,20265225,0.424812
Bubble Sort,10000,4423,20265226,0.425717
Bubble Sort,10000,4424,20265227,0.426929
Bubble Sort,10000,4425,20265228,0.424696
Bubble Sort,10000,4426,20265229,0.422942
Bubble Sort,10000,4427,20265230,0.424603
Bubble Sort,10000,4428,20265231,0.422554
Bubble Sort,10000,4429,20265232,0.424012
Bubble Sort,10000,4430,20265233,0.425699
Bubble Sort,10000,4431,20265234,0.425286
Bubble Sort,10000,4432,20265235,0.424547
Bubble Sort,10000,4433,20265236,0.423416
Bubble Sort,10000,4434,20265237,0.425896
Bubble Sort,10000,4435,20265238,0.421637
Bubble Sort,10000,4436,20265239,0.419213
Bubble Sort,10000,4437,20265240,0.424911
Bubble Sort,10000,4438,20265241,0.452264
Bubble Sort,10000,4439,20265242,0.424886
Bubble Sort,10000,4440,20265243,0.423458
Bubble Sort,10000,4441,20265244,0.424874
Bubble Sort,10000,4442,20265245,0.425619
Bubble Sort,10000,4443,20265246,0.422825
Bubble Sort,10000,4444,20265247,0.421809
Bubble Sort,10000,4445,20265248,0.420978
Bubble Sort,10000,4446,20265249,0.424794
Bubble Sort,10000,4447,20265250,0.422277
Bubble Sort,10000,4448,20265251,0.42648
Bubble Sort,10000,4449,20265252,0.422086
Bubble Sort,10000,4450,20265253,0.424326
Bubble Sort,10000,4451,20265254,0.424154
Bubble Sort,10000,4452,20265255,0.42141
Bubble Sort,10000,4453,20265256,0.424947
Bubble Sort,10000,4454,20265257,0.424732
Bubble Sort,10000,4455,20265258,0.425884
Bubble Sort,10000,4456,20265259,0.422357
Bubble Sort,10000,4457,20265260,0.426695
Bubble Sort,10000,4458,20265261,0.424369
Bubble Sort,10000,4459,20265262,0.415323
Bubble Sort,10000,4460,20265263,0.423507
Bubble Sort,10000,4461,20265264,0.42216
Bubble Sort,10000,4462,20265265,0.421969
Bubble Sort,10000,4463,20265266,0.423292
Bubble Sort,10000,4464,20265267,0.426006
Bubble Sort,10000,4465,20265268,0.423809
Bubble Sort,10000,4466,20265269,0.422197
Bubble Sort,10000,4467,20265270,0.422498
Bubble Sort,10000,4468,20265271,0.425415
Bubble Sort,10000,4469,20265272,0.427299
Bubble Sort,10000,4470,20265273,0.421286
Bubble Sort,10000,4471,20265274,0.424529
Bubble Sort,10000,4472,20265275,0.421902
Bubble Sort,10000,4473,20265276,0.423687
Bubble Sort,10000,4474,20265277,0.42419
Bubble Sort,10000,4475,20265278,0.424973
Bubble Sort,10000,4476,20265279,0.42368
Bubble Sort,10000,4477,20265280,0.424172
Bubble Sort,10000,4478,20265281,0.422763
Bubble Sort,10000,4479,20265282,0.423385
Bubble Sort,10000,4480,20265283,0.431274
Bubble Sort,10000,4481,20265284,0.422037
Bubble Sort,10000,4482,20265285,0.422154
Bubble Sort,10000,4483,20265286,0.429593
Bubble Sort,10000,4484,20265287,0.429932
Bubble Sort,10000,4485,20265288,0.418923
Bubble Sort,10000,4486,20265289,0.417877
Bubble Sort,10000,4487,20265290,0.410043
Bubble Sort,10000,4488,20265291,0.421735
Bubble Sort,10000,4489,20265292,0.423163
Bubble Sort,10000,4490,20265293,0.422363
Bubble Sort,10000,4491,20265294,0.419526
Bubble Sort,10000,4492,20265295,0.423932
Bubble Sort,10000,4493,20265296,0.41443
Bubble Sort,10000,4494,20265297,0.423187
Bubble Sort,10000,4495,20265298,0.421895
Bubble Sort,10000,4496,20265299,0.420265
Bubble Sort,10000,4497,20265300,0.420154
Bubble Sort,10000,4498,20265301,0.424905
Bubble Sort,10000,4499,20265302,0.426173
Bubble Sort,10000,4500,20265303,0.425662
Bubble Sort,10000,4501,20265304,0.425779
Bubble Sort,10000,4502,20265305,0.419908
Bubble Sort,10000,4503,20265306,0.425951
Bubble Sort,10000,4504,20265307,0.42149
Bubble Sort,10000,4505,20265308,0.424474
Bubble Sort,10000,4506,20265309,0.423446
Bubble Sort,10000,4507,20265310,0.425009
Bubble Sort,10000,4508,20265311,0.422086
Bubble Sort,10000,4509,20265312,0.42619
Bubble Sort,10000,4510,20265313,0.422031
Bubble Sort,10000,4511,20265314,0.421926
Bubble Sort,10000,4512,20265315,0.423773
Bubble Sort,10000,4513,20265316,0.422677
Bubble Sort,10000,4514,20265317,0.415409
Bubble Sort,10000,4515,20265318,0.422013
Bubble Sort,10000,4516,20265319,0.427477
Bubble Sort,10000,4517,20265320,0.424529
Bubble Sort,10000,4518,20265321,0.421384
Bubble Sort,10000,4519,20265322,0.424049
Bubble Sort,10000,4520,20265323,0.42259
Bubble Sort,10000,4521,20265324,0.426683
Bubble Sort,10000,4522,20265325,0.424825
Bubble Sort,10000,4523,20265326,0.421132
Bubble Sort,10000,4524,20265327,0.423262
Bubble Sort,10000,4525,20265328,0.425816
Bubble Sort,10000,4526,20265329,0.42392
Bubble Sort,10000,4527,20265330,0.423514
Bubble Sort,10000,4528,20265331,0.424443
Bubble Sort,10000,4529,20265332,0.426388
Bubble Sort,10000,4530,20265333,0.421366
Bubble Sort,10000,4531,20265334,0.423945
Bubble Sort,10000,4532,20265335,0.419926
Bubble Sort,10000,4533,20265336,0.423975
Bubble Sort,10000,4534,20265337,0.423403
Bubble Sort,10000,4535,20265338,0.425484
Bubble Sort,10000,4536,20265339,0.425225
Bubble Sort,10000,4537,20265340,0.421076
Bubble Sort,10000,4538,20265341,0.423464
Bubble Sort,10000,4539,20265342,0.409797
Bubble Sort,10000,4540,20265343,0.421686
Bubble Sort,10000,4541,20265344,0.423914
Bubble Sort,10000,4542,20265345,0.422154
Bubble Sort,10000,4543,20265346,0.420511
Bubble Sort,10000,4544,20265347,0.422652
Bubble Sort,10000,4545,20265348,0.420468
Bubble Sort,10000,4546,20265349,0.419852
Bubble Sort,10000,4547,20265350,0.421564
Bubble Sort,10000,4548,20265351,0.420258
Bubble Sort,10000,4549,20265352,0.423982
Bubble Sort,10000,4550,20265353,0.423551
Bubble Sort,10000,4551,20265354,0.422628
Bubble Sort,10000,4552,20265355,0.422911
Bubble Sort,10000,4553,20265356,0.422899
Bubble Sort,10000,4554,20265357,0.421341
Bubble Sort,10000,4555,20265358,0.422677
Bubble Sort,10000,4556,20265359,0.47259
Bubble Sort,10000,4557,20265360,0.421538
Bubble Sort,10000,4558,20265361,0.424566
Bubble Sort,10000,4559,20265362,0.421163
Bubble Sort,10000,4560,20265363,0.425532
Bubble Sort,10000,4561,20265364,0.424363
Bubble Sort,10000,4562,20265365,0.42528
Bubble Sort,10000,4563,20265366,0.4264
Bubble Sort,10000,4564,20265367,0.425889
Bubble Sort,10000,4565,20265368,0.425052
Bubble Sort,10000,4566,20265369,0.423249
Bubble Sort,10000,4567,20265370,0.422578
Bubble Sort,10000,4568,20265371,0.421753
Bubble Sort,10000,4569,20265372,0.421305
Bubble Sort,10000,4570,20265373,0.425249
Bubble Sort,10000,4571,20265374,0.42389
Bubble Sort,10000,4572,20265375,0.422886
Bubble Sort,10000,4573,20265376,0.425286
Bubble Sort,10000,4574,20265377,0.425717
Bubble Sort,10000,4575,20265378,0.422172
Bubble Sort,10000,4576,20265379,0.423594
Bubble Sort,10000,4577,20265380,0.409311
Bubble Sort,10000,4578,20265381,0.418344
Bubble Sort,10000,4579,20265382,0.423453
Bubble Sort,10000,4580,20265383,0.42547
Bubble Sort,10000,4581,20265384,0.424794
Bubble Sort,10000,4582,20265385,0.42195
Bubble Sort,10000,4583,20265386,0.428646
Bubble Sort,10000,4584,20265387,0.422111
Bubble Sort,10000,4585,20265388,0.422573
Bubble Sort,10000,4586,20265389,0.42488
Bubble Sort,10000,4587,20265390,0.423513
Bubble Sort,10000,4588,20265391,0.422658
Bubble Sort,10000,4589,20265392,0.426246
Bubble Sort,10000,4590,20265393,0.421415
Bubble Sort,10000,4591,20265394,0.421335
Bubble Sort,10000,4592,20265395,0.421902
Bubble Sort,10000,4593,20265396,0.427846
Bubble Sort,10000,4594,20265397,0.42563
Bubble Sort,10000,4595,20265398,0.422849
Bubble Sort,10000,4596,20265399,0.422616
Bubble Sort,10000,4597,20265400,0.422566
Bubble Sort,10000,4598,20265401,0.408923
Bubble Sort,10000,4599,20265402,0.424529
Bubble Sort,10000,4600,20265403,0.423335
Bubble Sort,10000,4601,20265404,0.422701
Bubble Sort,10000,4602,20265405,0.42104
Bubble Sort,10000,4603,20265406,0.423108
Bubble Sort,10000,4604,20265407,0.421667
Bubble Sort,10000,4605,20265408,0.42152
Bubble Sort,10000,4606,20265409,0.422554
Bubble Sort,10000,4607,20265410,0.42368
Bubble Sort,10000,4608,20265411,0.422603
Bubble Sort,10000,4609,20265412,0.42272
Bubble Sort,10000,4610,20265413,0.42461
Bubble Sort,10000,4611,20265414,0.420461
Bubble Sort,10000,4612,20265415,0.422246
Bubble Sort,10000,4613,20265416,0.421982
Bubble Sort,10000,4614,20265417,0.422382
Bubble Sort,10000,4615,20265418,0.420763
Bubble Sort,10000,4616,20265419,0.421668
Bubble Sort,10000,4617,20265420,0.419908
Bubble Sort,10000,4618,20265421,0.4212
Bubble Sort,10000,4619,20265422,0.423766
Bubble Sort,10000,4620,20265423,0.421243
Bubble Sort,10000,4621,20265424,0.421649
Bubble Sort,10000,4622,20265425,0.42288
Bubble Sort,10000,4623,20265426,0.424184
Bubble Sort,10000,4624,20265427,0.421613
Bubble Sort,10000,4625,20265428,0.426351
Bubble Sort,10000,4626,20265429,0.422086
Bubble Sort,10000,4627,20265430,0.42205
Bubble Sort,10000,4628,20265431,0.424498
Bubble Sort,10000,4629,20265432,0.421391
Bubble Sort,10000,4630,20265433,0.421809
Bubble Sort,10000,4631,20265434,0.423631
Bubble Sort,10000,4632,20265435,0.42472
Bubble Sort,10000,4633,20265436,0.422615
Bubble Sort,10000,4634,20265437,0.427797
Bubble Sort,10000,4635,20265438,0.422308
Bubble Sort,10000,4636,20265439,0.424178
Bubble Sort,10000,4637,20265440,0.422979
Bubble Sort,10000,4638,20265441,0.421304
Bubble Sort,10000,4639,20265442,0.425803
Bubble Sort,10000,4640,20265443,0.434363
Bubble Sort,10000,4641,20265444,0.42608
Bubble Sort,10000,4642,20265445,0.424019
Bubble Sort,10000,4643,20265446,0.427483
Bubble Sort,10000,4644,20265447,0.421895
Bubble Sort,10000,4645,20265448,0.424899
Bubble Sort,10000,4646,20265449,0.423458
Bubble Sort,10000,4647,20265450,0.422744
Bubble Sort,10000,4648,20265451,0.421951
Bubble Sort,10000,4649,20265452,0.424197
Bubble Sort,10000,4650,20265453,0.423784
Bubble Sort,10000,4651,20265454,0.426529
Bubble Sort,10000,4652,20265455,0.429927
Bubble Sort,10000,4653,20265456,0.413587
Bubble Sort,10000,4654,20265457,0.445194
Bubble Sort,10000,4655,20265458,0.425988
Bubble Sort,10000,4656,20265459,0.425009
Bubble Sort,10000,4657,20265460,0.419409
Bubble Sort,10000,4658,20265461,0.418203
Bubble Sort,10000,4659,20265462,0.417736
Bubble Sort,10000,4660,20265463,0.418258
Bubble Sort,10000,4661,20265464,0.421538
Bubble Sort,10000,4662,20265465,0.419083
Bubble Sort,10000,4663,20265466,0.437403
Bubble Sort,10000,4664,20265467,0.414191
Bubble Sort,10000,4665,20265468,0.425957
Bubble Sort,10000,4666,20265469,0.423612
Bubble Sort,10000,4667,20265470,0.416911
Bubble Sort,10000,4668,20265471,0.415385
Bubble Sort,10000,4669,20265472,0.414763
Bubble Sort,10000,4670,20265473,0.416265
Bubble Sort,10000,4671,20265474,0.418486
Bubble Sort,10000,4672,20265475,0.415938
Bubble Sort,10000,4673,20265476,0.413766
Bubble Sort,10000,4674,20265477,0.416234
Bubble Sort,10000,4675,20265478,0.418609
Bubble Sort,10000,4676,20265479,0.41824
Bubble Sort,10000,4677,20265480,0.418104
Bubble Sort,10000,4678,20265481,0.415661
Bubble Sort,10000,4679,20265482,0.41568
Bubble Sort,10000,4680,20265483,0.415305
Bubble Sort,10000,4681,20265484,0.416757
Bubble Sort,10000,4682,20265485,0.414794
Bubble Sort,10000,4683,20265486,0.417397
Bubble Sort,10000,4684,20265487,0.414776
Bubble Sort,10000,4685,20265488,0.415453
Bubble Sort,10000,4686,20265489,0.415403
Bubble Sort,10000,4687,20265490,0.419545
Bubble Sort,10000,4688,20265491,0.418763
Bubble Sort,10000,4689,20265492,0.416769
Bubble Sort,10000,4690,20265493,0.415563
Bubble Sort,10000,4691,20265494,0.415938
Bubble Sort,10000,4692,20265495,0.417421
Bubble Sort,10000,4693,20265496,0.41443
Bubble Sort,10000,4694,20265497,0.428056
Bubble Sort,10000,4695,20265498,0.415717
Bubble Sort,10000,4696,20265499,0.413323
Bubble Sort,10000,4697,20265500,0.416997
Bubble Sort,10000,4698,20265501,0.417213
Bubble Sort,10000,4699,20265502,0.413027
Bubble Sort,10000,4700,20265503,0.413871
Bubble Sort,10000,4701,20265504,0.415157
Bubble Sort,10000,4702,20265505,0.415939
Bubble Sort,10000,4703,20265506,0.418584
Bubble Sort,10000,4704,20265507,0.412954
Bubble Sort,10000,4705,20265508,0.424006
Bubble Sort,10000,4706,20265509,0.419624
Bubble Sort,10000,4707,20265510,0.419926
Bubble Sort,10000,4708,20265511,0.42136
Bubble Sort,10000,4709,20265512,0.421477
Bubble Sort,10000,4710,20265513,0.426812
Bubble Sort,10000,4711,20265514,0.414745
Bubble Sort,10000,4712,20265515,0.435083
Bubble Sort,10000,4713,20265516,0.421631
Bubble Sort,10000,4714,20265517,0.426591
Bubble Sort,10000,4715,20265518,0.418055
Bubble Sort,10000,4716,20265519,0.417132
Bubble Sort,10000,4717,20265520,0.415391
Bubble Sort,10000,4718,20265521,0.415298
Bubble Sort,10000,4719,20265522,0.416314
Bubble Sort,10000,4720,20265523,0.417865
Bubble Sort,10000,4721,20265524,0.41848
Bubble Sort,10000,4722,20265525,0.414707
Bubble Sort,10000,4723,20265526,0.41627
Bubble Sort,10000,4724,20265527,0.427754
Bubble Sort,10000,4725,20265528,0.421957
Bubble Sort,10000,4726,20265529,0.413551
Bubble Sort,10000,4727,20265530,0.418153
Bubble Sort,10000,4728,20265531,0.415674
Bubble Sort,10000,4729,20265532,0.414935
Bubble Sort,10000,4730,20265533,0.460203
Bubble Sort,10000,4731,20265534,0.418037
Bubble Sort,10000,4732,20265535,0.413803
Bubble Sort,10000,4733,20265536,0.418905
Bubble Sort,10000,4734,20265537,0.416948
Bubble Sort,10000,4735,20265538,0.414886
Bubble Sort,10000,4736,20265539,0.418621
Bubble Sort,10000,4737,20265540,0.419785
Bubble Sort,10000,4738,20265541,0.418868
Bubble Sort,10000,4739,20265542,0.417138
Bubble Sort,10000,4740,20265543,0.416566
Bubble Sort,10000,4741,20265544,0.41413
Bubble Sort,10000,4742,20265545,0.417815
Bubble Sort,10000,4743,20265546,0.423169
Bubble Sort,10000,4744,20265547,0.416018
Bubble Sort,10000,4745,20265548,0.414498
Bubble Sort,10000,4746,20265549,0.415083
Bubble Sort,10000,4747,20265550,0.412191
Bubble Sort,10000,4748,20265551,0.415896
Bubble Sort,10000,4749,20265552,0.415046
Bubble Sort,10000,4750,20265553,0.414339
Bubble Sort,10000,4751,20265554,0.414744
Bubble Sort,10000,4752,20265555,0.418025
Bubble Sort,10000,4753,20265556,0.418954
Bubble Sort,10000,4754,20265557,0.415403
Bubble Sort,10000,4755,20265558,0.41568
Bubble Sort,10000,4756,20265559,0.418904
Bubble Sort,10000,4757,20265560,0.417815
Bubble Sort,10000,4758,20265561,0.414936
Bubble Sort,10000,4759,20265562,0.413176
Bubble Sort,10000,4760,20265563,0.413957
Bubble Sort,10000,4761,20265564,0.450227
Bubble Sort,10000,4762,20265565,0.415102
Bubble Sort,10000,4763,20265566,0.420296
Bubble Sort,10000,4764,20265567,0.416024
Bubble Sort,10000,4765,20265568,0.416505
Bubble Sort,10000,4766,20265569,0.41872
Bubble Sort,10000,4767,20265570,0.419471
Bubble Sort,10000,4768,20265571,0.416646
Bubble Sort,10000,4769,20265572,0.416166
Bubble Sort,10000,4770,20265573,0.414283
Bubble Sort,10000,4771,20265574,0.418739
Bubble Sort,10000,4772,20265575,0.41896
Bubble Sort,10000,4773,20265576,0.418068
Bubble Sort,10000,4774,20265577,0.417827
Bubble Sort,10000,4775,20265578,0.415662
Bubble Sort,10000,4776,20265579,0.418776
Bubble Sort,10000,4777,20265580,0.41723
Bubble Sort,10000,4778,20265581,0.418123
Bubble Sort,10000,4779,20265582,0.463705
Bubble Sort,10000,4780,20265583,0.420622
Bubble Sort,10000,4781,20265584,0.416018
Bubble Sort,10000,4782,20265585,0.419483
Bubble Sort,10000,4783,20265586,0.417114
Bubble Sort,10000,4784,20265587,0.417625
Bubble Sort,10000,4785,20265588,0.417662
Bubble Sort,10000,4786,20265589,0.417809
Bubble Sort,10000,4787,20265590,0.419526
Bubble Sort,10000,4788,20265591,0.417188
Bubble Sort,10000,4789,20265592,0.419809
Bubble Sort,10000,4790,20265593,0.416154
Bubble Sort,10000,4791,20265594,0.417834
Bubble Sort,10000,4792,20265595,0.418973
Bubble Sort,10000,4793,20265596,0.425409
Bubble Sort,10000,4794,20265597,0.417237
Bubble Sort,10000,4795,20265598,0.415883
Bubble Sort,10000,4796,20265599,0.418295
Bubble Sort,10000,4797,20265600,0.465268
Bubble Sort,10000,4798,20265601,0.418007
Bubble Sort,10000,4799,20265602,0.414148
Bubble Sort,10000,4800,20265603,0.417526
Bubble Sort,10000,4801,20265604,0.414579
Bubble Sort,10000,4802,20265605,0.419348
Bubble Sort,10000,4803,20265606,0.415643
Bubble Sort,10000,4804,20265607,0.41629
Bubble Sort,10000,4805,20265608,0.416627
Bubble Sort,10000,4806,20265609,0.418345
Bubble Sort,10000,4807,20265610,0.416222
Bubble Sort,10000,4808,20265611,0.417846
Bubble Sort,10000,4809,20265612,0.41784
Bubble Sort,10000,4810,20265613,0.416172
Bubble Sort,10000,4811,20265614,0.414776
Bubble Sort,10000,4812,20265615,0.417772
Bubble Sort,10000,4813,20265616,0.416855
Bubble Sort,10000,4814,20265617,0.415034
Bubble Sort,10000,4815,20265618,0.415828
Bubble Sort,10000,4816,20265619,0.418129
Bubble Sort,10000,4817,20265620,0.417458
Bubble Sort,10000,4818,20265621,0.416
Bubble Sort,10000,4819,20265622,0.417187
Bubble Sort,10000,4820,20265623,0.418043
Bubble Sort,10000,4821,20265624,0.422904
Bubble Sort,10000,4822,20265625,0.426301
Bubble Sort,10000,4823,20265626,0.433501
Bubble Sort,10000,4824,20265627,0.431483
Bubble Sort,10000,4825,20265628,0.427077
Bubble Sort,10000,4826,20265629,0.415379
Bubble Sort,10000,4827,20265630,0.418215
Bubble Sort,10000,4828,20265631,0.414259
Bubble Sort,10000,4829,20265632,0.415569
Bubble Sort,10000,4830,20265633,0.414578
Bubble Sort,10000,4831,20265634,0.414105
Bubble Sort,10000,4832,20265635,0.417539
Bubble Sort,10000,4833,20265636,0.413773
Bubble Sort,10000,4834,20265637,0.415022
Bubble Sort,10000,4835,20265638,0.417114
Bubble Sort,10000,4836,20265639,0.414695
Bubble Sort,10000,4837,20265640,0.413101
Bubble Sort,10000,4838,20265641,0.416634
Bubble Sort,10000,4839,20265642,0.416234
Bubble Sort,10000,4840,20265643,0.416227
Bubble Sort,10000,4841,20265644,0.414443
Bubble Sort,10000,4842,20265645,0.415821
Bubble Sort,10000,4843,20265646,0.413766
Bubble Sort,10000,4844,20265647,0.417237
Bubble Sort,10000,4845,20265648,0.415163
Bubble Sort,10000,4846,20265649,0.430425
Bubble Sort,10000,4847,20265650,0.41357
Bubble Sort,10000,4848,20265651,0.415151
Bubble Sort,10000,4849,20265652,0.418443
Bubble Sort,10000,4850,20265653,0.413927
Bubble Sort,10000,4851,20265654,0.415108
Bubble Sort,10000,4852,20265655,0.415274
Bubble Sort,10000,4853,20265656,0.414338
Bubble Sort,10000,4854,20265657,0.417416
Bubble Sort,10000,4855,20265658,0.414289
Bubble Sort,10000,4856,20265659,0.416369
Bubble Sort,10000,4857,20265660,0.41176
Bubble Sort,10000,4858,20265661,0.415484
Bubble Sort,10000,4859,20265662,0.42408
Bubble Sort,10000,4860,20265663,0.413981
Bubble Sort,10000,4861,20265664,0.415723
Bubble Sort,10000,4862,20265665,0.41605
Bubble Sort,10000,4863,20265666,0.413113
Bubble Sort,10000,4864,20265667,0.417286
Bubble Sort,10000,4865,20265668,0.415052
Bubble Sort,10000,4866,20265669,0.414695
Bubble Sort,10000,4867,20265670,0.413779
Bubble Sort,10000,4868,20265671,0.415213
Bubble Sort,10000,4869,20265672,0.414172
Bubble Sort,10000,4870,20265673,0.416498
Bubble Sort,10000,4871,20265674,0.417582
Bubble Sort,10000,4872,20265675,0.415107
Bubble Sort,10000,4873,20265676,0.413594
Bubble Sort,10000,4874,20265677,0.412948
Bubble Sort,10000,4875,20265678,0.41512
Bubble Sort,10000,4876,20265679,0.413187
Bubble Sort,10000,4877,20265680,0.411791
Bubble Sort,10000,4878,20265681,0.415052
Bubble Sort,10000,4879,20265682,0.416209
Bubble Sort,10000,4880,20265683,0.416154
Bubble Sort,10000,4881,20265684,0.414178
Bubble Sort,10000,4882,20265685,0.413403
Bubble Sort,10000,4883,20265686,0.415261
Bubble Sort,10000,4884,20265687,0.414474
Bubble Sort,10000,4885,20265688,0.41744
Bubble Sort,10000,4886,20265689,0.414394
Bubble Sort,10000,4887,20265690,0.416603
Bubble Sort,10000,4888,20265691,0.412301
Bubble Sort,10000,4889,20265692,0.415262
Bubble Sort,10000,4890,20265693,0.41624
Bubble Sort,10000,4891,20265694,0.417268
Bubble Sort,10000,4892,20265695,0.415625
Bubble Sort,10000,4893,20265696,0.414511
Bubble Sort,10000,4894,20265697,0.414375
Bubble Sort,10000,4895,20265698,0.418141
Bubble Sort,10000,4896,20265699,0.414695
Bubble Sort,10000,4897,20265700,0.417816
Bubble Sort,10000,4898,20265701,0.417711
Bubble Sort,10000,4899,20265702,0.417834
Bubble Sort,10000,4900,20265703,0.417507
Bubble Sort,10000,4901,20265704,0.417083
Bubble Sort,10000,4902,20265705,0.417114
Bubble Sort,10000,4903,20265706,0.432898
Bubble Sort,10000,4904,20265707,0.421132
Bubble Sort,10000,4905,20265708,0.417865
Bubble Sort,10000,4906,20265709,0.41888
Bubble Sort,10000,4907,20265710,0.417785
Bubble Sort,10000,4908,20265711,0.458031
Bubble Sort,10000,4909,20265712,0.413428
Bubble Sort,10000,4910,20265713,0.414406
Bubble Sort,10000,4911,20265714,0.42123
Bubble Sort,10000,4912,20265715,0.450856
Bubble Sort,10000,4913,20265716,0.454701
Bubble Sort,10000,4914,20265717,0.431606
Bubble Sort,10000,4915,20265718,0.440702
Bubble Sort,10000,4916,20265719,0.437963
Bubble Sort,10000,4917,20265720,0.427588
Bubble Sort,10000,4918,20265721,0.480684
Bubble Sort,10000,4919,20265722,0.43976
Bubble Sort,10000,4920,20265723,0.41928
Bubble Sort,10000,4921,20265724,0.428339
Bubble Sort,10000,4922,20265725,0.425939
Bubble Sort,10000,4923,20265726,0.427496
Bubble Sort,10000,4924,20265727,0.564819
Bubble Sort,10000,4925,20265728,0.432492
Bubble Sort,10000,4926,20265729,0.431065
Bubble Sort,10000,4927,20265730,0.429852
Bubble Sort,10000,4928,20265731,0.428013
Bubble Sort,10000,4929,20265732,0.431496
Bubble Sort,10000,4930,20265733,0.427545
Bubble Sort,10000,4931,20265734,0.430646
Bubble Sort,10000,4932,20265735,0.441864
Bubble Sort,10000,4933,20265736,0.426227
Bubble Sort,10000,4934,20265737,0.448166
Bubble Sort,10000,4935,20265738,0.436049
Bubble Sort,10000,4936,20265739,0.464523
Bubble Sort,10000,4937,20265740,0.437643
Bubble Sort,10000,4938,20265741,0.431009
Bubble Sort,10000,4939,20265742,0.426098
Bubble Sort,10000,4940,20265743,0.424658
Bubble Sort,10000,4941,20265744,0.421459
Bubble Sort,10000,4942,20265745,0.421655
Bubble Sort,10000,4943,20265746,0.420363
Bubble Sort,10000,4944,20265747,0.423767
Bubble Sort,10000,4945,20265748,0.444695
Bubble Sort,10000,4946,20265749,0.42563
Bubble Sort,10000,4947,20265750,0.469723
Bubble Sort,10000,4948,20265751,0.443526
Bubble Sort,10000,4949,20265752,0.441003
Bubble Sort,10000,4950,20265753,0.446375
Bubble Sort,10000,4951,20265754,0.436357
Bubble Sort,10000,4952,20265755,0.444652
Bubble Sort,10000,4953,20265756,0.522529
Bubble Sort,10000,4954,20265757,0.471385
Bubble Sort,10000,4955,20265758,0.456049
Bubble Sort,10000,4956,20265759,0.438204
Bubble Sort,10000,4957,20265760,0.452603
Bubble Sort,10000,4958,20265761,0.438973
Bubble Sort,10000,4959,20265762,0.430221
Bubble Sort,10000,4960,20265763,0.426591
Bubble Sort,10000,4961,20265764,0.422345
Bubble Sort,10000,4962,20265765,0.421287
Bubble Sort,10000,4963,20265766,0.426221
Bubble Sort,10000,4964,20265767,0.421914
Bubble Sort,10000,4965,20265768,0.419533
Bubble Sort,10000,4966,20265769,0.424893
Bubble Sort,10000,4967,20265770,0.424104
Bubble Sort,10000,4968,20265771,0.425784
Bubble Sort,10000,4969,20265772,0.423083
Bubble Sort,10000,4970,20265773,0.425754
Bubble Sort,10000,4971,20265774,0.426123
Bubble Sort,10000,4972,20265775,0.426142
Bubble Sort,10000,4973,20265776,0.426252
Bubble Sort,10000,4974,20265777,0.422609
Bubble Sort,10000,4975,20265778,0.42184
Bubble Sort,10000,4976,20265779,0.421612
Bubble Sort,10000,4977,20265780,0.42528
Bubble Sort,10000,4978,20265781,0.426184
Bubble Sort,10000,4979,20265782,0.424068
Bubble Sort,10000,4980,20265783,0.422406
Bubble Sort,10000,4981,20265784,0.427655
Bubble Sort,10000,4982,20265785,0.423372
Bubble Sort,10000,4983,20265786,0.423655
Bubble Sort,10000,4984,20265787,0.4196
Bubble Sort,10000,4985,20265788,0.423674
Bubble Sort,10000,4986,20265789,0.424413
Bubble Sort,10000,4987,20265790,0.422591
Bubble Sort,10000,4988,20265791,0.421822
Bubble Sort,10000,4989,20265792,0.425397
Bubble Sort,10000,4990,20265793,0.425089
Bubble Sort,10000,4991,20265794,0.419169
Bubble Sort,10000,4992,20265795,0.420985
Bubble Sort,10000,4993,20265796,0.421292
Bubble Sort,10000,4994,20265797,0.42973
Bubble Sort,10000,4995,20265798,0.425877
Bubble Sort,10000,4996,20265799,0.425434
Bubble Sort,10000,4997,20265800,0.42472
Bubble Sort,10000,4998,20265801,0.427046
Bubble Sort,10000,4999,20265802,0.422234
Bubble Sort,10000,5000,20265803,0.422763
Bubble Sort,10000,5001,20265804,0.422714
Bubble Sort,10000,5002,20265805,0.557896
Bubble Sort,10000,5003,20265806,0.424234
Bubble Sort,10000,5004,20265807,0.4132
Bubble Sort,10000,5005,20265808,0.421976
Bubble Sort,10000,5006,20265809,0.423428
Bubble Sort,10000,5007,20265810,0.424203
Bubble Sort,10000,5008,20265811,0.425446
Bubble Sort,10000,5009,20265812,0.428892
Bubble Sort,10000,5010,20265813,0.422547
Bubble Sort,10000,5011,20265814,0.425348
Bubble Sort,10000,5012,20265815,0.426585
Bubble Sort,10000,5013,20265816,0.423945
Bubble Sort,10000,5014,20265817,0.421649
Bubble Sort,10000,5015,20265818,0.422351
Bubble Sort,10000,5016,20265819,0.421348
Bubble Sort,10000,5017,20265820,0.422406
Bubble Sort,10000,5018,20265821,0.428062
Bubble Sort,10000,5019,20265822,0.423994
Bubble Sort,10000,5020,20265823,0.423975
Bubble Sort,10000,5021,20265824,0.424628
Bubble Sort,10000,5022,20265825,0.426887
Bubble Sort,10000,5023,20265826,0.42248
Bubble Sort,10000,5024,20265827,0.425913
Bubble Sort,10000,5025,20265828,0.471366
Bubble Sort,10000,5026,20265829,0.427797
Bubble Sort,10000,5027,20265830,0.425686
Bubble Sort,10000,5028,20265831,0.426775
Bubble Sort,10000,5029,20265832,0.428671
Bubble Sort,10000,5030,20265833,0.423772
Bubble Sort,10000,5031,20265834,0.4292
Bubble Sort,10000,5032,20265835,0.423723
Bubble Sort,10000,5033,20265836,0.425378
Bubble Sort,10000,5034,20265837,0.426369
Bubble Sort,10000,5035,20265838,0.424271
Bubble Sort,10000,5036,20265839,0.426486
Bubble Sort,10000,5037,20265840,0.423206
Bubble Sort,10000,5038,20265841,0.416344
Bubble Sort,10000,5039,20265842,0.425612
Bubble Sort,10000,5040,20265843,0.423047
Bubble Sort,10000,5041,20265844,0.420597
Bubble Sort,10000,5042,20265845,0.421938
Bubble Sort,10000,5043,20265846,0.423477
Bubble Sort,10000,5044,20265847,0.424979
Bubble Sort,10000,5045,20265848,0.425237
Bubble Sort,10000,5046,20265849,0.426419
Bubble Sort,10000,5047,20265850,0.414209
Bubble Sort,10000,5048,20265851,0.42525
Bubble Sort,10000,5049,20265852,0.425243
Bubble Sort,10000,5050,20265853,0.424406
Bubble Sort,10000,5051,20265854,0.417293
Bubble Sort,10000,5052,20265855,0.424456
Bubble Sort,10000,5053,20265856,0.426689
Bubble Sort,10000,5054,20265857,0.426738
Bubble Sort,10000,5055,20265858,0.423323
Bubble Sort,10000,5056,20265859,0.425674
Bubble Sort,10000,5057,20265860,0.425372
Bubble Sort,10000,5058,20265861,0.4244
Bubble Sort,10000,5059,20265862,0.423213
Bubble Sort,10000,5060,20265863,0.426074
Bubble Sort,10000,5061,20265864,0.424948
Bubble Sort,10000,5062,20265865,0.422345
Bubble Sort,10000,5063,20265866,0.426129
Bubble Sort,10000,5064,20265867,0.425507
Bubble Sort,10000,5065,20265868,0.425791
Bubble Sort,10000,5066,20265869,0.424953
Bubble Sort,10000,5067,20265870,0.427889
Bubble Sort,10000,5068,20265871,0.426751
Bubble Sort,10000,5069,20265872,0.423501
Bubble Sort,10000,5070,20265873,0.425077
Bubble Sort,10000,5071,20265874,0.424985
Bubble Sort,10000,5072,20265875,0.449821
Bubble Sort,10000,5073,20265876,0.425139
Bubble Sort,10000,5074,20265877,0.424855
Bubble Sort,10000,5075,20265878,0.424572
Bubble Sort,10000,5076,20265879,0.427145
Bubble Sort,10000,5077,20265880,0.42595
Bubble Sort,10000,5078,20265881,0.426277
Bubble Sort,10000,5079,20265882,0.422535
Bubble Sort,10000,5080,20265883,0.424296
Bubble Sort,10000,5081,20265884,0.426874
Bubble Sort,10000,5082,20265885,0.423932
Bubble Sort,10000,5083,20265886,0.42336
Bubble Sort,10000,5084,20265887,0.4264
Bubble Sort,10000,5085,20265888,0.47213
Bubble Sort,10000,5086,20265889,0.424874
Bubble Sort,10000,5087,20265890,0.423717
Bubble Sort,10000,5088,20265891,0.424665
Bubble Sort,10000,5089,20265892,0.428
Bubble Sort,10000,5090,20265893,0.423059
Bubble Sort,10000,5091,20265894,0.428024
Bubble Sort,10000,5092,20265895,0.42776
Bubble Sort,10000,5093,20265896,0.423593
Bubble Sort,10000,5094,20265897,0.425951
Bubble Sort,10000,5095,20265898,0.422812
Bubble Sort,10000,5096,20265899,0.42496
Bubble Sort,10000,5097,20265900,0.426258
Bubble Sort,10000,5098,20265901,0.422215
Bubble Sort,10000,5099,20265902,0.427286
Bubble Sort,10000,5100,20265903,0.422702
Bubble Sort,10000,5101,20265904,0.424006
Bubble Sort,10000,5102,20265905,0.426351
Bubble Sort,10000,5103,20265906,0.424732
Bubble Sort,10000,5104,20265907,0.427797
Bubble Sort,10000,5105,20265908,0.425003
Bubble Sort,10000,5106,20265909,0.426806
Bubble Sort,10000,5107,20265910,0.424173
Bubble Sort,10000,5108,20265911,0.428006
Bubble Sort,10000,5109,20265912,0.425132
Bubble Sort,10000,5110,20265913,0.408233
Bubble Sort,10000,5111,20265914,0.423341
Bubble Sort,10000,5112,20265915,0.423108
Bubble Sort,10000,5113,20265916,0.429379
Bubble Sort,10000,5114,20265917,0.425212
Bubble Sort,10000,5115,20265918,0.425612
Bubble Sort,10000,5116,20265919,0.426566
Bubble Sort,10000,5117,20265920,0.427502
Bubble Sort,10000,5118,20265921,0.42491
Bubble Sort,10000,5119,20265922,0.412247
Bubble Sort,10000,5120,20265923,0.412622
Bubble Sort,10000,5121,20265924,0.424905
Bubble Sort,10000,5122,20265925,0.424979
Bubble Sort,10000,5123,20265926,0.424844
Bubble Sort,10000,5124,20265927,0.424431
Bubble Sort,10000,5125,20265928,0.424609
Bubble Sort,10000,5126,20265929,0.427065
Bubble Sort,10000,5127,20265930,0.42696
Bubble Sort,10000,5128,20265931,0.424984
Bubble Sort,10000,5129,20265932,0.424327
Bubble Sort,10000,5130,20265933,0.423083
Bubble Sort,10000,5131,20265934,0.42491
Bubble Sort,10000,5132,20265935,0.423594
Bubble Sort,10000,5133,20265936,0.425526
Bubble Sort,10000,5134,20265937,0.425261
Bubble Sort,10000,5135,20265938,0.423157
Bubble Sort,10000,5136,20265939,0.423772
Bubble Sort,10000,5137,20265940,0.423699
Bubble Sort,10000,5138,20265941,0.428302
Bubble Sort,10000,5139,20265942,0.426634
Bubble Sort,10000,5140,20265943,0.425083
Bubble Sort,10000,5141,20265944,0.426006
Bubble Sort,10000,5142,20265945,0.426714
Bubble Sort,10000,5143,20265946,0.426061
Bubble Sort,10000,5144,20265947,0.426585
Bubble Sort,10000,5145,20265948,0.425717
Bubble Sort,10000,5146,20265949,0.428351
Bubble Sort,10000,5147,20265950,0.424726
Bubble Sort,10000,5148,20265951,0.427329
Bubble Sort,10000,5149,20265952,0.425742
Bubble Sort,10000,5150,20265953,0.425569
Bubble Sort,10000,5151,20265954,0.424147
Bubble Sort,10000,5152,20265955,0.424443
Bubble Sort,10000,5153,20265956,0.423895
Bubble Sort,10000,5154,20265957,0.426413
Bubble Sort,10000,5155,20265958,0.426978
Bubble Sort,10000,5156,20265959,0.426523
Bubble Sort,10000,5157,20265960,0.421545
Bubble Sort,10000,5158,20265961,0.425428
Bubble Sort,10000,5159,20265962,0.428148
Bubble Sort,10000,5160,20265963,0.430615
Bubble Sort,10000,5161,20265964,0.42136
Bubble Sort,10000,5162,20265965,0.418603
Bubble Sort,10000,5163,20265966,0.410492
Bubble Sort,10000,5164,20265967,0.426369
Bubble Sort,10000,5165,20265968,0.426264
Bubble Sort,10000,5166,20265969,0.427932
Bubble Sort,10000,5167,20265970,0.427336
Bubble Sort,10000,5168,20265971,0.426523
Bubble Sort,10000,5169,20265972,0.424025
Bubble Sort,10000,5170,20265973,0.408911
Bubble Sort,10000,5171,20265974,0.425778
Bubble Sort,10000,5172,20265975,0.425723
Bubble Sort,10000,5173,20265976,0.420923
Bubble Sort,10000,5174,20265977,0.415538
Bubble Sort,10000,5175,20265978,0.425827
Bubble Sort,10000,5176,20265979,0.423132
Bubble Sort,10000,5177,20265980,0.424523
Bubble Sort,10000,5178,20265981,0.424265
Bubble Sort,10000,5179,20265982,0.42499
Bubble Sort,10000,5180,20265983,0.423114
Bubble Sort,10000,5181,20265984,0.422954
Bubble Sort,10000,5182,20265985,0.427527
Bubble Sort,10000,5183,20265986,0.426738
Bubble Sort,10000,5184,20265987,0.421145
Bubble Sort,10000,5185,20265988,0.422443
Bubble Sort,10000,5186,20265989,0.425484
Bubble Sort,10000,5187,20265990,0.426185
Bubble Sort,10000,5188,20265991,0.424689
Bubble Sort,10000,5189,20265992,0.42272
Bubble Sort,10000,5190,20265993,0.426696
Bubble Sort,10000,5191,20265994,0.425139
Bubble Sort,10000,5192,20265995,0.423766
Bubble Sort,10000,5193,20265996,0.427557
Bubble Sort,10000,5194,20265997,0.423083
Bubble Sort,10000,5195,20265998,0.422683
Bubble Sort,10000,5196,20265999,0.423378
Bubble Sort,10000,5197,20266000,0.422966
Bubble Sort,10000,5198,20266001,0.425649
Bubble Sort,10000,5199,20266002,0.426757
Bubble Sort,10000,5200,20266003,0.414043
Bubble Sort,10000,5201,20266004,0.424055
Bubble Sort,10000,5202,20266005,0.424923
Bubble Sort,10000,5203,20266006,0.421157
Bubble Sort,10000,5204,20266007,0.423329
Bubble Sort,10000,5205,20266008,0.42432
Bubble Sort,10000,5206,20266009,0.423022
Bubble Sort,10000,5207,20266010,0.42344
Bubble Sort,10000,5208,20266011,0.426677
Bubble Sort,10000,5209,20266012,0.422461
Bubble Sort,10000,5210,20266013,0.424523
Bubble Sort,10000,5211,20266014,0.425827
Bubble Sort,10000,5212,20266015,0.421692
Bubble Sort,10000,5213,20266016,0.42216
Bubble Sort,10000,5214,20266017,0.42485
Bubble Sort,10000,5215,20266018,0.424025
Bubble Sort,10000,5216,20266019,0.424554
Bubble Sort,10000,5217,20266020,0.424037
Bubble Sort,10000,5218,20266021,0.425797
Bubble Sort,10000,5219,20266022,0.428345
Bubble Sort,10000,5220,20266023,0.431772
Bubble Sort,10000,5221,20266024,0.434123
Bubble Sort,10000,5222,20266025,0.425465
Bubble Sort,10000,5223,20266026,0.426806
Bubble Sort,10000,5224,20266027,0.426892
Bubble Sort,10000,5225,20266028,0.423298
Bubble Sort,10000,5226,20266029,0.423065
Bubble Sort,10000,5227,20266030,0.426019
Bubble Sort,10000,5228,20266031,0.423945
Bubble Sort,10000,5229,20266032,0.424148
Bubble Sort,10000,5230,20266033,0.425539
Bubble Sort,10000,5231,20266034,0.425225
Bubble Sort,10000,5232,20266035,0.427427
Bubble Sort,10000,5233,20266036,0.424012
Bubble Sort,10000,5234,20266037,0.427969
Bubble Sort,10000,5235,20266038,0.424732
Bubble Sort,10000,5236,20266039,0.424074
Bubble Sort,10000,5237,20266040,0.425833
Bubble Sort,10000,5238,20266041,0.424861
Bubble Sort,10000,5239,20266042,0.425668
Bubble Sort,10000,5240,20266043,0.423865
Bubble Sort,10000,5241,20266044,0.427569
Bubble Sort,10000,5242,20266045,0.424339
Bubble Sort,10000,5243,20266046,0.423563
Bubble Sort,10000,5244,20266047,0.425618
Bubble Sort,10000,5245,20266048,0.421237
Bubble Sort,10000,5246,20266049,0.424031
Bubble Sort,10000,5247,20266050,0.416812
Bubble Sort,10000,5248,20266051,0.426117
Bubble Sort,10000,5249,20266052,0.421932
Bubble Sort,10000,5250,20266053,0.424695
Bubble Sort,10000,5251,20266054,0.425139
Bubble Sort,10000,5252,20266055,0.424579
Bubble Sort,10000,5253,20266056,0.424326
Bubble Sort,10000,5254,20266057,0.42352
Bubble Sort,10000,5255,20266058,0.428468
Bubble Sort,10000,5256,20266059,0.426936
Bubble Sort,10000,5257,20266060,0.42779
Bubble Sort,10000,5258,20266061,0.422467
Bubble Sort,10000,5259,20266062,0.425138
Bubble Sort,10000,5260,20266063,0.426037
Bubble Sort,10000,5261,20266064,0.426253
Bubble Sort,10000,5262,20266065,0.423151
Bubble Sort,10000,5263,20266066,0.427144
Bubble Sort,10000,5264,20266067,0.423704
Bubble Sort,10000,5265,20266068,0.425692
Bubble Sort,10000,5266,20266069,0.423821
Bubble Sort,10000,5267,20266070,0.423157
Bubble Sort,10000,5268,20266071,0.423083
Bubble Sort,10000,5269,20266072,0.426227
Bubble Sort,10000,5270,20266073,0.426972
Bubble Sort,10000,5271,20266074,0.424708
Bubble Sort,10000,5272,20266075,0.426867
Bubble Sort,10000,5273,20266076,0.426394
Bubble Sort,10000,5274,20266077,0.424209
Bubble Sort,10000,5275,20266078,0.424264
Bubble Sort,10000,5276,20266079,0.426739
Bubble Sort,10000,5277,20266080,0.422856
Bubble Sort,10000,5278,20266081,0.425483
Bubble Sort,10000,5279,20266082,0.425015
Bubble Sort,10000,5280,20266083,0.422332
Bubble Sort,10000,5281,20266084,0.413046
Bubble Sort,10000,5282,20266085,0.425219
Bubble Sort,10000,5283,20266086,0.42392
Bubble Sort,10000,5284,20266087,0.423483
Bubble Sort,10000,5285,20266088,0.427219
Bubble Sort,10000,5286,20266089,0.426234
Bubble Sort,10000,5287,20266090,0.427612
Bubble Sort,10000,5288,20266091,0.424019
Bubble Sort,10000,5289,20266092,0.424062
Bubble Sort,10000,5290,20266093,0.425895
Bubble Sort,10000,5291,20266094,0.423723
Bubble Sort,10000,5292,20266095,0.424935
Bubble Sort,10000,5293,20266096,0.422948
Bubble Sort,10000,5294,20266097,0.434776
Bubble Sort,10000,5295,20266098,0.426542
Bubble Sort,10000,5296,20266099,0.422603
Bubble Sort,10000,5297,20266100,0.422499
Bubble Sort,10000,5298,20266101,0.428264
Bubble Sort,10000,5299,20266102,0.429427
Bubble Sort,10000,5300,20266103,0.426609
Bubble Sort,10000,5301,20266104,0.414136
Bubble Sort,10000,5302,20266105,0.426505
Bubble Sort,10000,5303,20266106,0.424844
Bubble Sort,10000,5304,20266107,0.423778
Bubble Sort,10000,5305,20266108,0.422991
Bubble Sort,10000,5306,20266109,0.423994
Bubble Sort,10000,5307,20266110,0.42232
Bubble Sort,10000,5308,20266111,0.424345
Bubble Sort,10000,5309,20266112,0.422696
Bubble Sort,10000,5310,20266113,0.425673
Bubble Sort,10000,5311,20266114,0.424984
Bubble Sort,10000,5312,20266115,0.42224
Bubble Sort,10000,5313,20266116,0.426307
Bubble Sort,10000,5314,20266117,0.424622
Bubble Sort,10000,5315,20266118,0.427335
Bubble Sort,10000,5316,20266119,0.42547
Bubble Sort,10000,5317,20266120,0.427464
Bubble Sort,10000,5318,20266121,0.425606
Bubble Sort,10000,5319,20266122,0.42216
Bubble Sort,10000,5320,20266123,0.424788
Bubble Sort,10000,5321,20266124,0.423372
Bubble Sort,10000,5322,20266125,0.425513
Bubble Sort,10000,5323,20266126,0.428265
Bubble Sort,10000,5324,20266127,0.426948
Bubble Sort,10000,5325,20266128,0.425384
Bubble Sort,10000,5326,20266129,0.425803
Bubble Sort,10000,5327,20266130,0.425704
Bubble Sort,10000,5328,20266131,0.421656
Bubble Sort,10000,5329,20266132,0.427243
Bubble Sort,10000,5330,20266133,0.415748
Bubble Sort,10000,5331,20266134,0.417613
Bubble Sort,10000,5332,20266135,0.428136
Bubble Sort,10000,5333,20266136,0.421286
Bubble Sort,10000,5334,20266137,0.424886
Bubble Sort,10000,5335,20266138,0.424739
Bubble Sort,10000,5336,20266139,0.424646
Bubble Sort,10000,5337,20266140,0.423231
Bubble Sort,10000,5338,20266141,0.421065
Bubble Sort,10000,5339,20266142,0.424652
Bubble Sort,10000,5340,20266143,0.424332
Bubble Sort,10000,5341,20266144,0.421624
Bubble Sort,10000,5342,20266145,0.422751
Bubble Sort,10000,5343,20266146,0.426486
Bubble Sort,10000,5344,20266147,0.421421
Bubble Sort,10000,5345,20266148,0.427022
Bubble Sort,10000,5346,20266149,0.423415
Bubble Sort,10000,5347,20266150,0.423483
Bubble Sort,10000,5348,20266151,0.425083
Bubble Sort,10000,5349,20266152,0.409988
Bubble Sort,10000,5350,20266153,0.422837
Bubble Sort,10000,5351,20266154,0.426529
Bubble Sort,10000,5352,20266155,0.424671
Bubble Sort,10000,5353,20266156,0.423188
Bubble Sort,10000,5354,20266157,0.42363
Bubble Sort,10000,5355,20266158,0.425409
Bubble Sort,10000,5356,20266159,0.422431
Bubble Sort,10000,5357,20266160,0.424179
Bubble Sort,10000,5358,20266161,0.425317
Bubble Sort,10000,5359,20266162,0.423434
Bubble Sort,10000,5360,20266163,0.42648
Bubble Sort,10000,5361,20266164,0.422843
Bubble Sort,10000,5362,20266165,0.42203
Bubble Sort,10000,5363,20266166,0.425145
Bubble Sort,10000,5364,20266167,0.424917
Bubble Sort,10000,5365,20266168,0.42376
Bubble Sort,10000,5366,20266169,0.422904
Bubble Sort,10000,5367,20266170,0.421687
Bubble Sort,10000,5368,20266171,0.426905
Bubble Sort,10000,5369,20266172,0.42536
Bubble Sort,10000,5370,20266173,0.44864
Bubble Sort,10000,5371,20266174,0.423151
Bubble Sort,10000,5372,20266175,0.424141
Bubble Sort,10000,5373,20266176,0.423594
Bubble Sort,10000,5374,20266177,0.424793
Bubble Sort,10000,5375,20266178,0.426523
Bubble Sort,10000,5376,20266179,0.422622
Bubble Sort,10000,5377,20266180,0.423003
Bubble Sort,10000,5378,20266181,0.424141
Bubble Sort,10000,5379,20266182,0.422664
Bubble Sort,10000,5380,20266183,0.425083
Bubble Sort,10000,5381,20266184,0.423699
Bubble Sort,10000,5382,20266185,0.425311
Bubble Sort,10000,5383,20266186,0.471723
Bubble Sort,10000,5384,20266187,0.424031
Bubble Sort,10000,5385,20266188,0.421342
Bubble Sort,10000,5386,20266189,0.424566
Bubble Sort,10000,5387,20266190,0.424086
Bubble Sort,10000,5388,20266191,0.423729
Bubble Sort,10000,5389,20266192,0.419409
Bubble Sort,10000,5390,20266193,0.424683
Bubble Sort,10000,5391,20266194,0.425145
Bubble Sort,10000,5392,20266195,0.425323
Bubble Sort,10000,5393,20266196,0.423514
Bubble Sort,10000,5394,20266197,0.42408
Bubble Sort,10000,5395,20266198,0.422831
Bubble Sort,10000,5396,20266199,0.427077
Bubble Sort,10000,5397,20266200,0.42352
Bubble Sort,10000,5398,20266201,0.424505
Bubble Sort,10000,5399,20266202,0.427231
Bubble Sort,10000,5400,20266203,0.423366
Bubble Sort,10000,5401,20266204,0.422732
Bubble Sort,10000,5402,20266205,0.423569
Bubble Sort,10000,5403,20266206,0.424424
Bubble Sort,10000,5404,20266207,0.418468
Bubble Sort,10000,5405,20266208,0.424043
Bubble Sort,10000,5406,20266209,0.42408
Bubble Sort,10000,5407,20266210,0.426074
Bubble Sort,10000,5408,20266211,0.427415
Bubble Sort,10000,5409,20266212,0.423557
Bubble Sort,10000,5410,20266213,0.426019
Bubble Sort,10000,5411,20266214,0.421347
Bubble Sort,10000,5412,20266215,0.421373
Bubble Sort,10000,5413,20266216,0.424351
Bubble Sort,10000,5414,20266217,0.424327
Bubble Sort,10000,5415,20266218,0.424972
Bubble Sort,10000,5416,20266219,0.42568
Bubble Sort,10000,5417,20266220,0.425077
Bubble Sort,10000,5418,20266221,0.422991
Bubble Sort,10000,5419,20266222,0.424382
Bubble Sort,10000,5420,20266223,0.422307
Bubble Sort,10000,5421,20266224,0.423502
Bubble Sort,10000,5422,20266225,0.42568
Bubble Sort,10000,5423,20266226,0.423416
Bubble Sort,10000,5424,20266227,0.423945
Bubble Sort,10000,5425,20266228,0.424776
Bubble Sort,10000,5426,20266229,0.424609
Bubble Sort,10000,5427,20266230,0.425569
Bubble Sort,10000,5428,20266231,0.413348
Bubble Sort,10000,5429,20266232,0.422006
Bubble Sort,10000,5430,20266233,0.423421
Bubble Sort,10000,5431,20266234,0.424972
Bubble Sort,10000,5432,20266235,0.425076
Bubble Sort,10000,5433,20266236,0.425028
Bubble Sort,10000,5434,20266237,0.424677
Bubble Sort,10000,5435,20266238,0.425028
Bubble Sort,10000,5436,20266239,0.426461
Bubble Sort,10000,5437,20266240,0.425416
Bubble Sort,10000,5438,20266241,0.450474
Bubble Sort,10000,5439,20266242,0.423434
Bubble Sort,10000,5440,20266243,0.424621
Bubble Sort,10000,5441,20266244,0.427225
Bubble Sort,10000,5442,20266245,0.423274
Bubble Sort,10000,5443,20266246,0.425415
Bubble Sort,10000,5444,20266247,0.425513
Bubble Sort,10000,5445,20266248,0.421286
Bubble Sort,10000,5446,20266249,0.426153
Bubble Sort,10000,5447,20266250,0.423662
Bubble Sort,10000,5448,20266251,0.424745
Bubble Sort,10000,5449,20266252,0.424942
Bubble Sort,10000,5450,20266253,0.426375
Bubble Sort,10000,5451,20266254,0.439692
Bubble Sort,10000,5452,20266255,0.422609
Bubble Sort,10000,5453,20266256,0.422517
Bubble Sort,10000,5454,20266257,0.422849
Bubble Sort,10000,5455,20266258,0.425822
Bubble Sort,10000,5456,20266259,0.42085
Bubble Sort,10000,5457,20266260,0.422849
Bubble Sort,10000,5458,20266261,0.425003
Bubble Sort,10000,5459,20266262,0.424406
Bubble Sort,10000,5460,20266263,0.424067
Bubble Sort,10000,5461,20266264,0.423544
Bubble Sort,10000,5462,20266265,0.425538
Bubble Sort,10000,5463,20266266,0.426468
Bubble Sort,10000,5464,20266267,0.423569
Bubble Sort,10000,5465,20266268,0.425662
Bubble Sort,10000,5466,20266269,0.42104
Bubble Sort,10000,5467,20266270,0.428498
Bubble Sort,10000,5468,20266271,0.42424
Bubble Sort,10000,5469,20266272,0.421834
Bubble Sort,10000,5470,20266273,0.424911
Bubble Sort,10000,5471,20266274,0.423889
Bubble Sort,10000,5472,20266275,0.417188
Bubble Sort,10000,5473,20266276,0.422788
Bubble Sort,10000,5474,20266277,0.4224
Bubble Sort,10000,5475,20266278,0.42307
Bubble Sort,10000,5476,20266279,0.424548
Bubble Sort,10000,5477,20266280,0.424044
Bubble Sort,10000,5478,20266281,0.421668
Bubble Sort,10000,5479,20266282,0.425403
Bubble Sort,10000,5480,20266283,0.427951
Bubble Sort,10000,5481,20266284,0.422997
Bubble Sort,10000,5482,20266285,0.426123
Bubble Sort,10000,5483,20266286,0.424073
Bubble Sort,10000,5484,20266287,0.425071
Bubble Sort,10000,5485,20266288,0.423058
Bubble Sort,10000,5486,20266289,0.426824
Bubble Sort,10000,5487,20266290,0.424707
Bubble Sort,10000,5488,20266291,0.423157
Bubble Sort,10000,5489,20266292,0.424456
Bubble Sort,10000,5490,20266293,0.424388
Bubble Sort,10000,5491,20266294,0.422431
Bubble Sort,10000,5492,20266295,0.42304
Bubble Sort,10000,5493,20266296,0.424111
Bubble Sort,10000,5494,20266297,0.42312
Bubble Sort,10000,5495,20266298,0.424905
Bubble Sort,10000,5496,20266299,0.426985
Bubble Sort,10000,5497,20266300,0.430252
Bubble Sort,10000,5498,20266301,0.428123
Bubble Sort,10000,5499,20266302,0.417631
Bubble Sort,10000,5500,20266303,0.419693
Bubble Sort,10000,5501,20266304,0.410443
Bubble Sort,10000,5502,20266305,0.425533
Bubble Sort,10000,5503,20266306,0.423471
Bubble Sort,10000,5504,20266307,0.425175
Bubble Sort,10000,5505,20266308,0.425446
Bubble Sort,10000,5506,20266309,0.450357
Bubble Sort,10000,5507,20266310,0.422862
Bubble Sort,10000,5508,20266311,0.425883
Bubble Sort,10000,5509,20266312,0.424812
Bubble Sort,10000,5510,20266313,0.423643
Bubble Sort,10000,5511,20266314,0.426007
Bubble Sort,10000,5512,20266315,0.424536
Bubble Sort,10000,5513,20266316,0.423502
Bubble Sort,10000,5514,20266317,0.425655
Bubble Sort,10000,5515,20266318,0.424708
Bubble Sort,10000,5516,20266319,0.424061
Bubble Sort,10000,5517,20266320,0.424387
Bubble Sort,10000,5518,20266321,0.425594
Bubble Sort,10000,5519,20266322,0.415538
Bubble Sort,10000,5520,20266323,0.424277
Bubble Sort,10000,5521,20266324,0.424172
Bubble Sort,10000,5522,20266325,0.427194
Bubble Sort,10000,5523,20266326,0.42456
Bubble Sort,10000,5524,20266327,0.427385
Bubble Sort,10000,5525,20266328,0.422578
Bubble Sort,10000,5526,20266329,0.426018
Bubble Sort,10000,5527,20266330,0.424388
Bubble Sort,10000,5528,20266331,0.424191
Bubble Sort,10000,5529,20266332,0.424019
Bubble Sort,10000,5530,20266333,0.422523
Bubble Sort,10000,5531,20266334,0.424424
Bubble Sort,10000,5532,20266335,0.436966
Bubble Sort,10000,5533,20266336,0.430505
Bubble Sort,10000,5534,20266337,0.427059
Bubble Sort,10000,5535,20266338,0.424794
Bubble Sort,10000,5536,20266339,0.428929
Bubble Sort,10000,5537,20266340,0.425182
Bubble Sort,10000,5538,20266341,0.408603
Bubble Sort,10000,5539,20266342,0.427741
Bubble Sort,10000,5540,20266343,0.426874
Bubble Sort,10000,5541,20266344,0.427139
Bubble Sort,10000,5542,20266345,0.422775
Bubble Sort,10000,5543,20266346,0.422947
Bubble Sort,10000,5544,20266347,0.424394
Bubble Sort,10000,5545,20266348,0.428135
Bubble Sort,10000,5546,20266349,0.423668
Bubble Sort,10000,5547,20266350,0.428431
Bubble Sort,10000,5548,20266351,0.430505
Bubble Sort,10000,5549,20266352,0.427213
Bubble Sort,10000,5550,20266353,0.426062
Bubble Sort,10000,5551,20266354,0.427895
Bubble Sort,10000,5552,20266355,0.427889
Bubble Sort,10000,5553,20266356,0.426954
Bubble Sort,10000,5554,20266357,0.426739
Bubble Sort,10000,5555,20266358,0.415262
Bubble Sort,10000,5556,20266359,0.428745
Bubble Sort,10000,5557,20266360,0.424929
Bubble Sort,10000,5558,20266361,0.426806
Bubble Sort,10000,5559,20266362,0.421889
Bubble Sort,10000,5560,20266363,0.423219
Bubble Sort,10000,5561,20266364,0.426406
Bubble Sort,10000,5562,20266365,0.427237
Bubble Sort,10000,5563,20266366,0.42744
Bubble Sort,10000,5564,20266367,0.421471
Bubble Sort,10000,5565,20266368,0.426105
Bubble Sort,10000,5566,20266369,0.428178
Bubble Sort,10000,5567,20266370,0.423101
Bubble Sort,10000,5568,20266371,0.425421
Bubble Sort,10000,5569,20266372,0.425938
Bubble Sort,10000,5570,20266373,0.425058
Bubble Sort,10000,5571,20266374,0.427544
Bubble Sort,10000,5572,20266375,0.425089
Bubble Sort,10000,5573,20266376,0.427127
Bubble Sort,10000,5574,20266377,0.42456
Bubble Sort,10000,5575,20266378,0.425563
Bubble Sort,10000,5576,20266379,0.425883
Bubble Sort,10000,5577,20266380,0.425477
Bubble Sort,10000,5578,20266381,0.425988
Bubble Sort,10000,5579,20266382,0.475076
Bubble Sort,10000,5580,20266383,0.426013
Bubble Sort,10000,5581,20266384,0.424221
Bubble Sort,10000,5582,20266385,0.424652
Bubble Sort,10000,5583,20266386,0.425305
Bubble Sort,10000,5584,20266387,0.423846
Bubble Sort,10000,5585,20266388,0.426973
Bubble Sort,10000,5586,20266389,0.424708
Bubble Sort,10000,5587,20266390,0.428307
Bubble Sort,10000,5588,20266391,0.422394
Bubble Sort,10000,5589,20266392,0.425901
Bubble Sort,10000,5590,20266393,0.425877
Bubble Sort,10000,5591,20266394,0.425083
Bubble Sort,10000,5592,20266395,0.424524
Bubble Sort,10000,5593,20266396,0.426677
Bubble Sort,10000,5594,20266397,0.425705
Bubble Sort,10000,5595,20266398,0.424997
Bubble Sort,10000,5596,20266399,0.427557
Bubble Sort,10000,5597,20266400,0.423957
Bubble Sort,10000,5598,20266401,0.42336
Bubble Sort,10000,5599,20266402,0.425341
Bubble Sort,10000,5600,20266403,0.422019
Bubble Sort,10000,5601,20266404,0.42632
Bubble Sort,10000,5602,20266405,0.424499
Bubble Sort,10000,5603,20266406,0.422313
Bubble Sort,10000,5604,20266407,0.42336
Bubble Sort,10000,5605,20266408,0.423324
Bubble Sort,10000,5606,20266409,0.427588
Bubble Sort,10000,5607,20266410,0.423735
Bubble Sort,10000,5608,20266411,0.425575
Bubble Sort,10000,5609,20266412,0.426443
Bubble Sort,10000,5610,20266413,0.42544
Bubble Sort,10000,5611,20266414,0.42523
Bubble Sort,10000,5612,20266415,0.425397
Bubble Sort,10000,5613,20266416,0.417914
Bubble Sort,10000,5614,20266417,0.425003
Bubble Sort,10000,5615,20266418,0.42592
Bubble Sort,10000,5616,20266419,0.425157
Bubble Sort,10000,5617,20266420,0.423415
Bubble Sort,10000,5618,20266421,0.425434
Bubble Sort,10000,5619,20266422,0.424856
Bubble Sort,10000,5620,20266423,0.425225
Bubble Sort,10000,5621,20266424,0.427077
Bubble Sort,10000,5622,20266425,0.423963
Bubble Sort,10000,5623,20266426,0.425181
Bubble Sort,10000,5624,20266427,0.425083
Bubble Sort,10000,5625,20266428,0.420683
Bubble Sort,10000,5626,20266429,0.422566
Bubble Sort,10000,5627,20266430,0.422745
Bubble Sort,10000,5628,20266431,0.424344
Bubble Sort,10000,5629,20266432,0.427145
Bubble Sort,10000,5630,20266433,0.422978
Bubble Sort,10000,5631,20266434,0.423692
Bubble Sort,10000,5632,20266435,0.428363
Bubble Sort,10000,5633,20266436,0.424713
Bubble Sort,10000,5634,20266437,0.452259
Bubble Sort,10000,5635,20266438,0.424659
Bubble Sort,10000,5636,20266439,0.424726
Bubble Sort,10000,5637,20266440,0.424332
Bubble Sort,10000,5638,20266441,0.424628
Bubble Sort,10000,5639,20266442,0.423551
Bubble Sort,10000,5640,20266443,0.42488
Bubble Sort,10000,5641,20266444,0.421742
Bubble Sort,10000,5642,20266445,0.425274
Bubble Sort,10000,5643,20266446,0.42408
Bubble Sort,10000,5644,20266447,0.427606
Bubble Sort,10000,5645,20266448,0.42493
Bubble Sort,10000,5646,20266449,0.425138
Bubble Sort,10000,5647,20266450,0.416726
Bubble Sort,10000,5648,20266451,0.425932
Bubble Sort,10000,5649,20266452,0.428683
Bubble Sort,10000,5650,20266453,0.42616
Bubble Sort,10000,5651,20266454,0.426486
Bubble Sort,10000,5652,20266455,0.424824
Bubble Sort,10000,5653,20266456,0.427126
Bubble Sort,10000,5654,20266457,0.425606
Bubble Sort,10000,5655,20266458,0.428419
Bubble Sort,10000,5656,20266459,0.424923
Bubble Sort,10000,5657,20266460,0.427354
Bubble Sort,10000,5658,20266461,0.424929
Bubble Sort,10000,5659,20266462,0.425692
Bubble Sort,10000,5660,20266463,0.422265
Bubble Sort,10000,5661,20266464,0.425643
Bubble Sort,10000,5662,20266465,0.425871
Bubble Sort,10000,5663,20266466,0.426824
Bubble Sort,10000,5664,20266467,0.426609
Bubble Sort,10000,5665,20266468,0.428092
Bubble Sort,10000,5666,20266469,0.411459
Bubble Sort,10000,5667,20266470,0.431624
Bubble Sort,10000,5668,20266471,0.418548
Bubble Sort,10000,5669,20266472,0.416086
Bubble Sort,10000,5670,20266473,0.413514
Bubble Sort,10000,5671,20266474,0.42557
Bubble Sort,10000,5672,20266475,0.422474
Bubble Sort,10000,5673,20266476,0.426393
Bubble Sort,10000,5674,20266477,0.424683
Bubble Sort,10000,5675,20266478,0.424246
Bubble Sort,10000,5676,20266479,0.424984
Bubble Sort,10000,5677,20266480,0.429003
Bubble Sort,10000,5678,20266481,0.426585
Bubble Sort,10000,5679,20266482,0.423889
Bubble Sort,10000,5680,20266483,0.425686
Bubble Sort,10000,5681,20266484,0.424603
Bubble Sort,10000,5682,20266485,0.412775
Bubble Sort,10000,5683,20266486,0.421588
Bubble Sort,10000,5684,20266487,0.425182
Bubble Sort,10000,5685,20266488,0.421748
Bubble Sort,10000,5686,20266489,0.421957
Bubble Sort,10000,5687,20266490,0.426055
Bubble Sort,10000,5688,20266491,0.423459
Bubble Sort,10000,5689,20266492,0.423957
Bubble Sort,10000,5690,20266493,0.421594
Bubble Sort,10000,5691,20266494,0.426252
Bubble Sort,10000,5692,20266495,0.424222
Bubble Sort,10000,5693,20266496,0.424584
Bubble Sort,10000,5694,20266497,0.447508
Bubble Sort,10000,5695,20266498,0.423268
Bubble Sort,10000,5696,20266499,0.42424
Bubble Sort,10000,5697,20266500,0.423212
Bubble Sort,10000,5698,20266501,0.423416
Bubble Sort,10000,5699,20266502,0.425902
Bubble Sort,10000,5700,20266503,0.422197
Bubble Sort,10000,5701,20266504,0.424997
Bubble Sort,10000,5702,20266505,0.422954
Bubble Sort,10000,5703,20266506,0.421846
Bubble Sort,10000,5704,20266507,0.421625
Bubble Sort,10000,5705,20266508,0.424024
Bubble Sort,10000,5706,20266509,0.427176
Bubble Sort,10000,5707,20266510,0.476566
Bubble Sort,10000,5708,20266511,0.423465
Bubble Sort,10000,5709,20266512,0.422732
Bubble Sort,10000,5710,20266513,0.42285
Bubble Sort,10000,5711,20266514,0.424437
Bubble Sort,10000,5712,20266515,0.424363
Bubble Sort,10000,5713,20266516,0.425963
Bubble Sort,10000,5714,20266517,0.422301
Bubble Sort,10000,5715,20266518,0.422966
Bubble Sort,10000,5716,20266519,0.420585
Bubble Sort,10000,5717,20266520,0.422985
Bubble Sort,10000,5718,20266521,0.420382
Bubble Sort,10000,5719,20266522,0.421255
Bubble Sort,10000,5720,20266523,0.42477
Bubble Sort,10000,5721,20266524,0.425612
Bubble Sort,10000,5722,20266525,0.425304
Bubble Sort,10000,5723,20266526,0.424904
Bubble Sort,10000,5724,20266527,0.428856
Bubble Sort,10000,5725,20266528,0.423889
Bubble Sort,10000,5726,20266529,0.42592
Bubble Sort,10000,5727,20266530,0.423606
Bubble Sort,10000,5728,20266531,0.415347
Bubble Sort,10000,5729,20266532,0.425317
Bubble Sort,10000,5730,20266533,0.423907
Bubble Sort,10000,5731,20266534,0.424794
Bubble Sort,10000,5732,20266535,0.425206
Bubble Sort,10000,5733,20266536,0.424505
Bubble Sort,10000,5734,20266537,0.42632
Bubble Sort,10000,5735,20266538,0.424941
Bubble Sort,10000,5736,20266539,0.425876
Bubble Sort,10000,5737,20266540,0.422049
Bubble Sort,10000,5738,20266541,0.426541
Bubble Sort,10000,5739,20266542,0.424227
Bubble Sort,10000,5740,20266543,0.420904
Bubble Sort,10000,5741,20266544,0.474345
Bubble Sort,10000,5742,20266545,0.424579
Bubble Sort,10000,5743,20266546,0.424671
Bubble Sort,10000,5744,20266547,0.422769
Bubble Sort,10000,5745,20266548,0.424326
Bubble Sort,10000,5746,20266549,0.42176
Bubble Sort,10000,5747,20266550,0.426326
Bubble Sort,10000,5748,20266551,0.423009
Bubble Sort,10000,5749,20266552,0.421305
Bubble Sort,10000,5750,20266553,0.422406
Bubble Sort,10000,5751,20266554,0.421883
Bubble Sort,10000,5752,20266555,0.424578
Bubble Sort,10000,5753,20266556,0.424468
Bubble Sort,10000,5754,20266557,0.425194
Bubble Sort,10000,5755,20266558,0.426086
Bubble Sort,10000,5756,20266559,0.424117
Bubble Sort,10000,5757,20266560,0.431717
Bubble Sort,10000,5758,20266561,0.427095
Bubble Sort,10000,5759,20266562,0.428308
Bubble Sort,10000,5760,20266563,0.425618
Bubble Sort,10000,5761,20266564,0.422314
Bubble Sort,10000,5762,20266565,0.424381
Bubble Sort,10000,5763,20266566,0.424597
Bubble Sort,10000,5764,20266567,0.426394
Bubble Sort,10000,5765,20266568,0.424104
Bubble Sort,10000,5766,20266569,0.424073
Bubble Sort,10000,5767,20266570,0.423951
Bubble Sort,10000,5768,20266571,0.428671
Bubble Sort,10000,5769,20266572,0.423692
Bubble Sort,10000,5770,20266573,0.425015
Bubble Sort,10000,5771,20266574,0.421477
Bubble Sort,10000,5772,20266575,0.42624
Bubble Sort,10000,5773,20266576,0.427323
Bubble Sort,10000,5774,20266577,0.423157
Bubble Sort,10000,5775,20266578,0.423544
Bubble Sort,10000,5776,20266579,0.424874
Bubble Sort,10000,5777,20266580,0.424923
Bubble Sort,10000,5778,20266581,0.422068
Bubble Sort,10000,5779,20266582,0.424972
Bubble Sort,10000,5780,20266583,0.425865
Bubble Sort,10000,5781,20266584,0.422609
Bubble Sort,10000,5782,20266585,0.423846
Bubble Sort,10000,5783,20266586,0.424813
Bubble Sort,10000,5784,20266587,0.421914
Bubble Sort,10000,5785,20266588,0.421939
Bubble Sort,10000,5786,20266589,0.428707
Bubble Sort,10000,5787,20266590,0.425588
Bubble Sort,10000,5788,20266591,0.423969
Bubble Sort,10000,5789,20266592,0.424172
Bubble Sort,10000,5790,20266593,0.424215
Bubble Sort,10000,5791,20266594,0.423477
Bubble Sort,10000,5792,20266595,0.424597
Bubble Sort,10000,5793,20266596,0.422314
Bubble Sort,10000,5794,20266597,0.422923
Bubble Sort,10000,5795,20266598,0.424301
Bubble Sort,10000,5796,20266599,0.423083
Bubble Sort,10000,5797,20266600,0.423513
Bubble Sort,10000,5798,20266601,0.425656
Bubble Sort,10000,5799,20266602,0.424517
Bubble Sort,10000,5800,20266603,0.427274
Bubble Sort,10000,5801,20266604,0.42728
Bubble Sort,10000,5802,20266605,0.427643
Bubble Sort,10000,5803,20266606,0.407661
Bubble Sort,10000,5804,20266607,0.426917
Bubble Sort,10000,5805,20266608,0.426222
Bubble Sort,10000,5806,20266609,0.427846
Bubble Sort,10000,5807,20266610,0.426972
Bubble Sort,10000,5808,20266611,0.413852
Bubble Sort,10000,5809,20266612,0.423175
Bubble Sort,10000,5810,20266613,0.426671
Bubble Sort,10000,5811,20266614,0.42496
Bubble Sort,10000,5812,20266615,0.426468
Bubble Sort,10000,5813,20266616,0.426609
Bubble Sort,10000,5814,20266617,0.423489
Bubble Sort,10000,5815,20266618,0.425157
Bubble Sort,10000,5816,20266619,0.426117
Bubble Sort,10000,5817,20266620,0.42424
Bubble Sort,10000,5818,20266621,0.422388
Bubble Sort,10000,5819,20266622,0.423606
Bubble Sort,10000,5820,20266623,0.425415
Bubble Sort,10000,5821,20266624,0.424203
Bubble Sort,10000,5822,20266625,0.422381
Bubble Sort,10000,5823,20266626,0.426049
Bubble Sort,10000,5824,20266627,0.425446
Bubble Sort,10000,5825,20266628,0.425717
Bubble Sort,10000,5826,20266629,0.425144
Bubble Sort,10000,5827,20266630,0.422794
Bubble Sort,10000,5828,20266631,0.425927
Bubble Sort,10000,5829,20266632,0.427784
Bubble Sort,10000,5830,20266633,0.426523
Bubble Sort,10000,5831,20266634,0.424837
Bubble Sort,10000,5832,20266635,0.425729
Bubble Sort,10000,5833,20266636,0.426105
Bubble Sort,10000,5834,20266637,0.42291
Bubble Sort,10000,5835,20266638,0.410677
Bubble Sort,10000,5836,20266639,0.430794
Bubble Sort,10000,5837,20266640,0.424289
Bubble Sort,10000,5838,20266641,0.421447
Bubble Sort,10000,5839,20266642,0.411157
Bubble Sort,10000,5840,20266643,0.42365
Bubble Sort,10000,5841,20266644,0.423784
Bubble Sort,10000,5842,20266645,0.422646
Bubble Sort,10000,5843,20266646,0.413348
Bubble Sort,10000,5844,20266647,0.422567
Bubble Sort,10000,5845,20266648,0.421748
Bubble Sort,10000,5846,20266649,0.420954
Bubble Sort,10000,5847,20266650,0.422314
Bubble Sort,10000,5848,20266651,0.422837
Bubble Sort,10000,5849,20266652,0.422012
Bubble Sort,10000,5850,20266653,0.421323
Bubble Sort,10000,5851,20266654,0.420382
Bubble Sort,10000,5852,20266655,0.422141
Bubble Sort,10000,5853,20266656,0.420264
Bubble Sort,10000,5854,20266657,0.423403
Bubble Sort,10000,5855,20266658,0.4224
Bubble Sort,10000,5856,20266659,0.421551
Bubble Sort,10000,5857,20266660,0.422855
Bubble Sort,10000,5858,20266661,0.423987
Bubble Sort,10000,5859,20266662,0.422566
Bubble Sort,10000,5860,20266663,0.42075
Bubble Sort,10000,5861,20266664,0.422492
Bubble Sort,10000,5862,20266665,0.422904
Bubble Sort,10000,5863,20266666,0.423298
Bubble Sort,10000,5864,20266667,0.419698
Bubble Sort,10000,5865,20266668,0.420702
Bubble Sort,10000,5866,20266669,0.42128
Bubble Sort,10000,5867,20266670,0.421828
Bubble Sort,10000,5868,20266671,0.420776
Bubble Sort,10000,5869,20266672,0.423016
Bubble Sort,10000,5870,20266673,0.42176
Bubble Sort,10000,5871,20266674,0.422227
Bubble Sort,10000,5872,20266675,0.410412
Bubble Sort,10000,5873,20266676,0.418197
Bubble Sort,10000,5874,20266677,0.41947
Bubble Sort,10000,5875,20266678,0.420671
Bubble Sort,10000,5876,20266679,0.422935
Bubble Sort,10000,5877,20266680,0.42096
Bubble Sort,10000,5878,20266681,0.423828
Bubble Sort,10000,5879,20266682,0.422862
Bubble Sort,10000,5880,20266683,0.41883
Bubble Sort,10000,5881,20266684,0.418012
Bubble Sort,10000,5882,20266685,0.418861
Bubble Sort,10000,5883,20266686,0.421926
Bubble Sort,10000,5884,20266687,0.422831
Bubble Sort,10000,5885,20266688,0.420892
Bubble Sort,10000,5886,20266689,0.422351
Bubble Sort,10000,5887,20266690,0.42093
Bubble Sort,10000,5888,20266691,0.422505
Bubble Sort,10000,5889,20266692,0.421059
Bubble Sort,10000,5890,20266693,0.421021
Bubble Sort,10000,5891,20266694,0.420258
Bubble Sort,10000,5892,20266695,0.420733
Bubble Sort,10000,5893,20266696,0.424068
Bubble Sort,10000,5894,20266697,0.417557
Bubble Sort,10000,5895,20266698,0.421741
Bubble Sort,10000,5896,20266699,0.422098
Bubble Sort,10000,5897,20266700,0.421588
Bubble Sort,10000,5898,20266701,0.420462
Bubble Sort,10000,5899,20266702,0.422191
Bubble Sort,10000,5900,20266703,0.418634
Bubble Sort,10000,5901,20266704,0.422338
Bubble Sort,10000,5902,20266705,0.424917
Bubble Sort,10000,5903,20266706,0.420893
Bubble Sort,10000,5904,20266707,0.42411
Bubble Sort,10000,5905,20266708,0.422191
Bubble Sort,10000,5906,20266709,0.421587
Bubble Sort,10000,5907,20266710,0.425354
Bubble Sort,10000,5908,20266711,0.420579
Bubble Sort,10000,5909,20266712,0.420781
Bubble Sort,10000,5910,20266713,0.425465
Bubble Sort,10000,5911,20266714,0.423034
Bubble Sort,10000,5912,20266715,0.423902
Bubble Sort,10000,5913,20266716,0.421729
Bubble Sort,10000,5914,20266717,0.411422
Bubble Sort,10000,5915,20266718,0.420332
Bubble Sort,10000,5916,20266719,0.424978
Bubble Sort,10000,5917,20266720,0.422185
Bubble Sort,10000,5918,20266721,0.422363
Bubble Sort,10000,5919,20266722,0.420628
Bubble Sort,10000,5920,20266723,0.423483
Bubble Sort,10000,5921,20266724,0.420973
Bubble Sort,10000,5922,20266725,0.423071
Bubble Sort,10000,5923,20266726,0.423416
Bubble Sort,10000,5924,20266727,0.422757
Bubble Sort,10000,5925,20266728,0.421778
Bubble Sort,10000,5926,20266729,0.423471
Bubble Sort,10000,5927,20266730,0.421206
Bubble Sort,10000,5928,20266731,0.422283
Bubble Sort,10000,5929,20266732,0.425846
Bubble Sort,10000,5930,20266733,0.424714
Bubble Sort,10000,5931,20266734,0.424277
Bubble Sort,10000,5932,20266735,0.4236
Bubble Sort,10000,5933,20266736,0.424788
Bubble Sort,10000,5934,20266737,0.426129
Bubble Sort,10000,5935,20266738,0.423225
Bubble Sort,10000,5936,20266739,0.411588
Bubble Sort,10000,5937,20266740,0.424425
Bubble Sort,10000,5938,20266741,0.423065
Bubble Sort,10000,5939,20266742,0.422782
Bubble Sort,10000,5940,20266743,0.421489
Bubble Sort,10000,5941,20266744,0.421446
Bubble Sort,10000,5942,20266745,0.424394
Bubble Sort,10000,5943,20266746,0.422049
Bubble Sort,10000,5944,20266747,0.422388
Bubble Sort,10000,5945,20266748,0.420806
Bubble Sort,10000,5946,20266749,0.424683
Bubble Sort,10000,5947,20266750,0.423274
Bubble Sort,10000,5948,20266751,0.465434
Bubble Sort,10000,5949,20266752,0.427329
Bubble Sort,10000,5950,20266753,0.422597
Bubble Sort,10000,5951,20266754,0.422794
Bubble Sort,10000,5952,20266755,0.424333
Bubble Sort,10000,5953,20266756,0.420326
Bubble Sort,10000,5954,20266757,0.424849
Bubble Sort,10000,5955,20266758,0.4228
Bubble Sort,10000,5956,20266759,0.433323
Bubble Sort,10000,5957,20266760,0.422874
Bubble Sort,10000,5958,20266761,0.422813
Bubble Sort,10000,5959,20266762,0.42368
Bubble Sort,10000,5960,20266763,0.419539
Bubble Sort,10000,5961,20266764,0.420966
Bubble Sort,10000,5962,20266765,0.425514
Bubble Sort,10000,5963,20266766,0.424025
Bubble Sort,10000,5964,20266767,0.423987
Bubble Sort,10000,5965,20266768,0.422246
Bubble Sort,10000,5966,20266769,0.422289
Bubble Sort,10000,5967,20266770,0.424954
Bubble Sort,10000,5968,20266771,0.419564
Bubble Sort,10000,5969,20266772,0.424867
Bubble Sort,10000,5970,20266773,0.423324
Bubble Sort,10000,5971,20266774,0.420566
Bubble Sort,10000,5972,20266775,0.423612
Bubble Sort,10000,5973,20266776,0.420061
Bubble Sort,10000,5974,20266777,0.42176
Bubble Sort,10000,5975,20266778,0.424615
Bubble Sort,10000,5976,20266779,0.419557
Bubble Sort,10000,5977,20266780,0.415477
Bubble Sort,10000,5978,20266781,0.421163
Bubble Sort,10000,5979,20266782,0.418843
Bubble Sort,10000,5980,20266783,0.424129
Bubble Sort,10000,5981,20266784,0.423028
Bubble Sort,10000,5982,20266785,0.420357
Bubble Sort,10000,5983,20266786,0.417908
Bubble Sort,10000,5984,20266787,0.421797
Bubble Sort,10000,5985,20266788,0.424129
Bubble Sort,10000,5986,20266789,0.422634
Bubble Sort,10000,5987,20266790,0.42413
Bubble Sort,10000,5988,20266791,0.42379
Bubble Sort,10000,5989,20266792,0.423224
Bubble Sort,10000,5990,20266793,0.422376
Bubble Sort,10000,5991,20266794,0.426923
Bubble Sort,10000,5992,20266795,0.421237
Bubble Sort,10000,5993,20266796,0.421551
Bubble Sort,10000,5994,20266797,0.426456
Bubble Sort,10000,5995,20266798,0.426351
Bubble Sort,10000,5996,20266799,0.423538
Bubble Sort,10000,5997,20266800,0.42296
Bubble Sort,10000,5998,20266801,0.409649
Bubble Sort,10000,5999,20266802,0.424935
Bubble Sort,10000,6000,20266803,0.425083
Bubble Sort,10000,6001,20266804,0.418622
Bubble Sort,10000,6002,20266805,0.423256
Bubble Sort,10000,6003,20266806,0.42187
Bubble Sort,10000,6004,20266807,0.429729
Bubble Sort,10000,6005,20266808,0.429206
Bubble Sort,10000,6006,20266809,0.41968
Bubble Sort,10000,6007,20266810,0.421895
Bubble Sort,10000,6008,20266811,0.410597
Bubble Sort,10000,6009,20266812,0.421846
Bubble Sort,10000,6010,20266813,0.42568
Bubble Sort,10000,6011,20266814,0.425397
Bubble Sort,10000,6012,20266815,0.422333
Bubble Sort,10000,6013,20266816,0.421206
Bubble Sort,10000,6014,20266817,0.424468
Bubble Sort,10000,6015,20266818,0.422215
Bubble Sort,10000,6016,20266819,0.42611
Bubble Sort,10000,6017,20266820,0.420665
Bubble Sort,10000,6018,20266821,0.417858
Bubble Sort,10000,6019,20266822,0.414867
Bubble Sort,10000,6020,20266823,0.421729
Bubble Sort,10000,6021,20266824,0.423176
Bubble Sort,10000,6022,20266825,0.426253
Bubble Sort,10000,6023,20266826,0.426302
Bubble Sort,10000,6024,20266827,0.421575
Bubble Sort,10000,6025,20266828,0.426874
Bubble Sort,10000,6026,20266829,0.422634
Bubble Sort,10000,6027,20266830,0.423643
Bubble Sort,10000,6028,20266831,0.423077
Bubble Sort,10000,6029,20266832,0.424062
Bubble Sort,10000,6030,20266833,0.421471
Bubble Sort,10000,6031,20266834,0.421305
Bubble Sort,10000,6032,20266835,0.422283
Bubble Sort,10000,6033,20266836,0.423064
Bubble Sort,10000,6034,20266837,0.423102
Bubble Sort,10000,6035,20266838,0.423711
Bubble Sort,10000,6036,20266839,0.423902
Bubble Sort,10000,6037,20266840,0.424548
Bubble Sort,10000,6038,20266841,0.423926
Bubble Sort,10000,6039,20266842,0.425157
Bubble Sort,10000,6040,20266843,0.428024
Bubble Sort,10000,6041,20266844,0.420849
Bubble Sort,10000,6042,20266845,0.423852
Bubble Sort,10000,6043,20266846,0.422258
Bubble Sort,10000,6044,20266847,0.424018
Bubble Sort,10000,6045,20266848,0.42576
Bubble Sort,10000,6046,20266849,0.42421
Bubble Sort,10000,6047,20266850,0.419366
Bubble Sort,10000,6048,20266851,0.4228
Bubble Sort,10000,6049,20266852,0.422794
Bubble Sort,10000,6050,20266853,0.421193
Bubble Sort,10000,6051,20266854,0.421108
Bubble Sort,10000,6052,20266855,0.423988
Bubble Sort,10000,6053,20266856,0.474148
Bubble Sort,10000,6054,20266857,0.423182
Bubble Sort,10000,6055,20266858,0.421249
Bubble Sort,10000,6056,20266859,0.422308
Bubble Sort,10000,6057,20266860,0.421003
Bubble Sort,10000,6058,20266861,0.425225
Bubble Sort,10000,6059,20266862,0.421963
Bubble Sort,10000,6060,20266863,0.423932
Bubble Sort,10000,6061,20266864,0.424677
Bubble Sort,10000,6062,20266865,0.411034
Bubble Sort,10000,6063,20266866,0.411613
Bubble Sort,10000,6064,20266867,0.423994
Bubble Sort,10000,6065,20266868,0.421403
Bubble Sort,10000,6066,20266869,0.422203
Bubble Sort,10000,6067,20266870,0.424603
Bubble Sort,10000,6068,20266871,0.421533
Bubble Sort,10000,6069,20266872,0.424547
Bubble Sort,10000,6070,20266873,0.430892
Bubble Sort,10000,6071,20266874,0.451963
Bubble Sort,10000,6072,20266875,0.427096
Bubble Sort,10000,6073,20266876,0.427594
Bubble Sort,10000,6074,20266877,0.426363
Bubble Sort,10000,6075,20266878,0.432468
Bubble Sort,10000,6076,20266879,0.429686
Bubble Sort,10000,6077,20266880,0.4244
Bubble Sort,10000,6078,20266881,0.422812
Bubble Sort,10000,6079,20266882,0.429624
Bubble Sort,10000,6080,20266883,0.428535
Bubble Sort,10000,6081,20266884,0.423914
Bubble Sort,10000,6082,20266885,0.422167
Bubble Sort,10000,6083,20266886,0.424696
Bubble Sort,10000,6084,20266887,0.424972
Bubble Sort,10000,6085,20266888,0.424406
Bubble Sort,10000,6086,20266889,0.424769
Bubble Sort,10000,6087,20266890,0.424837
Bubble Sort,10000,6088,20266891,0.42467
Bubble Sort,10000,6089,20266892,0.42208
Bubble Sort,10000,6090,20266893,0.422966
Bubble Sort,10000,6091,20266894,0.425489
Bubble Sort,10000,6092,20266895,0.425428
Bubble Sort,10000,6093,20266896,0.422763
Bubble Sort,10000,6094,20266897,0.42355
Bubble Sort,10000,6095,20266898,0.426123
Bubble Sort,10000,6096,20266899,0.424253
Bubble Sort,10000,6097,20266900,0.421951
Bubble Sort,10000,6098,20266901,0.422265
Bubble Sort,10000,6099,20266902,0.424043
Bubble Sort,10000,6100,20266903,0.414099
Bubble Sort,10000,6101,20266904,0.42416
Bubble Sort,10000,6102,20266905,0.422831
Bubble Sort,10000,6103,20266906,0.422887
Bubble Sort,10000,6104,20266907,0.418653
Bubble Sort,10000,6105,20266908,0.422948
Bubble Sort,10000,6106,20266909,0.427175
Bubble Sort,10000,6107,20266910,0.424222
Bubble Sort,10000,6108,20266911,0.425914
Bubble Sort,10000,6109,20266912,0.420658
Bubble Sort,10000,6110,20266913,0.424468
Bubble Sort,10000,6111,20266914,0.421175
Bubble Sort,10000,6112,20266915,0.420135
Bubble Sort,10000,6113,20266916,0.42136
Bubble Sort,10000,6114,20266917,0.424554
Bubble Sort,10000,6115,20266918,0.419434
Bubble Sort,10000,6116,20266919,0.423723
Bubble Sort,10000,6117,20266920,0.424449
Bubble Sort,10000,6118,20266921,0.421533
Bubble Sort,10000,6119,20266922,0.423526
Bubble Sort,10000,6120,20266923,0.421274
Bubble Sort,10000,6121,20266924,0.418972
Bubble Sort,10000,6122,20266925,0.422578
Bubble Sort,10000,6123,20266926,0.422129
Bubble Sort,10000,6124,20266927,0.421963
Bubble Sort,10000,6125,20266928,0.42264
Bubble Sort,10000,6126,20266929,0.419779
Bubble Sort,10000,6127,20266930,0.42283
Bubble Sort,10000,6128,20266931,0.420326
Bubble Sort,10000,6129,20266932,0.424627
Bubble Sort,10000,6130,20266933,0.423336
Bubble Sort,10000,6131,20266934,0.421514
Bubble Sort,10000,6132,20266935,0.424923
Bubble Sort,10000,6133,20266936,0.420824
Bubble Sort,10000,6134,20266937,0.421539
Bubble Sort,10000,6135,20266938,0.421501
Bubble Sort,10000,6136,20266939,0.421471
Bubble Sort,10000,6137,20266940,0.423219
Bubble Sort,10000,6138,20266941,0.420917
Bubble Sort,10000,6139,20266942,0.421465
Bubble Sort,10000,6140,20266943,0.421372
Bubble Sort,10000,6141,20266944,0.42245
Bubble Sort,10000,6142,20266945,0.458966
Bubble Sort,10000,6143,20266946,0.419305
Bubble Sort,10000,6144,20266947,0.424431
Bubble Sort,10000,6145,20266948,0.423938
Bubble Sort,10000,6146,20266949,0.420695
Bubble Sort,10000,6147,20266950,0.418492
Bubble Sort,10000,6148,20266951,0.419329
Bubble Sort,10000,6149,20266952,0.434111
Bubble Sort,10000,6150,20266953,0.427071
Bubble Sort,10000,6151,20266954,0.42352
Bubble Sort,10000,6152,20266955,0.422197
Bubble Sort,10000,6153,20266956,0.425618
Bubble Sort,10000,6154,20266957,0.423858
Bubble Sort,10000,6155,20266958,0.422972
Bubble Sort,10000,6156,20266959,0.423508
Bubble Sort,10000,6157,20266960,0.423384
Bubble Sort,10000,6158,20266961,0.424148
Bubble Sort,10000,6159,20266962,0.425975
Bubble Sort,10000,6160,20266963,0.423083
Bubble Sort,10000,6161,20266964,0.424726
Bubble Sort,10000,6162,20266965,0.425711
Bubble Sort,10000,6163,20266966,0.432043
Bubble Sort,10000,6164,20266967,0.426745
Bubble Sort,10000,6165,20266968,0.424985
Bubble Sort,10000,6166,20266969,0.424142
Bubble Sort,10000,6167,20266970,0.425569
Bubble Sort,10000,6168,20266971,0.424893
Bubble Sort,10000,6169,20266972,0.423391
Bubble Sort,10000,6170,20266973,0.421674
Bubble Sort,10000,6171,20266974,0.42123
Bubble Sort,10000,6172,20266975,0.422905
Bubble Sort,10000,6173,20266976,0.429274
Bubble Sort,10000,6174,20266977,0.428652
Bubble Sort,10000,6175,20266978,0.415711
Bubble Sort,10000,6176,20266979,0.424567
Bubble Sort,10000,6177,20266980,0.410012
Bubble Sort,10000,6178,20266981,0.422572
Bubble Sort,10000,6179,20266982,0.423588
Bubble Sort,10000,6180,20266983,0.422258
Bubble Sort,10000,6181,20266984,0.42392
Bubble Sort,10000,6182,20266985,0.422105
Bubble Sort,10000,6183,20266986,0.422018
Bubble Sort,10000,6184,20266987,0.423969
Bubble Sort,10000,6185,20266988,0.421717
Bubble Sort,10000,6186,20266989,0.421588
Bubble Sort,10000,6187,20266990,0.42331
Bubble Sort,10000,6188,20266991,0.422665
Bubble Sort,10000,6189,20266992,0.421107
Bubble Sort,10000,6190,20266993,0.41256
Bubble Sort,10000,6191,20266994,0.424579
Bubble Sort,10000,6192,20266995,0.42419
Bubble Sort,10000,6193,20266996,0.422898
Bubble Sort,10000,6194,20266997,0.423009
Bubble Sort,10000,6195,20266998,0.424548
Bubble Sort,10000,6196,20266999,0.421452
Bubble Sort,10000,6197,20267000,0.418456
Bubble Sort,10000,6198,20267001,0.426412
Bubble Sort,10000,6199,20267002,0.426086
Bubble Sort,10000,6200,20267003,0.422277
Bubble Sort,10000,6201,20267004,0.421809
Bubble Sort,10000,6202,20267005,0.421674
Bubble Sort,10000,6203,20267006,0.424671
Bubble Sort,10000,6204,20267007,0.422086
Bubble Sort,10000,6205,20267008,0.423218
Bubble Sort,10000,6206,20267009,0.421176
Bubble Sort,10000,6207,20267010,0.4208
Bubble Sort,10000,6208,20267011,0.424339
Bubble Sort,10000,6209,20267012,0.424708
Bubble Sort,10000,6210,20267013,0.422462
Bubble Sort,10000,6211,20267014,0.420313
Bubble Sort,10000,6212,20267015,0.420609
Bubble Sort,10000,6213,20267016,0.423225
Bubble Sort,10000,6214,20267017,0.423022
Bubble Sort,10000,6215,20267018,0.419378
Bubble Sort,10000,6216,20267019,0.422628
Bubble Sort,10000,6217,20267020,0.421858
Bubble Sort,10000,6218,20267021,0.412333
Bubble Sort,10000,6219,20267022,0.422726
Bubble Sort,10000,6220,20267023,0.420535
Bubble Sort,10000,6221,20267024,0.422185
Bubble Sort,10000,6222,20267025,0.420775
Bubble Sort,10000,6223,20267026,0.422277
Bubble Sort,10000,6224,20267027,0.420867
Bubble Sort,10000,6225,20267028,0.420154
Bubble Sort,10000,6226,20267029,0.427754
Bubble Sort,10000,6227,20267030,0.421459
Bubble Sort,10000,6228,20267031,0.422129
Bubble Sort,10000,6229,20267032,0.4204
Bubble Sort,10000,6230,20267033,0.421083
Bubble Sort,10000,6231,20267034,0.422486
Bubble Sort,10000,6232,20267035,0.422369
Bubble Sort,10000,6233,20267036,0.425453
Bubble Sort,10000,6234,20267037,0.425113
Bubble Sort,10000,6235,20267038,0.422246
Bubble Sort,10000,6236,20267039,0.419249
Bubble Sort,10000,6237,20267040,0.421015
Bubble Sort,10000,6238,20267041,0.421059
Bubble Sort,10000,6239,20267042,0.42216
Bubble Sort,10000,6240,20267043,0.425932
Bubble Sort,10000,6241,20267044,0.423563
Bubble Sort,10000,6242,20267045,0.421446
Bubble Sort,10000,6243,20267046,0.421606
Bubble Sort,10000,6244,20267047,0.421809
Bubble Sort,10000,6245,20267048,0.422024
Bubble Sort,10000,6246,20267049,0.424006
Bubble Sort,10000,6247,20267050,0.413797
Bubble Sort,10000,6248,20267051,0.424437
Bubble Sort,10000,6249,20267052,0.423557
Bubble Sort,10000,6250,20267053,0.422745
Bubble Sort,10000,6251,20267054,0.424517
Bubble Sort,10000,6252,20267055,0.419883
Bubble Sort,10000,6253,20267056,0.42475
Bubble Sort,10000,6254,20267057,0.423693
Bubble Sort,10000,6255,20267058,0.424787
Bubble Sort,10000,6256,20267059,0.419249
Bubble Sort,10000,6257,20267060,0.424147
Bubble Sort,10000,6258,20267061,0.422794
Bubble Sort,10000,6259,20267062,0.42224
Bubble Sort,10000,6260,20267063,0.419483
Bubble Sort,10000,6261,20267064,0.423545
Bubble Sort,10000,6262,20267065,0.423151
Bubble Sort,10000,6263,20267066,0.425292
Bubble Sort,10000,6264,20267067,0.421821
Bubble Sort,10000,6265,20267068,0.422837
Bubble Sort,10000,6266,20267069,0.4224
Bubble Sort,10000,6267,20267070,0.423779
Bubble Sort,10000,6268,20267071,0.413447
Bubble Sort,10000,6269,20267072,0.423095
Bubble Sort,10000,6270,20267073,0.421939
Bubble Sort,10000,6271,20267074,0.423261
Bubble Sort,10000,6272,20267075,0.421348
Bubble Sort,10000,6273,20267076,0.426382
Bubble Sort,10000,6274,20267077,0.421865
Bubble Sort,10000,6275,20267078,0.423219
Bubble Sort,10000,6276,20267079,0.426117
Bubble Sort,10000,6277,20267080,0.424523
Bubble Sort,10000,6278,20267081,0.423668
Bubble Sort,10000,6279,20267082,0.42325
Bubble Sort,10000,6280,20267083,0.421772
Bubble Sort,10000,6281,20267084,0.422117
Bubble Sort,10000,6282,20267085,0.422067
Bubble Sort,10000,6283,20267086,0.423293
Bubble Sort,10000,6284,20267087,0.422105
Bubble Sort,10000,6285,20267088,0.422726
Bubble Sort,10000,6286,20267089,0.420148
Bubble Sort,10000,6287,20267090,0.421126
Bubble Sort,10000,6288,20267091,0.423883
Bubble Sort,10000,6289,20267092,0.439649
Bubble Sort,10000,6290,20267093,0.421003
Bubble Sort,10000,6291,20267094,0.421212
Bubble Sort,10000,6292,20267095,0.420252
Bubble Sort,10000,6293,20267096,0.42312
Bubble Sort,10000,6294,20267097,0.421907
Bubble Sort,10000,6295,20267098,0.425723
Bubble Sort,10000,6296,20267099,0.422856
Bubble Sort,10000,6297,20267100,0.424123
Bubble Sort,10000,6298,20267101,0.421557
Bubble Sort,10000,6299,20267102,0.422695
Bubble Sort,10000,6300,20267103,0.422357
Bubble Sort,10000,6301,20267104,0.42296
Bubble Sort,10000,6302,20267105,0.423544
Bubble Sort,10000,6303,20267106,0.421551
Bubble Sort,10000,6304,20267107,0.42088
Bubble Sort,10000,6305,20267108,0.422437
Bubble Sort,10000,6306,20267109,0.422584
Bubble Sort,10000,6307,20267110,0.424837
Bubble Sort,10000,6308,20267111,0.425243
Bubble Sort,10000,6309,20267112,0.425385
Bubble Sort,10000,6310,20267113,0.412732
Bubble Sort,10000,6311,20267114,0.423256
Bubble Sort,10000,6312,20267115,0.421834
Bubble Sort,10000,6313,20267116,0.421502
Bubble Sort,10000,6314,20267117,0.42045
Bubble Sort,10000,6315,20267118,0.424462
Bubble Sort,10000,6316,20267119,0.422659
Bubble Sort,10000,6317,20267120,0.409655
Bubble Sort,10000,6318,20267121,0.424418
Bubble Sort,10000,6319,20267122,0.42515
Bubble Sort,10000,6320,20267123,0.424308
Bubble Sort,10000,6321,20267124,0.423495
Bubble Sort,10000,6322,20267125,0.42256
Bubble Sort,10000,6323,20267126,0.421046
Bubble Sort,10000,6324,20267127,0.421433
Bubble Sort,10000,6325,20267128,0.424751
Bubble Sort,10000,6326,20267129,0.424627
Bubble Sort,10000,6327,20267130,0.422947
Bubble Sort,10000,6328,20267131,0.421317
Bubble Sort,10000,6329,20267132,0.423446
Bubble Sort,10000,6330,20267133,0.423883
Bubble Sort,10000,6331,20267134,0.42512
Bubble Sort,10000,6332,20267135,0.423163
Bubble Sort,10000,6333,20267136,0.423459
Bubble Sort,10000,6334,20267137,0.423342
Bubble Sort,10000,6335,20267138,0.422609
Bubble Sort,10000,6336,20267139,0.424572
Bubble Sort,10000,6337,20267140,0.426364
Bubble Sort,10000,6338,20267141,0.424012
Bubble Sort,10000,6339,20267142,0.424923
Bubble Sort,10000,6340,20267143,0.423422
Bubble Sort,10000,6341,20267144,0.427495
Bubble Sort,10000,6342,20267145,0.458327
Bubble Sort,10000,6343,20267146,0.460418
Bubble Sort,10000,6344,20267147,0.420215
Bubble Sort,10000,6345,20267148,0.419865
Bubble Sort,10000,6346,20267149,0.410308
Bubble Sort,10000,6347,20267150,0.424911
Bubble Sort,10000,6348,20267151,0.423483
Bubble Sort,10000,6349,20267152,0.421643
Bubble Sort,10000,6350,20267153,0.421686
Bubble Sort,10000,6351,20267154,0.424068
Bubble Sort,10000,6352,20267155,0.409976
Bubble Sort,10000,6353,20267156,0.423699
Bubble Sort,10000,6354,20267157,0.421502
Bubble Sort,10000,6355,20267158,0.418665
Bubble Sort,10000,6356,20267159,0.418849
Bubble Sort,10000,6357,20267160,0.423102
Bubble Sort,10000,6358,20267161,0.422739
Bubble Sort,10000,6359,20267162,0.424813
Bubble Sort,10000,6360,20267163,0.420917
Bubble Sort,10000,6361,20267164,0.422049
Bubble Sort,10000,6362,20267165,0.423581
Bubble Sort,10000,6363,20267166,0.42304
Bubble Sort,10000,6364,20267167,0.423533
Bubble Sort,10000,6365,20267168,0.421065
Bubble Sort,10000,6366,20267169,0.421422
Bubble Sort,10000,6367,20267170,0.422455
Bubble Sort,10000,6368,20267171,0.424197
Bubble Sort,10000,6369,20267172,0.419656
Bubble Sort,10000,6370,20267173,0.420338
Bubble Sort,10000,6371,20267174,0.4232
Bubble Sort,10000,6372,20267175,0.424246
Bubble Sort,10000,6373,20267176,0.421944
Bubble Sort,10000,6374,20267177,0.420775
Bubble Sort,10000,6375,20267178,0.422997
Bubble Sort,10000,6376,20267179,0.422425
Bubble Sort,10000,6377,20267180,0.421649
Bubble Sort,10000,6378,20267181,0.4232
Bubble Sort,10000,6379,20267182,0.422302
Bubble Sort,10000,6380,20267183,0.423576
Bubble Sort,10000,6381,20267184,0.422369
Bubble Sort,10000,6382,20267185,0.421385
Bubble Sort,10000,6383,20267186,0.42125
Bubble Sort,10000,6384,20267187,0.420744
Bubble Sort,10000,6385,20267188,0.425729
Bubble Sort,10000,6386,20267189,0.421151
Bubble Sort,10000,6387,20267190,0.419219
Bubble Sort,10000,6388,20267191,0.424339
Bubble Sort,10000,6389,20267192,0.424338
Bubble Sort,10000,6390,20267193,0.420936
Bubble Sort,10000,6391,20267194,0.421538
Bubble Sort,10000,6392,20267195,0.421809
Bubble Sort,10000,6393,20267196,0.423015
Bubble Sort,10000,6394,20267197,0.415151
Bubble Sort,10000,6395,20267198,0.42264
Bubble Sort,10000,6396,20267199,0.422707
Bubble Sort,10000,6397,20267200,0.423816
Bubble Sort,10000,6398,20267201,0.421446
Bubble Sort,10000,6399,20267202,0.425471
Bubble Sort,10000,6400,20267203,0.421379
Bubble Sort,10000,6401,20267204,0.422406
Bubble Sort,10000,6402,20267205,0.422492
Bubble Sort,10000,6403,20267206,0.425397
Bubble Sort,10000,6404,20267207,0.423655
Bubble Sort,10000,6405,20267208,0.42264
Bubble Sort,10000,6406,20267209,0.42608
Bubble Sort,10000,6407,20267210,0.421471
Bubble Sort,10000,6408,20267211,0.422012
Bubble Sort,10000,6409,20267212,0.422252
Bubble Sort,10000,6410,20267213,0.426979
Bubble Sort,10000,6411,20267214,0.424455
Bubble Sort,10000,6412,20267215,0.42032
Bubble Sort,10000,6413,20267216,0.422812
Bubble Sort,10000,6414,20267217,0.421145
Bubble Sort,10000,6415,20267218,0.471354
Bubble Sort,10000,6416,20267219,0.421613
Bubble Sort,10000,6417,20267220,0.424191
Bubble Sort,10000,6418,20267221,0.421834
Bubble Sort,10000,6419,20267222,0.426277
Bubble Sort,10000,6420,20267223,0.423662
Bubble Sort,10000,6421,20267224,0.422382
Bubble Sort,10000,6422,20267225,0.420886
Bubble Sort,10000,6423,20267226,0.424012
Bubble Sort,10000,6424,20267227,0.422277
Bubble Sort,10000,6425,20267228,0.422824
Bubble Sort,10000,6426,20267229,0.419729
Bubble Sort,10000,6427,20267230,0.422615
Bubble Sort,10000,6428,20267231,0.421754
Bubble Sort,10000,6429,20267232,0.42235
Bubble Sort,10000,6430,20267233,0.422443
Bubble Sort,10000,6431,20267234,0.423994
Bubble Sort,10000,6432,20267235,0.425218
Bubble Sort,10000,6433,20267236,0.423169
Bubble Sort,10000,6434,20267237,0.422899
Bubble Sort,10000,6435,20267238,0.420978
Bubble Sort,10000,6436,20267239,0.409416
Bubble Sort,10000,6437,20267240,0.422474
Bubble Sort,10000,6438,20267241,0.425502
Bubble Sort,10000,6439,20267242,0.419884
Bubble Sort,10000,6440,20267243,0.422135
Bubble Sort,10000,6441,20267244,0.423114
Bubble Sort,10000,6442,20267245,0.422794
Bubble Sort,10000,6443,20267246,0.410277
Bubble Sort,10000,6444,20267247,0.413101
Bubble Sort,10000,6445,20267248,0.424473
Bubble Sort,10000,6446,20267249,0.421262
Bubble Sort,10000,6447,20267250,0.428572
Bubble Sort,10000,6448,20267251,0.422942
Bubble Sort,10000,6449,20267252,0.420836
Bubble Sort,10000,6450,20267253,0.426388
Bubble Sort,10000,6451,20267254,0.420658
Bubble Sort,10000,6452,20267255,0.422296
Bubble Sort,10000,6453,20267256,0.421446
Bubble Sort,10000,6454,20267257,0.423416
Bubble Sort,10000,6455,20267258,0.427741
Bubble Sort,10000,6456,20267259,0.422412
Bubble Sort,10000,6457,20267260,0.417969
Bubble Sort,10000,6458,20267261,0.425077
Bubble Sort,10000,6459,20267262,0.42445
Bubble Sort,10000,6460,20267263,0.422523
Bubble Sort,10000,6461,20267264,0.426843
Bubble Sort,10000,6462,20267265,0.421095
Bubble Sort,10000,6463,20267266,0.41912
Bubble Sort,10000,6464,20267267,0.426948
Bubble Sort,10000,6465,20267268,0.422917
Bubble Sort,10000,6466,20267269,0.424123
Bubble Sort,10000,6467,20267270,0.42536
Bubble Sort,10000,6468,20267271,0.422031
Bubble Sort,10000,6469,20267272,0.422566
Bubble Sort,10000,6470,20267273,0.473378
Bubble Sort,10000,6471,20267274,0.426013
Bubble Sort,10000,6472,20267275,0.424843
Bubble Sort,10000,6473,20267276,0.424203
Bubble Sort,10000,6474,20267277,0.42517
Bubble Sort,10000,6475,20267278,0.422732
Bubble Sort,10000,6476,20267279,0.425643
Bubble Sort,10000,6477,20267280,0.422419
Bubble Sort,10000,6478,20267281,0.42259
Bubble Sort,10000,6479,20267282,0.4244
Bubble Sort,10000,6480,20267283,0.421108
Bubble Sort,10000,6481,20267284,0.426972
Bubble Sort,10000,6482,20267285,0.424068
Bubble Sort,10000,6483,20267286,0.423662
Bubble Sort,10000,6484,20267287,0.423816
Bubble Sort,10000,6485,20267288,0.420677
Bubble Sort,10000,6486,20267289,0.422714
Bubble Sort,10000,6487,20267290,0.425847
Bubble Sort,10000,6488,20267291,0.423268
Bubble Sort,10000,6489,20267292,0.420449
Bubble Sort,10000,6490,20267293,0.428197
Bubble Sort,10000,6491,20267294,0.421218
Bubble Sort,10000,6492,20267295,0.423932
Bubble Sort,10000,6493,20267296,0.4252
Bubble Sort,10000,6494,20267297,0.425231
Bubble Sort,10000,6495,20267298,0.426523
Bubble Sort,10000,6496,20267299,0.42328
Bubble Sort,10000,6497,20267300,0.422591
Bubble Sort,10000,6498,20267301,0.423791
Bubble Sort,10000,6499,20267302,0.42544
Bubble Sort,10000,6500,20267303,0.425409
Bubble Sort,10000,6501,20267304,0.423379
Bubble Sort,10000,6502,20267305,0.42195
Bubble Sort,10000,6503,20267306,0.425637
Bubble Sort,10000,6504,20267307,0.462074
Bubble Sort,10000,6505,20267308,0.425717
Bubble Sort,10000,6506,20267309,0.424153
Bubble Sort,10000,6507,20267310,0.42349
Bubble Sort,10000,6508,20267311,0.422676
Bubble Sort,10000,6509,20267312,0.424967
Bubble Sort,10000,6510,20267313,0.418807
Bubble Sort,10000,6511,20267314,0.43344
Bubble Sort,10000,6512,20267315,0.433434
Bubble Sort,10000,6513,20267316,0.420443
Bubble Sort,10000,6514,20267317,0.416197
Bubble Sort,10000,6515,20267318,0.428867
Bubble Sort,10000,6516,20267319,0.422111
Bubble Sort,10000,6517,20267320,0.42288
Bubble Sort,10000,6518,20267321,0.424209
Bubble Sort,10000,6519,20267322,0.425976
Bubble Sort,10000,6520,20267323,0.42088
Bubble Sort,10000,6521,20267324,0.424412
Bubble Sort,10000,6522,20267325,0.4236
Bubble Sort,10000,6523,20267326,0.424892
Bubble Sort,10000,6524,20267327,0.42536
Bubble Sort,10000,6525,20267328,0.45312
Bubble Sort,10000,6526,20267329,0.422498
Bubble Sort,10000,6527,20267330,0.42525
Bubble Sort,10000,6528,20267331,0.423821
Bubble Sort,10000,6529,20267332,0.422554
Bubble Sort,10000,6530,20267333,0.421034
Bubble Sort,10000,6531,20267334,0.425336
Bubble Sort,10000,6532,20267335,0.422899
Bubble Sort,10000,6533,20267336,0.426431
Bubble Sort,10000,6534,20267337,0.423274
Bubble Sort,10000,6535,20267338,0.422806
Bubble Sort,10000,6536,20267339,0.424407
Bubble Sort,10000,6537,20267340,0.421853
Bubble Sort,10000,6538,20267341,0.417095
Bubble Sort,10000,6539,20267342,0.424308
Bubble Sort,10000,6540,20267343,0.423797
Bubble Sort,10000,6541,20267344,0.425563
Bubble Sort,10000,6542,20267345,0.423822
Bubble Sort,10000,6543,20267346,0.420769
Bubble Sort,10000,6544,20267347,0.424376
Bubble Sort,10000,6545,20267348,0.425896
Bubble Sort,10000,6546,20267349,0.423231
Bubble Sort,10000,6547,20267350,0.422265
Bubble Sort,10000,6548,20267351,0.425526
Bubble Sort,10000,6549,20267352,0.422172
Bubble Sort,10000,6550,20267353,0.425557
Bubble Sort,10000,6551,20267354,0.423988
Bubble Sort,10000,6552,20267355,0.423581
Bubble Sort,10000,6553,20267356,0.42304
Bubble Sort,10000,6554,20267357,0.409114
Bubble Sort,10000,6555,20267358,0.421564
Bubble Sort,10000,6556,20267359,0.420886
Bubble Sort,10000,6557,20267360,0.42216
Bubble Sort,10000,6558,20267361,0.425028
Bubble Sort,10000,6559,20267362,0.447545
Bubble Sort,10000,6560,20267363,0.422572
Bubble Sort,10000,6561,20267364,0.424351
Bubble Sort,10000,6562,20267365,0.423052
Bubble Sort,10000,6563,20267366,0.423206
Bubble Sort,10000,6564,20267367,0.423323
Bubble Sort,10000,6565,20267368,0.423963
Bubble Sort,10000,6566,20267369,0.421742
Bubble Sort,10000,6567,20267370,0.424738
Bubble Sort,10000,6568,20267371,0.424874
Bubble Sort,10000,6569,20267372,0.420535
Bubble Sort,10000,6570,20267373,0.427058
Bubble Sort,10000,6571,20267374,0.415176
Bubble Sort,10000,6572,20267375,0.41704
Bubble Sort,10000,6573,20267376,0.424714
Bubble Sort,10000,6574,20267377,0.423674
Bubble Sort,10000,6575,20267378,0.424381
Bubble Sort,10000,6576,20267379,0.422665
Bubble Sort,10000,6577,20267380,0.426658
Bubble Sort,10000,6578,20267381,0.425704
Bubble Sort,10000,6579,20267382,0.426258
Bubble Sort,10000,6580,20267383,0.427656
Bubble Sort,10000,6581,20267384,0.423255
Bubble Sort,10000,6582,20267385,0.423809
Bubble Sort,10000,6583,20267386,0.426824
Bubble Sort,10000,6584,20267387,0.424647
Bubble Sort,10000,6585,20267388,0.424849
Bubble Sort,10000,6586,20267389,0.426148
Bubble Sort,10000,6587,20267390,0.422105
Bubble Sort,10000,6588,20267391,0.425496
Bubble Sort,10000,6589,20267392,0.425951
Bubble Sort,10000,6590,20267393,0.425206
Bubble Sort,10000,6591,20267394,0.427957
Bubble Sort,10000,6592,20267395,0.425058
Bubble Sort,10000,6593,20267396,0.413126
Bubble Sort,10000,6594,20267397,0.424327
Bubble Sort,10000,6595,20267398,0.42611
Bubble Sort,10000,6596,20267399,0.425391
Bubble Sort,10000,6597,20267400,0.425649
Bubble Sort,10000,6598,20267401,0.424098
Bubble Sort,10000,6599,20267402,0.425378
Bubble Sort,10000,6600,20267403,0.423575
Bubble Sort,10000,6601,20267404,0.423428
Bubble Sort,10000,6602,20267405,0.423476
Bubble Sort,10000,6603,20267406,0.427803
Bubble Sort,10000,6604,20267407,0.424277
Bubble Sort,10000,6605,20267408,0.425729
Bubble Sort,10000,6606,20267409,0.42656
Bubble Sort,10000,6607,20267410,0.423255
Bubble Sort,10000,6608,20267411,0.42784
Bubble Sort,10000,6609,20267412,0.422732
Bubble Sort,10000,6610,20267413,0.421686
Bubble Sort,10000,6611,20267414,0.424129
Bubble Sort,10000,6612,20267415,0.425582
Bubble Sort,10000,6613,20267416,0.42304
Bubble Sort,10000,6614,20267417,0.415767
Bubble Sort,10000,6615,20267418,0.424794
Bubble Sort,10000,6616,20267419,0.42445
Bubble Sort,10000,6617,20267420,0.426142
Bubble Sort,10000,6618,20267421,0.424406
Bubble Sort,10000,6619,20267422,0.560253
Bubble Sort,10000,6620,20267423,0.425895
Bubble Sort,10000,6621,20267424,0.42368
Bubble Sort,10000,6622,20267425,0.428739
Bubble Sort,10000,6623,20267426,0.427113
Bubble Sort,10000,6624,20267427,0.425772
Bubble Sort,10000,6625,20267428,0.420584
Bubble Sort,10000,6626,20267429,0.424597
Bubble Sort,10000,6627,20267430,0.422837
Bubble Sort,10000,6628,20267431,0.424308
Bubble Sort,10000,6629,20267432,0.424739
Bubble Sort,10000,6630,20267433,0.425981
Bubble Sort,10000,6631,20267434,0.424412
Bubble Sort,10000,6632,20267435,0.426973
Bubble Sort,10000,6633,20267436,0.422818
Bubble Sort,10000,6634,20267437,0.421969
Bubble Sort,10000,6635,20267438,0.423231
Bubble Sort,10000,6636,20267439,0.427594
Bubble Sort,10000,6637,20267440,0.425483
Bubble Sort,10000,6638,20267441,0.425403
Bubble Sort,10000,6639,20267442,0.424443
Bubble Sort,10000,6640,20267443,0.420277
Bubble Sort,10000,6641,20267444,0.427477
Bubble Sort,10000,6642,20267445,0.426055
Bubble Sort,10000,6643,20267446,0.426616
Bubble Sort,10000,6644,20267447,0.42296
Bubble Sort,10000,6645,20267448,0.426954
Bubble Sort,10000,6646,20267449,0.426646
Bubble Sort,10000,6647,20267450,0.42872
Bubble Sort,10000,6648,20267451,0.425987
Bubble Sort,10000,6649,20267452,0.423378
Bubble Sort,10000,6650,20267453,0.422265
Bubble Sort,10000,6651,20267454,0.42555
Bubble Sort,10000,6652,20267455,0.425218
Bubble Sort,10000,6653,20267456,0.423655
Bubble Sort,10000,6654,20267457,0.423901
Bubble Sort,10000,6655,20267458,0.423003
Bubble Sort,10000,6656,20267459,0.42488
Bubble Sort,10000,6657,20267460,0.424345
Bubble Sort,10000,6658,20267461,0.423132
Bubble Sort,10000,6659,20267462,0.425213
Bubble Sort,10000,6660,20267463,0.422714
Bubble Sort,10000,6661,20267464,0.413169
Bubble Sort,10000,6662,20267465,0.424782
Bubble Sort,10000,6663,20267466,0.422418
Bubble Sort,10000,6664,20267467,0.426739
Bubble Sort,10000,6665,20267468,0.424025
Bubble Sort,10000,6666,20267469,0.4228
Bubble Sort,10000,6667,20267470,0.42704
Bubble Sort,10000,6668,20267471,0.422867
Bubble Sort,10000,6669,20267472,0.424314
Bubble Sort,10000,6670,20267473,0.424701
Bubble Sort,10000,6671,20267474,0.426548
Bubble Sort,10000,6672,20267475,0.423415
Bubble Sort,10000,6673,20267476,0.423926
Bubble Sort,10000,6674,20267477,0.474025
Bubble Sort,10000,6675,20267478,0.422536
Bubble Sort,10000,6676,20267479,0.424843
Bubble Sort,10000,6677,20267480,0.422499
Bubble Sort,10000,6678,20267481,0.42344
Bubble Sort,10000,6679,20267482,0.424523
Bubble Sort,10000,6680,20267483,0.429366
Bubble Sort,10000,6681,20267484,0.432074
Bubble Sort,10000,6682,20267485,0.419686
Bubble Sort,10000,6683,20267486,0.416394
Bubble Sort,10000,6684,20267487,0.411982
Bubble Sort,10000,6685,20267488,0.423637
Bubble Sort,10000,6686,20267489,0.427607
Bubble Sort,10000,6687,20267490,0.422696
Bubble Sort,10000,6688,20267491,0.421938
Bubble Sort,10000,6689,20267492,0.427975
Bubble Sort,10000,6690,20267493,0.423268
Bubble Sort,10000,6691,20267494,0.424018
Bubble Sort,10000,6692,20267495,0.424412
Bubble Sort,10000,6693,20267496,0.426671
Bubble Sort,10000,6694,20267497,0.411723
Bubble Sort,10000,6695,20267498,0.451113
Bubble Sort,10000,6696,20267499,0.423612
Bubble Sort,10000,6697,20267500,0.422154
Bubble Sort,10000,6698,20267501,0.411705
Bubble Sort,10000,6699,20267502,0.425163
Bubble Sort,10000,6700,20267503,0.423913
Bubble Sort,10000,6701,20267504,0.424493
Bubble Sort,10000,6702,20267505,0.423378
Bubble Sort,10000,6703,20267506,0.42144
Bubble Sort,10000,6704,20267507,0.422616
Bubble Sort,10000,6705,20267508,0.422437
Bubble Sort,10000,6706,20267509,0.420061
Bubble Sort,10000,6707,20267510,0.422456
Bubble Sort,10000,6708,20267511,0.423213
Bubble Sort,10000,6709,20267512,0.424683
Bubble Sort,10000,6710,20267513,0.424794
Bubble Sort,10000,6711,20267514,0.424702
Bubble Sort,10000,6712,20267515,0.422148
Bubble Sort,10000,6713,20267516,0.422191
Bubble Sort,10000,6714,20267517,0.423483
Bubble Sort,10000,6715,20267518,0.424664
Bubble Sort,10000,6716,20267519,0.429508
Bubble Sort,10000,6717,20267520,0.423298
Bubble Sort,10000,6718,20267521,0.422529
Bubble Sort,10000,6719,20267522,0.424098
Bubble Sort,10000,6720,20267523,0.423864
Bubble Sort,10000,6721,20267524,0.4232
Bubble Sort,10000,6722,20267525,0.422738
Bubble Sort,10000,6723,20267526,0.422819
Bubble Sort,10000,6724,20267527,0.424295
Bubble Sort,10000,6725,20267528,0.423151
Bubble Sort,10000,6726,20267529,0.425784
Bubble Sort,10000,6727,20267530,0.420462
Bubble Sort,10000,6728,20267531,0.423133
Bubble Sort,10000,6729,20267532,0.464948
Bubble Sort,10000,6730,20267533,0.424037
Bubble Sort,10000,6731,20267534,0.424566
Bubble Sort,10000,6732,20267535,0.423446
Bubble Sort,10000,6733,20267536,0.4244
Bubble Sort,10000,6734,20267537,0.422153
Bubble Sort,10000,6735,20267538,0.422277
Bubble Sort,10000,6736,20267539,0.422339
Bubble Sort,10000,6737,20267540,0.421385
Bubble Sort,10000,6738,20267541,0.422807
Bubble Sort,10000,6739,20267542,0.421114
Bubble Sort,10000,6740,20267543,0.423231
Bubble Sort,10000,6741,20267544,0.422585
Bubble Sort,10000,6742,20267545,0.420185
Bubble Sort,10000,6743,20267546,0.424554
Bubble Sort,10000,6744,20267547,0.423852
Bubble Sort,10000,6745,20267548,0.42419
Bubble Sort,10000,6746,20267549,0.422301
Bubble Sort,10000,6747,20267550,0.424652
Bubble Sort,10000,6748,20267551,0.420277
Bubble Sort,10000,6749,20267552,0.425711
Bubble Sort,10000,6750,20267553,0.414671
Bubble Sort,10000,6751,20267554,0.42568
Bubble Sort,10000,6752,20267555,0.426419
Bubble Sort,10000,6753,20267556,0.422031
Bubble Sort,10000,6754,20267557,0.424757
Bubble Sort,10000,6755,20267558,0.424431
Bubble Sort,10000,6756,20267559,0.426
Bubble Sort,10000,6757,20267560,0.422861
Bubble Sort,10000,6758,20267561,0.424412
Bubble Sort,10000,6759,20267562,0.424228
Bubble Sort,10000,6760,20267563,0.426856
Bubble Sort,10000,6761,20267564,0.427397
Bubble Sort,10000,6762,20267565,0.425287
Bubble Sort,10000,6763,20267566,0.422837
Bubble Sort,10000,6764,20267567,0.42632
Bubble Sort,10000,6765,20267568,0.425237
Bubble Sort,10000,6766,20267569,0.422492
Bubble Sort,10000,6767,20267570,0.425557
Bubble Sort,10000,6768,20267571,0.424757
Bubble Sort,10000,6769,20267572,0.423729
Bubble Sort,10000,6770,20267573,0.428677
Bubble Sort,10000,6771,20267574,0.419477
Bubble Sort,10000,6772,20267575,0.424129
Bubble Sort,10000,6773,20267576,0.425748
Bubble Sort,10000,6774,20267577,0.425127
Bubble Sort,10000,6775,20267578,0.421483
Bubble Sort,10000,6776,20267579,0.42549
Bubble Sort,10000,6777,20267580,0.425741
Bubble Sort,10000,6778,20267581,0.42547
Bubble Sort,10000,6779,20267582,0.426136
Bubble Sort,10000,6780,20267583,0.424572
Bubble Sort,10000,6781,20267584,0.422788
Bubble Sort,10000,6782,20267585,0.42648
Bubble Sort,10000,6783,20267586,0.42299
Bubble Sort,10000,6784,20267587,0.424954
Bubble Sort,10000,6785,20267588,0.423963
Bubble Sort,10000,6786,20267589,0.425464
Bubble Sort,10000,6787,20267590,0.424831
Bubble Sort,10000,6788,20267591,0.42251
Bubble Sort,10000,6789,20267592,0.422345
Bubble Sort,10000,6790,20267593,0.423668
Bubble Sort,10000,6791,20267594,0.423963
Bubble Sort,10000,6792,20267595,0.424831
Bubble Sort,10000,6793,20267596,0.427009
Bubble Sort,10000,6794,20267597,0.425582
Bubble Sort,10000,6795,20267598,0.427249
Bubble Sort,10000,6796,20267599,0.423557
Bubble Sort,10000,6797,20267600,0.426259
Bubble Sort,10000,6798,20267601,0.424308
Bubble Sort,10000,6799,20267602,0.426375
Bubble Sort,10000,6800,20267603,0.424086
Bubble Sort,10000,6801,20267604,0.422505
Bubble Sort,10000,6802,20267605,0.422658
Bubble Sort,10000,6803,20267606,0.425569
Bubble Sort,10000,6804,20267607,0.423243
Bubble Sort,10000,6805,20267608,0.426289
Bubble Sort,10000,6806,20267609,0.424166
Bubble Sort,10000,6807,20267610,0.424677
Bubble Sort,10000,6808,20267611,0.422535
Bubble Sort,10000,6809,20267612,0.423108
Bubble Sort,10000,6810,20267613,0.423477
Bubble Sort,10000,6811,20267614,0.42387
Bubble Sort,10000,6812,20267615,0.421779
Bubble Sort,10000,6813,20267616,0.424203
Bubble Sort,10000,6814,20267617,0.422153
Bubble Sort,10000,6815,20267618,0.4244
Bubble Sort,10000,6816,20267619,0.424142
Bubble Sort,10000,6817,20267620,0.426431
Bubble Sort,10000,6818,20267621,0.424542
Bubble Sort,10000,6819,20267622,0.422357
Bubble Sort,10000,6820,20267623,0.424652
Bubble Sort,10000,6821,20267624,0.422695
Bubble Sort,10000,6822,20267625,0.424246
Bubble Sort,10000,6823,20267626,0.423028
Bubble Sort,10000,6824,20267627,0.423779
Bubble Sort,10000,6825,20267628,0.412782
Bubble Sort,10000,6826,20267629,0.412966
Bubble Sort,10000,6827,20267630,0.42496
Bubble Sort,10000,6828,20267631,0.423058
Bubble Sort,10000,6829,20267632,0.425446
Bubble Sort,10000,6830,20267633,0.427489
Bubble Sort,10000,6831,20267634,0.425298
Bubble Sort,10000,6832,20267635,0.424899
Bubble Sort,10000,6833,20267636,0.428412
Bubble Sort,10000,6834,20267637,0.425938
Bubble Sort,10000,6835,20267638,0.425828
Bubble Sort,10000,6836,20267639,0.425963
Bubble Sort,10000,6837,20267640,0.427895
Bubble Sort,10000,6838,20267641,0.427225
Bubble Sort,10000,6839,20267642,0.422437
Bubble Sort,10000,6840,20267643,0.423766
Bubble Sort,10000,6841,20267644,0.423692
Bubble Sort,10000,6842,20267645,0.425772
Bubble Sort,10000,6843,20267646,0.425181
Bubble Sort,10000,6844,20267647,0.423895
Bubble Sort,10000,6845,20267648,0.423544
Bubble Sort,10000,6846,20267649,0.425452
Bubble Sort,10000,6847,20267650,0.426812
Bubble Sort,10000,6848,20267651,0.423077
Bubble Sort,10000,6849,20267652,0.439255
Bubble Sort,10000,6850,20267653,0.428689
Bubble Sort,10000,6851,20267654,0.422572
Bubble Sort,10000,6852,20267655,0.419957
Bubble Sort,10000,6853,20267656,0.410627
Bubble Sort,10000,6854,20267657,0.426548
Bubble Sort,10000,6855,20267658,0.424849
Bubble Sort,10000,6856,20267659,0.424689
Bubble Sort,10000,6857,20267660,0.425987
Bubble Sort,10000,6858,20267661,0.423033
Bubble Sort,10000,6859,20267662,0.42472
Bubble Sort,10000,6860,20267663,0.430547
Bubble Sort,10000,6861,20267664,0.424326
Bubble Sort,10000,6862,20267665,0.424529
Bubble Sort,10000,6863,20267666,0.424203
Bubble Sort,10000,6864,20267667,0.423181
Bubble Sort,10000,6865,20267668,0.422006
Bubble Sort,10000,6866,20267669,0.425661
Bubble Sort,10000,6867,20267670,0.426991
Bubble Sort,10000,6868,20267671,0.429255
Bubble Sort,10000,6869,20267672,0.424818
Bubble Sort,10000,6870,20267673,0.423778
Bubble Sort,10000,6871,20267674,0.425508
Bubble Sort,10000,6872,20267675,0.424221
Bubble Sort,10000,6873,20267676,0.423791
Bubble Sort,10000,6874,20267677,0.426228
Bubble Sort,10000,6875,20267678,0.423883
Bubble Sort,10000,6876,20267679,0.423053
Bubble Sort,10000,6877,20267680,0.423237
Bubble Sort,10000,6878,20267681,0.426929
Bubble Sort,10000,6879,20267682,0.425717
Bubble Sort,10000,6880,20267683,0.424326
Bubble Sort,10000,6881,20267684,0.42752
Bubble Sort,10000,6882,20267685,0.421674
Bubble Sort,10000,6883,20267686,0.421047
Bubble Sort,10000,6884,20267687,0.424775
Bubble Sort,10000,6885,20267688,0.422031
Bubble Sort,10000,6886,20267689,0.42584
Bubble Sort,10000,6887,20267690,0.423625
Bubble Sort,10000,6888,20267691,0.421366
Bubble Sort,10000,6889,20267692,0.421914
Bubble Sort,10000,6890,20267693,0.421631
Bubble Sort,10000,6891,20267694,0.422024
Bubble Sort,10000,6892,20267695,0.422591
Bubble Sort,10000,6893,20267696,0.423015
Bubble Sort,10000,6894,20267697,0.420007
Bubble Sort,10000,6895,20267698,0.42403
Bubble Sort,10000,6896,20267699,0.425766
Bubble Sort,10000,6897,20267700,0.425742
Bubble Sort,10000,6898,20267701,0.422166
Bubble Sort,10000,6899,20267702,0.422363
Bubble Sort,10000,6900,20267703,0.425729
Bubble Sort,10000,6901,20267704,0.424148
Bubble Sort,10000,6902,20267705,0.424191
Bubble Sort,10000,6903,20267706,0.42528
Bubble Sort,10000,6904,20267707,0.423803
Bubble Sort,10000,6905,20267708,0.425717
Bubble Sort,10000,6906,20267709,0.425157
Bubble Sort,10000,6907,20267710,0.424732
Bubble Sort,10000,6908,20267711,0.423224
Bubble Sort,10000,6909,20267712,0.422504
Bubble Sort,10000,6910,20267713,0.42376
Bubble Sort,10000,6911,20267714,0.421403
Bubble Sort,10000,6912,20267715,0.424338
Bubble Sort,10000,6913,20267716,0.421895
Bubble Sort,10000,6914,20267717,0.425791
Bubble Sort,10000,6915,20267718,0.415496
Bubble Sort,10000,6916,20267719,0.423434
Bubble Sort,10000,6917,20267720,0.422295
Bubble Sort,10000,6918,20267721,0.422818
Bubble Sort,10000,6919,20267722,0.424474
Bubble Sort,10000,6920,20267723,0.420997
Bubble Sort,10000,6921,20267724,0.422603
Bubble Sort,10000,6922,20267725,0.42688
Bubble Sort,10000,6923,20267726,0.424954
Bubble Sort,10000,6924,20267727,0.427606
Bubble Sort,10000,6925,20267728,0.421901
Bubble Sort,10000,6926,20267729,0.424253
Bubble Sort,10000,6927,20267730,0.425021
Bubble Sort,10000,6928,20267731,0.423021
Bubble Sort,10000,6929,20267732,0.426252
Bubble Sort,10000,6930,20267733,0.424941
Bubble Sort,10000,6931,20267734,0.426996
Bubble Sort,10000,6932,20267735,0.423243
Bubble Sort,10000,6933,20267736,0.425753
Bubble Sort,10000,6934,20267737,0.427815
Bubble Sort,10000,6935,20267738,0.424646
Bubble Sort,10000,6936,20267739,0.425163
Bubble Sort,10000,6937,20267740,0.451896
Bubble Sort,10000,6938,20267741,0.418708
Bubble Sort,10000,6939,20267742,0.425133
Bubble Sort,10000,6940,20267743,0.42104
Bubble Sort,10000,6941,20267744,0.425286
Bubble Sort,10000,6942,20267745,0.419427
Bubble Sort,10000,6943,20267746,0.419496
Bubble Sort,10000,6944,20267747,0.415649
Bubble Sort,10000,6945,20267748,0.417846
Bubble Sort,10000,6946,20267749,0.419003
Bubble Sort,10000,6947,20267750,0.423132
Bubble Sort,10000,6948,20267751,0.417674
Bubble Sort,10000,6949,20267752,0.416984
Bubble Sort,10000,6950,20267753,0.417791
Bubble Sort,10000,6951,20267754,0.4192
Bubble Sort,10000,6952,20267755,0.430228
Bubble Sort,10000,6953,20267756,0.421126
Bubble Sort,10000,6954,20267757,0.418609
Bubble Sort,10000,6955,20267758,0.416136
Bubble Sort,10000,6956,20267759,0.420412
Bubble Sort,10000,6957,20267760,0.413877
Bubble Sort,10000,6958,20267761,0.41528
Bubble Sort,10000,6959,20267762,0.420696
Bubble Sort,10000,6960,20267763,0.418942
Bubble Sort,10000,6961,20267764,0.4156
Bubble Sort,10000,6962,20267765,0.41723
Bubble Sort,10000,6963,20267766,0.418424
Bubble Sort,10000,6964,20267767,0.43128
Bubble Sort,10000,6965,20267768,0.414271
Bubble Sort,10000,6966,20267769,0.415323
Bubble Sort,10000,6967,20267770,0.42029
Bubble Sort,10000,6968,20267771,0.415132
Bubble Sort,10000,6969,20267772,0.419816
Bubble Sort,10000,6970,20267773,0.420468
Bubble Sort,10000,6971,20267774,0.41869
Bubble Sort,10000,6972,20267775,0.417717
Bubble Sort,10000,6973,20267776,0.416665
Bubble Sort,10000,6974,20267777,0.414499
Bubble Sort,10000,6975,20267778,0.4168
Bubble Sort,10000,6976,20267779,0.419742
Bubble Sort,10000,6977,20267780,0.418332
Bubble Sort,10000,6978,20267781,0.417434
Bubble Sort,10000,6979,20267782,0.415446
Bubble Sort,10000,6980,20267783,0.417262
Bubble Sort,10000,6981,20267784,0.417957
Bubble Sort,10000,6982,20267785,0.416191
Bubble Sort,10000,6983,20267786,0.414935
Bubble Sort,10000,6984,20267787,0.416603
Bubble Sort,10000,6985,20267788,0.417501
Bubble Sort,10000,6986,20267789,0.422086
Bubble Sort,10000,6987,20267790,0.420658
Bubble Sort,10000,6988,20267791,0.418376
Bubble Sort,10000,6989,20267792,0.416979
Bubble Sort,10000,6990,20267793,0.4204
Bubble Sort,10000,6991,20267794,0.416382
Bubble Sort,10000,6992,20267795,0.416904
Bubble Sort,10000,6993,20267796,0.418018
Bubble Sort,10000,6994,20267797,0.416948
Bubble Sort,10000,6995,20267798,0.466295
Bubble Sort,10000,6996,20267799,0.415514
Bubble Sort,10000,6997,20267800,0.414861
Bubble Sort,10000,6998,20267801,0.420142
Bubble Sort,10000,6999,20267802,0.416689
Bubble Sort,10000,7000,20267803,0.417766
Bubble Sort,10000,7001,20267804,0.418541
Bubble Sort,10000,7002,20267805,0.416936
Bubble Sort,10000,7003,20267806,0.414997
Bubble Sort,10000,7004,20267807,0.417668
Bubble Sort,10000,7005,20267808,0.418147
Bubble Sort,10000,7006,20267809,0.41584
Bubble Sort,10000,7007,20267810,0.41496
Bubble Sort,10000,7008,20267811,0.414917
Bubble Sort,10000,7009,20267812,0.416781
Bubble Sort,10000,7010,20267813,0.421963
Bubble Sort,10000,7011,20267814,0.415815
Bubble Sort,10000,7012,20267815,0.419379
Bubble Sort,10000,7013,20267816,0.417415
Bubble Sort,10000,7014,20267817,0.419988
Bubble Sort,10000,7015,20267818,0.416406
Bubble Sort,10000,7016,20267819,0.416652
Bubble Sort,10000,7017,20267820,0.416209
Bubble Sort,10000,7018,20267821,0.424861
Bubble Sort,10000,7019,20267822,0.42208
Bubble Sort,10000,7020,20267823,0.433575
Bubble Sort,10000,7021,20267824,0.43096
Bubble Sort,10000,7022,20267825,0.418856
Bubble Sort,10000,7023,20267826,0.417723
Bubble Sort,10000,7024,20267827,0.415852
Bubble Sort,10000,7025,20267828,0.416425
Bubble Sort,10000,7026,20267829,0.420751
Bubble Sort,10000,7027,20267830,0.415705
Bubble Sort,10000,7028,20267831,0.417471
Bubble Sort,10000,7029,20267832,0.418246
Bubble Sort,10000,7030,20267833,0.419114
Bubble Sort,10000,7031,20267834,0.419249
Bubble Sort,10000,7032,20267835,0.417803
Bubble Sort,10000,7033,20267836,0.418412
Bubble Sort,10000,7034,20267837,0.422369
Bubble Sort,10000,7035,20267838,0.41824
Bubble Sort,10000,7036,20267839,0.416443
Bubble Sort,10000,7037,20267840,0.414492
Bubble Sort,10000,7038,20267841,0.41672
Bubble Sort,10000,7039,20267842,0.415538
Bubble Sort,10000,7040,20267843,0.41672
Bubble Sort,10000,7041,20267844,0.416302
Bubble Sort,10000,7042,20267845,0.418708
Bubble Sort,10000,7043,20267846,0.418917
Bubble Sort,10000,7044,20267847,0.416154
Bubble Sort,10000,7045,20267848,0.41805
Bubble Sort,10000,7046,20267849,0.416585
Bubble Sort,10000,7047,20267850,0.41816
Bubble Sort,10000,7048,20267851,0.417255
Bubble Sort,10000,7049,20267852,0.430733
Bubble Sort,10000,7050,20267853,0.418652
Bubble Sort,10000,7051,20267854,0.42019
Bubble Sort,10000,7052,20267855,0.41664
Bubble Sort,10000,7053,20267856,0.418394
Bubble Sort,10000,7054,20267857,0.417107
Bubble Sort,10000,7055,20267858,0.41768
Bubble Sort,10000,7056,20267859,0.417003
Bubble Sort,10000,7057,20267860,0.417366
Bubble Sort,10000,7058,20267861,0.418246
Bubble Sort,10000,7059,20267862,0.418474
Bubble Sort,10000,7060,20267863,0.416628
Bubble Sort,10000,7061,20267864,0.416265
Bubble Sort,10000,7062,20267865,0.41693
Bubble Sort,10000,7063,20267866,0.417108
Bubble Sort,10000,7064,20267867,0.421027
Bubble Sort,10000,7065,20267868,0.420345
Bubble Sort,10000,7066,20267869,0.418954
Bubble Sort,10000,7067,20267870,0.430554
Bubble Sort,10000,7068,20267871,0.416566
Bubble Sort,10000,7069,20267872,0.419335
Bubble Sort,10000,7070,20267873,0.416449
Bubble Sort,10000,7071,20267874,0.417563
Bubble Sort,10000,7072,20267875,0.417311
Bubble Sort,10000,7073,20267876,0.417908
Bubble Sort,10000,7074,20267877,0.417852
Bubble Sort,10000,7075,20267878,0.415102
Bubble Sort,10000,7076,20267879,0.41856
Bubble Sort,10000,7077,20267880,0.420271
Bubble Sort,10000,7078,20267881,0.419138
Bubble Sort,10000,7079,20267882,0.427723
Bubble Sort,10000,7080,20267883,0.421895
Bubble Sort,10000,7081,20267884,0.419613
Bubble Sort,10000,7082,20267885,0.417434
Bubble Sort,10000,7083,20267886,0.418412
Bubble Sort,10000,7084,20267887,0.41771
Bubble Sort,10000,7085,20267888,0.425514
Bubble Sort,10000,7086,20267889,0.419089
Bubble Sort,10000,7087,20267890,0.417772
Bubble Sort,10000,7088,20267891,0.416985
Bubble Sort,10000,7089,20267892,0.417994
Bubble Sort,10000,7090,20267893,0.418837
Bubble Sort,10000,7091,20267894,0.417071
Bubble Sort,10000,7092,20267895,0.415883
Bubble Sort,10000,7093,20267896,0.419206
Bubble Sort,10000,7094,20267897,0.415896
Bubble Sort,10000,7095,20267898,0.417403
Bubble Sort,10000,7096,20267899,0.419415
Bubble Sort,10000,7097,20267900,0.420418
Bubble Sort,10000,7098,20267901,0.420314
Bubble Sort,10000,7099,20267902,0.419501
Bubble Sort,10000,7100,20267903,0.415889
Bubble Sort,10000,7101,20267904,0.413569
Bubble Sort,10000,7102,20267905,0.420609
Bubble Sort,10000,7103,20267906,0.470701
Bubble Sort,10000,7104,20267907,0.416129
Bubble Sort,10000,7105,20267908,0.419096
Bubble Sort,10000,7106,20267909,0.417736
Bubble Sort,10000,7107,20267910,0.418166
Bubble Sort,10000,7108,20267911,0.41896
Bubble Sort,10000,7109,20267912,0.419569
Bubble Sort,10000,7110,20267913,0.416153
Bubble Sort,10000,7111,20267914,0.42104
Bubble Sort,10000,7112,20267915,0.417089
Bubble Sort,10000,7113,20267916,0.418314
Bubble Sort,10000,7114,20267917,0.418745
Bubble Sort,10000,7115,20267918,0.419981
Bubble Sort,10000,7116,20267919,0.423827
Bubble Sort,10000,7117,20267920,0.418935
Bubble Sort,10000,7118,20267921,0.416726
Bubble Sort,10000,7119,20267922,0.421016
Bubble Sort,10000,7120,20267923,0.418179
Bubble Sort,10000,7121,20267924,0.419507
Bubble Sort,10000,7122,20267925,0.421963
Bubble Sort,10000,7123,20267926,0.417071
Bubble Sort,10000,7124,20267927,0.417673
Bubble Sort,10000,7125,20267928,0.421268
Bubble Sort,10000,7126,20267929,0.42344
Bubble Sort,10000,7127,20267930,0.417883
Bubble Sort,10000,7128,20267931,0.417317
Bubble Sort,10000,7129,20267932,0.415618
Bubble Sort,10000,7130,20267933,0.419564
Bubble Sort,10000,7131,20267934,0.417428
Bubble Sort,10000,7132,20267935,0.418756
Bubble Sort,10000,7133,20267936,0.416597
Bubble Sort,10000,7134,20267937,0.432382
Bubble Sort,10000,7135,20267938,0.418806
Bubble Sort,10000,7136,20267939,0.415569
Bubble Sort,10000,7137,20267940,0.417625
Bubble Sort,10000,7138,20267941,0.417305
Bubble Sort,10000,7139,20267942,0.418924
Bubble Sort,10000,7140,20267943,0.420443
Bubble Sort,10000,7141,20267944,0.420227
Bubble Sort,10000,7142,20267945,0.419705
Bubble Sort,10000,7143,20267946,0.417015
Bubble Sort,10000,7144,20267947,0.421563
Bubble Sort,10000,7145,20267948,0.420197
Bubble Sort,10000,7146,20267949,0.416443
Bubble Sort,10000,7147,20267950,0.42061
Bubble Sort,10000,7148,20267951,0.422985
Bubble Sort,10000,7149,20267952,0.422252
Bubble Sort,10000,7150,20267953,0.422043
Bubble Sort,10000,7151,20267954,0.416542
Bubble Sort,10000,7152,20267955,0.451569
Bubble Sort,10000,7153,20267956,0.421631
Bubble Sort,10000,7154,20267957,0.418664
Bubble Sort,10000,7155,20267958,0.418326
Bubble Sort,10000,7156,20267959,0.420554
Bubble Sort,10000,7157,20267960,0.420437
Bubble Sort,10000,7158,20267961,0.418406
Bubble Sort,10000,7159,20267962,0.418616
Bubble Sort,10000,7160,20267963,0.420898
Bubble Sort,10000,7161,20267964,0.417218
Bubble Sort,10000,7162,20267965,0.418055
Bubble Sort,10000,7163,20267966,0.419606
Bubble Sort,10000,7164,20267967,0.417699
Bubble Sort,10000,7165,20267968,0.420296
Bubble Sort,10000,7166,20267969,0.41848
Bubble Sort,10000,7167,20267970,0.419169
Bubble Sort,10000,7168,20267971,0.420166
Bubble Sort,10000,7169,20267972,0.416462
Bubble Sort,10000,7170,20267973,0.419834
Bubble Sort,10000,7171,20267974,0.418191
Bubble Sort,10000,7172,20267975,0.417391
Bubble Sort,10000,7173,20267976,0.417742
Bubble Sort,10000,7174,20267977,0.418794
Bubble Sort,10000,7175,20267978,0.41757
Bubble Sort,10000,7176,20267979,0.419717
Bubble Sort,10000,7177,20267980,0.418572
Bubble Sort,10000,7178,20267981,0.418923
Bubble Sort,10000,7179,20267982,0.419323
Bubble Sort,10000,7180,20267983,0.420621
Bubble Sort,10000,7181,20267984,0.419741
Bubble Sort,10000,7182,20267985,0.420142
Bubble Sort,10000,7183,20267986,0.419034
Bubble Sort,10000,7184,20267987,0.419071
Bubble Sort,10000,7185,20267988,0.420689
Bubble Sort,10000,7186,20267989,0.41736
Bubble Sort,10000,7187,20267990,0.424787
Bubble Sort,10000,7188,20267991,0.415976
Bubble Sort,10000,7189,20267992,0.414025
Bubble Sort,10000,7190,20267993,0.433095
Bubble Sort,10000,7191,20267994,0.42784
Bubble Sort,10000,7192,20267995,0.423151
Bubble Sort,10000,7193,20267996,0.416345
Bubble Sort,10000,7194,20267997,0.416812
Bubble Sort,10000,7195,20267998,0.42016
Bubble Sort,10000,7196,20267999,0.42128
Bubble Sort,10000,7197,20268000,0.416129
Bubble Sort,10000,7198,20268001,0.419212
Bubble Sort,10000,7199,20268002,0.41789
Bubble Sort,10000,7200,20268003,0.419095
Bubble Sort,10000,7201,20268004,0.421741
Bubble Sort,10000,7202,20268005,0.416049
Bubble Sort,10000,7203,20268006,0.417317
Bubble Sort,10000,7204,20268007,0.419261
Bubble Sort,10000,7205,20268008,0.41632
Bubble Sort,10000,7206,20268009,0.429366
Bubble Sort,10000,7207,20268010,0.417465
Bubble Sort,10000,7208,20268011,0.415409
Bubble Sort,10000,7209,20268012,0.41664
Bubble Sort,10000,7210,20268013,0.417852
Bubble Sort,10000,7211,20268014,0.416517
Bubble Sort,10000,7212,20268015,0.414443
Bubble Sort,10000,7213,20268016,0.414837
Bubble Sort,10000,7214,20268017,0.415323
Bubble Sort,10000,7215,20268018,0.413913
Bubble Sort,10000,7216,20268019,0.417207
Bubble Sort,10000,7217,20268020,0.416751
Bubble Sort,10000,7218,20268021,0.413329
Bubble Sort,10000,7219,20268022,0.416406
Bubble Sort,10000,7220,20268023,0.418252
Bubble Sort,10000,7221,20268024,0.417316
Bubble Sort,10000,7222,20268025,0.419951
Bubble Sort,10000,7223,20268026,0.415133
Bubble Sort,10000,7224,20268027,0.413292
Bubble Sort,10000,7225,20268028,0.41592
Bubble Sort,10000,7226,20268029,0.416425
Bubble Sort,10000,7227,20268030,0.416455
Bubble Sort,10000,7228,20268031,0.416098
Bubble Sort,10000,7229,20268032,0.415477
Bubble Sort,10000,7230,20268033,0.417225
Bubble Sort,10000,7231,20268034,0.417803
Bubble Sort,10000,7232,20268035,0.417791
Bubble Sort,10000,7233,20268036,0.415348
Bubble Sort,10000,7234,20268037,0.416375
Bubble Sort,10000,7235,20268038,0.414726
Bubble Sort,10000,7236,20268039,0.415421
Bubble Sort,10000,7237,20268040,0.413287
Bubble Sort,10000,7238,20268041,0.413391
Bubble Sort,10000,7239,20268042,0.415994
Bubble Sort,10000,7240,20268043,0.413625
Bubble Sort,10000,7241,20268044,0.417464
Bubble Sort,10000,7242,20268045,0.416209
Bubble Sort,10000,7243,20268046,0.4212
Bubble Sort,10000,7244,20268047,0.415674
Bubble Sort,10000,7245,20268048,0.416363
Bubble Sort,10000,7246,20268049,0.416819
Bubble Sort,10000,7247,20268050,0.41824
Bubble Sort,10000,7248,20268051,0.419114
Bubble Sort,10000,7249,20268052,0.417397
Bubble Sort,10000,7250,20268053,0.417501
Bubble Sort,10000,7251,20268054,0.41957
Bubble Sort,10000,7252,20268055,0.414068
Bubble Sort,10000,7253,20268056,0.420197
Bubble Sort,10000,7254,20268057,0.413107
Bubble Sort,10000,7255,20268058,0.418246
Bubble Sort,10000,7256,20268059,0.417317
Bubble Sort,10000,7257,20268060,0.416535
Bubble Sort,10000,7258,20268061,0.416313
Bubble Sort,10000,7259,20268062,0.415711
Bubble Sort,10000,7260,20268063,0.458105
Bubble Sort,10000,7261,20268064,0.418092
Bubble Sort,10000,7262,20268065,0.414295
Bubble Sort,10000,7263,20268066,0.416997
Bubble Sort,10000,7264,20268067,0.416849
Bubble Sort,10000,7265,20268068,0.414
Bubble Sort,10000,7266,20268069,0.415539
Bubble Sort,10000,7267,20268070,0.411944
Bubble Sort,10000,7268,20268071,0.413606
Bubble Sort,10000,7269,20268072,0.416253
Bubble Sort,10000,7270,20268073,0.415107
Bubble Sort,10000,7271,20268074,0.415225
Bubble Sort,10000,7272,20268075,0.416714
Bubble Sort,10000,7273,20268076,0.422253
Bubble Sort,10000,7274,20268077,0.414419
Bubble Sort,10000,7275,20268078,0.415157
Bubble Sort,10000,7276,20268079,0.414837
Bubble Sort,10000,7277,20268080,0.412173
Bubble Sort,10000,7278,20268081,0.418025
Bubble Sort,10000,7279,20268082,0.417951
Bubble Sort,10000,7280,20268083,0.417299
Bubble Sort,10000,7281,20268084,0.422554
Bubble Sort,10000,7282,20268085,0.416973
Bubble Sort,10000,7283,20268086,0.416782
Bubble Sort,10000,7284,20268087,0.417231
Bubble Sort,10000,7285,20268088,0.415372
Bubble Sort,10000,7286,20268089,0.416745
Bubble Sort,10000,7287,20268090,0.417422
Bubble Sort,10000,7288,20268091,0.416917
Bubble Sort,10000,7289,20268092,0.417717
Bubble Sort,10000,7290,20268093,0.42072
Bubble Sort,10000,7291,20268094,0.420289
Bubble Sort,10000,7292,20268095,0.416671
Bubble Sort,10000,7293,20268096,0.416621
Bubble Sort,10000,7294,20268097,0.422062
Bubble Sort,10000,7295,20268098,0.417391
Bubble Sort,10000,7296,20268099,0.414727
Bubble Sort,10000,7297,20268100,0.4212
Bubble Sort,10000,7298,20268101,0.418019
Bubble Sort,10000,7299,20268102,0.41552
Bubble Sort,10000,7300,20268103,0.413587
Bubble Sort,10000,7301,20268104,0.416061
Bubble Sort,10000,7302,20268105,0.421004
Bubble Sort,10000,7303,20268106,0.416671
Bubble Sort,10000,7304,20268107,0.421853
Bubble Sort,10000,7305,20268108,0.415797
Bubble Sort,10000,7306,20268109,0.421181
Bubble Sort,10000,7307,20268110,0.420067
Bubble Sort,10000,7308,20268111,0.416505
Bubble Sort,10000,7309,20268112,0.428283
Bubble Sort,10000,7310,20268113,0.419545
Bubble Sort,10000,7311,20268114,0.41723
Bubble Sort,10000,7312,20268115,0.415594
Bubble Sort,10000,7313,20268116,0.416775
Bubble Sort,10000,7314,20268117,0.418467
Bubble Sort,10000,7315,20268118,0.413465
Bubble Sort,10000,7316,20268119,0.416222
Bubble Sort,10000,7317,20268120,0.417022
Bubble Sort,10000,7318,20268121,0.420043
Bubble Sort,10000,7319,20268122,0.41544
Bubble Sort,10000,7320,20268123,0.421145
Bubble Sort,10000,7321,20268124,0.418136
Bubble Sort,10000,7322,20268125,0.417188
Bubble Sort,10000,7323,20268126,0.418671
Bubble Sort,10000,7324,20268127,0.416862
Bubble Sort,10000,7325,20268128,0.413267
Bubble Sort,10000,7326,20268129,0.418566
Bubble Sort,10000,7327,20268130,0.465741
Bubble Sort,10000,7328,20268131,0.420609
Bubble Sort,10000,7329,20268132,0.414984
Bubble Sort,10000,7330,20268133,0.418344
Bubble Sort,10000,7331,20268134,0.416616
Bubble Sort,10000,7332,20268135,0.420111
Bubble Sort,10000,7333,20268136,0.422911
Bubble Sort,10000,7334,20268137,0.417034
Bubble Sort,10000,7335,20268138,0.414123
Bubble Sort,10000,7336,20268139,0.418873
Bubble Sort,10000,7337,20268140,0.416018
Bubble Sort,10000,7338,20268141,0.41752
Bubble Sort,10000,7339,20268142,0.415452
Bubble Sort,10000,7340,20268143,0.421649
Bubble Sort,10000,7341,20268144,0.417612
Bubble Sort,10000,7342,20268145,0.419353
Bubble Sort,10000,7343,20268146,0.417945
Bubble Sort,10000,7344,20268147,0.418591
Bubble Sort,10000,7345,20268148,0.4164
Bubble Sort,10000,7346,20268149,0.419533
Bubble Sort,10000,7347,20268150,0.415145
Bubble Sort,10000,7348,20268151,0.420437
Bubble Sort,10000,7349,20268152,0.420394
Bubble Sort,10000,7350,20268153,0.463655
Bubble Sort,10000,7351,20268154,0.414535
Bubble Sort,10000,7352,20268155,0.422898
Bubble Sort,10000,7353,20268156,0.416498
Bubble Sort,10000,7354,20268157,0.415945
Bubble Sort,10000,7355,20268158,0.418671
Bubble Sort,10000,7356,20268159,0.425613
Bubble Sort,10000,7357,20268160,0.422486
Bubble Sort,10000,7358,20268161,0.436123
Bubble Sort,10000,7359,20268162,0.430541
Bubble Sort,10000,7360,20268163,0.422892
Bubble Sort,10000,7361,20268164,0.420154
Bubble Sort,10000,7362,20268165,0.415773
Bubble Sort,10000,7363,20268166,0.419625
Bubble Sort,10000,7364,20268167,0.418301
Bubble Sort,10000,7365,20268168,0.416142
Bubble Sort,10000,7366,20268169,0.418671
Bubble Sort,10000,7367,20268170,0.417766
Bubble Sort,10000,7368,20268171,0.4364
Bubble Sort,10000,7369,20268172,0.414154
Bubble Sort,10000,7370,20268173,0.415489
Bubble Sort,10000,7371,20268174,0.419415
Bubble Sort,10000,7372,20268175,0.41699
Bubble Sort,10000,7373,20268176,0.420332
Bubble Sort,10000,7374,20268177,0.417637
Bubble Sort,10000,7375,20268178,0.416702
Bubble Sort,10000,7376,20268179,0.417551
Bubble Sort,10000,7377,20268180,0.419496
Bubble Sort,10000,7378,20268181,0.418671
Bubble Sort,10000,7379,20268182,0.418049
Bubble Sort,10000,7380,20268183,0.420868
Bubble Sort,10000,7381,20268184,0.421034
Bubble Sort,10000,7382,20268185,0.418529
Bubble Sort,10000,7383,20268186,0.418733
Bubble Sort,10000,7384,20268187,0.421988
Bubble Sort,10000,7385,20268188,0.418781
Bubble Sort,10000,7386,20268189,0.415784
Bubble Sort,10000,7387,20268190,0.419169
Bubble Sort,10000,7388,20268191,0.417859
Bubble Sort,10000,7389,20268192,0.418689
Bubble Sort,10000,7390,20268193,0.417237
Bubble Sort,10000,7391,20268194,0.414443
Bubble Sort,10000,7392,20268195,0.419176
Bubble Sort,10000,7393,20268196,0.41632
Bubble Sort,10000,7394,20268197,0.41565
Bubble Sort,10000,7395,20268198,0.416203
Bubble Sort,10000,7396,20268199,0.416123
Bubble Sort,10000,7397,20268200,0.416579
Bubble Sort,10000,7398,20268201,0.418609
Bubble Sort,10000,7399,20268202,0.412172
Bubble Sort,10000,7400,20268203,0.418178
Bubble Sort,10000,7401,20268204,0.41896
Bubble Sort,10000,7402,20268205,0.420381
Bubble Sort,10000,7403,20268206,0.415483
Bubble Sort,10000,7404,20268207,0.418683
Bubble Sort,10000,7405,20268208,0.417594
Bubble Sort,10000,7406,20268209,0.413926
Bubble Sort,10000,7407,20268210,0.417169
Bubble Sort,10000,7408,20268211,0.416566
Bubble Sort,10000,7409,20268212,0.41848
Bubble Sort,10000,7410,20268213,0.416658
Bubble Sort,10000,7411,20268214,0.416935
Bubble Sort,10000,7412,20268215,0.415477
Bubble Sort,10000,7413,20268216,0.412634
Bubble Sort,10000,7414,20268217,0.415643
Bubble Sort,10000,7415,20268218,0.414486
Bubble Sort,10000,7416,20268219,0.415673
Bubble Sort,10000,7417,20268220,0.431563
Bubble Sort,10000,7418,20268221,0.416997
Bubble Sort,10000,7419,20268222,0.417403
Bubble Sort,10000,7420,20268223,0.419003
Bubble Sort,10000,7421,20268224,0.419563
Bubble Sort,10000,7422,20268225,0.41331
Bubble Sort,10000,7423,20268226,0.417828
Bubble Sort,10000,7424,20268227,0.416467
Bubble Sort,10000,7425,20268228,0.417262
Bubble Sort,10000,7426,20268229,0.415403
Bubble Sort,10000,7427,20268230,0.416493
Bubble Sort,10000,7428,20268231,0.416831
Bubble Sort,10000,7429,20268232,0.419225
Bubble Sort,10000,7430,20268233,0.419557
Bubble Sort,10000,7431,20268234,0.416794
Bubble Sort,10000,7432,20268235,0.417539
Bubble Sort,10000,7433,20268236,0.419065
Bubble Sort,10000,7434,20268237,0.417138
Bubble Sort,10000,7435,20268238,0.417151
Bubble Sort,10000,7436,20268239,0.414707
Bubble Sort,10000,7437,20268240,0.415323
Bubble Sort,10000,7438,20268241,0.423133
Bubble Sort,10000,7439,20268242,0.419428
Bubble Sort,10000,7440,20268243,0.419581
Bubble Sort,10000,7441,20268244,0.419145
Bubble Sort,10000,7442,20268245,0.417059
Bubble Sort,10000,7443,20268246,0.419249
Bubble Sort,10000,7444,20268247,0.415188
Bubble Sort,10000,7445,20268248,0.417569
Bubble Sort,10000,7446,20268249,0.416092
Bubble Sort,10000,7447,20268250,0.416523
Bubble Sort,10000,7448,20268251,0.419132
Bubble Sort,10000,7449,20268252,0.417293
Bubble Sort,10000,7450,20268253,0.420554
Bubble Sort,10000,7451,20268254,0.417372
Bubble Sort,10000,7452,20268255,0.418763
Bubble Sort,10000,7453,20268256,0.457028
Bubble Sort,10000,7454,20268257,0.417698
Bubble Sort,10000,7455,20268258,0.412935
Bubble Sort,10000,7456,20268259,0.416369
Bubble Sort,10000,7457,20268260,0.415956
Bubble Sort,10000,7458,20268261,0.416683
Bubble Sort,10000,7459,20268262,0.427293
Bubble Sort,10000,7460,20268263,0.42712
Bubble Sort,10000,7461,20268264,0.41952
Bubble Sort,10000,7462,20268265,0.416597
Bubble Sort,10000,7463,20268266,0.417372
Bubble Sort,10000,7464,20268267,0.415963
Bubble Sort,10000,7465,20268268,0.413378
Bubble Sort,10000,7466,20268269,0.413588
Bubble Sort,10000,7467,20268270,0.420511
Bubble Sort,10000,7468,20268271,0.416467
Bubble Sort,10000,7469,20268272,0.414185
Bubble Sort,10000,7470,20268273,0.417311
Bubble Sort,10000,7471,20268274,0.414492
Bubble Sort,10000,7472,20268275,0.416714
Bubble Sort,10000,7473,20268276,0.418609
Bubble Sort,10000,7474,20268277,0.415656
Bubble Sort,10000,7475,20268278,0.417607
Bubble Sort,10000,7476,20268279,0.416068
Bubble Sort,10000,7477,20268280,0.414745
Bubble Sort,10000,7478,20268281,0.415058
Bubble Sort,10000,7479,20268282,0.41376
Bubble Sort,10000,7480,20268283,0.416141
Bubble Sort,10000,7481,20268284,0.41621
Bubble Sort,10000,7482,20268285,0.413797
Bubble Sort,10000,7483,20268286,0.41472
Bubble Sort,10000,7484,20268287,0.432499
Bubble Sort,10000,7485,20268288,0.415151
Bubble Sort,10000,7486,20268289,0.417384
Bubble Sort,10000,7487,20268290,0.416394
Bubble Sort,10000,7488,20268291,0.416271
Bubble Sort,10000,7489,20268292,0.41544
Bubble Sort,10000,7490,20268293,0.417908
Bubble Sort,10000,7491,20268294,0.415779
Bubble Sort,10000,7492,20268295,0.418222
Bubble Sort,10000,7493,20268296,0.418437
Bubble Sort,10000,7494,20268297,0.41456
Bubble Sort,10000,7495,20268298,0.416665
Bubble Sort,10000,7496,20268299,0.417624
Bubble Sort,10000,7497,20268300,0.41547
Bubble Sort,10000,7498,20268301,0.416917
Bubble Sort,10000,7499,20268302,0.41624
Bubble Sort,10000,7500,20268303,0.41904
Bubble Sort,10000,7501,20268304,0.416031
Bubble Sort,10000,7502,20268305,0.419483
Bubble Sort,10000,7503,20268306,0.417409
Bubble Sort,10000,7504,20268307,0.416105
Bubble Sort,10000,7505,20268308,0.416739
Bubble Sort,10000,7506,20268309,0.418345
Bubble Sort,10000,7507,20268310,0.420677
Bubble Sort,10000,7508,20268311,0.41608
Bubble Sort,10000,7509,20268312,0.416911
Bubble Sort,10000,7510,20268313,0.421643
Bubble Sort,10000,7511,20268314,0.417883
Bubble Sort,10000,7512,20268315,0.411077
Bubble Sort,10000,7513,20268316,0.417797
Bubble Sort,10000,7514,20268317,0.419194
Bubble Sort,10000,7515,20268318,0.467206
Bubble Sort,10000,7516,20268319,0.418616
Bubble Sort,10000,7517,20268320,0.42136
Bubble Sort,10000,7518,20268321,0.417656
Bubble Sort,10000,7519,20268322,0.415957
Bubble Sort,10000,7520,20268323,0.415625
Bubble Sort,10000,7521,20268324,0.41888
Bubble Sort,10000,7522,20268325,0.418351
Bubble Sort,10000,7523,20268326,0.418856
Bubble Sort,10000,7524,20268327,0.421754
Bubble Sort,10000,7525,20268328,0.423526
Bubble Sort,10000,7526,20268329,0.421194
Bubble Sort,10000,7527,20268330,0.41736
Bubble Sort,10000,7528,20268331,0.43512
Bubble Sort,10000,7529,20268332,0.424825
Bubble Sort,10000,7530,20268333,0.418019
Bubble Sort,10000,7531,20268334,0.417637
Bubble Sort,10000,7532,20268335,0.418745
Bubble Sort,10000,7533,20268336,0.466234
Bubble Sort,10000,7534,20268337,0.413575
Bubble Sort,10000,7535,20268338,0.416517
Bubble Sort,10000,7536,20268339,0.418332
Bubble Sort,10000,7537,20268340,0.415994
Bubble Sort,10000,7538,20268341,0.414763
Bubble Sort,10000,7539,20268342,0.418357
Bubble Sort,10000,7540,20268343,0.418025
Bubble Sort,10000,7541,20268344,0.418388
Bubble Sort,10000,7542,20268345,0.415853
Bubble Sort,10000,7543,20268346,0.415803
Bubble Sort,10000,7544,20268347,0.416794
Bubble Sort,10000,7545,20268348,0.418413
Bubble Sort,10000,7546,20268349,0.418997
Bubble Sort,10000,7547,20268350,0.413606
Bubble Sort,10000,7548,20268351,0.414068
Bubble Sort,10000,7549,20268352,0.417735
Bubble Sort,10000,7550,20268353,0.416535
Bubble Sort,10000,7551,20268354,0.418086
Bubble Sort,10000,7552,20268355,0.415902
Bubble Sort,10000,7553,20268356,0.418388
Bubble Sort,10000,7554,20268357,0.416812
Bubble Sort,10000,7555,20268358,0.416443
Bubble Sort,10000,7556,20268359,0.417735
Bubble Sort,10000,7557,20268360,0.417102
Bubble Sort,10000,7558,20268361,0.418578
Bubble Sort,10000,7559,20268362,0.420461
Bubble Sort,10000,7560,20268363,0.416012
Bubble Sort,10000,7561,20268364,0.417723
Bubble Sort,10000,7562,20268365,0.416695
Bubble Sort,10000,7563,20268366,0.416726
Bubble Sort,10000,7564,20268367,0.473102
Bubble Sort,10000,7565,20268368,0.421649
Bubble Sort,10000,7566,20268369,0.418652
Bubble Sort,10000,7567,20268370,0.418369
Bubble Sort,10000,7568,20268371,0.419022
Bubble Sort,10000,7569,20268372,0.416246
Bubble Sort,10000,7570,20268373,0.418462
Bubble Sort,10000,7571,20268374,0.419113
Bubble Sort,10000,7572,20268375,0.419102
Bubble Sort,10000,7573,20268376,0.416972
Bubble Sort,10000,7574,20268377,0.41453
Bubble Sort,10000,7575,20268378,0.41627
Bubble Sort,10000,7576,20268379,0.418019
Bubble Sort,10000,7577,20268380,0.418763
Bubble Sort,10000,7578,20268381,0.417157
Bubble Sort,10000,7579,20268382,0.415464
Bubble Sort,10000,7580,20268383,0.416591
Bubble Sort,10000,7581,20268384,0.41733
Bubble Sort,10000,7582,20268385,0.431883
Bubble Sort,10000,7583,20268386,0.414708
Bubble Sort,10000,7584,20268387,0.428117
Bubble Sort,10000,7585,20268388,0.417336
Bubble Sort,10000,7586,20268389,0.429403
Bubble Sort,10000,7587,20268390,0.426886
Bubble Sort,10000,7588,20268391,0.416412
Bubble Sort,10000,7589,20268392,0.4144
Bubble Sort,10000,7590,20268393,0.418948
Bubble Sort,10000,7591,20268394,0.417218
Bubble Sort,10000,7592,20268395,0.417649
Bubble Sort,10000,7593,20268396,0.41656
Bubble Sort,10000,7594,20268397,0.414634
Bubble Sort,10000,7595,20268398,0.416062
Bubble Sort,10000,7596,20268399,0.418037
Bubble Sort,10000,7597,20268400,0.418886
Bubble Sort,10000,7598,20268401,0.418314
Bubble Sort,10000,7599,20268402,0.420136
Bubble Sort,10000,7600,20268403,0.420498
Bubble Sort,10000,7601,20268404,0.416123
Bubble Sort,10000,7602,20268405,0.418677
Bubble Sort,10000,7603,20268406,0.41864
Bubble Sort,10000,7604,20268407,0.418277
Bubble Sort,10000,7605,20268408,0.417723
Bubble Sort,10000,7606,20268409,0.415871
Bubble Sort,10000,7607,20268410,0.418984
Bubble Sort,10000,7608,20268411,0.420695
Bubble Sort,10000,7609,20268412,0.4172
Bubble Sort,10000,7610,20268413,0.418984
Bubble Sort,10000,7611,20268414,0.417212
Bubble Sort,10000,7612,20268415,0.414972
Bubble Sort,10000,7613,20268416,0.432726
Bubble Sort,10000,7614,20268417,0.417975
Bubble Sort,10000,7615,20268418,0.417698
Bubble Sort,10000,7616,20268419,0.419631
Bubble Sort,10000,7617,20268420,0.418917
Bubble Sort,10000,7618,20268421,0.416572
Bubble Sort,10000,7619,20268422,0.419175
Bubble Sort,10000,7620,20268423,0.41496
Bubble Sort,10000,7621,20268424,0.423083
Bubble Sort,10000,7622,20268425,0.418763
Bubble Sort,10000,7623,20268426,0.416289
Bubble Sort,10000,7624,20268427,0.41928
Bubble Sort,10000,7625,20268428,0.414486
Bubble Sort,10000,7626,20268429,0.424707
Bubble Sort,10000,7627,20268430,0.423083
Bubble Sort,10000,7628,20268431,0.41728
Bubble Sort,10000,7629,20268432,0.417932
Bubble Sort,10000,7630,20268433,0.417865
Bubble Sort,10000,7631,20268434,0.420092
Bubble Sort,10000,7632,20268435,0.429908
Bubble Sort,10000,7633,20268436,0.41824
Bubble Sort,10000,7634,20268437,0.414708
Bubble Sort,10000,7635,20268438,0.418098
Bubble Sort,10000,7636,20268439,0.418941
Bubble Sort,10000,7637,20268440,0.418136
Bubble Sort,10000,7638,20268441,0.417606
Bubble Sort,10000,7639,20268442,0.416793
Bubble Sort,10000,7640,20268443,0.423212
Bubble Sort,10000,7641,20268444,0.418979
Bubble Sort,10000,7642,20268445,0.416751
Bubble Sort,10000,7643,20268446,0.419422
Bubble Sort,10000,7644,20268447,0.417458
Bubble Sort,10000,7645,20268448,0.419933
Bubble Sort,10000,7646,20268449,0.4172
Bubble Sort,10000,7647,20268450,0.417963
Bubble Sort,10000,7648,20268451,0.413766
Bubble Sort,10000,7649,20268452,0.416277
Bubble Sort,10000,7650,20268453,0.417194
Bubble Sort,10000,7651,20268454,0.418541
Bubble Sort,10000,7652,20268455,0.418246
Bubble Sort,10000,7653,20268456,0.416332
Bubble Sort,10000,7654,20268457,0.416388
Bubble Sort,10000,7655,20268458,0.416671
Bubble Sort,10000,7656,20268459,0.413415
Bubble Sort,10000,7657,20268460,0.41496
Bubble Sort,10000,7658,20268461,0.417354
Bubble Sort,10000,7659,20268462,0.416756
Bubble Sort,10000,7660,20268463,0.415249
Bubble Sort,10000,7661,20268464,0.417237
Bubble Sort,10000,7662,20268465,0.411212
Bubble Sort,10000,7663,20268466,0.414948
Bubble Sort,10000,7664,20268467,0.417803
Bubble Sort,10000,7665,20268468,0.419139
Bubble Sort,10000,7666,20268469,0.416375
Bubble Sort,10000,7667,20268470,0.415914
Bubble Sort,10000,7668,20268471,0.417594
Bubble Sort,10000,7669,20268472,0.416548
Bubble Sort,10000,7670,20268473,0.416634
Bubble Sort,10000,7671,20268474,0.41928
Bubble Sort,10000,7672,20268475,0.41864
Bubble Sort,10000,7673,20268476,0.418197
Bubble Sort,10000,7674,20268477,0.419193
Bubble Sort,10000,7675,20268478,0.417163
Bubble Sort,10000,7676,20268479,0.415859
Bubble Sort,10000,7677,20268480,0.417409
Bubble Sort,10000,7678,20268481,0.419452
Bubble Sort,10000,7679,20268482,0.417883
Bubble Sort,10000,7680,20268483,0.416234
Bubble Sort,10000,7681,20268484,0.415403
Bubble Sort,10000,7682,20268485,0.418295
Bubble Sort,10000,7683,20268486,0.419047
Bubble Sort,10000,7684,20268487,0.421138
Bubble Sort,10000,7685,20268488,0.419975
Bubble Sort,10000,7686,20268489,0.417329
Bubble Sort,10000,7687,20268490,0.41976
Bubble Sort,10000,7688,20268491,0.417643
Bubble Sort,10000,7689,20268492,0.418068
Bubble Sort,10000,7690,20268493,0.418542
Bubble Sort,10000,7691,20268494,0.42013
Bubble Sort,10000,7692,20268495,0.416492
Bubble Sort,10000,7693,20268496,0.417895
Bubble Sort,10000,7694,20268497,0.421864
Bubble Sort,10000,7695,20268498,0.420277
Bubble Sort,10000,7696,20268499,0.430972
Bubble Sort,10000,7697,20268500,0.429305
Bubble Sort,10000,7698,20268501,0.419994
Bubble Sort,10000,7699,20268502,0.417575
Bubble Sort,10000,7700,20268503,0.418449
Bubble Sort,10000,7701,20268504,0.415594
Bubble Sort,10000,7702,20268505,0.416541
Bubble Sort,10000,7703,20268506,0.422055
Bubble Sort,10000,7704,20268507,0.414173
Bubble Sort,10000,7705,20268508,0.415323
Bubble Sort,10000,7706,20268509,0.418517
Bubble Sort,10000,7707,20268510,0.413544
Bubble Sort,10000,7708,20268511,0.415415
Bubble Sort,10000,7709,20268512,0.412812
Bubble Sort,10000,7710,20268513,0.415705
Bubble Sort,10000,7711,20268514,0.416646
Bubble Sort,10000,7712,20268515,0.4172
Bubble Sort,10000,7713,20268516,0.41507
Bubble Sort,10000,7714,20268517,0.424837
Bubble Sort,10000,7715,20268518,0.417071
Bubble Sort,10000,7716,20268519,0.462394
Bubble Sort,10000,7717,20268520,0.416148
Bubble Sort,10000,7718,20268521,0.419409
Bubble Sort,10000,7719,20268522,0.414449
Bubble Sort,10000,7720,20268523,0.41664
Bubble Sort,10000,7721,20268524,0.413754
Bubble Sort,10000,7722,20268525,0.412683
Bubble Sort,10000,7723,20268526,0.41872
Bubble Sort,10000,7724,20268527,0.41736
Bubble Sort,10000,7725,20268528,0.415717
Bubble Sort,10000,7726,20268529,0.419858
Bubble Sort,10000,7727,20268530,0.417379
Bubble Sort,10000,7728,20268531,0.412979
Bubble Sort,10000,7729,20268532,0.42856
Bubble Sort,10000,7730,20268533,0.415754
Bubble Sort,10000,7731,20268534,0.412031
Bubble Sort,10000,7732,20268535,0.420025
Bubble Sort,10000,7733,20268536,0.41696
Bubble Sort,10000,7734,20268537,0.414671
Bubble Sort,10000,7735,20268538,0.415944
Bubble Sort,10000,7736,20268539,0.418172
Bubble Sort,10000,7737,20268540,0.416111
Bubble Sort,10000,7738,20268541,0.41248
Bubble Sort,10000,7739,20268542,0.414406
Bubble Sort,10000,7740,20268543,0.41744
Bubble Sort,10000,7741,20268544,0.416825
Bubble Sort,10000,7742,20268545,0.414209
Bubble Sort,10000,7743,20268546,0.416216
Bubble Sort,10000,7744,20268547,0.418831
Bubble Sort,10000,7745,20268548,0.415188
Bubble Sort,10000,7746,20268549,0.419323
Bubble Sort,10000,7747,20268550,0.416351
Bubble Sort,10000,7748,20268551,0.41736
Bubble Sort,10000,7749,20268552,0.418098
Bubble Sort,10000,7750,20268553,0.415176
Bubble Sort,10000,7751,20268554,0.416216
Bubble Sort,10000,7752,20268555,0.414031
Bubble Sort,10000,7753,20268556,0.4152
Bubble Sort,10000,7754,20268557,0.419145
Bubble Sort,10000,7755,20268558,0.415169
Bubble Sort,10000,7756,20268559,0.417157
Bubble Sort,10000,7757,20268560,0.414252
Bubble Sort,10000,7758,20268561,0.419004
Bubble Sort,10000,7759,20268562,0.416647
Bubble Sort,10000,7760,20268563,0.415095
Bubble Sort,10000,7761,20268564,0.415348
Bubble Sort,10000,7762,20268565,0.415951
Bubble Sort,10000,7763,20268566,0.416954
Bubble Sort,10000,7764,20268567,0.418308
Bubble Sort,10000,7765,20268568,0.413267
Bubble Sort,10000,7766,20268569,0.416424
Bubble Sort,10000,7767,20268570,0.414738
Bubble Sort,10000,7768,20268571,0.413957
Bubble Sort,10000,7769,20268572,0.41808
Bubble Sort,10000,7770,20268573,0.418997
Bubble Sort,10000,7771,20268574,0.419618
Bubble Sort,10000,7772,20268575,0.41816
Bubble Sort,10000,7773,20268576,0.419305
Bubble Sort,10000,7774,20268577,0.414991
Bubble Sort,10000,7775,20268578,0.417329
Bubble Sort,10000,7776,20268579,0.413299
Bubble Sort,10000,7777,20268580,0.416007
Bubble Sort,10000,7778,20268581,0.414898
Bubble Sort,10000,7779,20268582,0.415939
Bubble Sort,10000,7780,20268583,0.417329
Bubble Sort,10000,7781,20268584,0.416585
Bubble Sort,10000,7782,20268585,0.415083
Bubble Sort,10000,7783,20268586,0.416775
Bubble Sort,10000,7784,20268587,0.415145
Bubble Sort,10000,7785,20268588,0.415637
Bubble Sort,10000,7786,20268589,0.42011
Bubble Sort,10000,7787,20268590,0.416216
Bubble Sort,10000,7788,20268591,0.414498
Bubble Sort,10000,7789,20268592,0.414135
Bubble Sort,10000,7790,20268593,0.418105
Bubble Sort,10000,7791,20268594,0.43336
Bubble Sort,10000,7792,20268595,0.419366
Bubble Sort,10000,7793,20268596,0.41992
Bubble Sort,10000,7794,20268597,0.413563
Bubble Sort,10000,7795,20268598,0.417828
Bubble Sort,10000,7796,20268599,0.416566
Bubble Sort,10000,7797,20268600,0.417164
Bubble Sort,10000,7798,20268601,0.417028
Bubble Sort,10000,7799,20268602,0.419576
Bubble Sort,10000,7800,20268603,0.416443
Bubble Sort,10000,7801,20268604,0.415563
Bubble Sort,10000,7802,20268605,0.414812
Bubble Sort,10000,7803,20268606,0.414671
Bubble Sort,10000,7804,20268607,0.42392
Bubble Sort,10000,7805,20268608,0.41541
Bubble Sort,10000,7806,20268609,0.416308
Bubble Sort,10000,7807,20268610,0.415865
Bubble Sort,10000,7808,20268611,0.417846
Bubble Sort,10000,7809,20268612,0.417151
Bubble Sort,10000,7810,20268613,0.414277
Bubble Sort,10000,7811,20268614,0.421188
Bubble Sort,10000,7812,20268615,0.416732
Bubble Sort,10000,7813,20268616,0.420283
Bubble Sort,10000,7814,20268617,0.419299
Bubble Sort,10000,7815,20268618,0.417188
Bubble Sort,10000,7816,20268619,0.416776
Bubble Sort,10000,7817,20268620,0.416265
Bubble Sort,10000,7818,20268621,0.418018
Bubble Sort,10000,7819,20268622,0.417655
Bubble Sort,10000,7820,20268623,0.417557
Bubble Sort,10000,7821,20268624,0.417871
Bubble Sort,10000,7822,20268625,0.427348
Bubble Sort,10000,7823,20268626,0.4136
Bubble Sort,10000,7824,20268627,0.419065
Bubble Sort,10000,7825,20268628,0.418271
Bubble Sort,10000,7826,20268629,0.414437
Bubble Sort,10000,7827,20268630,0.418517
Bubble Sort,10000,7828,20268631,0.416375
Bubble Sort,10000,7829,20268632,0.418683
Bubble Sort,10000,7830,20268633,0.420012
Bubble Sort,10000,7831,20268634,0.414652
Bubble Sort,10000,7832,20268635,0.41832
Bubble Sort,10000,7833,20268636,0.419717
Bubble Sort,10000,7834,20268637,0.418763
Bubble Sort,10000,7835,20268638,0.419385
Bubble Sort,10000,7836,20268639,0.418289
Bubble Sort,10000,7837,20268640,0.416332
Bubble Sort,10000,7838,20268641,0.416412
Bubble Sort,10000,7839,20268642,0.418406
Bubble Sort,10000,7840,20268643,0.420634
Bubble Sort,10000,7841,20268644,0.42749
Bubble Sort,10000,7842,20268645,0.417926
Bubble Sort,10000,7843,20268646,0.416775
Bubble Sort,10000,7844,20268647,0.416221
Bubble Sort,10000,7845,20268648,0.418745
Bubble Sort,10000,7846,20268649,0.419126
Bubble Sort,10000,7847,20268650,0.413827
Bubble Sort,10000,7848,20268651,0.416093
Bubble Sort,10000,7849,20268652,0.417058
Bubble Sort,10000,7850,20268653,0.415483
Bubble Sort,10000,7851,20268654,0.419138
Bubble Sort,10000,7852,20268655,0.420412
Bubble Sort,10000,7853,20268656,0.417576
Bubble Sort,10000,7854,20268657,0.41576
Bubble Sort,10000,7855,20268658,0.417865
Bubble Sort,10000,7856,20268659,0.418898
Bubble Sort,10000,7857,20268660,0.415046
Bubble Sort,10000,7858,20268661,0.429188
Bubble Sort,10000,7859,20268662,0.418468
Bubble Sort,10000,7860,20268663,0.41408
Bubble Sort,10000,7861,20268664,0.416911
Bubble Sort,10000,7862,20268665,0.417877
Bubble Sort,10000,7863,20268666,0.423569
Bubble Sort,10000,7864,20268667,0.422062
Bubble Sort,10000,7865,20268668,0.413797
Bubble Sort,10000,7866,20268669,0.432074
Bubble Sort,10000,7867,20268670,0.43915
Bubble Sort,10000,7868,20268671,0.4456
Bubble Sort,10000,7869,20268672,0.423379
Bubble Sort,10000,7870,20268673,0.418677
Bubble Sort,10000,7871,20268674,0.41845
Bubble Sort,10000,7872,20268675,0.416763
Bubble Sort,10000,7873,20268676,0.419742
Bubble Sort,10000,7874,20268677,0.416548
Bubble Sort,10000,7875,20268678,0.419896
Bubble Sort,10000,7876,20268679,0.421157
Bubble Sort,10000,7877,20268680,0.414314
Bubble Sort,10000,7878,20268681,0.417729
Bubble Sort,10000,7879,20268682,0.417557
Bubble Sort,10000,7880,20268683,0.417003
Bubble Sort,10000,7881,20268684,0.430751
Bubble Sort,10000,7882,20268685,0.419465
Bubble Sort,10000,7883,20268686,0.421003
Bubble Sort,10000,7884,20268687,0.416073
Bubble Sort,10000,7885,20268688,0.414695
Bubble Sort,10000,7886,20268689,0.417446
Bubble Sort,10000,7887,20268690,0.419932
Bubble Sort,10000,7888,20268691,0.416234
Bubble Sort,10000,7889,20268692,0.417065
Bubble Sort,10000,7890,20268693,0.420012
Bubble Sort,10000,7891,20268694,0.413877
Bubble Sort,10000,7892,20268695,0.419169
Bubble Sort,10000,7893,20268696,0.415028
Bubble Sort,10000,7894,20268697,0.420886
Bubble Sort,10000,7895,20268698,0.41776
Bubble Sort,10000,7896,20268699,0.418708
Bubble Sort,10000,7897,20268700,0.420117
Bubble Sort,10000,7898,20268701,0.41768
Bubble Sort,10000,7899,20268702,0.418031
Bubble Sort,10000,7900,20268703,0.41712
Bubble Sort,10000,7901,20268704,0.418228
Bubble Sort,10000,7902,20268705,0.415496
Bubble Sort,10000,7903,20268706,0.418813
Bubble Sort,10000,7904,20268707,0.419446
Bubble Sort,10000,7905,20268708,0.41984
Bubble Sort,10000,7906,20268709,0.418665
Bubble Sort,10000,7907,20268710,0.419434
Bubble Sort,10000,7908,20268711,0.418307
Bubble Sort,10000,7909,20268712,0.418351
Bubble Sort,10000,7910,20268713,0.41971
Bubble Sort,10000,7911,20268714,0.416886
Bubble Sort,10000,7912,20268715,0.421514
Bubble Sort,10000,7913,20268716,0.421403
Bubble Sort,10000,7914,20268717,0.418677
Bubble Sort,10000,7915,20268718,0.416659
Bubble Sort,10000,7916,20268719,0.416344
Bubble Sort,10000,7917,20268720,0.417944
Bubble Sort,10000,7918,20268721,0.4152
Bubble Sort,10000,7919,20268722,0.417243
Bubble Sort,10000,7920,20268723,0.414978
Bubble Sort,10000,7921,20268724,0.416973
Bubble Sort,10000,7922,20268725,0.414413
Bubble Sort,10000,7923,20268726,0.416055
Bubble Sort,10000,7924,20268727,0.420443
Bubble Sort,10000,7925,20268728,0.416025
Bubble Sort,10000,7926,20268729,0.418535
Bubble Sort,10000,7927,20268730,0.41704
Bubble Sort,10000,7928,20268731,0.419077
Bubble Sort,10000,7929,20268732,0.415089
Bubble Sort,10000,7930,20268733,0.431988
Bubble Sort,10000,7931,20268734,0.416431
Bubble Sort,10000,7932,20268735,0.415391
Bubble Sort,10000,7933,20268736,0.421514
Bubble Sort,10000,7934,20268737,0.416708
Bubble Sort,10000,7935,20268738,0.418578
Bubble Sort,10000,7936,20268739,0.417902
Bubble Sort,10000,7937,20268740,0.418369
Bubble Sort,10000,7938,20268741,0.41856
Bubble Sort,10000,7939,20268742,0.417662
Bubble Sort,10000,7940,20268743,0.417261
Bubble Sort,10000,7941,20268744,0.418578
Bubble Sort,10000,7942,20268745,0.415901
Bubble Sort,10000,7943,20268746,0.420179
Bubble Sort,10000,7944,20268747,0.418153
Bubble Sort,10000,7945,20268748,0.417477
Bubble Sort,10000,7946,20268749,0.418739
Bubble Sort,10000,7947,20268750,0.416455
Bubble Sort,10000,7948,20268751,0.43088
Bubble Sort,10000,7949,20268752,0.418714
Bubble Sort,10000,7950,20268753,0.417613
Bubble Sort,10000,7951,20268754,0.41803
Bubble Sort,10000,7952,20268755,0.416745
Bubble Sort,10000,7953,20268756,0.422726
Bubble Sort,10000,7954,20268757,0.422739
Bubble Sort,10000,7955,20268758,0.423858
Bubble Sort,10000,7956,20268759,0.42011
Bubble Sort,10000,7957,20268760,0.4172
Bubble Sort,10000,7958,20268761,0.417428
Bubble Sort,10000,7959,20268762,0.421108
Bubble Sort,10000,7960,20268763,0.413662
Bubble Sort,10000,7961,20268764,0.421169
Bubble Sort,10000,7962,20268765,0.41912
Bubble Sort,10000,7963,20268766,0.418456
Bubble Sort,10000,7964,20268767,0.417464
Bubble Sort,10000,7965,20268768,0.420314
Bubble Sort,10000,7966,20268769,0.431256
Bubble Sort,10000,7967,20268770,0.421298
Bubble Sort,10000,7968,20268771,0.428504
Bubble Sort,10000,7969,20268772,0.417378
Bubble Sort,10000,7970,20268773,0.420456
Bubble Sort,10000,7971,20268774,0.418788
Bubble Sort,10000,7972,20268775,0.418713
Bubble Sort,10000,7973,20268776,0.421065
Bubble Sort,10000,7974,20268777,0.419945
Bubble Sort,10000,7975,20268778,0.416252
Bubble Sort,10000,7976,20268779,0.417797
Bubble Sort,10000,7977,20268780,0.422585
Bubble Sort,10000,7978,20268781,0.41387
Bubble Sort,10000,7979,20268782,0.41896
Bubble Sort,10000,7980,20268783,0.421662
Bubble Sort,10000,7981,20268784,0.421151
Bubble Sort,10000,7982,20268785,0.417865
Bubble Sort,10000,7983,20268786,0.416068
Bubble Sort,10000,7984,20268787,0.432523
Bubble Sort,10000,7985,20268788,0.417273
Bubble Sort,10000,7986,20268789,0.418043
Bubble Sort,10000,7987,20268790,0.41496
Bubble Sort,10000,7988,20268791,0.419064
Bubble Sort,10000,7989,20268792,0.416935
Bubble Sort,10000,7990,20268793,0.415957
Bubble Sort,10000,7991,20268794,0.4176
Bubble Sort,10000,7992,20268795,0.418948
Bubble Sort,10000,7993,20268796,0.416757
Bubble Sort,10000,7994,20268797,0.417791
Bubble Sort,10000,7995,20268798,0.418093
Bubble Sort,10000,7996,20268799,0.417883
Bubble Sort,10000,7997,20268800,0.422277
Bubble Sort,10000,7998,20268801,0.415772
Bubble Sort,10000,7999,20268802,0.419034
Bubble Sort,10000,8000,20268803,0.420923
Bubble Sort,10000,8001,20268804,0.41755
Bubble Sort,10000,8002,20268805,0.417674
Bubble Sort,10000,8003,20268806,0.41683
Bubble Sort,10000,8004,20268807,0.421747
Bubble Sort,10000,8005,20268808,0.414486
Bubble Sort,10000,8006,20268809,0.415206
Bubble Sort,10000,8007,20268810,0.416905
Bubble Sort,10000,8008,20268811,0.42064
Bubble Sort,10000,8009,20268812,0.420726
Bubble Sort,10000,8010,20268813,0.418689
Bubble Sort,10000,8011,20268814,0.41933
Bubble Sort,10000,8012,20268815,0.417379
Bubble Sort,10000,8013,20268816,0.42136
Bubble Sort,10000,8014,20268817,0.419144
Bubble Sort,10000,8015,20268818,0.468111
Bubble Sort,10000,8016,20268819,0.423643
Bubble Sort,10000,8017,20268820,0.418535
Bubble Sort,10000,8018,20268821,0.418572
Bubble Sort,10000,8019,20268822,0.416849
Bubble Sort,10000,8020,20268823,0.458375
Bubble Sort,10000,8021,20268824,0.420868
Bubble Sort,10000,8022,20268825,0.416093
Bubble Sort,10000,8023,20268826,0.415323
Bubble Sort,10000,8024,20268827,0.415864
Bubble Sort,10000,8025,20268828,0.416984
Bubble Sort,10000,8026,20268829,0.419871
Bubble Sort,10000,8027,20268830,0.418701
Bubble Sort,10000,8028,20268831,0.421877
Bubble Sort,10000,8029,20268832,0.415846
Bubble Sort,10000,8030,20268833,0.419101
Bubble Sort,10000,8031,20268834,0.421914
Bubble Sort,10000,8032,20268835,0.424695
Bubble Sort,10000,8033,20268836,0.425932
Bubble Sort,10000,8034,20268837,0.412523
Bubble Sort,10000,8035,20268838,0.433415
Bubble Sort,10000,8036,20268839,0.425883
Bubble Sort,10000,8037,20268840,0.419188
Bubble Sort,10000,8038,20268841,0.427673
Bubble Sort,10000,8039,20268842,0.422394
Bubble Sort,10000,8040,20268843,0.41923
Bubble Sort,10000,8041,20268844,0.419957
Bubble Sort,10000,8042,20268845,0.418696
Bubble Sort,10000,8043,20268846,0.418615
Bubble Sort,10000,8044,20268847,0.418265
Bubble Sort,10000,8045,20268848,0.416659
Bubble Sort,10000,8046,20268849,0.41656
Bubble Sort,10000,8047,20268850,0.415545
Bubble Sort,10000,8048,20268851,0.41883
Bubble Sort,10000,8049,20268852,0.417046
Bubble Sort,10000,8050,20268853,0.415754
Bubble Sort,10000,8051,20268854,0.422191
Bubble Sort,10000,8052,20268855,0.419305
Bubble Sort,10000,8053,20268856,0.417218
Bubble Sort,10000,8054,20268857,0.4168
Bubble Sort,10000,8055,20268858,0.417034
Bubble Sort,10000,8056,20268859,0.426258
Bubble Sort,10000,8057,20268860,0.415052
Bubble Sort,10000,8058,20268861,0.415982
Bubble Sort,10000,8059,20268862,0.416702
Bubble Sort,10000,8060,20268863,0.419877
Bubble Sort,10000,8061,20268864,0.416763
Bubble Sort,10000,8062,20268865,0.435403
Bubble Sort,10000,8063,20268866,0.421778
Bubble Sort,10000,8064,20268867,0.421723
Bubble Sort,10000,8065,20268868,0.422486
Bubble Sort,10000,8066,20268869,0.416653
Bubble Sort,10000,8067,20268870,0.419182
Bubble Sort,10000,8068,20268871,0.419132
Bubble Sort,10000,8069,20268872,0.418376
Bubble Sort,10000,8070,20268873,0.417157
Bubble Sort,10000,8071,20268874,0.417274
Bubble Sort,10000,8072,20268875,0.417114
Bubble Sort,10000,8073,20268876,0.419907
Bubble Sort,10000,8074,20268877,0.418141
Bubble Sort,10000,8075,20268878,0.418634
Bubble Sort,10000,8076,20268879,0.416234
Bubble Sort,10000,8077,20268880,0.419151
Bubble Sort,10000,8078,20268881,0.419495
Bubble Sort,10000,8079,20268882,0.489705
Bubble Sort,10000,8080,20268883,0.418578
Bubble Sort,10000,8081,20268884,0.416129
Bubble Sort,10000,8082,20268885,0.418591
Bubble Sort,10000,8083,20268886,0.419464
Bubble Sort,10000,8084,20268887,0.417095
Bubble Sort,10000,8085,20268888,0.419267
Bubble Sort,10000,8086,20268889,0.418991
Bubble Sort,10000,8087,20268890,0.422326
Bubble Sort,10000,8088,20268891,0.420985
Bubble Sort,10000,8089,20268892,0.420664
Bubble Sort,10000,8090,20268893,0.419015
Bubble Sort,10000,8091,20268894,0.421065
Bubble Sort,10000,8092,20268895,0.418099
Bubble Sort,10000,8093,20268896,0.416837
Bubble Sort,10000,8094,20268897,0.420056
Bubble Sort,10000,8095,20268898,0.427815
Bubble Sort,10000,8096,20268899,0.418141
Bubble Sort,10000,8097,20268900,0.425551
Bubble Sort,10000,8098,20268901,0.419711
Bubble Sort,10000,8099,20268902,0.415828
Bubble Sort,10000,8100,20268903,0.420338
Bubble Sort,10000,8101,20268904,0.419778
Bubble Sort,10000,8102,20268905,0.467963
Bubble Sort,10000,8103,20268906,0.434209
Bubble Sort,10000,8104,20268907,0.477852
Bubble Sort,10000,8105,20268908,0.434492
Bubble Sort,10000,8106,20268909,0.434646
Bubble Sort,10000,8107,20268910,0.437083
Bubble Sort,10000,8108,20268911,0.452634
Bubble Sort,10000,8109,20268912,0.420166
Bubble Sort,10000,8110,20268913,0.434141
Bubble Sort,10000,8111,20268914,0.424677
Bubble Sort,10000,8112,20268915,0.413212
Bubble Sort,10000,8113,20268916,0.431421
Bubble Sort,10000,8114,20268917,0.41968
Bubble Sort,10000,8115,20268918,0.428136
Bubble Sort,10000,8116,20268919,0.432055
Bubble Sort,10000,8117,20268920,0.440413
Bubble Sort,10000,8118,20268921,0.434978
Bubble Sort,10000,8119,20268922,2.779022
Bubble Sort,10000,8120,20268923,0.546302
Bubble Sort,10000,8121,20268924,0.434733
Bubble Sort,10000,8122,20268925,0.42864
Bubble Sort,10000,8123,20268926,0.43627
Bubble Sort,10000,8124,20268927,0.427588
Bubble Sort,10000,8125,20268928,0.434751
Bubble Sort,10000,8126,20268929,0.422714
Bubble Sort,10000,8127,20268930,0.454652
Bubble Sort,10000,8128,20268931,0.421237
Bubble Sort,10000,8129,20268932,0.433323
Bubble Sort,10000,8130,20268933,0.413182
Bubble Sort,10000,8131,20268934,0.411907
Bubble Sort,10000,8132,20268935,0.43424
Bubble Sort,10000,8133,20268936,0.43152
Bubble Sort,10000,8134,20268937,0.430289
Bubble Sort,10000,8135,20268938,0.423156
Bubble Sort,10000,8136,20268939,0.425249
Bubble Sort,10000,8137,20268940,0.422708
Bubble Sort,10000,8138,20268941,0.442185
Bubble Sort,10000,8139,20268942,0.426123
Bubble Sort,10000,8140,20268943,0.60045
Bubble Sort,10000,8141,20268944,0.432904
Bubble Sort,10000,8142,20268945,0.423674
Bubble Sort,10000,8143,20268946,0.451557
Bubble Sort,10000,8144,20268947,0.438911
Bubble Sort,10000,8145,20268948,0.432504
Bubble Sort,10000,8146,20268949,0.470615
Bubble Sort,10000,8147,20268950,0.434363
Bubble Sort,10000,8148,20268951,0.448954
Bubble Sort,10000,8149,20268952,0.449693
Bubble Sort,10000,8150,20268953,0.428941
Bubble Sort,10000,8151,20268954,0.427132
Bubble Sort,10000,8152,20268955,0.428806
Bubble Sort,10000,8153,20268956,0.426449
Bubble Sort,10000,8154,20268957,0.429126
Bubble Sort,10000,8155,20268958,0.426283
Bubble Sort,10000,8156,20268959,0.429742
Bubble Sort,10000,8157,20268960,0.422449
Bubble Sort,10000,8158,20268961,0.427194
Bubble Sort,10000,8159,20268962,0.424499
Bubble Sort,10000,8160,20268963,0.423649
Bubble Sort,10000,8161,20268964,0.425231
Bubble Sort,10000,8162,20268965,0.422179
Bubble Sort,10000,8163,20268966,0.425693
Bubble Sort,10000,8164,20268967,0.42667
Bubble Sort,10000,8165,20268968,0.426332
Bubble Sort,10000,8166,20268969,0.42557
Bubble Sort,10000,8167,20268970,0.4252
Bubble Sort,10000,8168,20268971,0.424259
Bubble Sort,10000,8169,20268972,0.424474
Bubble Sort,10000,8170,20268973,0.42752
Bubble Sort,10000,8171,20268974,0.42304
Bubble Sort,10000,8172,20268975,0.42544
Bubble Sort,10000,8173,20268976,0.425298
Bubble Sort,10000,8174,20268977,0.425188
Bubble Sort,10000,8175,20268978,0.424775
Bubble Sort,10000,8176,20268979,0.423914
Bubble Sort,10000,8177,20268980,0.425397
Bubble Sort,10000,8178,20268981,0.426461
Bubble Sort,10000,8179,20268982,0.426037
Bubble Sort,10000,8180,20268983,0.422671
Bubble Sort,10000,8181,20268984,0.424308
Bubble Sort,10000,8182,20268985,0.424708
Bubble Sort,10000,8183,20268986,0.426172
Bubble Sort,10000,8184,20268987,0.426173
Bubble Sort,10000,8185,20268988,0.424344
Bubble Sort,10000,8186,20268989,0.428616
Bubble Sort,10000,8187,20268990,0.426991
Bubble Sort,10000,8188,20268991,0.42477
Bubble Sort,10000,8189,20268992,0.422984
Bubble Sort,10000,8190,20268993,0.426652
Bubble Sort,10000,8191,20268994,0.426831
Bubble Sort,10000,8192,20268995,0.427268
Bubble Sort,10000,8193,20268996,0.425963
Bubble Sort,10000,8194,20268997,0.425391
Bubble Sort,10000,8195,20268998,0.4264
Bubble Sort,10000,8196,20268999,0.425274
Bubble Sort,10000,8197,20269000,0.426339
Bubble Sort,10000,8198,20269001,0.427816
Bubble Sort,10000,8199,20269002,0.426074
Bubble Sort,10000,8200,20269003,0.427403
Bubble Sort,10000,8201,20269004,0.413305
Bubble Sort,10000,8202,20269005,0.41224
Bubble Sort,10000,8203,20269006,0.419643
Bubble Sort,10000,8204,20269007,0.428554
Bubble Sort,10000,8205,20269008,0.413637
Bubble Sort,10000,8206,20269009,0.423009
Bubble Sort,10000,8207,20269010,0.425083
Bubble Sort,10000,8208,20269011,0.421286
Bubble Sort,10000,8209,20269012,0.426523
Bubble Sort,10000,8210,20269013,0.425476
Bubble Sort,10000,8211,20269014,0.431606
Bubble Sort,10000,8212,20269015,0.425661
Bubble Sort,10000,8213,20269016,0.426899
Bubble Sort,10000,8214,20269017,0.424314
Bubble Sort,10000,8215,20269018,0.421311
Bubble Sort,10000,8216,20269019,0.426542
Bubble Sort,10000,8217,20269020,0.422295
Bubble Sort,10000,8218,20269021,0.425797
Bubble Sort,10000,8219,20269022,0.426412
Bubble Sort,10000,8220,20269023,0.423557
Bubble Sort,10000,8221,20269024,0.423207
Bubble Sort,10000,8222,20269025,0.411871
Bubble Sort,10000,8223,20269026,0.422769
Bubble Sort,10000,8224,20269027,0.426197
Bubble Sort,10000,8225,20269028,0.424505
Bubble Sort,10000,8226,20269029,0.428714
Bubble Sort,10000,8227,20269030,0.422775
Bubble Sort,10000,8228,20269031,0.423877
Bubble Sort,10000,8229,20269032,0.426769
Bubble Sort,10000,8230,20269033,0.418068
Bubble Sort,10000,8231,20269034,0.424547
Bubble Sort,10000,8232,20269035,0.422942
Bubble Sort,10000,8233,20269036,0.424025
Bubble Sort,10000,8234,20269037,0.423403
Bubble Sort,10000,8235,20269038,0.424461
Bubble Sort,10000,8236,20269039,0.424529
Bubble Sort,10000,8237,20269040,0.424307
Bubble Sort,10000,8238,20269041,0.427723
Bubble Sort,10000,8239,20269042,0.42616
Bubble Sort,10000,8240,20269043,0.424597
Bubble Sort,10000,8241,20269044,0.425446
Bubble Sort,10000,8242,20269045,0.422142
Bubble Sort,10000,8243,20269046,0.422136
Bubble Sort,10000,8244,20269047,0.426462
Bubble Sort,10000,8245,20269048,0.425065
Bubble Sort,10000,8246,20269049,0.429151
Bubble Sort,10000,8247,20269050,0.424819
Bubble Sort,10000,8248,20269051,0.424529
Bubble Sort,10000,8249,20269052,0.424819
Bubble Sort,10000,8250,20269053,0.426
Bubble Sort,10000,8251,20269054,0.429335
Bubble Sort,10000,8252,20269055,0.425034
Bubble Sort,10000,8253,20269056,0.42549
Bubble Sort,10000,8254,20269057,0.42264
Bubble Sort,10000,8255,20269058,0.423877
Bubble Sort,10000,8256,20269059,0.422603
Bubble Sort,10000,8257,20269060,0.425791
Bubble Sort,10000,8258,20269061,0.421661
Bubble Sort,10000,8259,20269062,0.42368
Bubble Sort,10000,8260,20269063,0.426253
Bubble Sort,10000,8261,20269064,0.424677
Bubble Sort,10000,8262,20269065,0.427415
Bubble Sort,10000,8263,20269066,0.424942
Bubble Sort,10000,8264,20269067,0.423944
Bubble Sort,10000,8265,20269068,0.422283
Bubble Sort,10000,8266,20269069,0.428579
Bubble Sort,10000,8267,20269070,0.424344
Bubble Sort,10000,8268,20269071,0.426567
Bubble Sort,10000,8269,20269072,0.42368
Bubble Sort,10000,8270,20269073,0.425003
Bubble Sort,10000,8271,20269074,0.423674
Bubble Sort,10000,8272,20269075,0.425693
Bubble Sort,10000,8273,20269076,0.423489
Bubble Sort,10000,8274,20269077,0.423415
Bubble Sort,10000,8275,20269078,0.421705
Bubble Sort,10000,8276,20269079,0.423944
Bubble Sort,10000,8277,20269080,0.426019
Bubble Sort,10000,8278,20269081,0.424289
Bubble Sort,10000,8279,20269082,0.424621
Bubble Sort,10000,8280,20269083,0.421458
Bubble Sort,10000,8281,20269084,0.425501
Bubble Sort,10000,8282,20269085,0.423957
Bubble Sort,10000,8283,20269086,0.426413
Bubble Sort,10000,8284,20269087,0.425052
Bubble Sort,10000,8285,20269088,0.454375
Bubble Sort,10000,8286,20269089,0.424954
Bubble Sort,10000,8287,20269090,0.422302
Bubble Sort,10000,8288,20269091,0.426
Bubble Sort,10000,8289,20269092,0.42632
Bubble Sort,10000,8290,20269093,0.424055
Bubble Sort,10000,8291,20269094,0.423508
Bubble Sort,10000,8292,20269095,0.424283
Bubble Sort,10000,8293,20269096,0.42349
Bubble Sort,10000,8294,20269097,0.422197
Bubble Sort,10000,8295,20269098,0.423502
Bubble Sort,10000,8296,20269099,0.423729
Bubble Sort,10000,8297,20269100,0.423821
Bubble Sort,10000,8298,20269101,0.450468
Bubble Sort,10000,8299,20269102,0.425053
Bubble Sort,10000,8300,20269103,0.424948
Bubble Sort,10000,8301,20269104,0.431415
Bubble Sort,10000,8302,20269105,0.429089
Bubble Sort,10000,8303,20269106,0.429022
Bubble Sort,10000,8304,20269107,0.424948
Bubble Sort,10000,8305,20269108,0.42448
Bubble Sort,10000,8306,20269109,0.42901
Bubble Sort,10000,8307,20269110,0.425797
Bubble Sort,10000,8308,20269111,0.409951
Bubble Sort,10000,8309,20269112,0.424314
Bubble Sort,10000,8310,20269113,0.426307
Bubble Sort,10000,8311,20269114,0.426252
Bubble Sort,10000,8312,20269115,0.423329
Bubble Sort,10000,8313,20269116,0.423274
Bubble Sort,10000,8314,20269117,0.424455
Bubble Sort,10000,8315,20269118,0.420954
Bubble Sort,10000,8316,20269119,0.425212
Bubble Sort,10000,8317,20269120,0.424308
Bubble Sort,10000,8318,20269121,0.427754
Bubble Sort,10000,8319,20269122,0.423336
Bubble Sort,10000,8320,20269123,0.423717
Bubble Sort,10000,8321,20269124,0.430037
Bubble Sort,10000,8322,20269125,0.425939
Bubble Sort,10000,8323,20269126,0.425754
Bubble Sort,10000,8324,20269127,0.42256
Bubble Sort,10000,8325,20269128,0.423981
Bubble Sort,10000,8326,20269129,0.425674
Bubble Sort,10000,8327,20269130,0.422671
Bubble Sort,10000,8328,20269131,0.422498
Bubble Sort,10000,8329,20269132,0.425582
Bubble Sort,10000,8330,20269133,0.423883
Bubble Sort,10000,8331,20269134,0.426695
Bubble Sort,10000,8332,20269135,0.42344
Bubble Sort,10000,8333,20269136,0.425889
Bubble Sort,10000,8334,20269137,0.42624
Bubble Sort,10000,8335,20269138,0.425545
Bubble Sort,10000,8336,20269139,0.426295
Bubble Sort,10000,8337,20269140,0.423194
Bubble Sort,10000,8338,20269141,0.42515
Bubble Sort,10000,8339,20269142,0.423668
Bubble Sort,10000,8340,20269143,0.424295
Bubble Sort,10000,8341,20269144,0.429852
Bubble Sort,10000,8342,20269145,0.435668
Bubble Sort,10000,8343,20269146,0.423563
Bubble Sort,10000,8344,20269147,0.425502
Bubble Sort,10000,8345,20269148,0.426265
Bubble Sort,10000,8346,20269149,0.428067
Bubble Sort,10000,8347,20269150,0.427292
Bubble Sort,10000,8348,20269151,0.428763
Bubble Sort,10000,8349,20269152,0.413606
Bubble Sort,10000,8350,20269153,0.424061
Bubble Sort,10000,8351,20269154,0.409656
Bubble Sort,10000,8352,20269155,0.424425
Bubble Sort,10000,8353,20269156,0.426191
Bubble Sort,10000,8354,20269157,0.42603
Bubble Sort,10000,8355,20269158,0.429409
Bubble Sort,10000,8356,20269159,0.42552
Bubble Sort,10000,8357,20269160,0.427311
Bubble Sort,10000,8358,20269161,0.421022
Bubble Sort,10000,8359,20269162,0.428105
Bubble Sort,10000,8360,20269163,0.42365
Bubble Sort,10000,8361,20269164,0.422664
Bubble Sort,10000,8362,20269165,0.425298
Bubble Sort,10000,8363,20269166,0.42851
Bubble Sort,10000,8364,20269167,0.423625
Bubble Sort,10000,8365,20269168,0.423612
Bubble Sort,10000,8366,20269169,0.42584
Bubble Sort,10000,8367,20269170,0.426049
Bubble Sort,10000,8368,20269171,0.412345
Bubble Sort,10000,8369,20269172,0.427256
Bubble Sort,10000,8370,20269173,0.412966
Bubble Sort,10000,8371,20269174,0.410351
Bubble Sort,10000,8372,20269175,0.416056
Bubble Sort,10000,8373,20269176,0.417717
Bubble Sort,10000,8374,20269177,0.429329
Bubble Sort,10000,8375,20269178,0.421908
Bubble Sort,10000,8376,20269179,0.422905
Bubble Sort,10000,8377,20269180,0.422492
Bubble Sort,10000,8378,20269181,0.423267
Bubble Sort,10000,8379,20269182,0.423778
Bubble Sort,10000,8380,20269183,0.424259
Bubble Sort,10000,8381,20269184,0.431255
Bubble Sort,10000,8382,20269185,0.426627
Bubble Sort,10000,8383,20269186,0.422911
Bubble Sort,10000,8384,20269187,0.422345
Bubble Sort,10000,8385,20269188,0.428166
Bubble Sort,10000,8386,20269189,0.423003
Bubble Sort,10000,8387,20269190,0.424098
Bubble Sort,10000,8388,20269191,0.425187
Bubble Sort,10000,8389,20269192,0.425779
Bubble Sort,10000,8390,20269193,0.425883
Bubble Sort,10000,8391,20269194,0.423501
Bubble Sort,10000,8392,20269195,0.428376
Bubble Sort,10000,8393,20269196,0.423403
Bubble Sort,10000,8394,20269197,0.422363
Bubble Sort,10000,8395,20269198,0.424763
Bubble Sort,10000,8396,20269199,0.422123
Bubble Sort,10000,8397,20269200,0.426
Bubble Sort,10000,8398,20269201,0.423421
Bubble Sort,10000,8399,20269202,0.425458
Bubble Sort,10000,8400,20269203,0.427064
Bubble Sort,10000,8401,20269204,0.423895
Bubble Sort,10000,8402,20269205,0.419348
Bubble Sort,10000,8403,20269206,0.425686
Bubble Sort,10000,8404,20269207,0.422929
Bubble Sort,10000,8405,20269208,0.423286
Bubble Sort,10000,8406,20269209,0.425015
Bubble Sort,10000,8407,20269210,0.423298
Bubble Sort,10000,8408,20269211,0.420579
Bubble Sort,10000,8409,20269212,0.423446
Bubble Sort,10000,8410,20269213,0.425101
Bubble Sort,10000,8411,20269214,0.430597
Bubble Sort,10000,8412,20269215,0.42608
Bubble Sort,10000,8413,20269216,0.427982
Bubble Sort,10000,8414,20269217,0.425619
Bubble Sort,10000,8415,20269218,0.424012
Bubble Sort,10000,8416,20269219,0.423329
Bubble Sort,10000,8417,20269220,0.423255
Bubble Sort,10000,8418,20269221,0.422135
Bubble Sort,10000,8419,20269222,0.424154
Bubble Sort,10000,8420,20269223,0.423354
Bubble Sort,10000,8421,20269224,0.423471
Bubble Sort,10000,8422,20269225,0.423508
Bubble Sort,10000,8423,20269226,0.423618
Bubble Sort,10000,8424,20269227,0.423397
Bubble Sort,10000,8425,20269228,0.420093
Bubble Sort,10000,8426,20269229,0.425563
Bubble Sort,10000,8427,20269230,0.425545
Bubble Sort,10000,8428,20269231,0.413637
Bubble Sort,10000,8429,20269232,0.424191
Bubble Sort,10000,8430,20269233,0.420905
Bubble Sort,10000,8431,20269234,0.4216
Bubble Sort,10000,8432,20269235,0.422844
Bubble Sort,10000,8433,20269236,0.425416
Bubble Sort,10000,8434,20269237,0.427643
Bubble Sort,10000,8435,20269238,0.423212
Bubble Sort,10000,8436,20269239,0.422818
Bubble Sort,10000,8437,20269240,0.424295
Bubble Sort,10000,8438,20269241,0.424369
Bubble Sort,10000,8439,20269242,0.422037
Bubble Sort,10000,8440,20269243,0.423182
Bubble Sort,10000,8441,20269244,0.425298
Bubble Sort,10000,8442,20269245,0.423569
Bubble Sort,10000,8443,20269246,0.426117
Bubble Sort,10000,8444,20269247,0.422665
Bubble Sort,10000,8445,20269248,0.426493
Bubble Sort,10000,8446,20269249,0.421803
Bubble Sort,10000,8447,20269250,0.423212
Bubble Sort,10000,8448,20269251,0.421822
Bubble Sort,10000,8449,20269252,0.415532
Bubble Sort,10000,8450,20269253,0.421477
Bubble Sort,10000,8451,20269254,0.42392
Bubble Sort,10000,8452,20269255,0.42312
Bubble Sort,10000,8453,20269256,0.421643
Bubble Sort,10000,8454,20269257,0.424604
Bubble Sort,10000,8455,20269258,0.423661
Bubble Sort,10000,8456,20269259,0.423299
Bubble Sort,10000,8457,20269260,0.423132
Bubble Sort,10000,8458,20269261,0.424061
Bubble Sort,10000,8459,20269262,0.424769
Bubble Sort,10000,8460,20269263,0.424
Bubble Sort,10000,8461,20269264,0.421415
Bubble Sort,10000,8462,20269265,0.473409
Bubble Sort,10000,8463,20269266,0.425846
Bubble Sort,10000,8464,20269267,0.42392
Bubble Sort,10000,8465,20269268,0.423262
Bubble Sort,10000,8466,20269269,0.423545
Bubble Sort,10000,8467,20269270,0.422474
Bubble Sort,10000,8468,20269271,0.422129
Bubble Sort,10000,8469,20269272,0.424597
Bubble Sort,10000,8470,20269273,0.422314
Bubble Sort,10000,8471,20269274,0.428037
Bubble Sort,10000,8472,20269275,0.429754
Bubble Sort,10000,8473,20269276,0.42272
Bubble Sort,10000,8474,20269277,0.422215
Bubble Sort,10000,8475,20269278,0.426259
Bubble Sort,10000,8476,20269279,0.411883
Bubble Sort,10000,8477,20269280,0.424455
Bubble Sort,10000,8478,20269281,0.422905
Bubble Sort,10000,8479,20269282,0.422055
Bubble Sort,10000,8480,20269283,0.423286
Bubble Sort,10000,8481,20269284,0.423348
Bubble Sort,10000,8482,20269285,0.426412
Bubble Sort,10000,8483,20269286,0.408197
Bubble Sort,10000,8484,20269287,0.425206
Bubble Sort,10000,8485,20269288,0.42445
Bubble Sort,10000,8486,20269289,0.426462
Bubble Sort,10000,8487,20269290,0.425243
Bubble Sort,10000,8488,20269291,0.424849
Bubble Sort,10000,8489,20269292,0.424209
Bubble Sort,10000,8490,20269293,0.425612
Bubble Sort,10000,8491,20269294,0.425981
Bubble Sort,10000,8492,20269295,0.423169
Bubble Sort,10000,8493,20269296,0.424517
Bubble Sort,10000,8494,20269297,0.42379
Bubble Sort,10000,8495,20269298,0.422209
Bubble Sort,10000,8496,20269299,0.422074
Bubble Sort,10000,8497,20269300,0.4236
Bubble Sort,10000,8498,20269301,0.42504
Bubble Sort,10000,8499,20269302,0.425858
Bubble Sort,10000,8500,20269303,0.421914
Bubble Sort,10000,8501,20269304,0.427416
Bubble Sort,10000,8502,20269305,0.422677
Bubble Sort,10000,8503,20269306,0.424812
Bubble Sort,10000,8504,20269307,0.409784
Bubble Sort,10000,8505,20269308,0.422166
Bubble Sort,10000,8506,20269309,0.426074
Bubble Sort,10000,8507,20269310,0.420603
Bubble Sort,10000,8508,20269311,0.42536
Bubble Sort,10000,8509,20269312,0.423427
Bubble Sort,10000,8510,20269313,0.422985
Bubble Sort,10000,8511,20269314,0.426887
Bubble Sort,10000,8512,20269315,0.425071
Bubble Sort,10000,8513,20269316,0.424886
Bubble Sort,10000,8514,20269317,0.423391
Bubble Sort,10000,8515,20269318,0.422936
Bubble Sort,10000,8516,20269319,0.420541
Bubble Sort,10000,8517,20269320,0.426744
Bubble Sort,10000,8518,20269321,0.422468
Bubble Sort,10000,8519,20269322,0.423077
Bubble Sort,10000,8520,20269323,0.426498
Bubble Sort,10000,8521,20269324,0.423871
Bubble Sort,10000,8522,20269325,0.423932
Bubble Sort,10000,8523,20269326,0.428671
Bubble Sort,10000,8524,20269327,0.425864
Bubble Sort,10000,8525,20269328,0.42568
Bubble Sort,10000,8526,20269329,0.426665
Bubble Sort,10000,8527,20269330,0.426006
Bubble Sort,10000,8528,20269331,0.424129
Bubble Sort,10000,8529,20269332,0.424074
Bubble Sort,10000,8530,20269333,0.424985
Bubble Sort,10000,8531,20269334,0.42384
Bubble Sort,10000,8532,20269335,0.423932
Bubble Sort,10000,8533,20269336,0.423587
Bubble Sort,10000,8534,20269337,0.421255
Bubble Sort,10000,8535,20269338,0.422806
Bubble Sort,10000,8536,20269339,0.422067
Bubble Sort,10000,8537,20269340,0.417723
Bubble Sort,10000,8538,20269341,0.434967
Bubble Sort,10000,8539,20269342,0.429464
Bubble Sort,10000,8540,20269343,0.410917
Bubble Sort,10000,8541,20269344,0.417095
Bubble Sort,10000,8542,20269345,0.417865
Bubble Sort,10000,8543,20269346,0.427655
Bubble Sort,10000,8544,20269347,0.424418
Bubble Sort,10000,8545,20269348,0.421828
Bubble Sort,10000,8546,20269349,0.425508
Bubble Sort,10000,8547,20269350,0.424634
Bubble Sort,10000,8548,20269351,0.422332
Bubble Sort,10000,8549,20269352,0.42488
Bubble Sort,10000,8550,20269353,0.422
Bubble Sort,10000,8551,20269354,0.421809
Bubble Sort,10000,8552,20269355,0.424444
Bubble Sort,10000,8553,20269356,0.423477
Bubble Sort,10000,8554,20269357,0.421317
Bubble Sort,10000,8555,20269358,0.424616
Bubble Sort,10000,8556,20269359,0.42296
Bubble Sort,10000,8557,20269360,0.424677
Bubble Sort,10000,8558,20269361,0.422781
Bubble Sort,10000,8559,20269362,0.425803
Bubble Sort,10000,8560,20269363,0.423373
Bubble Sort,10000,8561,20269364,0.424726
Bubble Sort,10000,8562,20269365,0.42352
Bubble Sort,10000,8563,20269366,0.422689
Bubble Sort,10000,8564,20269367,0.423822
Bubble Sort,10000,8565,20269368,0.423095
Bubble Sort,10000,8566,20269369,0.421994
Bubble Sort,10000,8567,20269370,0.42837
Bubble Sort,10000,8568,20269371,0.424775
Bubble Sort,10000,8569,20269372,0.421268
Bubble Sort,10000,8570,20269373,0.42576
Bubble Sort,10000,8571,20269374,0.42341
Bubble Sort,10000,8572,20269375,0.415711
Bubble Sort,10000,8573,20269376,0.424036
Bubble Sort,10000,8574,20269377,0.42528
Bubble Sort,10000,8575,20269378,0.424209
Bubble Sort,10000,8576,20269379,0.421828
Bubble Sort,10000,8577,20269380,0.421126
Bubble Sort,10000,8578,20269381,0.421274
Bubble Sort,10000,8579,20269382,0.423815
Bubble Sort,10000,8580,20269383,0.425316
Bubble Sort,10000,8581,20269384,0.42336
Bubble Sort,10000,8582,20269385,0.423551
Bubble Sort,10000,8583,20269386,0.423846
Bubble Sort,10000,8584,20269387,0.423219
Bubble Sort,10000,8585,20269388,0.424012
Bubble Sort,10000,8586,20269389,0.423618
Bubble Sort,10000,8587,20269390,0.420277
Bubble Sort,10000,8588,20269391,0.423077
Bubble Sort,10000,8589,20269392,0.422923
Bubble Sort,10000,8590,20269393,0.423797
Bubble Sort,10000,8591,20269394,0.424185
Bubble Sort,10000,8592,20269395,0.424227
Bubble Sort,10000,8593,20269396,0.423895
Bubble Sort,10000,8594,20269397,0.42416
Bubble Sort,10000,8595,20269398,0.423815
Bubble Sort,10000,8596,20269399,0.423311
Bubble Sort,10000,8597,20269400,0.427464
Bubble Sort,10000,8598,20269401,0.421822
Bubble Sort,10000,8599,20269402,0.423502
Bubble Sort,10000,8600,20269403,0.424216
Bubble Sort,10000,8601,20269404,0.410911
Bubble Sort,10000,8602,20269405,0.420849
Bubble Sort,10000,8603,20269406,0.408917
Bubble Sort,10000,8604,20269407,0.42432
Bubble Sort,10000,8605,20269408,0.420332
Bubble Sort,10000,8606,20269409,0.411003
Bubble Sort,10000,8607,20269410,0.424117
Bubble Sort,10000,8608,20269411,0.423287
Bubble Sort,10000,8609,20269412,0.422677
Bubble Sort,10000,8610,20269413,0.425538
Bubble Sort,10000,8611,20269414,0.42539
Bubble Sort,10000,8612,20269415,0.422714
Bubble Sort,10000,8613,20269416,0.426098
Bubble Sort,10000,8614,20269417,0.426972
Bubble Sort,10000,8615,20269418,0.423496
Bubble Sort,10000,8616,20269419,0.421902
Bubble Sort,10000,8617,20269420,0.422831
Bubble Sort,10000,8618,20269421,0.425188
Bubble Sort,10000,8619,20269422,0.42363
Bubble Sort,10000,8620,20269423,0.425213
Bubble Sort,10000,8621,20269424,0.420308
Bubble Sort,10000,8622,20269425,0.422843
Bubble Sort,10000,8623,20269426,0.425926
Bubble Sort,10000,8624,20269427,0.422234
Bubble Sort,10000,8625,20269428,0.42728
Bubble Sort,10000,8626,20269429,0.42656
Bubble Sort,10000,8627,20269430,0.45744
Bubble Sort,10000,8628,20269431,0.425987
Bubble Sort,10000,8629,20269432,0.426044
Bubble Sort,10000,8630,20269433,0.426196
Bubble Sort,10000,8631,20269434,0.42416
Bubble Sort,10000,8632,20269435,0.424037
Bubble Sort,10000,8633,20269436,0.424597
Bubble Sort,10000,8634,20269437,0.423815
Bubble Sort,10000,8635,20269438,0.426621
Bubble Sort,10000,8636,20269439,0.425329
Bubble Sort,10000,8637,20269440,0.4232
Bubble Sort,10000,8638,20269441,0.409483
Bubble Sort,10000,8639,20269442,0.426092
Bubble Sort,10000,8640,20269443,0.425021
Bubble Sort,10000,8641,20269444,0.423821
Bubble Sort,10000,8642,20269445,0.424468
Bubble Sort,10000,8643,20269446,0.425483
Bubble Sort,10000,8644,20269447,0.422905
Bubble Sort,10000,8645,20269448,0.425655
Bubble Sort,10000,8646,20269449,0.422099
Bubble Sort,10000,8647,20269450,0.425594
Bubble Sort,10000,8648,20269451,0.425637
Bubble Sort,10000,8649,20269452,0.427225
Bubble Sort,10000,8650,20269453,0.425145
Bubble Sort,10000,8651,20269454,0.423686
Bubble Sort,10000,8652,20269455,0.425237
Bubble Sort,10000,8653,20269456,0.423126
Bubble Sort,10000,8654,20269457,0.425047
Bubble Sort,10000,8655,20269458,0.424382
Bubble Sort,10000,8656,20269459,0.427871
Bubble Sort,10000,8657,20269460,0.42227
Bubble Sort,10000,8658,20269461,0.424948
Bubble Sort,10000,8659,20269462,0.420437
Bubble Sort,10000,8660,20269463,0.422899
Bubble Sort,10000,8661,20269464,0.413631
Bubble Sort,10000,8662,20269465,0.424222
Bubble Sort,10000,8663,20269466,0.428591
Bubble Sort,10000,8664,20269467,0.425563
Bubble Sort,10000,8665,20269468,0.424529
Bubble Sort,10000,8666,20269469,0.426074
Bubble Sort,10000,8667,20269470,0.424265
Bubble Sort,10000,8668,20269471,0.422209
Bubble Sort,10000,8669,20269472,0.424
Bubble Sort,10000,8670,20269473,0.425735
Bubble Sort,10000,8671,20269474,0.42288
Bubble Sort,10000,8672,20269475,0.422443
Bubble Sort,10000,8673,20269476,0.424899
Bubble Sort,10000,8674,20269477,0.423729
Bubble Sort,10000,8675,20269478,0.423249
Bubble Sort,10000,8676,20269479,0.421416
Bubble Sort,10000,8677,20269480,0.423255
Bubble Sort,10000,8678,20269481,0.42336
Bubble Sort,10000,8679,20269482,0.421581
Bubble Sort,10000,8680,20269483,0.423655
Bubble Sort,10000,8681,20269484,0.424425
Bubble Sort,10000,8682,20269485,0.427095
Bubble Sort,10000,8683,20269486,0.425853
Bubble Sort,10000,8684,20269487,0.423378
Bubble Sort,10000,8685,20269488,0.425514
Bubble Sort,10000,8686,20269489,0.423877
Bubble Sort,10000,8687,20269490,0.423932
Bubble Sort,10000,8688,20269491,0.422991
Bubble Sort,10000,8689,20269492,0.423298
Bubble Sort,10000,8690,20269493,0.424369
Bubble Sort,10000,8691,20269494,0.422911
Bubble Sort,10000,8692,20269495,0.419994
Bubble Sort,10000,8693,20269496,0.421508
Bubble Sort,10000,8694,20269497,0.42608
Bubble Sort,10000,8695,20269498,0.417729
Bubble Sort,10000,8696,20269499,0.422517
Bubble Sort,10000,8697,20269500,0.421563
Bubble Sort,10000,8698,20269501,0.423101
Bubble Sort,10000,8699,20269502,0.425367
Bubble Sort,10000,8700,20269503,0.423957
Bubble Sort,10000,8701,20269504,0.42256
Bubble Sort,10000,8702,20269505,0.42624
Bubble Sort,10000,8703,20269506,0.426548
Bubble Sort,10000,8704,20269507,0.423662
Bubble Sort,10000,8705,20269508,0.421815
Bubble Sort,10000,8706,20269509,0.424548
Bubble Sort,10000,8707,20269510,0.425003
Bubble Sort,10000,8708,20269511,0.429748
Bubble Sort,10000,8709,20269512,0.428659
Bubble Sort,10000,8710,20269513,0.416898
Bubble Sort,10000,8711,20269514,0.419809
Bubble Sort,10000,8712,20269515,0.410166
Bubble Sort,10000,8713,20269516,0.421465
Bubble Sort,10000,8714,20269517,0.423071
Bubble Sort,10000,8715,20269518,0.425379
Bubble Sort,10000,8716,20269519,0.425305
Bubble Sort,10000,8717,20269520,0.422449
Bubble Sort,10000,8718,20269521,0.421711
Bubble Sort,10000,8719,20269522,0.424234
Bubble Sort,10000,8720,20269523,0.422769
Bubble Sort,10000,8721,20269524,0.42325
Bubble Sort,10000,8722,20269525,0.423268
Bubble Sort,10000,8723,20269526,0.421391
Bubble Sort,10000,8724,20269527,0.425551
Bubble Sort,10000,8725,20269528,0.421379
Bubble Sort,10000,8726,20269529,0.423957
Bubble Sort,10000,8727,20269530,0.424265
Bubble Sort,10000,8728,20269531,0.420271
Bubble Sort,10000,8729,20269532,0.413816
Bubble Sort,10000,8730,20269533,0.40896
Bubble Sort,10000,8731,20269534,0.422923
Bubble Sort,10000,8732,20269535,0.425305
Bubble Sort,10000,8733,20269536,0.424652
Bubble Sort,10000,8734,20269537,0.427151
Bubble Sort,10000,8735,20269538,0.423858
Bubble Sort,10000,8736,20269539,0.421858
Bubble Sort,10000,8737,20269540,0.427126
Bubble Sort,10000,8738,20269541,0.423236
Bubble Sort,10000,8739,20269542,0.422425
Bubble Sort,10000,8740,20269543,0.423698
Bubble Sort,10000,8741,20269544,0.424819
Bubble Sort,10000,8742,20269545,0.422763
Bubble Sort,10000,8743,20269546,0.422234
Bubble Sort,10000,8744,20269547,0.422025
Bubble Sort,10000,8745,20269548,0.423096
Bubble Sort,10000,8746,20269549,0.426123
Bubble Sort,10000,8747,20269550,0.422351
Bubble Sort,10000,8748,20269551,0.420351
Bubble Sort,10000,8749,20269552,0.424135
Bubble Sort,10000,8750,20269553,0.414437
Bubble Sort,10000,8751,20269554,0.422252
Bubble Sort,10000,8752,20269555,0.422991
Bubble Sort,10000,8753,20269556,0.42296
Bubble Sort,10000,8754,20269557,0.424418
Bubble Sort,10000,8755,20269558,0.42136
Bubble Sort,10000,8756,20269559,0.421053
Bubble Sort,10000,8757,20269560,0.421704
Bubble Sort,10000,8758,20269561,0.422462
Bubble Sort,10000,8759,20269562,0.42232
Bubble Sort,10000,8760,20269563,0.420344
Bubble Sort,10000,8761,20269564,0.422382
Bubble Sort,10000,8762,20269565,0.423458
Bubble Sort,10000,8763,20269566,0.421224
Bubble Sort,10000,8764,20269567,0.424376
Bubble Sort,10000,8765,20269568,0.423852
Bubble Sort,10000,8766,20269569,0.422683
Bubble Sort,10000,8767,20269570,0.425065
Bubble Sort,10000,8768,20269571,0.421317
Bubble Sort,10000,8769,20269572,0.421957
Bubble Sort,10000,8770,20269573,0.424462
Bubble Sort,10000,8771,20269574,0.417988
Bubble Sort,10000,8772,20269575,0.423938
Bubble Sort,10000,8773,20269576,0.420917
Bubble Sort,10000,8774,20269577,0.423335
Bubble Sort,10000,8775,20269578,0.422105
Bubble Sort,10000,8776,20269579,0.424701
Bubble Sort,10000,8777,20269580,0.42323
Bubble Sort,10000,8778,20269581,0.421421
Bubble Sort,10000,8779,20269582,0.422634
Bubble Sort,10000,8780,20269583,0.424344
Bubble Sort,10000,8781,20269584,0.424991
Bubble Sort,10000,8782,20269585,0.422498
Bubble Sort,10000,8783,20269586,0.419661
Bubble Sort,10000,8784,20269587,0.425261
Bubble Sort,10000,8785,20269588,0.430148
Bubble Sort,10000,8786,20269589,0.422511
Bubble Sort,10000,8787,20269590,0.424178
Bubble Sort,10000,8788,20269591,0.423046
Bubble Sort,10000,8789,20269592,0.42165
Bubble Sort,10000,8790,20269593,0.423907
Bubble Sort,10000,8791,20269594,0.419126
Bubble Sort,10000,8792,20269595,0.434516
Bubble Sort,10000,8793,20269596,0.420979
Bubble Sort,10000,8794,20269597,0.42293
Bubble Sort,10000,8795,20269598,0.424393
Bubble Sort,10000,8796,20269599,0.422129
Bubble Sort,10000,8797,20269600,0.422086
Bubble Sort,10000,8798,20269601,0.422062
Bubble Sort,10000,8799,20269602,0.422246
Bubble Sort,10000,8800,20269603,0.423261
Bubble Sort,10000,8801,20269604,0.423409
Bubble Sort,10000,8802,20269605,0.422302
Bubble Sort,10000,8803,20269606,0.421815
Bubble Sort,10000,8804,20269607,0.421686
Bubble Sort,10000,8805,20269608,0.42227
Bubble Sort,10000,8806,20269609,0.422973
Bubble Sort,10000,8807,20269610,0.42064
Bubble Sort,10000,8808,20269611,0.422037
Bubble Sort,10000,8809,20269612,0.422893
Bubble Sort,10000,8810,20269613,0.421273
Bubble Sort,10000,8811,20269614,0.421102
Bubble Sort,10000,8812,20269615,0.422942
Bubble Sort,10000,8813,20269616,0.433268
Bubble Sort,10000,8814,20269617,0.421052
Bubble Sort,10000,8815,20269618,0.422252
Bubble Sort,10000,8816,20269619,0.420985
Bubble Sort,10000,8817,20269620,0.42251
Bubble Sort,10000,8818,20269621,0.421637
Bubble Sort,10000,8819,20269622,0.42432
Bubble Sort,10000,8820,20269623,0.423058
Bubble Sort,10000,8821,20269624,0.422868
Bubble Sort,10000,8822,20269625,0.424541
Bubble Sort,10000,8823,20269626,0.421033
Bubble Sort,10000,8824,20269627,0.422818
Bubble Sort,10000,8825,20269628,0.426856
Bubble Sort,10000,8826,20269629,0.422855
Bubble Sort,10000,8827,20269630,0.421834
Bubble Sort,10000,8828,20269631,0.422357
Bubble Sort,10000,8829,20269632,0.423507
Bubble Sort,10000,8830,20269633,0.424818
Bubble Sort,10000,8831,20269634,0.4236
Bubble Sort,10000,8832,20269635,0.42472
Bubble Sort,10000,8833,20269636,0.427754
Bubble Sort,10000,8834,20269637,0.424707
Bubble Sort,10000,8835,20269638,0.425588
Bubble Sort,10000,8836,20269639,0.423311
Bubble Sort,10000,8837,20269640,0.422313
Bubble Sort,10000,8838,20269641,0.427188
Bubble Sort,10000,8839,20269642,0.422037
Bubble Sort,10000,8840,20269643,0.424037
Bubble Sort,10000,8841,20269644,0.422609
Bubble Sort,10000,8842,20269645,0.422622
Bubble Sort,10000,8843,20269646,0.421329
Bubble Sort,10000,8844,20269647,0.423698
Bubble Sort,10000,8845,20269648,0.423982
Bubble Sort,10000,8846,20269649,0.423255
Bubble Sort,10000,8847,20269650,0.430591
Bubble Sort,10000,8848,20269651,0.424314
Bubble Sort,10000,8849,20269652,0.422905
Bubble Sort,10000,8850,20269653,0.423827
Bubble Sort,10000,8851,20269654,0.42376
Bubble Sort,10000,8852,20269655,0.422517
Bubble Sort,10000,8853,20269656,0.421624
Bubble Sort,10000,8854,20269657,0.424708
Bubble Sort,10000,8855,20269658,0.426012
Bubble Sort,10000,8856,20269659,0.424234
Bubble Sort,10000,8857,20269660,0.414498
Bubble Sort,10000,8858,20269661,0.424265
Bubble Sort,10000,8859,20269662,0.424665
Bubble Sort,10000,8860,20269663,0.4232
Bubble Sort,10000,8861,20269664,0.425748
Bubble Sort,10000,8862,20269665,0.426794
Bubble Sort,10000,8863,20269666,0.420653
Bubble Sort,10000,8864,20269667,0.424068
Bubble Sort,10000,8865,20269668,0.422055
Bubble Sort,10000,8866,20269669,0.422757
Bubble Sort,10000,8867,20269670,0.423496
Bubble Sort,10000,8868,20269671,0.42616
Bubble Sort,10000,8869,20269672,0.425489
Bubble Sort,10000,8870,20269673,0.425292
Bubble Sort,10000,8871,20269674,0.422843
Bubble Sort,10000,8872,20269675,0.423957
Bubble Sort,10000,8873,20269676,0.424043
Bubble Sort,10000,8874,20269677,0.421933
Bubble Sort,10000,8875,20269678,0.42267
Bubble Sort,10000,8876,20269679,0.425803
Bubble Sort,10000,8877,20269680,0.428375
Bubble Sort,10000,8878,20269681,0.431157
Bubble Sort,10000,8879,20269682,0.421139
Bubble Sort,10000,8880,20269683,0.416948
Bubble Sort,10000,8881,20269684,0.414794
Bubble Sort,10000,8882,20269685,0.425015
Bubble Sort,10000,8883,20269686,0.423459
Bubble Sort,10000,8884,20269687,0.422775
Bubble Sort,10000,8885,20269688,0.426683
Bubble Sort,10000,8886,20269689,0.427526
Bubble Sort,10000,8887,20269690,0.425901
Bubble Sort,10000,8888,20269691,0.422308
Bubble Sort,10000,8889,20269692,0.426899
Bubble Sort,10000,8890,20269693,0.423305
Bubble Sort,10000,8891,20269694,0.426357
Bubble Sort,10000,8892,20269695,0.423963
Bubble Sort,10000,8893,20269696,0.423176
Bubble Sort,10000,8894,20269697,0.435772
Bubble Sort,10000,8895,20269698,0.427385
Bubble Sort,10000,8896,20269699,0.4212
Bubble Sort,10000,8897,20269700,0.422173
Bubble Sort,10000,8898,20269701,0.424197
Bubble Sort,10000,8899,20269702,0.424911
Bubble Sort,10000,8900,20269703,0.424566
Bubble Sort,10000,8901,20269704,0.42624
Bubble Sort,10000,8902,20269705,0.421834
Bubble Sort,10000,8903,20269706,0.425218
Bubble Sort,10000,8904,20269707,0.426444
Bubble Sort,10000,8905,20269708,0.422437
Bubble Sort,10000,8906,20269709,0.426603
Bubble Sort,10000,8907,20269710,0.42416
Bubble Sort,10000,8908,20269711,0.425766
Bubble Sort,10000,8909,20269712,0.425219
Bubble Sort,10000,8910,20269713,0.424843
Bubble Sort,10000,8911,20269714,0.425274
Bubble Sort,10000,8912,20269715,0.427126
Bubble Sort,10000,8913,20269716,0.423194
Bubble Sort,10000,8914,20269717,0.427846
Bubble Sort,10000,8915,20269718,0.418252
Bubble Sort,10000,8916,20269719,0.42717
Bubble Sort,10000,8917,20269720,0.428763
Bubble Sort,10000,8918,20269721,0.42752
Bubble Sort,10000,8919,20269722,0.42509
Bubble Sort,10000,8920,20269723,0.426387
Bubble Sort,10000,8921,20269724,0.425932
Bubble Sort,10000,8922,20269725,0.421335
Bubble Sort,10000,8923,20269726,0.424584
Bubble Sort,10000,8924,20269727,0.426006
Bubble Sort,10000,8925,20269728,0.427366
Bubble Sort,10000,8926,20269729,0.424757
Bubble Sort,10000,8927,20269730,0.42384
Bubble Sort,10000,8928,20269731,0.426609
Bubble Sort,10000,8929,20269732,0.425656
Bubble Sort,10000,8930,20269733,0.42176
Bubble Sort,10000,8931,20269734,0.426043
Bubble Sort,10000,8932,20269735,0.423895
Bubble Sort,10000,8933,20269736,0.424338
Bubble Sort,10000,8934,20269737,0.422185
Bubble Sort,10000,8935,20269738,0.42568
Bubble Sort,10000,8936,20269739,0.417329
Bubble Sort,10000,8937,20269740,0.423194
Bubble Sort,10000,8938,20269741,0.426375
Bubble Sort,10000,8939,20269742,0.421391
Bubble Sort,10000,8940,20269743,0.426923
Bubble Sort,10000,8941,20269744,0.427447
Bubble Sort,10000,8942,20269745,0.426659
Bubble Sort,10000,8943,20269746,0.425938
Bubble Sort,10000,8944,20269747,0.425815
Bubble Sort,10000,8945,20269748,0.425391
Bubble Sort,10000,8946,20269749,0.426523
Bubble Sort,10000,8947,20269750,0.424302
Bubble Sort,10000,8948,20269751,0.425034
Bubble Sort,10000,8949,20269752,0.423268
Bubble Sort,10000,8950,20269753,0.424689
Bubble Sort,10000,8951,20269754,0.427409
Bubble Sort,10000,8952,20269755,0.427852
Bubble Sort,10000,8953,20269756,0.427908
Bubble Sort,10000,8954,20269757,0.425563
Bubble Sort,10000,8955,20269758,0.422036
Bubble Sort,10000,8956,20269759,0.424104
Bubble Sort,10000,8957,20269760,0.417594
Bubble Sort,10000,8958,20269761,0.409699
Bubble Sort,10000,8959,20269762,0.425502
Bubble Sort,10000,8960,20269763,0.42432
Bubble Sort,10000,8961,20269764,0.429194
Bubble Sort,10000,8962,20269765,0.425938
Bubble Sort,10000,8963,20269766,0.427206
Bubble Sort,10000,8964,20269767,0.428246
Bubble Sort,10000,8965,20269768,0.427754
Bubble Sort,10000,8966,20269769,0.428363
Bubble Sort,10000,8967,20269770,0.427969
Bubble Sort,10000,8968,20269771,0.426209
Bubble Sort,10000,8969,20269772,0.42368
Bubble Sort,10000,8970,20269773,0.422338
Bubble Sort,10000,8971,20269774,0.427809
Bubble Sort,10000,8972,20269775,0.429267
Bubble Sort,10000,8973,20269776,0.421876
Bubble Sort,10000,8974,20269777,0.427501
Bubble Sort,10000,8975,20269778,0.427864
Bubble Sort,10000,8976,20269779,0.428191
Bubble Sort,10000,8977,20269780,0.409489
Bubble Sort,10000,8978,20269781,0.423981
Bubble Sort,10000,8979,20269782,0.426314
Bubble Sort,10000,8980,20269783,0.42496
Bubble Sort,10000,8981,20269784,0.423144
Bubble Sort,10000,8982,20269785,0.427175
Bubble Sort,10000,8983,20269786,0.424621
Bubble Sort,10000,8984,20269787,0.415151
Bubble Sort,10000,8985,20269788,0.425655
Bubble Sort,10000,8986,20269789,0.427194
Bubble Sort,10000,8987,20269790,0.40957
Bubble Sort,10000,8988,20269791,0.42381
Bubble Sort,10000,8989,20269792,0.424296
Bubble Sort,10000,8990,20269793,0.426135
Bubble Sort,10000,8991,20269794,0.415495
Bubble Sort,10000,8992,20269795,0.42611
Bubble Sort,10000,8993,20269796,0.42475
Bubble Sort,10000,8994,20269797,0.42536
Bubble Sort,10000,8995,20269798,0.424166
Bubble Sort,10000,8996,20269799,0.422542
Bubble Sort,10000,8997,20269800,0.424492
Bubble Sort,10000,8998,20269801,0.423058
Bubble Sort,10000,8999,20269802,0.424868
Bubble Sort,10000,9000,20269803,0.427945
Bubble Sort,10000,9001,20269804,0.42576
Bubble Sort,10000,9002,20269805,0.42397
Bubble Sort,10000,9003,20269806,0.425015
Bubble Sort,10000,9004,20269807,0.422677
Bubble Sort,10000,9005,20269808,0.424831
Bubble Sort,10000,9006,20269809,0.423864
Bubble Sort,10000,9007,20269810,0.424523
Bubble Sort,10000,9008,20269811,0.422787
Bubble Sort,10000,9009,20269812,0.426468
Bubble Sort,10000,9010,20269813,0.422351
Bubble Sort,10000,9011,20269814,0.423138
Bubble Sort,10000,9012,20269815,0.458726
Bubble Sort,10000,9013,20269816,0.426209
Bubble Sort,10000,9014,20269817,0.421668
Bubble Sort,10000,9015,20269818,0.423705
Bubble Sort,10000,9016,20269819,0.42448
Bubble Sort,10000,9017,20269820,0.422339
Bubble Sort,10000,9018,20269821,0.423544
Bubble Sort,10000,9019,20269822,0.425643
Bubble Sort,10000,9020,20269823,0.421557
Bubble Sort,10000,9021,20269824,0.424492
Bubble Sort,10000,9022,20269825,0.423649
Bubble Sort,10000,9023,20269826,0.42504
Bubble Sort,10000,9024,20269827,0.424794
Bubble Sort,10000,9025,20269828,0.422412
Bubble Sort,10000,9026,20269829,0.423815
Bubble Sort,10000,9027,20269830,0.426234
Bubble Sort,10000,9028,20269831,0.42293
Bubble Sort,10000,9029,20269832,0.425293
Bubble Sort,10000,9030,20269833,0.421293
Bubble Sort,10000,9031,20269834,0.425766
Bubble Sort,10000,9032,20269835,0.422154
Bubble Sort,10000,9033,20269836,0.424197
Bubble Sort,10000,9034,20269837,0.425748
Bubble Sort,10000,9035,20269838,0.424553
Bubble Sort,10000,9036,20269839,0.425083
Bubble Sort,10000,9037,20269840,0.425304
Bubble Sort,10000,9038,20269841,0.42477
Bubble Sort,10000,9039,20269842,0.423489
Bubble Sort,10000,9040,20269843,0.422553
Bubble Sort,10000,9041,20269844,0.42453
Bubble Sort,10000,9042,20269845,0.423957
Bubble Sort,10000,9043,20269846,0.423514
Bubble Sort,10000,9044,20269847,0.425846
Bubble Sort,10000,9045,20269848,0.423846
Bubble Sort,10000,9046,20269849,0.427255
Bubble Sort,10000,9047,20269850,0.560751
Bubble Sort,10000,9048,20269851,0.415428
Bubble Sort,10000,9049,20269852,0.418431
Bubble Sort,10000,9050,20269853,0.414739
Bubble Sort,10000,9051,20269854,0.42528
Bubble Sort,10000,9052,20269855,0.424203
Bubble Sort,10000,9053,20269856,0.423932
Bubble Sort,10000,9054,20269857,0.423489
Bubble Sort,10000,9055,20269858,0.423256
Bubble Sort,10000,9056,20269859,0.423434
Bubble Sort,10000,9057,20269860,0.424579
Bubble Sort,10000,9058,20269861,0.421489
Bubble Sort,10000,9059,20269862,0.479446
Bubble Sort,10000,9060,20269863,0.423496
Bubble Sort,10000,9061,20269864,0.422117
Bubble Sort,10000,9062,20269865,0.423323
Bubble Sort,10000,9063,20269866,0.425631
Bubble Sort,10000,9064,20269867,0.425926
Bubble Sort,10000,9065,20269868,0.423748
Bubble Sort,10000,9066,20269869,0.422314
Bubble Sort,10000,9067,20269870,0.422093
Bubble Sort,10000,9068,20269871,0.423969
Bubble Sort,10000,9069,20269872,0.420474
Bubble Sort,10000,9070,20269873,0.423372
Bubble Sort,10000,9071,20269874,0.4216
Bubble Sort,10000,9072,20269875,0.423477
Bubble Sort,10000,9073,20269876,0.421096
Bubble Sort,10000,9074,20269877,0.425267
Bubble Sort,10000,9075,20269878,0.422013
Bubble Sort,10000,9076,20269879,0.424191
Bubble Sort,10000,9077,20269880,0.42024
Bubble Sort,10000,9078,20269881,0.424548
Bubble Sort,10000,9079,20269882,0.424609
Bubble Sort,10000,9080,20269883,0.431071
Bubble Sort,10000,9081,20269884,0.424695
Bubble Sort,10000,9082,20269885,0.423637
Bubble Sort,10000,9083,20269886,0.424111
Bubble Sort,10000,9084,20269887,0.425963
Bubble Sort,10000,9085,20269888,0.42256
Bubble Sort,10000,9086,20269889,0.423194
Bubble Sort,10000,9087,20269890,0.423022
Bubble Sort,10000,9088,20269891,0.422363
Bubble Sort,10000,9089,20269892,0.423323
Bubble Sort,10000,9090,20269893,0.422984
Bubble Sort,10000,9091,20269894,0.425532
Bubble Sort,10000,9092,20269895,0.423563
Bubble Sort,10000,9093,20269896,0.423667
Bubble Sort,10000,9094,20269897,0.424646
Bubble Sort,10000,9095,20269898,0.422689
Bubble Sort,10000,9096,20269899,0.424813
Bubble Sort,10000,9097,20269900,0.422344
Bubble Sort,10000,9098,20269901,0.42256
Bubble Sort,10000,9099,20269902,0.422861
Bubble Sort,10000,9100,20269903,0.425249
Bubble Sort,10000,9101,20269904,0.412628
Bubble Sort,10000,9102,20269905,0.421698
Bubble Sort,10000,9103,20269906,0.425218
Bubble Sort,10000,9104,20269907,0.422936
Bubble Sort,10000,9105,20269908,0.423698
Bubble Sort,10000,9106,20269909,0.424744
Bubble Sort,10000,9107,20269910,0.42632
Bubble Sort,10000,9108,20269911,0.427151
Bubble Sort,10000,9109,20269912,0.423649
Bubble Sort,10000,9110,20269913,0.424498
Bubble Sort,10000,9111,20269914,0.41541
Bubble Sort,10000,9112,20269915,0.424708
Bubble Sort,10000,9113,20269916,0.422468
Bubble Sort,10000,9114,20269917,0.423551
Bubble Sort,10000,9115,20269918,0.42288
Bubble Sort,10000,9116,20269919,0.4224
Bubble Sort,10000,9117,20269920,0.42296
Bubble Sort,10000,9118,20269921,0.420609
Bubble Sort,10000,9119,20269922,0.420554
Bubble Sort,10000,9120,20269923,0.423501
Bubble Sort,10000,9121,20269924,0.424781
Bubble Sort,10000,9122,20269925,0.415957
Bubble Sort,10000,9123,20269926,0.420695
Bubble Sort,10000,9124,20269927,0.421428
Bubble Sort,10000,9125,20269928,0.423539
Bubble Sort,10000,9126,20269929,0.424351
Bubble Sort,10000,9127,20269930,0.42291
Bubble Sort,10000,9128,20269931,0.418658
Bubble Sort,10000,9129,20269932,0.420702
Bubble Sort,10000,9130,20269933,0.424591
Bubble Sort,10000,9131,20269934,0.422117
Bubble Sort,10000,9132,20269935,0.422597
Bubble Sort,10000,9133,20269936,0.421447
Bubble Sort,10000,9134,20269937,0.421846
Bubble Sort,10000,9135,20269938,0.42349
Bubble Sort,10000,9136,20269939,0.42112
Bubble Sort,10000,9137,20269940,0.419582
Bubble Sort,10000,9138,20269941,0.421489
Bubble Sort,10000,9139,20269942,0.421932
Bubble Sort,10000,9140,20269943,0.424603
Bubble Sort,10000,9141,20269944,0.421556
Bubble Sort,10000,9142,20269945,0.423551
Bubble Sort,10000,9143,20269946,0.426695
Bubble Sort,10000,9144,20269947,0.423963
Bubble Sort,10000,9145,20269948,0.422215
Bubble Sort,10000,9146,20269949,0.422099
Bubble Sort,10000,9147,20269950,0.424714
Bubble Sort,10000,9148,20269951,0.424843
Bubble Sort,10000,9149,20269952,0.420332
Bubble Sort,10000,9150,20269953,0.421022
Bubble Sort,10000,9151,20269954,0.421896
Bubble Sort,10000,9152,20269955,0.42317
Bubble Sort,10000,9153,20269956,0.421483
Bubble Sort,10000,9154,20269957,0.420154
Bubble Sort,10000,9155,20269958,0.422056
Bubble Sort,10000,9156,20269959,0.422646
Bubble Sort,10000,9157,20269960,0.42432
Bubble Sort,10000,9158,20269961,0.42349
Bubble Sort,10000,9159,20269962,0.422849
Bubble Sort,10000,9160,20269963,0.427071
Bubble Sort,10000,9161,20269964,0.421348
Bubble Sort,10000,9162,20269965,0.422966
Bubble Sort,10000,9163,20269966,0.423532
Bubble Sort,10000,9164,20269967,0.416166
Bubble Sort,10000,9165,20269968,0.426499
Bubble Sort,10000,9166,20269969,0.421452
Bubble Sort,10000,9167,20269970,0.418745
Bubble Sort,10000,9168,20269971,0.420369
Bubble Sort,10000,9169,20269972,0.421206
Bubble Sort,10000,9170,20269973,0.421034
Bubble Sort,10000,9171,20269974,0.478253
Bubble Sort,10000,9172,20269975,0.430387
Bubble Sort,10000,9173,20269976,0.425268
Bubble Sort,10000,9174,20269977,0.423828
Bubble Sort,10000,9175,20269978,0.424671
Bubble Sort,10000,9176,20269979,0.423064
Bubble Sort,10000,9177,20269980,0.426819
Bubble Sort,10000,9178,20269981,0.425649
Bubble Sort,10000,9179,20269982,0.424388
Bubble Sort,10000,9180,20269983,0.424203
Bubble Sort,10000,9181,20269984,0.422191
Bubble Sort,10000,9182,20269985,0.420578
Bubble Sort,10000,9183,20269986,0.424812
Bubble Sort,10000,9184,20269987,0.423096
Bubble Sort,10000,9185,20269988,0.426597
Bubble Sort,10000,9186,20269989,0.4236
Bubble Sort,10000,9187,20269990,0.424141
Bubble Sort,10000,9188,20269991,0.42539
Bubble Sort,10000,9189,20269992,0.42552
Bubble Sort,10000,9190,20269993,0.425988
Bubble Sort,10000,9191,20269994,0.420622
Bubble Sort,10000,9192,20269995,0.424776
Bubble Sort,10000,9193,20269996,0.42304
Bubble Sort,10000,9194,20269997,0.422727
Bubble Sort,10000,9195,20269998,0.425704
Bubble Sort,10000,9196,20269999,0.423354
Bubble Sort,10000,9197,20270000,0.424622
Bubble Sort,10000,9198,20270001,0.425674
Bubble Sort,10000,9199,20270002,0.422068
Bubble Sort,10000,9200,20270003,0.427323
Bubble Sort,10000,9201,20270004,0.422086
Bubble Sort,10000,9202,20270005,0.422843
Bubble Sort,10000,9203,20270006,0.4216
Bubble Sort,10000,9204,20270007,0.421286
Bubble Sort,10000,9205,20270008,0.422904
Bubble Sort,10000,9206,20270009,0.425249
Bubble Sort,10000,9207,20270010,0.42317
Bubble Sort,10000,9208,20270011,0.420542
Bubble Sort,10000,9209,20270012,0.423932
Bubble Sort,10000,9210,20270013,0.424529
Bubble Sort,10000,9211,20270014,0.42917
Bubble Sort,10000,9212,20270015,0.422671
Bubble Sort,10000,9213,20270016,0.424252
Bubble Sort,10000,9214,20270017,0.421692
Bubble Sort,10000,9215,20270018,0.428203
Bubble Sort,10000,9216,20270019,0.426437
Bubble Sort,10000,9217,20270020,0.41896
Bubble Sort,10000,9218,20270021,0.419305
Bubble Sort,10000,9219,20270022,0.409859
Bubble Sort,10000,9220,20270023,0.423329
Bubble Sort,10000,9221,20270024,0.4216
Bubble Sort,10000,9222,20270025,0.426807
Bubble Sort,10000,9223,20270026,0.423256
Bubble Sort,10000,9224,20270027,0.414184
Bubble Sort,10000,9225,20270028,0.422246
Bubble Sort,10000,9226,20270029,0.425563
Bubble Sort,10000,9227,20270030,0.42565
Bubble Sort,10000,9228,20270031,0.423261
Bubble Sort,10000,9229,20270032,0.423625
Bubble Sort,10000,9230,20270033,0.424209
Bubble Sort,10000,9231,20270034,0.422535
Bubble Sort,10000,9232,20270035,0.427003
Bubble Sort,10000,9233,20270036,0.426628
Bubble Sort,10000,9234,20270037,0.42315
Bubble Sort,10000,9235,20270038,0.420376
Bubble Sort,10000,9236,20270039,0.421187
Bubble Sort,10000,9237,20270040,0.429046
Bubble Sort,10000,9238,20270041,0.412646
Bubble Sort,10000,9239,20270042,0.427545
Bubble Sort,10000,9240,20270043,0.426603
Bubble Sort,10000,9241,20270044,0.427557
Bubble Sort,10000,9242,20270045,0.426295
Bubble Sort,10000,9243,20270046,0.423939
Bubble Sort,10000,9244,20270047,0.424707
Bubble Sort,10000,9245,20270048,0.471773
Bubble Sort,10000,9246,20270049,0.4236
Bubble Sort,10000,9247,20270050,0.426893
Bubble Sort,10000,9248,20270051,0.426289
Bubble Sort,10000,9249,20270052,0.423618
Bubble Sort,10000,9250,20270053,0.425053
Bubble Sort,10000,9251,20270054,0.424529
Bubble Sort,10000,9252,20270055,0.427582
Bubble Sort,10000,9253,20270056,0.42571
Bubble Sort,10000,9254,20270057,0.424793
Bubble Sort,10000,9255,20270058,0.422899
Bubble Sort,10000,9256,20270059,0.427059
Bubble Sort,10000,9257,20270060,0.425981
Bubble Sort,10000,9258,20270061,0.429353
Bubble Sort,10000,9259,20270062,0.431071
Bubble Sort,10000,9260,20270063,0.469538
Bubble Sort,10000,9261,20270064,0.432745
Bubble Sort,10000,9262,20270065,0.425016
Bubble Sort,10000,9263,20270066,0.439102
Bubble Sort,10000,9264,20270067,0.430764
Bubble Sort,10000,9265,20270068,0.425262
Bubble Sort,10000,9266,20270069,0.425489
Bubble Sort,10000,9267,20270070,0.427477
Bubble Sort,10000,9268,20270071,0.425034
Bubble Sort,10000,9269,20270072,0.425471
Bubble Sort,10000,9270,20270073,0.427705
Bubble Sort,10000,9271,20270074,0.428277
Bubble Sort,10000,9272,20270075,0.425422
Bubble Sort,10000,9273,20270076,0.424055
Bubble Sort,10000,9274,20270077,0.429477
Bubble Sort,10000,9275,20270078,0.428431
Bubble Sort,10000,9276,20270079,0.426093
Bubble Sort,10000,9277,20270080,0.426387
Bubble Sort,10000,9278,20270081,0.423231
Bubble Sort,10000,9279,20270082,0.423816
Bubble Sort,10000,9280,20270083,0.424449
Bubble Sort,10000,9281,20270084,0.42859
Bubble Sort,10000,9282,20270085,0.424898
Bubble Sort,10000,9283,20270086,0.428616
Bubble Sort,10000,9284,20270087,0.426535
Bubble Sort,10000,9285,20270088,0.424745
Bubble Sort,10000,9286,20270089,0.425433
Bubble Sort,10000,9287,20270090,0.424733
Bubble Sort,10000,9288,20270091,0.424542
Bubble Sort,10000,9289,20270092,0.426247
Bubble Sort,10000,9290,20270093,0.425452
Bubble Sort,10000,9291,20270094,0.42221
Bubble Sort,10000,9292,20270095,0.428037
Bubble Sort,10000,9293,20270096,0.42744
Bubble Sort,10000,9294,20270097,0.428265
Bubble Sort,10000,9295,20270098,0.42635
Bubble Sort,10000,9296,20270099,0.424603
Bubble Sort,10000,9297,20270100,0.425914
Bubble Sort,10000,9298,20270101,0.428947
Bubble Sort,10000,9299,20270102,0.500529
Bubble Sort,10000,9300,20270103,0.430942
Bubble Sort,10000,9301,20270104,0.426456
Bubble Sort,10000,9302,20270105,0.42568
Bubble Sort,10000,9303,20270106,0.424535
Bubble Sort,10000,9304,20270107,0.426665
Bubble Sort,10000,9305,20270108,0.423404
Bubble Sort,10000,9306,20270109,0.426031
Bubble Sort,10000,9307,20270110,0.426283
Bubble Sort,10000,9308,20270111,0.428474
Bubble Sort,10000,9309,20270112,0.424837
Bubble Sort,10000,9310,20270113,0.427317
Bubble Sort,10000,9311,20270114,0.426154
Bubble Sort,10000,9312,20270115,0.425416
Bubble Sort,10000,9313,20270116,0.424375
Bubble Sort,10000,9314,20270117,0.427028
Bubble Sort,10000,9315,20270118,0.427576
Bubble Sort,10000,9316,20270119,0.424843
Bubble Sort,10000,9317,20270120,0.424788
Bubble Sort,10000,9318,20270121,0.423625
Bubble Sort,10000,9319,20270122,0.422523
Bubble Sort,10000,9320,20270123,0.432634
Bubble Sort,10000,9321,20270124,0.423913
Bubble Sort,10000,9322,20270125,0.424271
Bubble Sort,10000,9323,20270126,0.42419
Bubble Sort,10000,9324,20270127,0.425631
Bubble Sort,10000,9325,20270128,0.422862
Bubble Sort,10000,9326,20270129,0.425465
Bubble Sort,10000,9327,20270130,0.408499
Bubble Sort,10000,9328,20270131,0.424511
Bubble Sort,10000,9329,20270132,0.424406
Bubble Sort,10000,9330,20270133,0.426535
Bubble Sort,10000,9331,20270134,0.423501
Bubble Sort,10000,9332,20270135,0.425803
Bubble Sort,10000,9333,20270136,0.422024
Bubble Sort,10000,9334,20270137,0.427397
Bubble Sort,10000,9335,20270138,0.428234
Bubble Sort,10000,9336,20270139,0.425003
Bubble Sort,10000,9337,20270140,0.426714
Bubble Sort,10000,9338,20270141,0.424492
Bubble Sort,10000,9339,20270142,0.42696
Bubble Sort,10000,9340,20270143,0.425076
Bubble Sort,10000,9341,20270144,0.426012
Bubble Sort,10000,9342,20270145,0.426621
Bubble Sort,10000,9343,20270146,0.425976
Bubble Sort,10000,9344,20270147,0.425501
Bubble Sort,10000,9345,20270148,0.427151
Bubble Sort,10000,9346,20270149,0.428702
Bubble Sort,10000,9347,20270150,0.426253
Bubble Sort,10000,9348,20270151,0.427686
Bubble Sort,10000,9349,20270152,0.423575
Bubble Sort,10000,9350,20270153,0.424646
Bubble Sort,10000,9351,20270154,0.424031
Bubble Sort,10000,9352,20270155,0.426541
Bubble Sort,10000,9353,20270156,0.423015
Bubble Sort,10000,9354,20270157,0.430658
Bubble Sort,10000,9355,20270158,0.428148
Bubble Sort,10000,9356,20270159,0.427871
Bubble Sort,10000,9357,20270160,0.426117
Bubble Sort,10000,9358,20270161,0.409545
Bubble Sort,10000,9359,20270162,0.424831
Bubble Sort,10000,9360,20270163,0.425686
Bubble Sort,10000,9361,20270164,0.423483
Bubble Sort,10000,9362,20270165,0.414098
Bubble Sort,10000,9363,20270166,0.429606
Bubble Sort,10000,9364,20270167,0.413427
Bubble Sort,10000,9365,20270168,0.41344
Bubble Sort,10000,9366,20270169,0.425422
Bubble Sort,10000,9367,20270170,0.427963
Bubble Sort,10000,9368,20270171,0.423323
Bubble Sort,10000,9369,20270172,0.423724
Bubble Sort,10000,9370,20270173,0.426683
Bubble Sort,10000,9371,20270174,0.422246
Bubble Sort,10000,9372,20270175,0.423508
Bubble Sort,10000,9373,20270176,0.423304
Bubble Sort,10000,9374,20270177,0.428117
Bubble Sort,10000,9375,20270178,0.421298
Bubble Sort,10000,9376,20270179,0.424757
Bubble Sort,10000,9377,20270180,0.422708
Bubble Sort,10000,9378,20270181,0.426283
Bubble Sort,10000,9379,20270182,0.424406
Bubble Sort,10000,9380,20270183,0.426486
Bubble Sort,10000,9381,20270184,0.422923
Bubble Sort,10000,9382,20270185,0.41936
Bubble Sort,10000,9383,20270186,0.423994
Bubble Sort,10000,9384,20270187,0.428979
Bubble Sort,10000,9385,20270188,0.427871
Bubble Sort,10000,9386,20270189,0.419544
Bubble Sort,10000,9387,20270190,0.423951
Bubble Sort,10000,9388,20270191,0.416856
Bubble Sort,10000,9389,20270192,0.424702
Bubble Sort,10000,9390,20270193,0.422844
Bubble Sort,10000,9391,20270194,0.423618
Bubble Sort,10000,9392,20270195,0.422209
Bubble Sort,10000,9393,20270196,0.41784
Bubble Sort,10000,9394,20270197,0.424966
Bubble Sort,10000,9395,20270198,0.424351
Bubble Sort,10000,9396,20270199,0.423243
Bubble Sort,10000,9397,20270200,0.422406
Bubble Sort,10000,9398,20270201,0.420271
Bubble Sort,10000,9399,20270202,0.422148
Bubble Sort,10000,9400,20270203,0.421502
Bubble Sort,10000,9401,20270204,0.424345
Bubble Sort,10000,9402,20270205,0.423267
Bubble Sort,10000,9403,20270206,0.421981
Bubble Sort,10000,9404,20270207,0.422739
Bubble Sort,10000,9405,20270208,0.42456
Bubble Sort,10000,9406,20270209,0.421754
Bubble Sort,10000,9407,20270210,0.422018
Bubble Sort,10000,9408,20270211,0.42435
Bubble Sort,10000,9409,20270212,0.423372
Bubble Sort,10000,9410,20270213,0.421114
Bubble Sort,10000,9411,20270214,0.423384
Bubble Sort,10000,9412,20270215,0.423987
Bubble Sort,10000,9413,20270216,0.424634
Bubble Sort,10000,9414,20270217,0.431139
Bubble Sort,10000,9415,20270218,0.423871
Bubble Sort,10000,9416,20270219,0.422173
Bubble Sort,10000,9417,20270220,0.423662
Bubble Sort,10000,9418,20270221,0.423145
Bubble Sort,10000,9419,20270222,0.422689
Bubble Sort,10000,9420,20270223,0.422117
Bubble Sort,10000,9421,20270224,0.421902
Bubble Sort,10000,9422,20270225,0.42459
Bubble Sort,10000,9423,20270226,0.421625
Bubble Sort,10000,9424,20270227,0.422338
Bubble Sort,10000,9425,20270228,0.425827
Bubble Sort,10000,9426,20270229,0.422461
Bubble Sort,10000,9427,20270230,0.414954
Bubble Sort,10000,9428,20270231,0.426394
Bubble Sort,10000,9429,20270232,0.423157
Bubble Sort,10000,9430,20270233,0.425231
Bubble Sort,10000,9431,20270234,0.424424
Bubble Sort,10000,9432,20270235,0.425821
Bubble Sort,10000,9433,20270236,0.421803
Bubble Sort,10000,9434,20270237,0.424713
Bubble Sort,10000,9435,20270238,0.424634
Bubble Sort,10000,9436,20270239,0.424049
Bubble Sort,10000,9437,20270240,0.422449
Bubble Sort,10000,9438,20270241,0.424504
Bubble Sort,10000,9439,20270242,0.424259
Bubble Sort,10000,9440,20270243,0.42528
Bubble Sort,10000,9441,20270244,0.424658
Bubble Sort,10000,9442,20270245,0.425471
Bubble Sort,10000,9443,20270246,0.42432
Bubble Sort,10000,9444,20270247,0.42867
Bubble Sort,10000,9445,20270248,0.423655
Bubble Sort,10000,9446,20270249,0.425446
Bubble Sort,10000,9447,20270250,0.421864
Bubble Sort,10000,9448,20270251,0.469292
Bubble Sort,10000,9449,20270252,0.42709
Bubble Sort,10000,9450,20270253,0.42688
Bubble Sort,10000,9451,20270254,0.43264
Bubble Sort,10000,9452,20270255,0.423428
Bubble Sort,10000,9453,20270256,0.453631
Bubble Sort,10000,9454,20270257,0.420412
Bubble Sort,10000,9455,20270258,0.420646
Bubble Sort,10000,9456,20270259,0.415864
Bubble Sort,10000,9457,20270260,0.418615
Bubble Sort,10000,9458,20270261,0.419969
Bubble Sort,10000,9459,20270262,0.418412
Bubble Sort,10000,9460,20270263,0.420006
Bubble Sort,10000,9461,20270264,0.417415
Bubble Sort,10000,9462,20270265,0.419132
Bubble Sort,10000,9463,20270266,0.420012
Bubble Sort,10000,9464,20270267,0.417243
Bubble Sort,10000,9465,20270268,0.419164
Bubble Sort,10000,9466,20270269,0.416572
Bubble Sort,10000,9467,20270270,0.418172
Bubble Sort,10000,9468,20270271,0.416591
Bubble Sort,10000,9469,20270272,0.417723
Bubble Sort,10000,9470,20270273,0.416671
Bubble Sort,10000,9471,20270274,0.420843
Bubble Sort,10000,9472,20270275,0.416732
Bubble Sort,10000,9473,20270276,0.41896
Bubble Sort,10000,9474,20270277,0.418947
Bubble Sort,10000,9475,20270278,0.41885
Bubble Sort,10000,9476,20270279,0.473127
Bubble Sort,10000,9477,20270280,0.418351
Bubble Sort,10000,9478,20270281,0.419212
Bubble Sort,10000,9479,20270282,0.417846
Bubble Sort,10000,9480,20270283,0.416529
Bubble Sort,10000,9481,20270284,0.416935
Bubble Sort,10000,9482,20270285,0.419422
Bubble Sort,10000,9483,20270286,0.418591
Bubble Sort,10000,9484,20270287,0.416634
Bubble Sort,10000,9485,20270288,0.416788
Bubble Sort,10000,9486,20270289,0.422037
Bubble Sort,10000,9487,20270290,0.421317
Bubble Sort,10000,9488,20270291,0.416584
Bubble Sort,10000,9489,20270292,0.419852
Bubble Sort,10000,9490,20270293,0.417754
Bubble Sort,10000,9491,20270294,0.415317
Bubble Sort,10000,9492,20270295,0.430517
Bubble Sort,10000,9493,20270296,0.417834
Bubble Sort,10000,9494,20270297,0.419391
Bubble Sort,10000,9495,20270298,0.415262
Bubble Sort,10000,9496,20270299,0.416499
Bubble Sort,10000,9497,20270300,0.419047
Bubble Sort,10000,9498,20270301,0.415994
Bubble Sort,10000,9499,20270302,0.420221
Bubble Sort,10000,9500,20270303,0.414314
Bubble Sort,10000,9501,20270304,0.414726
Bubble Sort,10000,9502,20270305,0.418622
Bubble Sort,10000,9503,20270306,0.416061
Bubble Sort,10000,9504,20270307,0.416233
Bubble Sort,10000,9505,20270308,0.416954
Bubble Sort,10000,9506,20270309,0.415902
Bubble Sort,10000,9507,20270310,0.417366
Bubble Sort,10000,9508,20270311,0.418449
Bubble Sort,10000,9509,20270312,0.417053
Bubble Sort,10000,9510,20270313,0.418511
Bubble Sort,10000,9511,20270314,0.416357
Bubble Sort,10000,9512,20270315,0.419704
Bubble Sort,10000,9513,20270316,0.418874
Bubble Sort,10000,9514,20270317,0.417501
Bubble Sort,10000,9515,20270318,0.420191
Bubble Sort,10000,9516,20270319,0.416437
Bubble Sort,10000,9517,20270320,0.428418
Bubble Sort,10000,9518,20270321,0.424259
Bubble Sort,10000,9519,20270322,0.417668
Bubble Sort,10000,9520,20270323,0.418375
Bubble Sort,10000,9521,20270324,0.417785
Bubble Sort,10000,9522,20270325,0.417828
Bubble Sort,10000,9523,20270326,0.419908
Bubble Sort,10000,9524,20270327,0.418763
Bubble Sort,10000,9525,20270328,0.418696
Bubble Sort,10000,9526,20270329,0.418997
Bubble Sort,10000,9527,20270330,0.420173
Bubble Sort,10000,9528,20270331,0.420344
Bubble Sort,10000,9529,20270332,0.41792
Bubble Sort,10000,9530,20270333,0.415649
Bubble Sort,10000,9531,20270334,0.415951
Bubble Sort,10000,9532,20270335,0.417871
Bubble Sort,10000,9533,20270336,0.420609
Bubble Sort,10000,9534,20270337,0.419742
Bubble Sort,10000,9535,20270338,0.419539
Bubble Sort,10000,9536,20270339,0.416018
Bubble Sort,10000,9537,20270340,0.414123
Bubble Sort,10000,9538,20270341,0.419157
Bubble Sort,10000,9539,20270342,0.416653
Bubble Sort,10000,9540,20270343,0.42104
Bubble Sort,10000,9541,20270344,0.414043
Bubble Sort,10000,9542,20270345,0.415871
Bubble Sort,10000,9543,20270346,0.416745
Bubble Sort,10000,9544,20270347,0.41587
Bubble Sort,10000,9545,20270348,0.41563
Bubble Sort,10000,9546,20270349,0.41688
Bubble Sort,10000,9547,20270350,0.418541
Bubble Sort,10000,9548,20270351,0.471341
Bubble Sort,10000,9549,20270352,0.417243
Bubble Sort,10000,9550,20270353,0.416062
Bubble Sort,10000,9551,20270354,0.41869
Bubble Sort,10000,9552,20270355,0.414622
Bubble Sort,10000,9553,20270356,0.424443
Bubble Sort,10000,9554,20270357,0.424542
Bubble Sort,10000,9555,20270358,0.434843
Bubble Sort,10000,9556,20270359,0.431447
Bubble Sort,10000,9557,20270360,0.42264
Bubble Sort,10000,9558,20270361,0.417089
Bubble Sort,10000,9559,20270362,0.416874
Bubble Sort,10000,9560,20270363,0.420751
Bubble Sort,10000,9561,20270364,0.415717
Bubble Sort,10000,9562,20270365,0.414351
Bubble Sort,10000,9563,20270366,0.419225
Bubble Sort,10000,9564,20270367,0.417957
Bubble Sort,10000,9565,20270368,0.417164
Bubble Sort,10000,9566,20270369,0.440498
Bubble Sort,10000,9567,20270370,0.42624
Bubble Sort,10000,9568,20270371,0.419889
Bubble Sort,10000,9569,20270372,0.417994
Bubble Sort,10000,9570,20270373,0.420727
Bubble Sort,10000,9571,20270374,0.417864
Bubble Sort,10000,9572,20270375,0.417403
Bubble Sort,10000,9573,20270376,0.416776
Bubble Sort,10000,9574,20270377,0.419428
Bubble Sort,10000,9575,20270378,0.420665
Bubble Sort,10000,9576,20270379,0.415034
Bubble Sort,10000,9577,20270380,0.420098
Bubble Sort,10000,9578,20270381,0.418978
Bubble Sort,10000,9579,20270382,0.415834
Bubble Sort,10000,9580,20270383,0.417668
Bubble Sort,10000,9581,20270384,0.41648
Bubble Sort,10000,9582,20270385,0.41632
Bubble Sort,10000,9583,20270386,0.416074
Bubble Sort,10000,9584,20270387,0.413052
Bubble Sort,10000,9585,20270388,0.416899
Bubble Sort,10000,9586,20270389,0.416425
Bubble Sort,10000,9587,20270390,0.415495
Bubble Sort,10000,9588,20270391,0.41603
Bubble Sort,10000,9589,20270392,0.416511
Bubble Sort,10000,9590,20270393,0.420437
Bubble Sort,10000,9591,20270394,0.413077
Bubble Sort,10000,9592,20270395,0.417544
Bubble Sort,10000,9593,20270396,0.413674
Bubble Sort,10000,9594,20270397,0.41827
Bubble Sort,10000,9595,20270398,0.417551
Bubble Sort,10000,9596,20270399,0.415877
Bubble Sort,10000,9597,20270400,0.415397
Bubble Sort,10000,9598,20270401,0.414837
Bubble Sort,10000,9599,20270402,0.418548
Bubble Sort,10000,9600,20270403,0.416788
Bubble Sort,10000,9601,20270404,0.417693
Bubble Sort,10000,9602,20270405,0.428966
Bubble Sort,10000,9603,20270406,0.41504
Bubble Sort,10000,9604,20270407,0.418253
Bubble Sort,10000,9605,20270408,0.417415
Bubble Sort,10000,9606,20270409,0.418763
Bubble Sort,10000,9607,20270410,0.419704
Bubble Sort,10000,9608,20270411,0.41677
Bubble Sort,10000,9609,20270412,0.419163
Bubble Sort,10000,9610,20270413,0.4188
Bubble Sort,10000,9611,20270414,0.415003
Bubble Sort,10000,9612,20270415,0.417483
Bubble Sort,10000,9613,20270416,0.420948
Bubble Sort,10000,9614,20270417,0.425828
Bubble Sort,10000,9615,20270418,0.42232
Bubble Sort,10000,9616,20270419,0.418154
Bubble Sort,10000,9617,20270420,0.418068
Bubble Sort,10000,9618,20270421,0.41808
Bubble Sort,10000,9619,20270422,0.430936
Bubble Sort,10000,9620,20270423,0.420357
Bubble Sort,10000,9621,20270424,0.418781
Bubble Sort,10000,9622,20270425,0.420209
Bubble Sort,10000,9623,20270426,0.420412
Bubble Sort,10000,9624,20270427,0.416443
Bubble Sort,10000,9625,20270428,0.418572
Bubble Sort,10000,9626,20270429,0.422566
Bubble Sort,10000,9627,20270430,0.419261
Bubble Sort,10000,9628,20270431,0.421791
Bubble Sort,10000,9629,20270432,0.417797
Bubble Sort,10000,9630,20270433,0.418327
Bubble Sort,10000,9631,20270434,0.42248
Bubble Sort,10000,9632,20270435,0.4204
Bubble Sort,10000,9633,20270436,0.422067
Bubble Sort,10000,9634,20270437,0.418191
Bubble Sort,10000,9635,20270438,0.421785
Bubble Sort,10000,9636,20270439,0.41968
Bubble Sort,10000,9637,20270440,0.417126
Bubble Sort,10000,9638,20270441,0.467914
Bubble Sort,10000,9639,20270442,0.419176
Bubble Sort,10000,9640,20270443,0.418646
Bubble Sort,10000,9641,20270444,0.421729
Bubble Sort,10000,9642,20270445,0.422677
Bubble Sort,10000,9643,20270446,0.418911
Bubble Sort,10000,9644,20270447,0.417957
Bubble Sort,10000,9645,20270448,0.426867
Bubble Sort,10000,9646,20270449,0.430849
Bubble Sort,10000,9647,20270450,0.44064
Bubble Sort,10000,9648,20270451,0.426431
Bubble Sort,10000,9649,20270452,0.433101
Bubble Sort,10000,9650,20270453,0.437723
Bubble Sort,10000,9651,20270454,0.448991
Bubble Sort,10000,9652,20270455,0.429594
Bubble Sort,10000,9653,20270456,0.445428
Bubble Sort,10000,9654,20270457,0.439526
Bubble Sort,10000,9655,20270458,0.431944
Bubble Sort,10000,9656,20270459,0.428166
Bubble Sort,10000,9657,20270460,0.437342
Bubble Sort,10000,9658,20270461,0.430911
Bubble Sort,10000,9659,20270462,0.438431
Bubble Sort,10000,9660,20270463,0.435816
Bubble Sort,10000,9661,20270464,0.428806
Bubble Sort,10000,9662,20270465,0.428191
Bubble Sort,10000,9663,20270466,0.429157
Bubble Sort,10000,9664,20270467,0.425446
Bubble Sort,10000,9665,20270468,0.427434
Bubble Sort,10000,9666,20270469,0.425809
Bubble Sort,10000,9667,20270470,0.425175
Bubble Sort,10000,9668,20270471,0.425822
Bubble Sort,10000,9669,20270472,0.427914
Bubble Sort,10000,9670,20270473,0.42952
Bubble Sort,10000,9671,20270474,0.425286
Bubble Sort,10000,9672,20270475,0.424425
Bubble Sort,10000,9673,20270476,0.428468
Bubble Sort,10000,9674,20270477,0.42773
Bubble Sort,10000,9675,20270478,0.426449
Bubble Sort,10000,9676,20270479,0.428184
Bubble Sort,10000,9677,20270480,0.429766
Bubble Sort,10000,9678,20270481,0.430701
Bubble Sort,10000,9679,20270482,0.412369
Bubble Sort,10000,9680,20270483,0.425403
Bubble Sort,10000,9681,20270484,0.426092
Bubble Sort,10000,9682,20270485,0.427212
Bubble Sort,10000,9683,20270486,0.427231
Bubble Sort,10000,9684,20270487,0.426566
Bubble Sort,10000,9685,20270488,0.428332
Bubble Sort,10000,9686,20270489,0.424837
Bubble Sort,10000,9687,20270490,0.428794
Bubble Sort,10000,9688,20270491,0.429138
Bubble Sort,10000,9689,20270492,0.426886
Bubble Sort,10000,9690,20270493,0.42544
Bubble Sort,10000,9691,20270494,0.409926
Bubble Sort,10000,9692,20270495,0.428006
Bubble Sort,10000,9693,20270496,0.427298
Bubble Sort,10000,9694,20270497,0.424997
Bubble Sort,10000,9695,20270498,0.426714
Bubble Sort,10000,9696,20270499,0.428966
Bubble Sort,10000,9697,20270500,0.429741
Bubble Sort,10000,9698,20270501,0.427108
Bubble Sort,10000,9699,20270502,0.424591
Bubble Sort,10000,9700,20270503,0.424745
Bubble Sort,10000,9701,20270504,0.426172
Bubble Sort,10000,9702,20270505,0.429188
Bubble Sort,10000,9703,20270506,0.425292
Bubble Sort,10000,9704,20270507,0.427187
Bubble Sort,10000,9705,20270508,0.426264
Bubble Sort,10000,9706,20270509,0.425385
Bubble Sort,10000,9707,20270510,0.426873
Bubble Sort,10000,9708,20270511,0.430135
Bubble Sort,10000,9709,20270512,0.421428
Bubble Sort,10000,9710,20270513,0.424264
Bubble Sort,10000,9711,20270514,0.426018
Bubble Sort,10000,9712,20270515,0.42648
Bubble Sort,10000,9713,20270516,0.424849
Bubble Sort,10000,9714,20270517,0.424868
Bubble Sort,10000,9715,20270518,0.427015
Bubble Sort,10000,9716,20270519,0.427834
Bubble Sort,10000,9717,20270520,0.427107
Bubble Sort,10000,9718,20270521,0.430123
Bubble Sort,10000,9719,20270522,0.426209
Bubble Sort,10000,9720,20270523,0.425772
Bubble Sort,10000,9721,20270524,0.426948
Bubble Sort,10000,9722,20270525,0.420419
Bubble Sort,10000,9723,20270526,0.430818
Bubble Sort,10000,9724,20270527,0.418985
Bubble Sort,10000,9725,20270528,0.418123
Bubble Sort,10000,9726,20270529,0.411717
Bubble Sort,10000,9727,20270530,0.423705
Bubble Sort,10000,9728,20270531,0.423409
Bubble Sort,10000,9729,20270532,0.428566
Bubble Sort,10000,9730,20270533,0.426757
Bubble Sort,10000,9731,20270534,0.427736
Bubble Sort,10000,9732,20270535,0.424769
Bubble Sort,10000,9733,20270536,0.427102
Bubble Sort,10000,9734,20270537,0.426911
Bubble Sort,10000,9735,20270538,0.424344
Bubble Sort,10000,9736,20270539,0.425754
Bubble Sort,10000,9737,20270540,0.424376
Bubble Sort,10000,9738,20270541,0.425329
Bubble Sort,10000,9739,20270542,0.424591
Bubble Sort,10000,9740,20270543,0.424843
Bubble Sort,10000,9741,20270544,0.425243
Bubble Sort,10000,9742,20270545,0.427692
Bubble Sort,10000,9743,20270546,0.450024
Bubble Sort,10000,9744,20270547,0.426092
Bubble Sort,10000,9745,20270548,0.413102
Bubble Sort,10000,9746,20270549,0.413742
Bubble Sort,10000,9747,20270550,0.42677
Bubble Sort,10000,9748,20270551,0.425828
Bubble Sort,10000,9749,20270552,0.426849
Bubble Sort,10000,9750,20270553,0.4272
Bubble Sort,10000,9751,20270554,0.422738
Bubble Sort,10000,9752,20270555,0.423114
Bubble Sort,10000,9753,20270556,0.42448
Bubble Sort,10000,9754,20270557,0.424554
Bubble Sort,10000,9755,20270558,0.425477
Bubble Sort,10000,9756,20270559,0.434794
Bubble Sort,10000,9757,20270560,0.4252
Bubble Sort,10000,9758,20270561,0.429218
Bubble Sort,10000,9759,20270562,0.422326
Bubble Sort,10000,9760,20270563,0.423969
Bubble Sort,10000,9761,20270564,0.423785
Bubble Sort,10000,9762,20270565,0.425298
Bubble Sort,10000,9763,20270566,0.425532
Bubble Sort,10000,9764,20270567,0.427219
Bubble Sort,10000,9765,20270568,0.423027
Bubble Sort,10000,9766,20270569,0.425144
Bubble Sort,10000,9767,20270570,0.427391
Bubble Sort,10000,9768,20270571,0.422246
Bubble Sort,10000,9769,20270572,0.426474
Bubble Sort,10000,9770,20270573,0.424603
Bubble Sort,10000,9771,20270574,0.427612
Bubble Sort,10000,9772,20270575,0.426763
Bubble Sort,10000,9773,20270576,0.427612
Bubble Sort,10000,9774,20270577,0.423766
Bubble Sort,10000,9775,20270578,0.427618
Bubble Sort,10000,9776,20270579,0.424228
Bubble Sort,10000,9777,20270580,0.4148
Bubble Sort,10000,9778,20270581,0.425452
Bubble Sort,10000,9779,20270582,0.424061
Bubble Sort,10000,9780,20270583,0.425237
Bubble Sort,10000,9781,20270584,0.420696
Bubble Sort,10000,9782,20270585,0.425742
Bubble Sort,10000,9783,20270586,0.422462
Bubble Sort,10000,9784,20270587,0.425582
Bubble Sort,10000,9785,20270588,0.425022
Bubble Sort,10000,9786,20270589,0.424653
Bubble Sort,10000,9787,20270590,0.424136
Bubble Sort,10000,9788,20270591,0.421077
Bubble Sort,10000,9789,20270592,0.42781
Bubble Sort,10000,9790,20270593,0.425348
Bubble Sort,10000,9791,20270594,0.422295
Bubble Sort,10000,9792,20270595,0.423612
Bubble Sort,10000,9793,20270596,0.424259
Bubble Sort,10000,9794,20270597,0.426966
Bubble Sort,10000,9795,20270598,0.426603
Bubble Sort,10000,9796,20270599,0.425299
Bubble Sort,10000,9797,20270600,0.424972
Bubble Sort,10000,9798,20270601,0.444708
Bubble Sort,10000,9799,20270602,0.426037
Bubble Sort,10000,9800,20270603,0.425784
Bubble Sort,10000,9801,20270604,0.422978
Bubble Sort,10000,9802,20270605,0.427046
Bubble Sort,10000,9803,20270606,0.425587
Bubble Sort,10000,9804,20270607,0.425982
Bubble Sort,10000,9805,20270608,0.426498
Bubble Sort,10000,9806,20270609,0.424972
Bubble Sort,10000,9807,20270610,0.426831
Bubble Sort,10000,9808,20270611,0.424696
Bubble Sort,10000,9809,20270612,0.42469
Bubble Sort,10000,9810,20270613,0.424683
Bubble Sort,10000,9811,20270614,0.426831
Bubble Sort,10000,9812,20270615,0.427495
Bubble Sort,10000,9813,20270616,0.424295
Bubble Sort,10000,9814,20270617,0.424425
Bubble Sort,10000,9815,20270618,0.425545
Bubble Sort,10000,9816,20270619,0.426387
Bubble Sort,10000,9817,20270620,0.42744
Bubble Sort,10000,9818,20270621,0.426739
Bubble Sort,10000,9819,20270622,0.426911
Bubble Sort,10000,9820,20270623,0.428831
Bubble Sort,10000,9821,20270624,0.425705
Bubble Sort,10000,9822,20270625,0.425317
Bubble Sort,10000,9823,20270626,0.426
Bubble Sort,10000,9824,20270627,0.425353
Bubble Sort,10000,9825,20270628,0.426633
Bubble Sort,10000,9826,20270629,0.426418
Bubble Sort,10000,9827,20270630,0.425779
Bubble Sort,10000,9828,20270631,0.422419
Bubble Sort,10000,9829,20270632,0.423692
Bubble Sort,10000,9830,20270633,0.427471
Bubble Sort,10000,9831,20270634,0.423883
Bubble Sort,10000,9832,20270635,0.418025
Bubble Sort,10000,9833,20270636,0.42656
Bubble Sort,10000,9834,20270637,0.427594
Bubble Sort,10000,9835,20270638,0.425009
Bubble Sort,10000,9836,20270639,0.425249
Bubble Sort,10000,9837,20270640,0.423133
Bubble Sort,10000,9838,20270641,0.426757
Bubble Sort,10000,9839,20270642,0.426172
Bubble Sort,10000,9840,20270643,0.425046
Bubble Sort,10000,9841,20270644,0.426628
Bubble Sort,10000,9842,20270645,0.424707
Bubble Sort,10000,9843,20270646,0.427034
Bubble Sort,10000,9844,20270647,0.420985
Bubble Sort,10000,9845,20270648,0.425914
Bubble Sort,10000,9846,20270649,0.426585
Bubble Sort,10000,9847,20270650,0.422043
Bubble Sort,10000,9848,20270651,0.427107
Bubble Sort,10000,9849,20270652,0.424769
Bubble Sort,10000,9850,20270653,0.425354
Bubble Sort,10000,9851,20270654,0.426086
Bubble Sort,10000,9852,20270655,0.423237
Bubble Sort,10000,9853,20270656,0.469083
Bubble Sort,10000,9854,20270657,0.427101
Bubble Sort,10000,9855,20270658,0.424099
Bubble Sort,10000,9856,20270659,0.425957
Bubble Sort,10000,9857,20270660,0.423557
Bubble Sort,10000,9858,20270661,0.42248
Bubble Sort,10000,9859,20270662,0.426732
Bubble Sort,10000,9860,20270663,0.427539
Bubble Sort,10000,9861,20270664,0.423828
Bubble Sort,10000,9862,20270665,0.422818
Bubble Sort,10000,9863,20270666,0.423778
Bubble Sort,10000,9864,20270667,0.424227
Bubble Sort,10000,9865,20270668,0.426209
Bubble Sort,10000,9866,20270669,0.417157
Bubble Sort,10000,9867,20270670,0.423292
Bubble Sort,10000,9868,20270671,0.426123
Bubble Sort,10000,9869,20270672,0.422929
Bubble Sort,10000,9870,20270673,0.425539
Bubble Sort,10000,9871,20270674,0.425003
Bubble Sort,10000,9872,20270675,0.423433
Bubble Sort,10000,9873,20270676,0.4128
Bubble Sort,10000,9874,20270677,0.425539
Bubble Sort,10000,9875,20270678,0.426012
Bubble Sort,10000,9876,20270679,0.424437
Bubble Sort,10000,9877,20270680,0.423224
Bubble Sort,10000,9878,20270681,0.422911
Bubble Sort,10000,9879,20270682,0.42387
Bubble Sort,10000,9880,20270683,0.425994
Bubble Sort,10000,9881,20270684,0.421274
Bubble Sort,10000,9882,20270685,0.423372
Bubble Sort,10000,9883,20270686,0.423243
Bubble Sort,10000,9884,20270687,0.422609
Bubble Sort,10000,9885,20270688,0.424221
Bubble Sort,10000,9886,20270689,0.424898
Bubble Sort,10000,9887,20270690,0.427274
Bubble Sort,10000,9888,20270691,0.422436
Bubble Sort,10000,9889,20270692,0.423471
Bubble Sort,10000,9890,20270693,0.425779
Bubble Sort,10000,9891,20270694,0.430868
Bubble Sort,10000,9892,20270695,0.428553
Bubble Sort,10000,9893,20270696,0.419877
Bubble Sort,10000,9894,20270697,0.417305
Bubble Sort,10000,9895,20270698,0.410652
Bubble Sort,10000,9896,20270699,0.421797
Bubble Sort,10000,9897,20270700,0.422634
Bubble Sort,10000,9898,20270701,0.423779
Bubble Sort,10000,9899,20270702,0.427477
Bubble Sort,10000,9900,20270703,0.413661
Bubble Sort,10000,9901,20270704,0.42285
Bubble Sort,10000,9902,20270705,0.425422
Bubble Sort,10000,9903,20270706,0.421828
Bubble Sort,10000,9904,20270707,0.425864
Bubble Sort,10000,9905,20270708,0.421188
Bubble Sort,10000,9906,20270709,0.423969
Bubble Sort,10000,9907,20270710,0.422388
Bubble Sort,10000,9908,20270711,0.425809
Bubble Sort,10000,9909,20270712,0.421151
Bubble Sort,10000,9910,20270713,0.422793
Bubble Sort,10000,9911,20270714,0.426431
Bubble Sort,10000,9912,20270715,0.424136
Bubble Sort,10000,9913,20270716,0.421046
Bubble Sort,10000,9914,20270717,0.422394
Bubble Sort,10000,9915,20270718,0.423778
Bubble Sort,10000,9916,20270719,0.425163
Bubble Sort,10000,9917,20270720,0.421342
Bubble Sort,10000,9918,20270721,0.426049
Bubble Sort,10000,9919,20270722,0.423446
Bubble Sort,10000,9920,20270723,0.423336
Bubble Sort,10000,9921,20270724,0.431631
Bubble Sort,10000,9922,20270725,0.426726
Bubble Sort,10000,9923,20270726,0.420542
Bubble Sort,10000,9924,20270727,0.421778
Bubble Sort,10000,9925,20270728,0.42147
Bubble Sort,10000,9926,20270729,0.423526
Bubble Sort,10000,9927,20270730,0.425065
Bubble Sort,10000,9928,20270731,0.424092
Bubble Sort,10000,9929,20270732,0.427988
Bubble Sort,10000,9930,20270733,0.422166
Bubble Sort,10000,9931,20270734,0.427514
Bubble Sort,10000,9932,20270735,0.42328
Bubble Sort,10000,9933,20270736,0.422806
Bubble Sort,10000,9934,20270737,0.420055
Bubble Sort,10000,9935,20270738,0.422769
Bubble Sort,10000,9936,20270739,0.424437
Bubble Sort,10000,9937,20270740,0.425643
Bubble Sort,10000,9938,20270741,0.422781
Bubble Sort,10000,9939,20270742,0.42128
Bubble Sort,10000,9940,20270743,0.426123
Bubble Sort,10000,9941,20270744,0.423372
Bubble Sort,10000,9942,20270745,0.472252
Bubble Sort,10000,9943,20270746,0.424332
Bubble Sort,10000,9944,20270747,0.422584
Bubble Sort,10000,9945,20270748,0.425132
Bubble Sort,10000,9946,20270749,0.425815
Bubble Sort,10000,9947,20270750,0.425809
Bubble Sort,10000,9948,20270751,0.42667
Bubble Sort,10000,9949,20270752,0.424314
Bubble Sort,10000,9950,20270753,0.42568
Bubble Sort,10000,9951,20270754,0.423754
Bubble Sort,10000,9952,20270755,0.425028
Bubble Sort,10000,9953,20270756,0.42136
Bubble Sort,10000,9954,20270757,0.425834
Bubble Sort,10000,9955,20270758,0.428782
Bubble Sort,10000,9956,20270759,0.425219
Bubble Sort,10000,9957,20270760,0.421938
Bubble Sort,10000,9958,20270761,0.423705
Bubble Sort,10000,9959,20270762,0.427674
Bubble Sort,10000,9960,20270763,0.424671
Bubble Sort,10000,9961,20270764,0.426554
Bubble Sort,10000,9962,20270765,0.426099
Bubble Sort,10000,9963,20270766,0.454111
Bubble Sort,10000,9964,20270767,0.426087
Bubble Sort,10000,9965,20270768,0.425391
Bubble Sort,10000,9966,20270769,0.425822
Bubble Sort,10000,9967,20270770,0.422351
Bubble Sort,10000,9968,20270771,0.424794
Bubble Sort,10000,9969,20270772,0.428769
Bubble Sort,10000,9970,20270773,0.425138
Bubble Sort,10000,9971,20270774,0.425526
Bubble Sort,10000,9972,20270775,0.427538
Bubble Sort,10000,9973,20270776,0.423914
Bubble Sort,10000,9974,20270777,0.42104
Bubble Sort,10000,9975,20270778,0.425083
Bubble Sort,10000,9976,20270779,0.419797
Bubble Sort,10000,9977,20270780,0.428449
Bubble Sort,10000,9978,20270781,0.425021
Bubble Sort,10000,9979,20270782,0.425348
Bubble Sort,10000,9980,20270783,0.42704
Bubble Sort,10000,9981,20270784,0.423643
Bubble Sort,10000,9982,20270785,0.424104
Bubble Sort,10000,9983,20270786,0.422979
Bubble Sort,10000,9984,20270787,0.434123
Bubble Sort,10000,9985,20270788,0.425206
Bubble Sort,10000,9986,20270789,0.426874
Bubble Sort,10000,9987,20270790,0.424707
Bubble Sort,10000,9988,20270791,0.424221
Bubble Sort,10000,9989,20270792,0.424647
Bubble Sort,10000,9990,20270793,0.423877
Bubble Sort,10000,9991,20270794,0.425256
Bubble Sort,10000,9992,20270795,0.425188
Bubble Sort,10000,9993,20270796,0.421354
Bubble Sort,10000,9994,20270797,0.421753
Bubble Sort,10000,9995,20270798,0.424037
Bubble Sort,10000,9996,20270799,0.423268
Bubble Sort,10000,9997,20270800,0.421963
Bubble Sort,10000,9998,20270801,0.423951
Bubble Sort,10000,9999,20270802,0.425114
Heap Sort,10000,0,20260803,0.295397
Heap Sort,10000,1,20260804,0.290012
Heap Sort,10000,2,20260805,0.283576
Heap Sort,10000,3,20260806,0.28136
Heap Sort,10000,4,20260807,0.282007
Heap Sort,10000,5,20260808,0.282456
Heap Sort,10000,6,20260809,0.281182
Heap Sort,10000,7,20260810,0.282782
Heap Sort,10000,8,20260811,0.279501
Heap Sort,10000,9,20260812,0.276966
Heap Sort,10000,10,20260813,0.299544
Heap Sort,10000,11,20260814,0.280628
Heap Sort,10000,12,20260815,0.277028
Heap Sort,10000,13,20260816,0.279655
Heap Sort,10000,14,20260817,0.280855
Heap Sort,10000,15,20260818,0.280345
Heap Sort,10000,16,20260819,0.279686
Heap Sort,10000,17,20260820,0.280148
Heap Sort,10000,18,20260821,0.278209
Heap Sort,10000,19,20260822,0.301132
Heap Sort,10000,20,20260823,0.279434
Heap Sort,10000,21,20260824,0.278978
Heap Sort,10000,22,20260825,0.278498
Heap Sort,10000,23,20260826,0.278277
Heap Sort,10000,24,20260827,0.278511
Heap Sort,10000,25,20260828,0.279237
Heap Sort,10000,26,20260829,0.278732
Heap Sort,10000,27,20260830,0.299699
Heap Sort,10000,28,20260831,0.2796
Heap Sort,10000,29,20260832,0.278984
Heap Sort,10000,30,20260833,0.278516
Heap Sort,10000,31,20260834,0.280843
Heap Sort,10000,32,20260835,0.279557
Heap Sort,10000,33,20260836,0.280215
Heap Sort,10000,34,20260837,0.278591
Heap Sort,10000,35,20260838,0.280824
Heap Sort,10000,36,20260839,0.278849
Heap Sort,10000,37,20260840,0.279262
Heap Sort,10000,38,20260841,0.285613
Heap Sort,10000,39,20260842,0.280031
Heap Sort,10000,40,20260843,0.282504
Heap Sort,10000,41,20260844,0.282227
Heap Sort,10000,42,20260845,0.28104
Heap Sort,10000,43,20260846,0.281188
Heap Sort,10000,44,20260847,0.279508
Heap Sort,10000,45,20260848,0.278166
Heap Sort,10000,46,20260849,0.281274
Heap Sort,10000,47,20260850,0.280929
Heap Sort,10000,48,20260851,0.288935
Heap Sort,10000,49,20260852,0.28656
Heap Sort,10000,50,20260853,0.279686
Heap Sort,10000,51,20260854,0.305871
Heap Sort,10000,52,20260855,0.290523
Heap Sort,10000,53,20260856,0.284043
Heap Sort,10000,54,20260857,0.28208
Heap Sort,10000,55,20260858,0.281083
Heap Sort,10000,56,20260859,0.281176
Heap Sort,10000,57,20260860,0.280566
Heap Sort,10000,58,20260861,0.2828
Heap Sort,10000,59,20260862,0.281114
Heap Sort,10000,60,20260863,0.283987
Heap Sort,10000,61,20260864,0.28568
Heap Sort,10000,62,20260865,0.291883
Heap Sort,10000,63,20260866,0.288572
Heap Sort,10000,64,20260867,0.284375
Heap Sort,10000,65,20260868,0.283772
Heap Sort,10000,66,20260869,0.281692
Heap Sort,10000,67,20260870,0.281926
Heap Sort,10000,68,20260871,0.278972
Heap Sort,10000,69,20260872,0.281206
Heap Sort,10000,70,20260873,0.280905
Heap Sort,10000,71,20260874,0.27832
Heap Sort,10000,72,20260875,0.281508
Heap Sort,10000,73,20260876,0.279637
Heap Sort,10000,74,20260877,0.278553
Heap Sort,10000,75,20260878,0.280142
Heap Sort,10000,76,20260879,0.300013
Heap Sort,10000,77,20260880,0.279643
Heap Sort,10000,78,20260881,0.281901
Heap Sort,10000,79,20260882,0.279422
Heap Sort,10000,80,20260883,0.279668
Heap Sort,10000,81,20260884,0.280751
Heap Sort,10000,82,20260885,0.279366
Heap Sort,10000,83,20260886,0.282351
Heap Sort,10000,84,20260887,0.281588
Heap Sort,10000,85,20260888,0.28808
Heap Sort,10000,86,20260889,0.300105
Heap Sort,10000,87,20260890,0.27944
Heap Sort,10000,88,20260891,0.277957
Heap Sort,10000,89,20260892,0.279932
Heap Sort,10000,90,20260893,0.280098
Heap Sort,10000,91,20260894,0.277987
Heap Sort,10000,92,20260895,0.279791
Heap Sort,10000,93,20260896,0.278572
Heap Sort,10000,94,20260897,0.299378
Heap Sort,10000,95,20260898,0.280837
Heap Sort,10000,96,20260899,0.280929
Heap Sort,10000,97,20260900,0.282818
Heap Sort,10000,98,20260901,0.283262
Heap Sort,10000,99,20260902,0.279009
Heap Sort,10000,100,20260903,0.279452
Heap Sort,10000,101,20260904,0.278671
Heap Sort,10000,102,20260905,0.278185
Heap Sort,10000,103,20260906,0.282013
Heap Sort,10000,104,20260907,0.282289
Heap Sort,10000,105,20260908,0.280997
Heap Sort,10000,106,20260909,0.280818
Heap Sort,10000,107,20260910,0.279889
Heap Sort,10000,108,20260911,0.279772
Heap Sort,10000,109,20260912,0.299828
Heap Sort,10000,110,20260913,0.280221
Heap Sort,10000,111,20260914,0.279926
Heap Sort,10000,112,20260915,0.302326
Heap Sort,10000,113,20260916,0.278621
Heap Sort,10000,114,20260917,0.281077
Heap Sort,10000,115,20260918,0.281181
Heap Sort,10000,116,20260919,0.280874
Heap Sort,10000,117,20260920,0.299704
Heap Sort,10000,118,20260921,0.279015
Heap Sort,10000,119,20260922,0.28053
Heap Sort,10000,120,20260923,0.30069
Heap Sort,10000,121,20260924,0.28144
Heap Sort,10000,122,20260925,0.280018
Heap Sort,10000,123,20260926,0.301022
Heap Sort,10000,124,20260927,0.281409
Heap Sort,10000,125,20260928,0.278184
Heap Sort,10000,126,20260929,0.280129
Heap Sort,10000,127,20260930,0.298867
Heap Sort,10000,128,20260931,0.298924
Heap Sort,10000,129,20260932,0.279674
Heap Sort,10000,130,20260933,0.278209
Heap Sort,10000,131,20260934,0.279828
Heap Sort,10000,132,20260935,0.278585
Heap Sort,10000,133,20260936,0.279668
Heap Sort,10000,134,20260937,0.282548
Heap Sort,10000,135,20260938,0.28035
Heap Sort,10000,136,20260939,0.301317
Heap Sort,10000,137,20260940,0.279317
Heap Sort,10000,138,20260941,0.280067
Heap Sort,10000,139,20260942,0.283176
Heap Sort,10000,140,20260943,0.278947
Heap Sort,10000,141,20260944,0.283219
Heap Sort,10000,142,20260945,0.280061
Heap Sort,10000,143,20260946,0.278043
Heap Sort,10000,144,20260947,0.278942
Heap Sort,10000,145,20260948,0.280345
Heap Sort,10000,146,20260949,0.27776
Heap Sort,10000,147,20260950,0.28136
Heap Sort,10000,148,20260951,0.280283
Heap Sort,10000,149,20260952,0.280351
Heap Sort,10000,150,20260953,0.279496
Heap Sort,10000,151,20260954,0.299526
Heap Sort,10000,152,20260955,0.277785
Heap Sort,10000,153,20260956,0.288123
Heap Sort,10000,154,20260957,0.280794
Heap Sort,10000,155,20260958,0.277754
Heap Sort,10000,156,20260959,0.279304
Heap Sort,10000,157,20260960,0.279188
Heap Sort,10000,158,20260961,0.281385
Heap Sort,10000,159,20260962,0.280726
Heap Sort,10000,160,20260963,0.277218
Heap Sort,10000,161,20260964,0.278948
Heap Sort,10000,162,20260965,0.283095
Heap Sort,10000,163,20260966,0.2784
Heap Sort,10000,164,20260967,0.28
Heap Sort,10000,165,20260968,0.278733
Heap Sort,10000,166,20260969,0.280105
Heap Sort,10000,167,20260970,0.280911
Heap Sort,10000,168,20260971,0.28104
Heap Sort,10000,169,20260972,0.279409
Heap Sort,10000,170,20260973,0.281926
Heap Sort,10000,171,20260974,0.281126
Heap Sort,10000,172,20260975,0.280295
Heap Sort,10000,173,20260976,0.300252
Heap Sort,10000,174,20260977,0.278652
Heap Sort,10000,175,20260978,0.30224
Heap Sort,10000,176,20260979,0.282775
Heap Sort,10000,177,20260980,0.284511
Heap Sort,10000,178,20260981,0.283526
Heap Sort,10000,179,20260982,0.280043
Heap Sort,10000,180,20260983,0.27837
Heap Sort,10000,181,20260984,0.283896
Heap Sort,10000,182,20260985,0.280628
Heap Sort,10000,183,20260986,0.283366
Heap Sort,10000,184,20260987,0.279324
Heap Sort,10000,185,20260988,0.277508
Heap Sort,10000,186,20260989,0.300006
Heap Sort,10000,187,20260990,0.280843
Heap Sort,10000,188,20260991,0.278689
Heap Sort,10000,189,20260992,0.298947
Heap Sort,10000,190,20260993,0.282326
Heap Sort,10000,191,20260994,0.280148
Heap Sort,10000,192,20260995,0.3012
Heap Sort,10000,193,20260996,0.281988
Heap Sort,10000,194,20260997,0.280825
Heap Sort,10000,195,20260998,0.279329
Heap Sort,10000,196,20260999,0.280831
Heap Sort,10000,197,20261000,0.278456
Heap Sort,10000,198,20261001,0.280942
Heap Sort,10000,199,20261002,0.284024
Heap Sort,10000,200,20261003,0.281052
Heap Sort,10000,201,20261004,0.280849
Heap Sort,10000,202,20261005,0.291028
Heap Sort,10000,203,20261006,0.277994
Heap Sort,10000,204,20261007,0.30104
Heap Sort,10000,205,20261008,0.282443
Heap Sort,10000,206,20261009,0.299176
Heap Sort,10000,207,20261010,0.277495
Heap Sort,10000,208,20261011,0.300277
Heap Sort,10000,209,20261012,0.280954
Heap Sort,10000,210,20261013,0.278948
Heap Sort,10000,211,20261014,0.299193
Heap Sort,10000,212,20261015,0.280086
Heap Sort,10000,213,20261016,0.282104
Heap Sort,10000,214,20261017,0.280031
Heap Sort,10000,215,20261018,0.288012
Heap Sort,10000,216,20261019,0.283933
Heap Sort,10000,217,20261020,0.28192
Heap Sort,10000,218,20261021,0.279329
Heap Sort,10000,219,20261022,0.282185
Heap Sort,10000,220,20261023,0.2808
Heap Sort,10000,221,20261024,0.28795
Heap Sort,10000,222,20261025,0.281637
Heap Sort,10000,223,20261026,0.281655
Heap Sort,10000,224,20261027,0.281661
Heap Sort,10000,225,20261028,0.280702
Heap Sort,10000,226,20261029,0.281483
Heap Sort,10000,227,20261030,0.28912
Heap Sort,10000,228,20261031,0.284338
Heap Sort,10000,229,20261032,0.330985
Heap Sort,10000,230,20261033,0.286265
Heap Sort,10000,231,20261034,0.293059
Heap Sort,10000,232,20261035,0.291286
Heap Sort,10000,233,20261036,0.28877
Heap Sort,10000,234,20261037,0.279741
Heap Sort,10000,235,20261038,0.280695
Heap Sort,10000,236,20261039,0.280277
Heap Sort,10000,237,20261040,0.28
Heap Sort,10000,238,20261041,0.278732
Heap Sort,10000,239,20261042,0.28088
Heap Sort,10000,240,20261043,0.302456
Heap Sort,10000,241,20261044,0.281083
Heap Sort,10000,242,20261045,0.280302
Heap Sort,10000,243,20261046,0.280868
Heap Sort,10000,244,20261047,0.277139
Heap Sort,10000,245,20261048,0.27931
Heap Sort,10000,246,20261049,0.298708
Heap Sort,10000,247,20261050,0.278043
Heap Sort,10000,248,20261051,0.285791
Heap Sort,10000,249,20261052,0.281557
Heap Sort,10000,250,20261053,0.285446
Heap Sort,10000,251,20261054,0.285397
Heap Sort,10000,252,20261055,0.299335
Heap Sort,10000,253,20261056,0.281021
Heap Sort,10000,254,20261057,0.277877
Heap Sort,10000,255,20261058,0.298289
Heap Sort,10000,256,20261059,0.298233
Heap Sort,10000,257,20261060,0.279975
Heap Sort,10000,258,20261061,0.279606
Heap Sort,10000,259,20261062,0.279366
Heap Sort,10000,260,20261063,0.279157
Heap Sort,10000,261,20261064,0.280006
Heap Sort,10000,262,20261065,0.2788
Heap Sort,10000,263,20261066,0.279526
Heap Sort,10000,264,20261067,0.277391
Heap Sort,10000,265,20261068,0.280228
Heap Sort,10000,266,20261069,0.279452
Heap Sort,10000,267,20261070,0.282412
Heap Sort,10000,268,20261071,0.278467
Heap Sort,10000,269,20261072,0.279883
Heap Sort,10000,270,20261073,0.298221
Heap Sort,10000,271,20261074,0.278892
Heap Sort,10000,272,20261075,0.298117
Heap Sort,10000,273,20261076,0.278025
Heap Sort,10000,274,20261077,0.27813
Heap Sort,10000,275,20261078,0.279668
Heap Sort,10000,276,20261079,0.289157
Heap Sort,10000,277,20261080,0.283267
Heap Sort,10000,278,20261081,0.301773
Heap Sort,10000,279,20261082,0.28011
Heap Sort,10000,280,20261083,0.297779
Heap Sort,10000,281,20261084,0.280216
Heap Sort,10000,282,20261085,0.281231
Heap Sort,10000,283,20261086,0.279384
Heap Sort,10000,284,20261087,0.30056
Heap Sort,10000,285,20261088,0.277766
Heap Sort,10000,286,20261089,0.282172
Heap Sort,10000,287,20261090,0.297908
Heap Sort,10000,288,20261091,0.277957
Heap Sort,10000,289,20261092,0.278277
Heap Sort,10000,290,20261093,0.279993
Heap Sort,10000,291,20261094,0.278129
Heap Sort,10000,292,20261095,0.279207
Heap Sort,10000,293,20261096,0.297698
Heap Sort,10000,294,20261097,0.278935
Heap Sort,10000,295,20261098,0.279471
Heap Sort,10000,296,20261099,0.277828
Heap Sort,10000,297,20261100,0.278941
Heap Sort,10000,298,20261101,0.278523
Heap Sort,10000,299,20261102,0.278843
Heap Sort,10000,300,20261103,0.281132
Heap Sort,10000,301,20261104,0.279416
Heap Sort,10000,302,20261105,0.278985
Heap Sort,10000,303,20261106,0.279188
Heap Sort,10000,304,20261107,0.278056
Heap Sort,10000,305,20261108,0.288659
Heap Sort,10000,306,20261109,0.297126
Heap Sort,10000,307,20261110,0.279538
Heap Sort,10000,308,20261111,0.279655
Heap Sort,10000,309,20261112,0.278271
Heap Sort,10000,310,20261113,0.277101
Heap Sort,10000,311,20261114,0.277748
Heap Sort,10000,312,20261115,0.298099
Heap Sort,10000,313,20261116,0.276892
Heap Sort,10000,314,20261117,0.280307
Heap Sort,10000,315,20261118,0.277865
Heap Sort,10000,316,20261119,0.280178
Heap Sort,10000,317,20261120,0.27944
Heap Sort,10000,318,20261121,0.276954
Heap Sort,10000,319,20261122,0.278923
Heap Sort,10000,320,20261123,0.28003
Heap Sort,10000,321,20261124,0.279323
Heap Sort,10000,322,20261125,0.298584
Heap Sort,10000,323,20261126,0.278037
Heap Sort,10000,324,20261127,0.279409
Heap Sort,10000,325,20261128,0.280911
Heap Sort,10000,326,20261129,0.278671
Heap Sort,10000,327,20261130,0.278492
Heap Sort,10000,328,20261131,0.279102
Heap Sort,10000,329,20261132,0.277003
Heap Sort,10000,330,20261133,0.278757
Heap Sort,10000,331,20261134,0.279662
Heap Sort,10000,332,20261135,0.2796
Heap Sort,10000,333,20261136,0.297687
Heap Sort,10000,334,20261137,0.298917
Heap Sort,10000,335,20261138,0.284185
Heap Sort,10000,336,20261139,0.279391
Heap Sort,10000,337,20261140,0.277988
Heap Sort,10000,338,20261141,0.296707
Heap Sort,10000,339,20261142,0.27816
Heap Sort,10000,340,20261143,0.28053
Heap Sort,10000,341,20261144,0.298043
Heap Sort,10000,342,20261145,0.279828
Heap Sort,10000,343,20261146,0.27957
Heap Sort,10000,344,20261147,0.297022
Heap Sort,10000,345,20261148,0.299084
Heap Sort,10000,346,20261149,0.281822
Heap Sort,10000,347,20261150,0.278142
Heap Sort,10000,348,20261151,0.280055
Heap Sort,10000,349,20261152,0.280449
Heap Sort,10000,350,20261153,0.279993
Heap Sort,10000,351,20261154,0.277748
Heap Sort,10000,352,20261155,0.301637
Heap Sort,10000,353,20261156,0.278665
Heap Sort,10000,354,20261157,0.292553
Heap Sort,10000,355,20261158,0.281268
Heap Sort,10000,356,20261159,0.300917
Heap Sort,10000,357,20261160,0.300517
Heap Sort,10000,358,20261161,0.281822
Heap Sort,10000,359,20261162,0.279163
Heap Sort,10000,360,20261163,0.281188
Heap Sort,10000,361,20261164,0.279163
Heap Sort,10000,362,20261165,0.281631
Heap Sort,10000,363,20261166,0.279207
Heap Sort,10000,364,20261167,0.282043
Heap Sort,10000,365,20261168,0.280874
Heap Sort,10000,366,20261169,0.279779
Heap Sort,10000,367,20261170,0.279809
Heap Sort,10000,368,20261171,0.280289
Heap Sort,10000,369,20261172,0.279113
Heap Sort,10000,370,20261173,0.278953
Heap Sort,10000,371,20261174,0.281255
Heap Sort,10000,372,20261175,0.278129
Heap Sort,10000,373,20261176,0.329729
Heap Sort,10000,374,20261177,0.281366
Heap Sort,10000,375,20261178,0.278376
Heap Sort,10000,376,20261179,0.279674
Heap Sort,10000,377,20261180,0.278467
Heap Sort,10000,378,20261181,0.276917
Heap Sort,10000,379,20261182,0.279261
Heap Sort,10000,380,20261183,0.279077
Heap Sort,10000,381,20261184,0.278043
Heap Sort,10000,382,20261185,0.279385
Heap Sort,10000,383,20261186,0.279064
Heap Sort,10000,384,20261187,0.279224
Heap Sort,10000,385,20261188,0.279095
Heap Sort,10000,386,20261189,0.277889
Heap Sort,10000,387,20261190,0.277292
Heap Sort,10000,388,20261191,0.278548
Heap Sort,10000,389,20261192,0.277964
Heap Sort,10000,390,20261193,0.300431
Heap Sort,10000,391,20261194,0.284044
Heap Sort,10000,392,20261195,0.28328
Heap Sort,10000,393,20261196,0.2796
Heap Sort,10000,394,20261197,0.282393
Heap Sort,10000,395,20261198,0.28032
Heap Sort,10000,396,20261199,0.278111
Heap Sort,10000,397,20261200,0.281551
Heap Sort,10000,398,20261201,0.286375
Heap Sort,10000,399,20261202,0.281587
Heap Sort,10000,400,20261203,0.290664
Heap Sort,10000,401,20261204,0.292517
Heap Sort,10000,402,20261205,0.283975
Heap Sort,10000,403,20261206,0.280597
Heap Sort,10000,404,20261207,0.280498
Heap Sort,10000,405,20261208,0.280911
Heap Sort,10000,406,20261209,0.300264
Heap Sort,10000,407,20261210,0.297009
Heap Sort,10000,408,20261211,0.299896
Heap Sort,10000,409,20261212,0.277132
Heap Sort,10000,410,20261213,0.277501
Heap Sort,10000,411,20261214,0.300074
Heap Sort,10000,412,20261215,0.281643
Heap Sort,10000,413,20261216,0.291348
Heap Sort,10000,414,20261217,0.282369
Heap Sort,10000,415,20261218,0.298271
Heap Sort,10000,416,20261219,0.279987
Heap Sort,10000,417,20261220,0.299452
Heap Sort,10000,418,20261221,0.299988
Heap Sort,10000,419,20261222,0.278911
Heap Sort,10000,420,20261223,0.27848
Heap Sort,10000,421,20261224,0.278732
Heap Sort,10000,422,20261225,0.277822
Heap Sort,10000,423,20261226,0.280892
Heap Sort,10000,424,20261227,0.280609
Heap Sort,10000,425,20261228,0.297033
Heap Sort,10000,426,20261229,0.279151
Heap Sort,10000,427,20261230,0.278074
Heap Sort,10000,428,20261231,0.277735
Heap Sort,10000,429,20261232,0.279853
Heap Sort,10000,430,20261233,0.298203
Heap Sort,10000,431,20261234,0.279938
Heap Sort,10000,432,20261235,0.278412
Heap Sort,10000,433,20261236,0.278917
Heap Sort,10000,434,20261237,0.278338
Heap Sort,10000,435,20261238,0.301699
Heap Sort,10000,436,20261239,0.281465
Heap Sort,10000,437,20261240,0.27704
Heap Sort,10000,438,20261241,0.299674
Heap Sort,10000,439,20261242,0.278923
Heap Sort,10000,440,20261243,0.277754
Heap Sort,10000,441,20261244,0.279311
Heap Sort,10000,442,20261245,0.279298
Heap Sort,10000,443,20261246,0.308406
Heap Sort,10000,444,20261247,0.279347
Heap Sort,10000,445,20261248,0.278277
Heap Sort,10000,446,20261249,0.280221
Heap Sort,10000,447,20261250,0.279938
Heap Sort,10000,448,20261251,0.277809
Heap Sort,10000,449,20261252,0.278258
Heap Sort,10000,450,20261253,0.27792
Heap Sort,10000,451,20261254,0.300265
Heap Sort,10000,452,20261255,0.277495
Heap Sort,10000,453,20261256,0.27949
Heap Sort,10000,454,20261257,0.280013
Heap Sort,10000,455,20261258,0.277563
Heap Sort,10000,456,20261259,0.301003
Heap Sort,10000,457,20261260,0.298129
Heap Sort,10000,458,20261261,0.279742
Heap Sort,10000,459,20261262,0.278948
Heap Sort,10000,460,20261263,0.298886
Heap Sort,10000,461,20261264,0.2788
Heap Sort,10000,462,20261265,0.278991
Heap Sort,10000,463,20261266,0.283323
Heap Sort,10000,464,20261267,0.279981
Heap Sort,10000,465,20261268,0.279754
Heap Sort,10000,466,20261269,0.279908
Heap Sort,10000,467,20261270,0.279545
Heap Sort,10000,468,20261271,0.280203
Heap Sort,10000,469,20261272,0.277625
Heap Sort,10000,470,20261273,0.27888
Heap Sort,10000,471,20261274,0.278831
Heap Sort,10000,472,20261275,0.279563
Heap Sort,10000,473,20261276,0.326277
Heap Sort,10000,474,20261277,0.278658
Heap Sort,10000,475,20261278,0.278123
Heap Sort,10000,476,20261279,0.278283
Heap Sort,10000,477,20261280,0.279803
Heap Sort,10000,478,20261281,0.280486
Heap Sort,10000,479,20261282,0.280966
Heap Sort,10000,480,20261283,0.280861
Heap Sort,10000,481,20261284,0.281348
Heap Sort,10000,482,20261285,0.279588
Heap Sort,10000,483,20261286,0.279163
Heap Sort,10000,484,20261287,0.279637
Heap Sort,10000,485,20261288,0.279453
Heap Sort,10000,486,20261289,0.280406
Heap Sort,10000,487,20261290,0.28136
Heap Sort,10000,488,20261291,0.280493
Heap Sort,10000,489,20261292,0.280597
Heap Sort,10000,490,20261293,0.279255
Heap Sort,10000,491,20261294,0.280135
Heap Sort,10000,492,20261295,0.27717
Heap Sort,10000,493,20261296,0.299779
Heap Sort,10000,494,20261297,0.280936
Heap Sort,10000,495,20261298,0.278394
Heap Sort,10000,496,20261299,0.276357
Heap Sort,10000,497,20261300,0.278135
Heap Sort,10000,498,20261301,0.27968
Heap Sort,10000,499,20261302,0.280271
Heap Sort,10000,500,20261303,0.278733
Heap Sort,10000,501,20261304,0.279754
Heap Sort,10000,502,20261305,0.283403
Heap Sort,10000,503,20261306,0.286917
Heap Sort,10000,504,20261307,0.28157
Heap Sort,10000,505,20261308,0.279292
Heap Sort,10000,506,20261309,0.281852
Heap Sort,10000,507,20261310,0.278259
Heap Sort,10000,508,20261311,0.279766
Heap Sort,10000,509,20261312,0.279409
Heap Sort,10000,510,20261313,0.278825
Heap Sort,10000,511,20261314,0.277748
Heap Sort,10000,512,20261315,0.277784
Heap Sort,10000,513,20261316,0.277717
Heap Sort,10000,514,20261317,0.299428
Heap Sort,10000,515,20261318,0.278739
Heap Sort,10000,516,20261319,0.27816
Heap Sort,10000,517,20261320,0.27744
Heap Sort,10000,518,20261321,0.279225
Heap Sort,10000,519,20261322,0.298929
Heap Sort,10000,520,20261323,0.279736
Heap Sort,10000,521,20261324,0.278332
Heap Sort,10000,522,20261325,0.282148
Heap Sort,10000,523,20261326,0.27784
Heap Sort,10000,524,20261327,0.279594
Heap Sort,10000,525,20261328,0.278043
Heap Sort,10000,526,20261329,0.279698
Heap Sort,10000,527,20261330,0.28131
Heap Sort,10000,528,20261331,0.278714
Heap Sort,10000,529,20261332,0.277181
Heap Sort,10000,530,20261333,0.280093
Heap Sort,10000,531,20261334,0.280142
Heap Sort,10000,532,20261335,0.279287
Heap Sort,10000,533,20261336,0.329889
Heap Sort,10000,534,20261337,0.279052
Heap Sort,10000,535,20261338,0.278375
Heap Sort,10000,536,20261339,0.279723
Heap Sort,10000,537,20261340,0.279138
Heap Sort,10000,538,20261341,0.277342
Heap Sort,10000,539,20261342,0.277883
Heap Sort,10000,540,20261343,0.300763
Heap Sort,10000,541,20261344,0.280019
Heap Sort,10000,542,20261345,0.27939
Heap Sort,10000,543,20261346,0.277046
Heap Sort,10000,544,20261347,0.281415
Heap Sort,10000,545,20261348,0.277354
Heap Sort,10000,546,20261349,0.278991
Heap Sort,10000,547,20261350,0.279385
Heap Sort,10000,548,20261351,0.279206
Heap Sort,10000,549,20261352,0.277009
Heap Sort,10000,550,20261353,0.279612
Heap Sort,10000,551,20261354,0.279938
Heap Sort,10000,552,20261355,0.278579
Heap Sort,10000,553,20261356,0.278234
Heap Sort,10000,554,20261357,0.278836
Heap Sort,10000,555,20261358,0.299225
Heap Sort,10000,556,20261359,0.279465
Heap Sort,10000,557,20261360,0.28256
Heap Sort,10000,558,20261361,0.280498
Heap Sort,10000,559,20261362,0.29904
Heap Sort,10000,560,20261363,0.280948
Heap Sort,10000,561,20261364,0.280018
Heap Sort,10000,562,20261365,0.278283
Heap Sort,10000,563,20261366,0.328007
Heap Sort,10000,564,20261367,0.279545
Heap Sort,10000,565,20261368,0.276708
Heap Sort,10000,566,20261369,0.300314
Heap Sort,10000,567,20261370,0.313729
Heap Sort,10000,568,20261371,0.287643
Heap Sort,10000,569,20261372,0.289846
Heap Sort,10000,570,20261373,0.290363
Heap Sort,10000,571,20261374,0.282997
Heap Sort,10000,572,20261375,0.27912
Heap Sort,10000,573,20261376,0.279772
Heap Sort,10000,574,20261377,0.282861
Heap Sort,10000,575,20261378,0.279704
Heap Sort,10000,576,20261379,0.278031
Heap Sort,10000,577,20261380,0.278585
Heap Sort,10000,578,20261381,0.281772
Heap Sort,10000,579,20261382,0.278603
Heap Sort,10000,580,20261383,0.28048
Heap Sort,10000,581,20261384,0.282585
Heap Sort,10000,582,20261385,0.281403
Heap Sort,10000,583,20261386,0.280978
Heap Sort,10000,584,20261387,0.277939
Heap Sort,10000,585,20261388,0.298406
Heap Sort,10000,586,20261389,0.276917
Heap Sort,10000,587,20261390,0.278381
Heap Sort,10000,588,20261391,0.299735
Heap Sort,10000,589,20261392,0.27813
Heap Sort,10000,590,20261393,0.28016
Heap Sort,10000,591,20261394,0.27891
Heap Sort,10000,592,20261395,0.277662
Heap Sort,10000,593,20261396,0.278819
Heap Sort,10000,594,20261397,0.279176
Heap Sort,10000,595,20261398,0.278308
Heap Sort,10000,596,20261399,0.297089
Heap Sort,10000,597,20261400,0.299809
Heap Sort,10000,598,20261401,0.277895
Heap Sort,10000,599,20261402,0.281286
Heap Sort,10000,600,20261403,0.279446
Heap Sort,10000,601,20261404,0.286849
Heap Sort,10000,602,20261405,0.280905
Heap Sort,10000,603,20261406,0.280381
Heap Sort,10000,604,20261407,0.297865
Heap Sort,10000,605,20261408,0.280308
Heap Sort,10000,606,20261409,0.278899
Heap Sort,10000,607,20261410,0.30029
Heap Sort,10000,608,20261411,0.279927
Heap Sort,10000,609,20261412,0.298006
Heap Sort,10000,610,20261413,0.27808
Heap Sort,10000,611,20261414,0.300129
Heap Sort,10000,612,20261415,0.276892
Heap Sort,10000,613,20261416,0.281249
Heap Sort,10000,614,20261417,0.278228
Heap Sort,10000,615,20261418,0.278554
Heap Sort,10000,616,20261419,0.27701
Heap Sort,10000,617,20261420,0.278197
Heap Sort,10000,618,20261421,0.276972
Heap Sort,10000,619,20261422,0.277655
Heap Sort,10000,620,20261423,0.277772
Heap Sort,10000,621,20261424,0.306172
Heap Sort,10000,622,20261425,0.281107
Heap Sort,10000,623,20261426,0.282357
Heap Sort,10000,624,20261427,0.279219
Heap Sort,10000,625,20261428,0.277404
Heap Sort,10000,626,20261429,0.279034
Heap Sort,10000,627,20261430,0.279268
Heap Sort,10000,628,20261431,0.280067
Heap Sort,10000,629,20261432,0.278338
Heap Sort,10000,630,20261433,0.27779
Heap Sort,10000,631,20261434,0.301483
Heap Sort,10000,632,20261435,0.280381
Heap Sort,10000,633,20261436,0.277938
Heap Sort,10000,634,20261437,0.280092
Heap Sort,10000,635,20261438,0.278492
Heap Sort,10000,636,20261439,0.278511
Heap Sort,10000,637,20261440,0.280172
Heap Sort,10000,638,20261441,0.297932
Heap Sort,10000,639,20261442,0.294437
Heap Sort,10000,640,20261443,0.298449
Heap Sort,10000,641,20261444,0.276431
Heap Sort,10000,642,20261445,0.279335
Heap Sort,10000,643,20261446,0.27795
Heap Sort,10000,644,20261447,0.278788
Heap Sort,10000,645,20261448,0.279403
Heap Sort,10000,646,20261449,0.279557
Heap Sort,10000,647,20261450,0.299027
Heap Sort,10000,648,20261451,0.278191
Heap Sort,10000,649,20261452,0.288197
Heap Sort,10000,650,20261453,0.282511
Heap Sort,10000,651,20261454,0.27848
Heap Sort,10000,652,20261455,0.296966
Heap Sort,10000,653,20261456,0.277661
Heap Sort,10000,654,20261457,0.281551
Heap Sort,10000,655,20261458,0.29824
Heap Sort,10000,656,20261459,0.297557
Heap Sort,10000,657,20261460,0.278424
Heap Sort,10000,658,20261461,0.279471
Heap Sort,10000,659,20261462,0.275674
Heap Sort,10000,660,20261463,0.277582
Heap Sort,10000,661,20261464,0.278308
Heap Sort,10000,662,20261465,0.276837
Heap Sort,10000,663,20261466,0.277895
Heap Sort,10000,664,20261467,0.280634
Heap Sort,10000,665,20261468,0.27843
Heap Sort,10000,666,20261469,0.27731
Heap Sort,10000,667,20261470,0.278708
Heap Sort,10000,668,20261471,0.278049
Heap Sort,10000,669,20261472,0.289655
Heap Sort,10000,670,20261473,0.278757
Heap Sort,10000,671,20261474,0.299009
Heap Sort,10000,672,20261475,0.278307
Heap Sort,10000,673,20261476,0.279175
Heap Sort,10000,674,20261477,0.278419
Heap Sort,10000,675,20261478,0.29792
Heap Sort,10000,676,20261479,0.277533
Heap Sort,10000,677,20261480,0.276062
Heap Sort,10000,678,20261481,0.279785
Heap Sort,10000,679,20261482,0.278468
Heap Sort,10000,680,20261483,0.278652
Heap Sort,10000,681,20261484,0.278308
Heap Sort,10000,682,20261485,0.278536
Heap Sort,10000,683,20261486,0.279471
Heap Sort,10000,684,20261487,0.298025
Heap Sort,10000,685,20261488,0.277415
Heap Sort,10000,686,20261489,0.279354
Heap Sort,10000,687,20261490,0.278548
Heap Sort,10000,688,20261491,0.27976
Heap Sort,10000,689,20261492,0.300253
Heap Sort,10000,690,20261493,0.280487
Heap Sort,10000,691,20261494,0.278105
Heap Sort,10000,692,20261495,0.277224
Heap Sort,10000,693,20261496,0.279378
Heap Sort,10000,694,20261497,0.279298
Heap Sort,10000,695,20261498,0.277298
Heap Sort,10000,696,20261499,0.280652
Heap Sort,10000,697,20261500,0.300455
Heap Sort,10000,698,20261501,0.279779
Heap Sort,10000,699,20261502,0.326615
Heap Sort,10000,700,20261503,0.278744
Heap Sort,10000,701,20261504,0.278449
Heap Sort,10000,702,20261505,0.279176
Heap Sort,10000,703,20261506,0.277569
Heap Sort,10000,704,20261507,0.278745
Heap Sort,10000,705,20261508,0.277908
Heap Sort,10000,706,20261509,0.278776
Heap Sort,10000,707,20261510,0.27768
Heap Sort,10000,708,20261511,0.279606
Heap Sort,10000,709,20261512,0.29821
Heap Sort,10000,710,20261513,0.281034
Heap Sort,10000,711,20261514,0.277526
Heap Sort,10000,712,20261515,0.297994
Heap Sort,10000,713,20261516,0.29656
Heap Sort,10000,714,20261517,0.27872
Heap Sort,10000,715,20261518,0.279957
Heap Sort,10000,716,20261519,0.281157
Heap Sort,10000,717,20261520,0.299187
Heap Sort,10000,718,20261521,0.286677
Heap Sort,10000,719,20261522,0.300364
Heap Sort,10000,720,20261523,0.277772
Heap Sort,10000,721,20261524,0.279785
Heap Sort,10000,722,20261525,0.29728
Heap Sort,10000,723,20261526,0.297391
Heap Sort,10000,724,20261527,0.278493
Heap Sort,10000,725,20261528,0.281028
Heap Sort,10000,726,20261529,0.277981
Heap Sort,10000,727,20261530,0.278
Heap Sort,10000,728,20261531,0.279514
Heap Sort,10000,729,20261532,0.278788
Heap Sort,10000,730,20261533,0.278523
Heap Sort,10000,731,20261534,0.281286
Heap Sort,10000,732,20261535,0.278345
Heap Sort,10000,733,20261536,0.299661
Heap Sort,10000,734,20261537,0.281249
Heap Sort,10000,735,20261538,0.277705
Heap Sort,10000,736,20261539,0.281089
Heap Sort,10000,737,20261540,0.303397
Heap Sort,10000,738,20261541,0.288701
Heap Sort,10000,739,20261542,0.287723
Heap Sort,10000,740,20261543,0.283102
Heap Sort,10000,741,20261544,0.280517
Heap Sort,10000,742,20261545,0.278178
Heap Sort,10000,743,20261546,0.278566
Heap Sort,10000,744,20261547,0.281569
Heap Sort,10000,745,20261548,0.281071
Heap Sort,10000,746,20261549,0.278227
Heap Sort,10000,747,20261550,0.277329
Heap Sort,10000,748,20261551,0.281926
Heap Sort,10000,749,20261552,0.281791
Heap Sort,10000,750,20261553,0.282098
Heap Sort,10000,751,20261554,0.300807
Heap Sort,10000,752,20261555,0.27984
Heap Sort,10000,753,20261556,0.280849
Heap Sort,10000,754,20261557,0.281465
Heap Sort,10000,755,20261558,0.278301
Heap Sort,10000,756,20261559,0.290677
Heap Sort,10000,757,20261560,0.279533
Heap Sort,10000,758,20261561,0.281539
Heap Sort,10000,759,20261562,0.281224
Heap Sort,10000,760,20261563,0.281342
Heap Sort,10000,761,20261564,0.280997
Heap Sort,10000,762,20261565,0.278874
Heap Sort,10000,763,20261566,0.277403
Heap Sort,10000,764,20261567,0.299249
Heap Sort,10000,765,20261568,0.279957
Heap Sort,10000,766,20261569,0.301256
Heap Sort,10000,767,20261570,0.299631
Heap Sort,10000,768,20261571,0.274997
Heap Sort,10000,769,20261572,0.281163
Heap Sort,10000,770,20261573,0.299803
Heap Sort,10000,771,20261574,0.279213
Heap Sort,10000,772,20261575,0.281717
Heap Sort,10000,773,20261576,0.298935
Heap Sort,10000,774,20261577,0.278185
Heap Sort,10000,775,20261578,0.325095
Heap Sort,10000,776,20261579,0.280296
Heap Sort,10000,777,20261580,0.277502
Heap Sort,10000,778,20261581,0.282043
Heap Sort,10000,779,20261582,0.280141
Heap Sort,10000,780,20261583,0.281225
Heap Sort,10000,781,20261584,0.279975
Heap Sort,10000,782,20261585,0.277341
Heap Sort,10000,783,20261586,0.282105
Heap Sort,10000,784,20261587,0.27952
Heap Sort,10000,785,20261588,0.299415
Heap Sort,10000,786,20261589,0.282222
Heap Sort,10000,787,20261590,0.299735
Heap Sort,10000,788,20261591,0.278388
Heap Sort,10000,789,20261592,0.281453
Heap Sort,10000,790,20261593,0.279606
Heap Sort,10000,791,20261594,0.300068
Heap Sort,10000,792,20261595,0.281655
Heap Sort,10000,793,20261596,0.281267
Heap Sort,10000,794,20261597,0.299895
Heap Sort,10000,795,20261598,0.281415
Heap Sort,10000,796,20261599,0.282357
Heap Sort,10000,797,20261600,0.27936
Heap Sort,10000,798,20261601,0.281046
Heap Sort,10000,799,20261602,0.278332
Heap Sort,10000,800,20261603,0.282265
Heap Sort,10000,801,20261604,0.280055
Heap Sort,10000,802,20261605,0.279268
Heap Sort,10000,803,20261606,0.299784
Heap Sort,10000,804,20261607,0.277834
Heap Sort,10000,805,20261608,0.300628
Heap Sort,10000,806,20261609,0.282228
Heap Sort,10000,807,20261610,0.281151
Heap Sort,10000,808,20261611,0.282566
Heap Sort,10000,809,20261612,0.280676
Heap Sort,10000,810,20261613,0.279428
Heap Sort,10000,811,20261614,0.299901
Heap Sort,10000,812,20261615,0.280345
Heap Sort,10000,813,20261616,0.281169
Heap Sort,10000,814,20261617,0.281797
Heap Sort,10000,815,20261618,0.299372
Heap Sort,10000,816,20261619,0.279741
Heap Sort,10000,817,20261620,0.277378
Heap Sort,10000,818,20261621,0.28024
Heap Sort,10000,819,20261622,0.301828
Heap Sort,10000,820,20261623,0.279421
Heap Sort,10000,821,20261624,0.279612
Heap Sort,10000,822,20261625,0.278542
Heap Sort,10000,823,20261626,0.278775
Heap Sort,10000,824,20261627,0.287668
Heap Sort,10000,825,20261628,0.280554
Heap Sort,10000,826,20261629,0.279484
Heap Sort,10000,827,20261630,0.278646
Heap Sort,10000,828,20261631,0.300566
Heap Sort,10000,829,20261632,0.278418
Heap Sort,10000,830,20261633,0.279699
Heap Sort,10000,831,20261634,0.282406
Heap Sort,10000,832,20261635,0.280012
Heap Sort,10000,833,20261636,0.280702
Heap Sort,10000,834,20261637,0.280505
Heap Sort,10000,835,20261638,0.280714
Heap Sort,10000,836,20261639,0.281065
Heap Sort,10000,837,20261640,0.280634
Heap Sort,10000,838,20261641,0.298424
Heap Sort,10000,839,20261642,0.299926
Heap Sort,10000,840,20261643,0.282646
Heap Sort,10000,841,20261644,0.279563
Heap Sort,10000,842,20261645,0.280093
Heap Sort,10000,843,20261646,0.279827
Heap Sort,10000,844,20261647,0.278437
Heap Sort,10000,845,20261648,0.29987
Heap Sort,10000,846,20261649,0.279766
Heap Sort,10000,847,20261650,0.279213
Heap Sort,10000,848,20261651,0.282074
Heap Sort,10000,849,20261652,0.281058
Heap Sort,10000,850,20261653,0.278227
Heap Sort,10000,851,20261654,0.279489
Heap Sort,10000,852,20261655,0.280775
Heap Sort,10000,853,20261656,0.281416
Heap Sort,10000,854,20261657,0.279939
Heap Sort,10000,855,20261658,0.298099
Heap Sort,10000,856,20261659,0.280695
Heap Sort,10000,857,20261660,0.280314
Heap Sort,10000,858,20261661,0.278683
Heap Sort,10000,859,20261662,0.280006
Heap Sort,10000,860,20261663,0.28192
Heap Sort,10000,861,20261664,0.279477
Heap Sort,10000,862,20261665,0.299508
Heap Sort,10000,863,20261666,0.279618
Heap Sort,10000,864,20261667,0.280302
Heap Sort,10000,865,20261668,0.281797
Heap Sort,10000,866,20261669,0.279816
Heap Sort,10000,867,20261670,0.279471
Heap Sort,10000,868,20261671,0.278086
Heap Sort,10000,869,20261672,0.279692
Heap Sort,10000,870,20261673,0.298413
Heap Sort,10000,871,20261674,0.279151
Heap Sort,10000,872,20261675,0.301212
Heap Sort,10000,873,20261676,0.279594
Heap Sort,10000,874,20261677,0.279778
Heap Sort,10000,875,20261678,0.277784
Heap Sort,10000,876,20261679,0.280345
Heap Sort,10000,877,20261680,0.279821
Heap Sort,10000,878,20261681,0.300499
Heap Sort,10000,879,20261682,0.281145
Heap Sort,10000,880,20261683,0.279766
Heap Sort,10000,881,20261684,0.314449
Heap Sort,10000,882,20261685,0.280732
Heap Sort,10000,883,20261686,0.281144
Heap Sort,10000,884,20261687,0.281846
Heap Sort,10000,885,20261688,0.27928
Heap Sort,10000,886,20261689,0.279077
Heap Sort,10000,887,20261690,0.280917
Heap Sort,10000,888,20261691,0.286167
Heap Sort,10000,889,20261692,0.279742
Heap Sort,10000,890,20261693,0.278271
Heap Sort,10000,891,20261694,0.28136
Heap Sort,10000,892,20261695,0.282708
Heap Sort,10000,893,20261696,0.279304
Heap Sort,10000,894,20261697,0.28008
Heap Sort,10000,895,20261698,0.279735
Heap Sort,10000,896,20261699,0.281446
Heap Sort,10000,897,20261700,0.280874
Heap Sort,10000,898,20261701,0.283544
Heap Sort,10000,899,20261702,0.281249
Heap Sort,10000,900,20261703,0.293458
Heap Sort,10000,901,20261704,0.278745
Heap Sort,10000,902,20261705,0.280074
Heap Sort,10000,903,20261706,0.2804
Heap Sort,10000,904,20261707,0.28064
Heap Sort,10000,905,20261708,0.284264
Heap Sort,10000,906,20261709,0.284062
Heap Sort,10000,907,20261710,0.291028
Heap Sort,10000,908,20261711,0.27216
Heap Sort,10000,909,20261712,0.28536
Heap Sort,10000,910,20261713,0.299575
Heap Sort,10000,911,20261714,0.281348
Heap Sort,10000,912,20261715,0.280117
Heap Sort,10000,913,20261716,0.281982
Heap Sort,10000,914,20261717,0.301292
Heap Sort,10000,915,20261718,0.280467
Heap Sort,10000,916,20261719,0.278726
Heap Sort,10000,917,20261720,0.278652
Heap Sort,10000,918,20261721,0.279797
Heap Sort,10000,919,20261722,0.326376
Heap Sort,10000,920,20261723,0.277809
Heap Sort,10000,921,20261724,0.28176
Heap Sort,10000,922,20261725,0.279821
Heap Sort,10000,923,20261726,0.280547
Heap Sort,10000,924,20261727,0.277514
Heap Sort,10000,925,20261728,0.280516
Heap Sort,10000,926,20261729,0.279532
Heap Sort,10000,927,20261730,0.279483
Heap Sort,10000,928,20261731,0.280308
Heap Sort,10000,929,20261732,0.278394
Heap Sort,10000,930,20261733,0.27936
Heap Sort,10000,931,20261734,0.280357
Heap Sort,10000,932,20261735,0.280523
Heap Sort,10000,933,20261736,0.279532
Heap Sort,10000,934,20261737,0.281132
Heap Sort,10000,935,20261738,0.279526
Heap Sort,10000,936,20261739,0.280332
Heap Sort,10000,937,20261740,0.301175
Heap Sort,10000,938,20261741,0.278505
Heap Sort,10000,939,20261742,0.302431
Heap Sort,10000,940,20261743,0.279034
Heap Sort,10000,941,20261744,0.281003
Heap Sort,10000,942,20261745,0.278375
Heap Sort,10000,943,20261746,0.279822
Heap Sort,10000,944,20261747,0.2784
Heap Sort,10000,945,20261748,0.280806
Heap Sort,10000,946,20261749,0.278086
Heap Sort,10000,947,20261750,0.280529
Heap Sort,10000,948,20261751,0.281175
Heap Sort,10000,949,20261752,0.283864
Heap Sort,10000,950,20261753,0.278973
Heap Sort,10000,951,20261754,0.28024
Heap Sort,10000,952,20261755,0.279138
Heap Sort,10000,953,20261756,0.279077
Heap Sort,10000,954,20261757,0.280289
Heap Sort,10000,955,20261758,0.279052
Heap Sort,10000,956,20261759,0.297883
Heap Sort,10000,957,20261760,0.2808
Heap Sort,10000,958,20261761,0.280258
Heap Sort,10000,959,20261762,0.299692
Heap Sort,10000,960,20261763,0.282049
Heap Sort,10000,961,20261764,0.278585
Heap Sort,10000,962,20261765,0.278302
Heap Sort,10000,963,20261766,0.279612
Heap Sort,10000,964,20261767,0.2812
Heap Sort,10000,965,20261768,0.280738
Heap Sort,10000,966,20261769,0.28152
Heap Sort,10000,967,20261770,0.281889
Heap Sort,10000,968,20261771,0.293704
Heap Sort,10000,969,20261772,0.279127
Heap Sort,10000,970,20261773,0.280615
Heap Sort,10000,971,20261774,0.27981
Heap Sort,10000,972,20261775,0.278566
Heap Sort,10000,973,20261776,0.279828
Heap Sort,10000,974,20261777,0.280695
Heap Sort,10000,975,20261778,0.278449
Heap Sort,10000,976,20261779,0.301877
Heap Sort,10000,977,20261780,0.278203
Heap Sort,10000,978,20261781,0.278886
Heap Sort,10000,979,20261782,0.300037
Heap Sort,10000,980,20261783,0.29944
Heap Sort,10000,981,20261784,0.279532
Heap Sort,10000,982,20261785,0.280991
Heap Sort,10000,983,20261786,0.280056
Heap Sort,10000,984,20261787,0.280567
Heap Sort,10000,985,20261788,0.280812
Heap Sort,10000,986,20261789,0.278209
Heap Sort,10000,987,20261790,0.327096
Heap Sort,10000,988,20261791,0.279662
Heap Sort,10000,989,20261792,0.282782
Heap Sort,10000,990,20261793,0.280135
Heap Sort,10000,991,20261794,0.279729
Heap Sort,10000,992,20261795,0.279084
Heap Sort,10000,993,20261796,0.282425
Heap Sort,10000,994,20261797,0.300701
Heap Sort,10000,995,20261798,0.298622
Heap Sort,10000,996,20261799,0.27875
Heap Sort,10000,997,20261800,0.279391
Heap Sort,10000,998,20261801,0.280037
Heap Sort,10000,999,20261802,0.281643
Heap Sort,10000,1000,20261803,0.282689
Heap Sort,10000,1001,20261804,0.277231
Heap Sort,10000,1002,20261805,0.279575
Heap Sort,10000,1003,20261806,0.277323
Heap Sort,10000,1004,20261807,0.280727
Heap Sort,10000,1005,20261808,0.299108
Heap Sort,10000,1006,20261809,0.281619
Heap Sort,10000,1007,20261810,0.30168
Heap Sort,10000,1008,20261811,0.279889
Heap Sort,10000,1009,20261812,0.279895
Heap Sort,10000,1010,20261813,0.278468
Heap Sort,10000,1011,20261814,0.278917
Heap Sort,10000,1012,20261815,0.298357
Heap Sort,10000,1013,20261816,0.27901
Heap Sort,10000,1014,20261817,0.278191
Heap Sort,10000,1015,20261818,0.279957
Heap Sort,10000,1016,20261819,0.278124
Heap Sort,10000,1017,20261820,0.279852
Heap Sort,10000,1018,20261821,0.278031
Heap Sort,10000,1019,20261822,0.277742
Heap Sort,10000,1020,20261823,0.278013
Heap Sort,10000,1021,20261824,0.275809
Heap Sort,10000,1022,20261825,0.27912
Heap Sort,10000,1023,20261826,0.278966
Heap Sort,10000,1024,20261827,0.299877
Heap Sort,10000,1025,20261828,0.279686
Heap Sort,10000,1026,20261829,0.298388
Heap Sort,10000,1027,20261830,0.279329
Heap Sort,10000,1028,20261831,0.287372
Heap Sort,10000,1029,20261832,0.288616
Heap Sort,10000,1030,20261833,0.284191
Heap Sort,10000,1031,20261834,0.283428
Heap Sort,10000,1032,20261835,0.281336
Heap Sort,10000,1033,20261836,0.279366
Heap Sort,10000,1034,20261837,0.281533
Heap Sort,10000,1035,20261838,0.301262
Heap Sort,10000,1036,20261839,0.284412
Heap Sort,10000,1037,20261840,0.279575
Heap Sort,10000,1038,20261841,0.281273
Heap Sort,10000,1039,20261842,0.279981
Heap Sort,10000,1040,20261843,0.28128
Heap Sort,10000,1041,20261844,0.278277
Heap Sort,10000,1042,20261845,0.298117
Heap Sort,10000,1043,20261846,0.284012
Heap Sort,10000,1044,20261847,0.281526
Heap Sort,10000,1045,20261848,0.280301
Heap Sort,10000,1046,20261849,0.301637
Heap Sort,10000,1047,20261850,0.27808
Heap Sort,10000,1048,20261851,0.301717
Heap Sort,10000,1049,20261852,0.278467
Heap Sort,10000,1050,20261853,0.281544
Heap Sort,10000,1051,20261854,0.29848
Heap Sort,10000,1052,20261855,0.294474
Heap Sort,10000,1053,20261856,0.280313
Heap Sort,10000,1054,20261857,0.277582
Heap Sort,10000,1055,20261858,0.280492
Heap Sort,10000,1056,20261859,0.280388
Heap Sort,10000,1057,20261860,0.281213
Heap Sort,10000,1058,20261861,0.299784
Heap Sort,10000,1059,20261862,0.277932
Heap Sort,10000,1060,20261863,0.303415
Heap Sort,10000,1061,20261864,0.279101
Heap Sort,10000,1062,20261865,0.280376
Heap Sort,10000,1063,20261866,0.279643
Heap Sort,10000,1064,20261867,0.279071
Heap Sort,10000,1065,20261868,0.280738
Heap Sort,10000,1066,20261869,0.279157
Heap Sort,10000,1067,20261870,0.280763
Heap Sort,10000,1068,20261871,0.280301
Heap Sort,10000,1069,20261872,0.280314
Heap Sort,10000,1070,20261873,0.27928
Heap Sort,10000,1071,20261874,0.32976
Heap Sort,10000,1072,20261875,0.280406
Heap Sort,10000,1073,20261876,0.284517
Heap Sort,10000,1074,20261877,0.284856
Heap Sort,10000,1075,20261878,0.284567
Heap Sort,10000,1076,20261879,0.290788
Heap Sort,10000,1077,20261880,0.288991
Heap Sort,10000,1078,20261881,0.283741
Heap Sort,10000,1079,20261882,0.279028
Heap Sort,10000,1080,20261883,0.279901
Heap Sort,10000,1081,20261884,0.279225
Heap Sort,10000,1082,20261885,0.280302
Heap Sort,10000,1083,20261886,0.279453
Heap Sort,10000,1084,20261887,0.279434
Heap Sort,10000,1085,20261888,0.279243
Heap Sort,10000,1086,20261889,0.280548
Heap Sort,10000,1087,20261890,0.279385
Heap Sort,10000,1088,20261891,0.280172
Heap Sort,10000,1089,20261892,0.280363
Heap Sort,10000,1090,20261893,0.280948
Heap Sort,10000,1091,20261894,0.292086
Heap Sort,10000,1092,20261895,0.28448
Heap Sort,10000,1093,20261896,0.281212
Heap Sort,10000,1094,20261897,0.282905
Heap Sort,10000,1095,20261898,0.28232
Heap Sort,10000,1096,20261899,0.281305
Heap Sort,10000,1097,20261900,0.278677
Heap Sort,10000,1098,20261901,0.281889
Heap Sort,10000,1099,20261902,0.300517
Heap Sort,10000,1100,20261903,0.281003
Heap Sort,10000,1101,20261904,0.28099
Heap Sort,10000,1102,20261905,0.282788
Heap Sort,10000,1103,20261906,0.281095
Heap Sort,10000,1104,20261907,0.279963
Heap Sort,10000,1105,20261908,0.280227
Heap Sort,10000,1106,20261909,0.281926
Heap Sort,10000,1107,20261910,0.299736
Heap Sort,10000,1108,20261911,0.283003
Heap Sort,10000,1109,20261912,0.33296
Heap Sort,10000,1110,20261913,0.279391
Heap Sort,10000,1111,20261914,0.280702
Heap Sort,10000,1112,20261915,0.281913
Heap Sort,10000,1113,20261916,0.281102
Heap Sort,10000,1114,20261917,0.277175
Heap Sort,10000,1115,20261918,0.284092
Heap Sort,10000,1116,20261919,0.28168
Heap Sort,10000,1117,20261920,0.281151
Heap Sort,10000,1118,20261921,0.2816
Heap Sort,10000,1119,20261922,0.279372
Heap Sort,10000,1120,20261923,0.280499
Heap Sort,10000,1121,20261924,0.280413
Heap Sort,10000,1122,20261925,0.279422
Heap Sort,10000,1123,20261926,0.27843
Heap Sort,10000,1124,20261927,0.278086
Heap Sort,10000,1125,20261928,0.279871
Heap Sort,10000,1126,20261929,0.279668
Heap Sort,10000,1127,20261930,0.28024
Heap Sort,10000,1128,20261931,0.331206
Heap Sort,10000,1129,20261932,0.277766
Heap Sort,10000,1130,20261933,0.280726
Heap Sort,10000,1131,20261934,0.279533
Heap Sort,10000,1132,20261935,0.280141
Heap Sort,10000,1133,20261936,0.280462
Heap Sort,10000,1134,20261937,0.27992
Heap Sort,10000,1135,20261938,0.302055
Heap Sort,10000,1136,20261939,0.300868
Heap Sort,10000,1137,20261940,0.28019
Heap Sort,10000,1138,20261941,0.281575
Heap Sort,10000,1139,20261942,0.281735
Heap Sort,10000,1140,20261943,0.2808
Heap Sort,10000,1141,20261944,0.277723
Heap Sort,10000,1142,20261945,0.284252
Heap Sort,10000,1143,20261946,0.279883
Heap Sort,10000,1144,20261947,0.280252
Heap Sort,10000,1145,20261948,0.299753
Heap Sort,10000,1146,20261949,0.279145
Heap Sort,10000,1147,20261950,0.28837
Heap Sort,10000,1148,20261951,0.278382
Heap Sort,10000,1149,20261952,0.280573
Heap Sort,10000,1150,20261953,0.27992
Heap Sort,10000,1151,20261954,0.301674
Heap Sort,10000,1152,20261955,0.279231
Heap Sort,10000,1153,20261956,0.278696
Heap Sort,10000,1154,20261957,0.279742
Heap Sort,10000,1155,20261958,0.278585
Heap Sort,10000,1156,20261959,0.282246
Heap Sort,10000,1157,20261960,0.280449
Heap Sort,10000,1158,20261961,0.301267
Heap Sort,10000,1159,20261962,0.277262
Heap Sort,10000,1160,20261963,0.279354
Heap Sort,10000,1161,20261964,0.281643
Heap Sort,10000,1162,20261965,0.298905
Heap Sort,10000,1163,20261966,0.279834
Heap Sort,10000,1164,20261967,0.299859
Heap Sort,10000,1165,20261968,0.278456
Heap Sort,10000,1166,20261969,0.280899
Heap Sort,10000,1167,20261970,0.279661
Heap Sort,10000,1168,20261971,0.281988
Heap Sort,10000,1169,20261972,0.28184
Heap Sort,10000,1170,20261973,0.280209
Heap Sort,10000,1171,20261974,0.281766
Heap Sort,10000,1172,20261975,0.281372
Heap Sort,10000,1173,20261976,0.280313
Heap Sort,10000,1174,20261977,0.279834
Heap Sort,10000,1175,20261978,0.279342
Heap Sort,10000,1176,20261979,0.277175
Heap Sort,10000,1177,20261980,0.326689
Heap Sort,10000,1178,20261981,0.277729
Heap Sort,10000,1179,20261982,0.28091
Heap Sort,10000,1180,20261983,0.279434
Heap Sort,10000,1181,20261984,0.280049
Heap Sort,10000,1182,20261985,0.279957
Heap Sort,10000,1183,20261986,0.282831
Heap Sort,10000,1184,20261987,0.280548
Heap Sort,10000,1185,20261988,0.279422
Heap Sort,10000,1186,20261989,0.2812
Heap Sort,10000,1187,20261990,0.279993
Heap Sort,10000,1188,20261991,0.279661
Heap Sort,10000,1189,20261992,0.282172
Heap Sort,10000,1190,20261993,0.278665
Heap Sort,10000,1191,20261994,0.280295
Heap Sort,10000,1192,20261995,0.279182
Heap Sort,10000,1193,20261996,0.280905
Heap Sort,10000,1194,20261997,0.276904
Heap Sort,10000,1195,20261998,0.278154
Heap Sort,10000,1196,20261999,0.333723
Heap Sort,10000,1197,20262000,0.279896
Heap Sort,10000,1198,20262001,0.277877
Heap Sort,10000,1199,20262002,0.278985
Heap Sort,10000,1200,20262003,0.299987
Heap Sort,10000,1201,20262004,0.31371
Heap Sort,10000,1202,20262005,0.303938
Heap Sort,10000,1203,20262006,0.285261
Heap Sort,10000,1204,20262007,0.305022
Heap Sort,10000,1205,20262008,0.318135
Heap Sort,10000,1206,20262009,0.3532
Heap Sort,10000,1207,20262010,0.304615
Heap Sort,10000,1208,20262011,0.307298
Heap Sort,10000,1209,20262012,0.308135
Heap Sort,10000,1210,20262013,0.285102
Heap Sort,10000,1211,20262014,0.283631
Heap Sort,10000,1212,20262015,0.283034
Heap Sort,10000,1213,20262016,0.283501
Heap Sort,10000,1214,20262017,0.285717
Heap Sort,10000,1215,20262018,0.283157
Heap Sort,10000,1216,20262019,0.368714
Heap Sort,10000,1217,20262020,0.314228
Heap Sort,10000,1218,20262021,0.29384
Heap Sort,10000,1219,20262022,0.323477
Heap Sort,10000,1220,20262023,0.299071
Heap Sort,10000,1221,20262024,0.309784
Heap Sort,10000,1222,20262025,0.305483
Heap Sort,10000,1223,20262026,0.335003
Heap Sort,10000,1224,20262027,0.313348
Heap Sort,10000,1225,20262028,0.307231
Heap Sort,10000,1226,20262029,0.295717
Heap Sort,10000,1227,20262030,0.343884
Heap Sort,10000,1228,20262031,0.304049
Heap Sort,10000,1229,20262032,0.286154
Heap Sort,10000,1230,20262033,0.289895
Heap Sort,10000,1231,20262034,0.281569
Heap Sort,10000,1232,20262035,0.281957
Heap Sort,10000,1233,20262036,0.281914
Heap Sort,10000,1234,20262037,0.284781
Heap Sort,10000,1235,20262038,0.286179
Heap Sort,10000,1236,20262039,0.291465
Heap Sort,10000,1237,20262040,0.300221
Heap Sort,10000,1238,20262041,0.315785
Heap Sort,10000,1239,20262042,0.289453
Heap Sort,10000,1240,20262043,0.315028
Heap Sort,10000,1241,20262044,0.305588
Heap Sort,10000,1242,20262045,0.351157
Heap Sort,10000,1243,20262046,0.310702
Heap Sort,10000,1244,20262047,0.35208
Heap Sort,10000,1245,20262048,0.360259
Heap Sort,10000,1246,20262049,0.347108
Heap Sort,10000,1247,20262050,0.337791
Heap Sort,10000,1248,20262051,0.348326
Heap Sort,10000,1249,20262052,0.316363
Heap Sort,10000,1250,20262053,0.316997
Heap Sort,10000,1251,20262054,0.298578
Heap Sort,10000,1252,20262055,0.296129
Heap Sort,10000,1253,20262056,0.291052
Heap Sort,10000,1254,20262057,0.294025
Heap Sort,10000,1255,20262058,0.293631
Heap Sort,10000,1256,20262059,0.291686
Heap Sort,10000,1257,20262060,0.2924
Heap Sort,10000,1258,20262061,0.292572
Heap Sort,10000,1259,20262062,0.291175
Heap Sort,10000,1260,20262063,0.290868
Heap Sort,10000,1261,20262064,0.291311
Heap Sort,10000,1262,20262065,0.29155
Heap Sort,10000,1263,20262066,0.293551
Heap Sort,10000,1264,20262067,0.290419
Heap Sort,10000,1265,20262068,0.291004
Heap Sort,10000,1266,20262069,0.290924
Heap Sort,10000,1267,20262070,0.274979
Heap Sort,10000,1268,20262071,0.288978
Heap Sort,10000,1269,20262072,0.297225
Heap Sort,10000,1270,20262073,0.294665
Heap Sort,10000,1271,20262074,0.291834
Heap Sort,10000,1272,20262075,0.289889
Heap Sort,10000,1273,20262076,0.317102
Heap Sort,10000,1274,20262077,0.289809
Heap Sort,10000,1275,20262078,0.29325
Heap Sort,10000,1276,20262079,0.291261
Heap Sort,10000,1277,20262080,0.290246
Heap Sort,10000,1278,20262081,0.291083
Heap Sort,10000,1279,20262082,0.289169
Heap Sort,10000,1280,20262083,0.290394
Heap Sort,10000,1281,20262084,0.301667
Heap Sort,10000,1282,20262085,0.291317
Heap Sort,10000,1283,20262086,0.288553
Heap Sort,10000,1284,20262087,0.291834
Heap Sort,10000,1285,20262088,0.29104
Heap Sort,10000,1286,20262089,0.291003
Heap Sort,10000,1287,20262090,0.293784
Heap Sort,10000,1288,20262091,0.288215
Heap Sort,10000,1289,20262092,0.295902
Heap Sort,10000,1290,20262093,0.291717
Heap Sort,10000,1291,20262094,0.287354
Heap Sort,10000,1292,20262095,0.291256
Heap Sort,10000,1293,20262096,0.29184
Heap Sort,10000,1294,20262097,0.290806
Heap Sort,10000,1295,20262098,0.289514
Heap Sort,10000,1296,20262099,0.29088
Heap Sort,10000,1297,20262100,0.292868
Heap Sort,10000,1298,20262101,0.291588
Heap Sort,10000,1299,20262102,0.288813
Heap Sort,10000,1300,20262103,0.291501
Heap Sort,10000,1301,20262104,0.290788
Heap Sort,10000,1302,20262105,0.290449
Heap Sort,10000,1303,20262106,0.290738
Heap Sort,10000,1304,20262107,0.289754
Heap Sort,10000,1305,20262108,0.294228
Heap Sort,10000,1306,20262109,0.293206
Heap Sort,10000,1307,20262110,0.289785
Heap Sort,10000,1308,20262111,0.292166
Heap Sort,10000,1309,20262112,0.292621
Heap Sort,10000,1310,20262113,0.288498
Heap Sort,10000,1311,20262114,0.2908
Heap Sort,10000,1312,20262115,0.291003
Heap Sort,10000,1313,20262116,0.291957
Heap Sort,10000,1314,20262117,0.290677
Heap Sort,10000,1315,20262118,0.293557
Heap Sort,10000,1316,20262119,0.292006
Heap Sort,10000,1317,20262120,0.290997
Heap Sort,10000,1318,20262121,0.293207
Heap Sort,10000,1319,20262122,0.292086
Heap Sort,10000,1320,20262123,0.291656
Heap Sort,10000,1321,20262124,0.292517
Heap Sort,10000,1322,20262125,0.29224
Heap Sort,10000,1323,20262126,0.290653
Heap Sort,10000,1324,20262127,0.292621
Heap Sort,10000,1325,20262128,0.296074
Heap Sort,10000,1326,20262129,0.29101
Heap Sort,10000,1327,20262130,0.288443
Heap Sort,10000,1328,20262131,0.291421
Heap Sort,10000,1329,20262132,0.292184
Heap Sort,10000,1330,20262133,0.293914
Heap Sort,10000,1331,20262134,0.294129
Heap Sort,10000,1332,20262135,0.293095
Heap Sort,10000,1333,20262136,0.293273
Heap Sort,10000,1334,20262137,0.292387
Heap Sort,10000,1335,20262138,0.29235
Heap Sort,10000,1336,20262139,0.293378
Heap Sort,10000,1337,20262140,0.295065
Heap Sort,10000,1338,20262141,0.29325
Heap Sort,10000,1339,20262142,0.292394
Heap Sort,10000,1340,20262143,0.291729
Heap Sort,10000,1341,20262144,0.290683
Heap Sort,10000,1342,20262145,0.29
Heap Sort,10000,1343,20262146,0.293496
Heap Sort,10000,1344,20262147,0.293828
Heap Sort,10000,1345,20262148,0.289926
Heap Sort,10000,1346,20262149,0.292142
Heap Sort,10000,1347,20262150,0.292326
Heap Sort,10000,1348,20262151,0.290819
Heap Sort,10000,1349,20262152,0.291052
Heap Sort,10000,1350,20262153,0.289379
Heap Sort,10000,1351,20262154,0.293206
Heap Sort,10000,1352,20262155,0.288548
Heap Sort,10000,1353,20262156,0.292314
Heap Sort,10000,1354,20262157,0.289976
Heap Sort,10000,1355,20262158,0.289028
Heap Sort,10000,1356,20262159,0.290818
Heap Sort,10000,1357,20262160,0.292621
Heap Sort,10000,1358,20262161,0.292222
Heap Sort,10000,1359,20262162,0.290381
Heap Sort,10000,1360,20262163,0.290413
Heap Sort,10000,1361,20262164,0.293384
Heap Sort,10000,1362,20262165,0.291569
Heap Sort,10000,1363,20262166,0.28856
Heap Sort,10000,1364,20262167,0.289668
Heap Sort,10000,1365,20262168,0.291791
Heap Sort,10000,1366,20262169,0.29144
Heap Sort,10000,1367,20262170,0.291594
Heap Sort,10000,1368,20262171,0.289077
Heap Sort,10000,1369,20262172,0.293785
Heap Sort,10000,1370,20262173,0.290708
Heap Sort,10000,1371,20262174,0.292061
Heap Sort,10000,1372,20262175,0.290381
Heap Sort,10000,1373,20262176,0.291686
Heap Sort,10000,1374,20262177,0.290578
Heap Sort,10000,1375,20262178,0.289544
Heap Sort,10000,1376,20262179,0.291772
Heap Sort,10000,1377,20262180,0.290622
Heap Sort,10000,1378,20262181,0.290985
Heap Sort,10000,1379,20262182,0.294412
Heap Sort,10000,1380,20262183,0.290425
Heap Sort,10000,1381,20262184,0.290972
Heap Sort,10000,1382,20262185,0.292289
Heap Sort,10000,1383,20262186,0.289704
Heap Sort,10000,1384,20262187,0.290603
Heap Sort,10000,1385,20262188,0.291163
Heap Sort,10000,1386,20262189,0.288707
Heap Sort,10000,1387,20262190,0.290215
Heap Sort,10000,1388,20262191,0.289772
Heap Sort,10000,1389,20262192,0.290658
Heap Sort,10000,1390,20262193,0.292283
Heap Sort,10000,1391,20262194,0.290763
Heap Sort,10000,1392,20262195,0.292751
Heap Sort,10000,1393,20262196,0.292123
Heap Sort,10000,1394,20262197,0.288523
Heap Sort,10000,1395,20262198,0.292006
Heap Sort,10000,1396,20262199,0.275809
Heap Sort,10000,1397,20262200,0.293557
Heap Sort,10000,1398,20262201,0.287662
Heap Sort,10000,1399,20262202,0.293465
Heap Sort,10000,1400,20262203,0.291539
Heap Sort,10000,1401,20262204,0.290862
Heap Sort,10000,1402,20262205,0.293876
Heap Sort,10000,1403,20262206,0.291908
Heap Sort,10000,1404,20262207,0.292117
Heap Sort,10000,1405,20262208,0.291231
Heap Sort,10000,1406,20262209,0.340554
Heap Sort,10000,1407,20262210,0.292252
Heap Sort,10000,1408,20262211,0.290739
Heap Sort,10000,1409,20262212,0.291028
Heap Sort,10000,1410,20262213,0.289434
Heap Sort,10000,1411,20262214,0.291003
Heap Sort,10000,1412,20262215,0.274326
Heap Sort,10000,1413,20262216,0.296695
Heap Sort,10000,1414,20262217,0.306326
Heap Sort,10000,1415,20262218,0.302849
Heap Sort,10000,1416,20262219,0.29667
Heap Sort,10000,1417,20262220,0.288056
Heap Sort,10000,1418,20262221,0.292252
Heap Sort,10000,1419,20262222,0.290209
Heap Sort,10000,1420,20262223,0.288455
Heap Sort,10000,1421,20262224,0.290769
Heap Sort,10000,1422,20262225,0.29192
Heap Sort,10000,1423,20262226,0.290892
Heap Sort,10000,1424,20262227,0.290843
Heap Sort,10000,1425,20262228,0.291324
Heap Sort,10000,1426,20262229,0.273218
Heap Sort,10000,1427,20262230,0.291089
Heap Sort,10000,1428,20262231,0.291827
Heap Sort,10000,1429,20262232,0.288449
Heap Sort,10000,1430,20262233,0.297428
Heap Sort,10000,1431,20262234,0.289939
Heap Sort,10000,1432,20262235,0.289219
Heap Sort,10000,1433,20262236,0.290511
Heap Sort,10000,1434,20262237,0.290443
Heap Sort,10000,1435,20262238,0.291009
Heap Sort,10000,1436,20262239,0.290173
Heap Sort,10000,1437,20262240,0.2904
Heap Sort,10000,1438,20262241,0.34032
Heap Sort,10000,1439,20262242,0.290339
Heap Sort,10000,1440,20262243,0.28936
Heap Sort,10000,1441,20262244,0.29067
Heap Sort,10000,1442,20262245,0.292234
Heap Sort,10000,1443,20262246,0.290696
Heap Sort,10000,1444,20262247,0.290787
Heap Sort,10000,1445,20262248,0.290209
Heap Sort,10000,1446,20262249,0.288658
Heap Sort,10000,1447,20262250,0.290037
Heap Sort,10000,1448,20262251,0.290929
Heap Sort,10000,1449,20262252,0.291643
Heap Sort,10000,1450,20262253,0.291323
Heap Sort,10000,1451,20262254,0.290529
Heap Sort,10000,1452,20262255,0.289729
Heap Sort,10000,1453,20262256,0.290185
Heap Sort,10000,1454,20262257,0.303175
Heap Sort,10000,1455,20262258,0.289594
Heap Sort,10000,1456,20262259,0.289527
Heap Sort,10000,1457,20262260,0.287495
Heap Sort,10000,1458,20262261,0.267464
Heap Sort,10000,1459,20262262,0.290634
Heap Sort,10000,1460,20262263,0.290124
Heap Sort,10000,1461,20262264,0.288849
Heap Sort,10000,1462,20262265,0.324874
Heap Sort,10000,1463,20262266,0.270031
Heap Sort,10000,1464,20262267,0.288836
Heap Sort,10000,1465,20262268,0.2892
Heap Sort,10000,1466,20262269,0.287244
Heap Sort,10000,1467,20262270,0.289446
Heap Sort,10000,1468,20262271,0.293089
Heap Sort,10000,1469,20262272,0.309754
Heap Sort,10000,1470,20262273,0.286677
Heap Sort,10000,1471,20262274,0.291219
Heap Sort,10000,1472,20262275,0.290788
Heap Sort,10000,1473,20262276,0.291483
Heap Sort,10000,1474,20262277,0.292073
Heap Sort,10000,1475,20262278,0.290307
Heap Sort,10000,1476,20262279,0.290812
Heap Sort,10000,1477,20262280,0.292099
Heap Sort,10000,1478,20262281,0.289963
Heap Sort,10000,1479,20262282,0.289631
Heap Sort,10000,1480,20262283,0.288713
Heap Sort,10000,1481,20262284,0.292302
Heap Sort,10000,1482,20262285,0.293262
Heap Sort,10000,1483,20262286,0.291797
Heap Sort,10000,1484,20262287,0.291822
Heap Sort,10000,1485,20262288,0.288542
Heap Sort,10000,1486,20262289,0.287748
Heap Sort,10000,1487,20262290,0.287096
Heap Sort,10000,1488,20262291,0.288892
Heap Sort,10000,1489,20262292,0.29096
Heap Sort,10000,1490,20262293,0.291101
Heap Sort,10000,1491,20262294,0.28848
Heap Sort,10000,1492,20262295,0.291083
Heap Sort,10000,1493,20262296,0.309298
Heap Sort,10000,1494,20262297,0.289717
Heap Sort,10000,1495,20262298,0.290037
Heap Sort,10000,1496,20262299,0.292092
Heap Sort,10000,1497,20262300,0.291372
Heap Sort,10000,1498,20262301,0.289003
Heap Sort,10000,1499,20262302,0.28843
Heap Sort,10000,1500,20262303,0.290345
Heap Sort,10000,1501,20262304,0.288701
Heap Sort,10000,1502,20262305,0.289133
Heap Sort,10000,1503,20262306,0.290517
Heap Sort,10000,1504,20262307,0.288935
Heap Sort,10000,1505,20262308,0.289618
Heap Sort,10000,1506,20262309,0.287834
Heap Sort,10000,1507,20262310,0.290381
Heap Sort,10000,1508,20262311,0.290991
Heap Sort,10000,1509,20262312,0.291883
Heap Sort,10000,1510,20262313,0.290498
Heap Sort,10000,1511,20262314,0.289877
Heap Sort,10000,1512,20262315,0.291194
Heap Sort,10000,1513,20262316,0.289452
Heap Sort,10000,1514,20262317,0.28984
Heap Sort,10000,1515,20262318,0.29067
Heap Sort,10000,1516,20262319,0.290936
Heap Sort,10000,1517,20262320,0.312505
Heap Sort,10000,1518,20262321,0.302406
Heap Sort,10000,1519,20262322,0.294966
Heap Sort,10000,1520,20262323,0.290757
Heap Sort,10000,1521,20262324,0.291305
Heap Sort,10000,1522,20262325,0.289458
Heap Sort,10000,1523,20262326,0.295347
Heap Sort,10000,1524,20262327,0.289021
Heap Sort,10000,1525,20262328,0.29003
Heap Sort,10000,1526,20262329,0.289059
Heap Sort,10000,1527,20262330,0.286467
Heap Sort,10000,1528,20262331,0.288701
Heap Sort,10000,1529,20262332,0.289366
Heap Sort,10000,1530,20262333,0.287379
Heap Sort,10000,1531,20262334,0.286751
Heap Sort,10000,1532,20262335,0.288025
Heap Sort,10000,1533,20262336,0.289194
Heap Sort,10000,1534,20262337,0.289514
Heap Sort,10000,1535,20262338,0.291126
Heap Sort,10000,1536,20262339,0.288363
Heap Sort,10000,1537,20262340,0.289508
Heap Sort,10000,1538,20262341,0.291379
Heap Sort,10000,1539,20262342,0.290382
Heap Sort,10000,1540,20262343,0.288751
Heap Sort,10000,1541,20262344,0.286966
Heap Sort,10000,1542,20262345,0.287699
Heap Sort,10000,1543,20262346,0.289047
Heap Sort,10000,1544,20262347,0.289126
Heap Sort,10000,1545,20262348,0.28728
Heap Sort,10000,1546,20262349,0.288825
Heap Sort,10000,1547,20262350,0.286197
Heap Sort,10000,1548,20262351,0.289815
Heap Sort,10000,1549,20262352,0.286474
Heap Sort,10000,1550,20262353,0.291785
Heap Sort,10000,1551,20262354,0.289009
Heap Sort,10000,1552,20262355,0.290105
Heap Sort,10000,1553,20262356,0.289065
Heap Sort,10000,1554,20262357,0.289538
Heap Sort,10000,1555,20262358,0.28792
Heap Sort,10000,1556,20262359,0.285631
Heap Sort,10000,1557,20262360,0.287637
Heap Sort,10000,1558,20262361,0.287864
Heap Sort,10000,1559,20262362,0.287834
Heap Sort,10000,1560,20262363,0.287711
Heap Sort,10000,1561,20262364,0.290036
Heap Sort,10000,1562,20262365,0.287784
Heap Sort,10000,1563,20262366,0.287704
Heap Sort,10000,1564,20262367,0.289846
Heap Sort,10000,1565,20262368,0.292234
Heap Sort,10000,1566,20262369,0.300074
Heap Sort,10000,1567,20262370,0.285883
Heap Sort,10000,1568,20262371,0.269052
Heap Sort,10000,1569,20262372,0.290363
Heap Sort,10000,1570,20262373,0.289963
Heap Sort,10000,1571,20262374,0.290486
Heap Sort,10000,1572,20262375,0.289102
Heap Sort,10000,1573,20262376,0.28816
Heap Sort,10000,1574,20262377,0.343489
Heap Sort,10000,1575,20262378,0.286087
Heap Sort,10000,1576,20262379,0.289606
Heap Sort,10000,1577,20262380,0.290289
Heap Sort,10000,1578,20262381,0.289422
Heap Sort,10000,1579,20262382,0.290369
Heap Sort,10000,1580,20262383,0.290147
Heap Sort,10000,1581,20262384,0.293557
Heap Sort,10000,1582,20262385,0.304062
Heap Sort,10000,1583,20262386,0.299471
Heap Sort,10000,1584,20262387,0.28435
Heap Sort,10000,1585,20262388,0.296517
Heap Sort,10000,1586,20262389,0.289305
Heap Sort,10000,1587,20262390,0.292572
Heap Sort,10000,1588,20262391,0.290904
Heap Sort,10000,1589,20262392,0.286178
Heap Sort,10000,1590,20262393,0.35237
Heap Sort,10000,1591,20262394,0.289219
Heap Sort,10000,1592,20262395,0.290264
Heap Sort,10000,1593,20262396,0.289335
Heap Sort,10000,1594,20262397,0.286831
Heap Sort,10000,1595,20262398,0.289778
Heap Sort,10000,1596,20262399,0.287674
Heap Sort,10000,1597,20262400,0.29
Heap Sort,10000,1598,20262401,0.341532
Heap Sort,10000,1599,20262402,0.291268
Heap Sort,10000,1600,20262403,0.290923
Heap Sort,10000,1601,20262404,0.290449
Heap Sort,10000,1602,20262405,0.289576
Heap Sort,10000,1603,20262406,0.290154
Heap Sort,10000,1604,20262407,0.289341
Heap Sort,10000,1605,20262408,0.287083
Heap Sort,10000,1606,20262409,0.295711
Heap Sort,10000,1607,20262410,0.288997
Heap Sort,10000,1608,20262411,0.287932
Heap Sort,10000,1609,20262412,0.288868
Heap Sort,10000,1610,20262413,0.289557
Heap Sort,10000,1611,20262414,0.289784
Heap Sort,10000,1612,20262415,0.287452
Heap Sort,10000,1613,20262416,0.287108
Heap Sort,10000,1614,20262417,0.282646
Heap Sort,10000,1615,20262418,0.26744
Heap Sort,10000,1616,20262419,0.291046
Heap Sort,10000,1617,20262420,0.291957
Heap Sort,10000,1618,20262421,0.28792
Heap Sort,10000,1619,20262422,0.289218
Heap Sort,10000,1620,20262423,0.289095
Heap Sort,10000,1621,20262424,0.289299
Heap Sort,10000,1622,20262425,0.304289
Heap Sort,10000,1623,20262426,0.287446
Heap Sort,10000,1624,20262427,0.291261
Heap Sort,10000,1625,20262428,0.290671
Heap Sort,10000,1626,20262429,0.289809
Heap Sort,10000,1627,20262430,0.28856
Heap Sort,10000,1628,20262431,0.290123
Heap Sort,10000,1629,20262432,0.291816
Heap Sort,10000,1630,20262433,0.300547
Heap Sort,10000,1631,20262434,0.292123
Heap Sort,10000,1632,20262435,0.290874
Heap Sort,10000,1633,20262436,0.287107
Heap Sort,10000,1634,20262437,0.287083
Heap Sort,10000,1635,20262438,0.288714
Heap Sort,10000,1636,20262439,0.289895
Heap Sort,10000,1637,20262440,0.290726
Heap Sort,10000,1638,20262441,0.302049
Heap Sort,10000,1639,20262442,0.288677
Heap Sort,10000,1640,20262443,0.290978
Heap Sort,10000,1641,20262444,0.288271
Heap Sort,10000,1642,20262445,0.289538
Heap Sort,10000,1643,20262446,0.291501
Heap Sort,10000,1644,20262447,0.289822
Heap Sort,10000,1645,20262448,0.2872
Heap Sort,10000,1646,20262449,0.292209
Heap Sort,10000,1647,20262450,0.288548
Heap Sort,10000,1648,20262451,0.288357
Heap Sort,10000,1649,20262452,0.292505
Heap Sort,10000,1650,20262453,0.290781
Heap Sort,10000,1651,20262454,0.292486
Heap Sort,10000,1652,20262455,0.291028
Heap Sort,10000,1653,20262456,0.289508
Heap Sort,10000,1654,20262457,0.302056
Heap Sort,10000,1655,20262458,0.289859
Heap Sort,10000,1656,20262459,0.289477
Heap Sort,10000,1657,20262460,0.287698
Heap Sort,10000,1658,20262461,0.291477
Heap Sort,10000,1659,20262462,0.271083
Heap Sort,10000,1660,20262463,0.2908
Heap Sort,10000,1661,20262464,0.292142
Heap Sort,10000,1662,20262465,0.302782
Heap Sort,10000,1663,20262466,0.290283
Heap Sort,10000,1664,20262467,0.289705
Heap Sort,10000,1665,20262468,0.290616
Heap Sort,10000,1666,20262469,0.290769
Heap Sort,10000,1667,20262470,0.292148
Heap Sort,10000,1668,20262471,0.288597
Heap Sort,10000,1669,20262472,0.292098
Heap Sort,10000,1670,20262473,0.325785
Heap Sort,10000,1671,20262474,0.291188
Heap Sort,10000,1672,20262475,0.28928
Heap Sort,10000,1673,20262476,0.289403
Heap Sort,10000,1674,20262477,0.289342
Heap Sort,10000,1675,20262478,0.290209
Heap Sort,10000,1676,20262479,0.29272
Heap Sort,10000,1677,20262480,0.292967
Heap Sort,10000,1678,20262481,0.3008
Heap Sort,10000,1679,20262482,0.289108
Heap Sort,10000,1680,20262483,0.28968
Heap Sort,10000,1681,20262484,0.291157
Heap Sort,10000,1682,20262485,0.289674
Heap Sort,10000,1683,20262486,0.291859
Heap Sort,10000,1684,20262487,0.289169
Heap Sort,10000,1685,20262488,0.291009
Heap Sort,10000,1686,20262489,0.300868
Heap Sort,10000,1687,20262490,0.294049
Heap Sort,10000,1688,20262491,0.289181
Heap Sort,10000,1689,20262492,0.28728
Heap Sort,10000,1690,20262493,0.288953
Heap Sort,10000,1691,20262494,0.289212
Heap Sort,10000,1692,20262495,0.28928
Heap Sort,10000,1693,20262496,0.287465
Heap Sort,10000,1694,20262497,0.301742
Heap Sort,10000,1695,20262498,0.292203
Heap Sort,10000,1696,20262499,0.294579
Heap Sort,10000,1697,20262500,0.29416
Heap Sort,10000,1698,20262501,0.291631
Heap Sort,10000,1699,20262502,0.291114
Heap Sort,10000,1700,20262503,0.289951
Heap Sort,10000,1701,20262504,0.288622
Heap Sort,10000,1702,20262505,0.307059
Heap Sort,10000,1703,20262506,0.289453
Heap Sort,10000,1704,20262507,0.290407
Heap Sort,10000,1705,20262508,0.290739
Heap Sort,10000,1706,20262509,0.290985
Heap Sort,10000,1707,20262510,0.289101
Heap Sort,10000,1708,20262511,0.291982
Heap Sort,10000,1709,20262512,0.292714
Heap Sort,10000,1710,20262513,0.33904
Heap Sort,10000,1711,20262514,0.290437
Heap Sort,10000,1712,20262515,0.290258
Heap Sort,10000,1713,20262516,0.292221
Heap Sort,10000,1714,20262517,0.291391
Heap Sort,10000,1715,20262518,0.289791
Heap Sort,10000,1716,20262519,0.289649
Heap Sort,10000,1717,20262520,0.291367
Heap Sort,10000,1718,20262521,0.320868
Heap Sort,10000,1719,20262522,0.291169
Heap Sort,10000,1720,20262523,0.290603
Heap Sort,10000,1721,20262524,0.288185
Heap Sort,10000,1722,20262525,0.291175
Heap Sort,10000,1723,20262526,0.290259
Heap Sort,10000,1724,20262527,0.28992
Heap Sort,10000,1725,20262528,0.288511
Heap Sort,10000,1726,20262529,0.296935
Heap Sort,10000,1727,20262530,0.290498
Heap Sort,10000,1728,20262531,0.295963
Heap Sort,10000,1729,20262532,0.290412
Heap Sort,10000,1730,20262533,0.287496
Heap Sort,10000,1731,20262534,0.290733
Heap Sort,10000,1732,20262535,0.288628
Heap Sort,10000,1733,20262536,0.289735
Heap Sort,10000,1734,20262537,0.302917
Heap Sort,10000,1735,20262538,0.292376
Heap Sort,10000,1736,20262539,0.290388
Heap Sort,10000,1737,20262540,0.292166
Heap Sort,10000,1738,20262541,0.289594
Heap Sort,10000,1739,20262542,0.29384
Heap Sort,10000,1740,20262543,0.290689
Heap Sort,10000,1741,20262544,0.289932
Heap Sort,10000,1742,20262545,0.295933
Heap Sort,10000,1743,20262546,0.290991
Heap Sort,10000,1744,20262547,0.290277
Heap Sort,10000,1745,20262548,0.288991
Heap Sort,10000,1746,20262549,0.29048
Heap Sort,10000,1747,20262550,0.289138
Heap Sort,10000,1748,20262551,0.290148
Heap Sort,10000,1749,20262552,0.288456
Heap Sort,10000,1750,20262553,0.328892
Heap Sort,10000,1751,20262554,0.29512
Heap Sort,10000,1752,20262555,0.302621
Heap Sort,10000,1753,20262556,0.300062
Heap Sort,10000,1754,20262557,0.270622
Heap Sort,10000,1755,20262558,0.289058
Heap Sort,10000,1756,20262559,0.290831
Heap Sort,10000,1757,20262560,0.288917
Heap Sort,10000,1758,20262561,0.289877
Heap Sort,10000,1759,20262562,0.291305
Heap Sort,10000,1760,20262563,0.29141
Heap Sort,10000,1761,20262564,0.287951
Heap Sort,10000,1762,20262565,0.292135
Heap Sort,10000,1763,20262566,0.289674
Heap Sort,10000,1764,20262567,0.290646
Heap Sort,10000,1765,20262568,0.288123
Heap Sort,10000,1766,20262569,0.290535
Heap Sort,10000,1767,20262570,0.292511
Heap Sort,10000,1768,20262571,0.290892
Heap Sort,10000,1769,20262572,0.291218
Heap Sort,10000,1770,20262573,0.269662
Heap Sort,10000,1771,20262574,0.288585
Heap Sort,10000,1772,20262575,0.290153
Heap Sort,10000,1773,20262576,0.291379
Heap Sort,10000,1774,20262577,0.291071
Heap Sort,10000,1775,20262578,0.290942
Heap Sort,10000,1776,20262579,0.291514
Heap Sort,10000,1777,20262580,0.296855
Heap Sort,10000,1778,20262581,0.294418
Heap Sort,10000,1779,20262582,0.287877
Heap Sort,10000,1780,20262583,0.291773
Heap Sort,10000,1781,20262584,0.288418
Heap Sort,10000,1782,20262585,0.293465
Heap Sort,10000,1783,20262586,0.289538
Heap Sort,10000,1784,20262587,0.286831
Heap Sort,10000,1785,20262588,0.28832
Heap Sort,10000,1786,20262589,0.29008
Heap Sort,10000,1787,20262590,0.29072
Heap Sort,10000,1788,20262591,0.289551
Heap Sort,10000,1789,20262592,0.289797
Heap Sort,10000,1790,20262593,0.290652
Heap Sort,10000,1791,20262594,0.290542
Heap Sort,10000,1792,20262595,0.290622
Heap Sort,10000,1793,20262596,0.286067
Heap Sort,10000,1794,20262597,0.289341
Heap Sort,10000,1795,20262598,0.287766
Heap Sort,10000,1796,20262599,0.288215
Heap Sort,10000,1797,20262600,0.290671
Heap Sort,10000,1798,20262601,0.287784
Heap Sort,10000,1799,20262602,0.288185
Heap Sort,10000,1800,20262603,0.288449
Heap Sort,10000,1801,20262604,0.290135
Heap Sort,10000,1802,20262605,0.289348
Heap Sort,10000,1803,20262606,0.289015
Heap Sort,10000,1804,20262607,0.28864
Heap Sort,10000,1805,20262608,0.289865
Heap Sort,10000,1806,20262609,0.290093
Heap Sort,10000,1807,20262610,0.288929
Heap Sort,10000,1808,20262611,0.287133
Heap Sort,10000,1809,20262612,0.288264
Heap Sort,10000,1810,20262613,0.289779
Heap Sort,10000,1811,20262614,0.291607
Heap Sort,10000,1812,20262615,0.288708
Heap Sort,10000,1813,20262616,0.289378
Heap Sort,10000,1814,20262617,0.350443
Heap Sort,10000,1815,20262618,0.289489
Heap Sort,10000,1816,20262619,0.287163
Heap Sort,10000,1817,20262620,0.28901
Heap Sort,10000,1818,20262621,0.287477
Heap Sort,10000,1819,20262622,0.286609
Heap Sort,10000,1820,20262623,0.289557
Heap Sort,10000,1821,20262624,0.291305
Heap Sort,10000,1822,20262625,0.279667
Heap Sort,10000,1823,20262626,0.290025
Heap Sort,10000,1824,20262627,0.289969
Heap Sort,10000,1825,20262628,0.287403
Heap Sort,10000,1826,20262629,0.28984
Heap Sort,10000,1827,20262630,0.288904
Heap Sort,10000,1828,20262631,0.287329
Heap Sort,10000,1829,20262632,0.285976
Heap Sort,10000,1830,20262633,0.300234
Heap Sort,10000,1831,20262634,0.288185
Heap Sort,10000,1832,20262635,0.291877
Heap Sort,10000,1833,20262636,0.290382
Heap Sort,10000,1834,20262637,0.290904
Heap Sort,10000,1835,20262638,0.290056
Heap Sort,10000,1836,20262639,0.296382
Heap Sort,10000,1837,20262640,0.294548
Heap Sort,10000,1838,20262641,0.296652
Heap Sort,10000,1839,20262642,0.289908
Heap Sort,10000,1840,20262643,0.290067
Heap Sort,10000,1841,20262644,0.288757
Heap Sort,10000,1842,20262645,0.290443
Heap Sort,10000,1843,20262646,0.285778
Heap Sort,10000,1844,20262647,0.290696
Heap Sort,10000,1845,20262648,0.290806
Heap Sort,10000,1846,20262649,0.302757
Heap Sort,10000,1847,20262650,0.290154
Heap Sort,10000,1848,20262651,0.286929
Heap Sort,10000,1849,20262652,0.289385
Heap Sort,10000,1850,20262653,0.290837
Heap Sort,10000,1851,20262654,0.285945
Heap Sort,10000,1852,20262655,0.287612
Heap Sort,10000,1853,20262656,0.293028
Heap Sort,10000,1854,20262657,0.356578
Heap Sort,10000,1855,20262658,0.292326
Heap Sort,10000,1856,20262659,0.288831
Heap Sort,10000,1857,20262660,0.286283
Heap Sort,10000,1858,20262661,0.288129
Heap Sort,10000,1859,20262662,0.286209
Heap Sort,10000,1860,20262663,0.290874
Heap Sort,10000,1861,20262664,0.289225
Heap Sort,10000,1862,20262665,0.342862
Heap Sort,10000,1863,20262666,0.290775
Heap Sort,10000,1864,20262667,0.289022
Heap Sort,10000,1865,20262668,0.290609
Heap Sort,10000,1866,20262669,0.288775
Heap Sort,10000,1867,20262670,0.29048
Heap Sort,10000,1868,20262671,0.291951
Heap Sort,10000,1869,20262672,0.290228
Heap Sort,10000,1870,20262673,0.289582
Heap Sort,10000,1871,20262674,0.290215
Heap Sort,10000,1872,20262675,0.290898
Heap Sort,10000,1873,20262676,0.289262
Heap Sort,10000,1874,20262677,0.288917
Heap Sort,10000,1875,20262678,0.291969
Heap Sort,10000,1876,20262679,0.291791
Heap Sort,10000,1877,20262680,0.292813
Heap Sort,10000,1878,20262681,0.30392
Heap Sort,10000,1879,20262682,0.270056
Heap Sort,10000,1880,20262683,0.292073
Heap Sort,10000,1881,20262684,0.290726
Heap Sort,10000,1882,20262685,0.290055
Heap Sort,10000,1883,20262686,0.289507
Heap Sort,10000,1884,20262687,0.289533
Heap Sort,10000,1885,20262688,0.296222
Heap Sort,10000,1886,20262689,0.290652
Heap Sort,10000,1887,20262690,0.289803
Heap Sort,10000,1888,20262691,0.293058
Heap Sort,10000,1889,20262692,0.290061
Heap Sort,10000,1890,20262693,0.292554
Heap Sort,10000,1891,20262694,0.287336
Heap Sort,10000,1892,20262695,0.287834
Heap Sort,10000,1893,20262696,0.289342
Heap Sort,10000,1894,20262697,0.29144
Heap Sort,10000,1895,20262698,0.28739
Heap Sort,10000,1896,20262699,0.292603
Heap Sort,10000,1897,20262700,0.291015
Heap Sort,10000,1898,20262701,0.290634
Heap Sort,10000,1899,20262702,0.288702
Heap Sort,10000,1900,20262703,0.268406
Heap Sort,10000,1901,20262704,0.288363
Heap Sort,10000,1902,20262705,0.288148
Heap Sort,10000,1903,20262706,0.291612
Heap Sort,10000,1904,20262707,0.288141
Heap Sort,10000,1905,20262708,0.288265
Heap Sort,10000,1906,20262709,0.289945
Heap Sort,10000,1907,20262710,0.287606
Heap Sort,10000,1908,20262711,0.288739
Heap Sort,10000,1909,20262712,0.291785
Heap Sort,10000,1910,20262713,0.293021
Heap Sort,10000,1911,20262714,0.290178
Heap Sort,10000,1912,20262715,0.287514
Heap Sort,10000,1913,20262716,0.286381
Heap Sort,10000,1914,20262717,0.29072
Heap Sort,10000,1915,20262718,0.289465
Heap Sort,10000,1916,20262719,0.288591
Heap Sort,10000,1917,20262720,0.289089
Heap Sort,10000,1918,20262721,0.289139
Heap Sort,10000,1919,20262722,0.294542
Heap Sort,10000,1920,20262723,0.29149
Heap Sort,10000,1921,20262724,0.276523
Heap Sort,10000,1922,20262725,0.301834
Heap Sort,10000,1923,20262726,0.290917
Heap Sort,10000,1924,20262727,0.290615
Heap Sort,10000,1925,20262728,0.288634
Heap Sort,10000,1926,20262729,0.28816
Heap Sort,10000,1927,20262730,0.289151
Heap Sort,10000,1928,20262731,0.28976
Heap Sort,10000,1929,20262732,0.292523
Heap Sort,10000,1930,20262733,0.290437
Heap Sort,10000,1931,20262734,0.290572
Heap Sort,10000,1932,20262735,0.290394
Heap Sort,10000,1933,20262736,0.289483
Heap Sort,10000,1934,20262737,0.290868
Heap Sort,10000,1935,20262738,0.28936
Heap Sort,10000,1936,20262739,0.289274
Heap Sort,10000,1937,20262740,0.289231
Heap Sort,10000,1938,20262741,0.28816
Heap Sort,10000,1939,20262742,0.286776
Heap Sort,10000,1940,20262743,0.292203
Heap Sort,10000,1941,20262744,0.290529
Heap Sort,10000,1942,20262745,0.289951
Heap Sort,10000,1943,20262746,0.289187
Heap Sort,10000,1944,20262747,0.287865
Heap Sort,10000,1945,20262748,0.292941
Heap Sort,10000,1946,20262749,0.288548
Heap Sort,10000,1947,20262750,0.286935
Heap Sort,10000,1948,20262751,0.291643
Heap Sort,10000,1949,20262752,0.290283
Heap Sort,10000,1950,20262753,0.291052
Heap Sort,10000,1951,20262754,0.290455
Heap Sort,10000,1952,20262755,0.291883
Heap Sort,10000,1953,20262756,0.286474
Heap Sort,10000,1954,20262757,0.288037
Heap Sort,10000,1955,20262758,0.290326
Heap Sort,10000,1956,20262759,0.287594
Heap Sort,10000,1957,20262760,0.289735
Heap Sort,10000,1958,20262761,0.287778
Heap Sort,10000,1959,20262762,0.291071
Heap Sort,10000,1960,20262763,0.289416
Heap Sort,10000,1961,20262764,0.291089
Heap Sort,10000,1962,20262765,0.289852
Heap Sort,10000,1963,20262766,0.288345
Heap Sort,10000,1964,20262767,0.289262
Heap Sort,10000,1965,20262768,0.288104
Heap Sort,10000,1966,20262769,0.290689
Heap Sort,10000,1967,20262770,0.29304
Heap Sort,10000,1968,20262771,0.288615
Heap Sort,10000,1969,20262772,0.290812
Heap Sort,10000,1970,20262773,0.287902
Heap Sort,10000,1971,20262774,0.291145
Heap Sort,10000,1972,20262775,0.29192
Heap Sort,10000,1973,20262776,0.292067
Heap Sort,10000,1974,20262777,0.291557
Heap Sort,10000,1975,20262778,0.293471
Heap Sort,10000,1976,20262779,0.290357
Heap Sort,10000,1977,20262780,0.288332
Heap Sort,10000,1978,20262781,0.290547
Heap Sort,10000,1979,20262782,0.290258
Heap Sort,10000,1980,20262783,0.291557
Heap Sort,10000,1981,20262784,0.288099
Heap Sort,10000,1982,20262785,0.291982
Heap Sort,10000,1983,20262786,0.289274
Heap Sort,10000,1984,20262787,0.293587
Heap Sort,10000,1985,20262788,0.289747
Heap Sort,10000,1986,20262789,0.288948
Heap Sort,10000,1987,20262790,0.292646
Heap Sort,10000,1988,20262791,0.290849
Heap Sort,10000,1989,20262792,0.289557
Heap Sort,10000,1990,20262793,0.291304
Heap Sort,10000,1991,20262794,0.291311
Heap Sort,10000,1992,20262795,0.292468
Heap Sort,10000,1993,20262796,0.289353
Heap Sort,10000,1994,20262797,0.290462
Heap Sort,10000,1995,20262798,0.29248
Heap Sort,10000,1996,20262799,0.28728
Heap Sort,10000,1997,20262800,0.290363
Heap Sort,10000,1998,20262801,0.296609
Heap Sort,10000,1999,20262802,0.289987
Heap Sort,10000,2000,20262803,0.289163
Heap Sort,10000,2001,20262804,0.290437
Heap Sort,10000,2002,20262805,0.289311
Heap Sort,10000,2003,20262806,0.286726
Heap Sort,10000,2004,20262807,0.290554
Heap Sort,10000,2005,20262808,0.288111
Heap Sort,10000,2006,20262809,0.301569
Heap Sort,10000,2007,20262810,0.288935
Heap Sort,10000,2008,20262811,0.290209
Heap Sort,10000,2009,20262812,0.287495
Heap Sort,10000,2010,20262813,0.289735
Heap Sort,10000,2011,20262814,0.291052
Heap Sort,10000,2012,20262815,0.287895
Heap Sort,10000,2013,20262816,0.287372
Heap Sort,10000,2014,20262817,0.33917
Heap Sort,10000,2015,20262818,0.29053
Heap Sort,10000,2016,20262819,0.290732
Heap Sort,10000,2017,20262820,0.290732
Heap Sort,10000,2018,20262821,0.287594
Heap Sort,10000,2019,20262822,0.288942
Heap Sort,10000,2020,20262823,0.292677
Heap Sort,10000,2021,20262824,0.287687
Heap Sort,10000,2022,20262825,0.34013
Heap Sort,10000,2023,20262826,0.288129
Heap Sort,10000,2024,20262827,0.287982
Heap Sort,10000,2025,20262828,0.292578
Heap Sort,10000,2026,20262829,0.291175
Heap Sort,10000,2027,20262830,0.289416
Heap Sort,10000,2028,20262831,0.289249
Heap Sort,10000,2029,20262832,0.290579
Heap Sort,10000,2030,20262833,0.294246
Heap Sort,10000,2031,20262834,0.291397
Heap Sort,10000,2032,20262835,0.291003
Heap Sort,10000,2033,20262836,0.293422
Heap Sort,10000,2034,20262837,0.288929
Heap Sort,10000,2035,20262838,0.28899
Heap Sort,10000,2036,20262839,0.291095
Heap Sort,10000,2037,20262840,0.288824
Heap Sort,10000,2038,20262841,0.297939
Heap Sort,10000,2039,20262842,0.291593
Heap Sort,10000,2040,20262843,0.288806
Heap Sort,10000,2041,20262844,0.287668
Heap Sort,10000,2042,20262845,0.290191
Heap Sort,10000,2043,20262846,0.290418
Heap Sort,10000,2044,20262847,0.289527
Heap Sort,10000,2045,20262848,0.287581
Heap Sort,10000,2046,20262849,0.339631
Heap Sort,10000,2047,20262850,0.291502
Heap Sort,10000,2048,20262851,0.29384
Heap Sort,10000,2049,20262852,0.287889
Heap Sort,10000,2050,20262853,0.290615
Heap Sort,10000,2051,20262854,0.289434
Heap Sort,10000,2052,20262855,0.271502
Heap Sort,10000,2053,20262856,0.287034
Heap Sort,10000,2054,20262857,0.292055
Heap Sort,10000,2055,20262858,0.288388
Heap Sort,10000,2056,20262859,0.290689
Heap Sort,10000,2057,20262860,0.29019
Heap Sort,10000,2058,20262861,0.290363
Heap Sort,10000,2059,20262862,0.290997
Heap Sort,10000,2060,20262863,0.288277
Heap Sort,10000,2061,20262864,0.287766
Heap Sort,10000,2062,20262865,0.321742
Heap Sort,10000,2063,20262866,0.290074
Heap Sort,10000,2064,20262867,0.288265
Heap Sort,10000,2065,20262868,0.288013
Heap Sort,10000,2066,20262869,0.288542
Heap Sort,10000,2067,20262870,0.290431
Heap Sort,10000,2068,20262871,0.288873
Heap Sort,10000,2069,20262872,0.288443
Heap Sort,10000,2070,20262873,0.343046
Heap Sort,10000,2071,20262874,0.28824
Heap Sort,10000,2072,20262875,0.290197
Heap Sort,10000,2073,20262876,0.291612
Heap Sort,10000,2074,20262877,0.291292
Heap Sort,10000,2075,20262878,0.288911
Heap Sort,10000,2076,20262879,0.288886
Heap Sort,10000,2077,20262880,0.289391
Heap Sort,10000,2078,20262881,0.321649
Heap Sort,10000,2079,20262882,0.289563
Heap Sort,10000,2080,20262883,0.288861
Heap Sort,10000,2081,20262884,0.288806
Heap Sort,10000,2082,20262885,0.288695
Heap Sort,10000,2083,20262886,0.286855
Heap Sort,10000,2084,20262887,0.290259
Heap Sort,10000,2085,20262888,0.288696
Heap Sort,10000,2086,20262889,0.29288
Heap Sort,10000,2087,20262890,0.288111
Heap Sort,10000,2088,20262891,0.291446
Heap Sort,10000,2089,20262892,0.296591
Heap Sort,10000,2090,20262893,0.281766
Heap Sort,10000,2091,20262894,0.298787
Heap Sort,10000,2092,20262895,0.297293
Heap Sort,10000,2093,20262896,0.294627
Heap Sort,10000,2094,20262897,0.292806
Heap Sort,10000,2095,20262898,0.288326
Heap Sort,10000,2096,20262899,0.289661
Heap Sort,10000,2097,20262900,0.290012
Heap Sort,10000,2098,20262901,0.290006
Heap Sort,10000,2099,20262902,0.290899
Heap Sort,10000,2100,20262903,0.288696
Heap Sort,10000,2101,20262904,0.290098
Heap Sort,10000,2102,20262905,0.289539
Heap Sort,10000,2103,20262906,0.288486
Heap Sort,10000,2104,20262907,0.290904
Heap Sort,10000,2105,20262908,0.292579
Heap Sort,10000,2106,20262909,0.289225
Heap Sort,10000,2107,20262910,0.291434
Heap Sort,10000,2108,20262911,0.290609
Heap Sort,10000,2109,20262912,0.289052
Heap Sort,10000,2110,20262913,0.290068
Heap Sort,10000,2111,20262914,0.290271
Heap Sort,10000,2112,20262915,0.29072
Heap Sort,10000,2113,20262916,0.289453
Heap Sort,10000,2114,20262917,0.287883
Heap Sort,10000,2115,20262918,0.294314
Heap Sort,10000,2116,20262919,0.291219
Heap Sort,10000,2117,20262920,0.288548
Heap Sort,10000,2118,20262921,0.290431
Heap Sort,10000,2119,20262922,0.29088
Heap Sort,10000,2120,20262923,0.292369
Heap Sort,10000,2121,20262924,0.288197
Heap Sort,10000,2122,20262925,0.288886
Heap Sort,10000,2123,20262926,0.289606
Heap Sort,10000,2124,20262927,0.289779
Heap Sort,10000,2125,20262928,0.267385
Heap Sort,10000,2126,20262929,0.2932
Heap Sort,10000,2127,20262930,0.28896
Heap Sort,10000,2128,20262931,0.288972
Heap Sort,10000,2129,20262932,0.28792
Heap Sort,10000,2130,20262933,0.292437
Heap Sort,10000,2131,20262934,0.287649
Heap Sort,10000,2132,20262935,0.289816
Heap Sort,10000,2133,20262936,0.29176
Heap Sort,10000,2134,20262937,0.28848
Heap Sort,10000,2135,20262938,0.290695
Heap Sort,10000,2136,20262939,0.288234
Heap Sort,10000,2137,20262940,0.292258
Heap Sort,10000,2138,20262941,0.291157
Heap Sort,10000,2139,20262942,0.290259
Heap Sort,10000,2140,20262943,0.289779
Heap Sort,10000,2141,20262944,0.292535
Heap Sort,10000,2142,20262945,0.289551
Heap Sort,10000,2143,20262946,0.290363
Heap Sort,10000,2144,20262947,0.292265
Heap Sort,10000,2145,20262948,0.29133
Heap Sort,10000,2146,20262949,0.289902
Heap Sort,10000,2147,20262950,0.290123
Heap Sort,10000,2148,20262951,0.288978
Heap Sort,10000,2149,20262952,0.289113
Heap Sort,10000,2150,20262953,0.290548
Heap Sort,10000,2151,20262954,0.291606
Heap Sort,10000,2152,20262955,0.290511
Heap Sort,10000,2153,20262956,0.289742
Heap Sort,10000,2154,20262957,0.292584
Heap Sort,10000,2155,20262958,0.26992
Heap Sort,10000,2156,20262959,0.292382
Heap Sort,10000,2157,20262960,0.288351
Heap Sort,10000,2158,20262961,0.278019
Heap Sort,10000,2159,20262962,0.289815
Heap Sort,10000,2160,20262963,0.290277
Heap Sort,10000,2161,20262964,0.270277
Heap Sort,10000,2162,20262965,0.291656
Heap Sort,10000,2163,20262966,0.291353
Heap Sort,10000,2164,20262967,0.270836
Heap Sort,10000,2165,20262968,0.289071
Heap Sort,10000,2166,20262969,0.291397
Heap Sort,10000,2167,20262970,0.293729
Heap Sort,10000,2168,20262971,0.290751
Heap Sort,10000,2169,20262972,0.291865
Heap Sort,10000,2170,20262973,0.290087
Heap Sort,10000,2171,20262974,0.332154
Heap Sort,10000,2172,20262975,0.288831
Heap Sort,10000,2173,20262976,0.289169
Heap Sort,10000,2174,20262977,0.290892
Heap Sort,10000,2175,20262978,0.291705
Heap Sort,10000,2176,20262979,0.289723
Heap Sort,10000,2177,20262980,0.293735
Heap Sort,10000,2178,20262981,0.290253
Heap Sort,10000,2179,20262982,0.341957
Heap Sort,10000,2180,20262983,0.290991
Heap Sort,10000,2181,20262984,0.289329
Heap Sort,10000,2182,20262985,0.290523
Heap Sort,10000,2183,20262986,0.293987
Heap Sort,10000,2184,20262987,0.288542
Heap Sort,10000,2185,20262988,0.290179
Heap Sort,10000,2186,20262989,0.29392
Heap Sort,10000,2187,20262990,0.288049
Heap Sort,10000,2188,20262991,0.291877
Heap Sort,10000,2189,20262992,0.289637
Heap Sort,10000,2190,20262993,0.291459
Heap Sort,10000,2191,20262994,0.289785
Heap Sort,10000,2192,20262995,0.292289
Heap Sort,10000,2193,20262996,0.291938
Heap Sort,10000,2194,20262997,0.292745
Heap Sort,10000,2195,20262998,0.301225
Heap Sort,10000,2196,20262999,0.290382
Heap Sort,10000,2197,20263000,0.290677
Heap Sort,10000,2198,20263001,0.291772
Heap Sort,10000,2199,20263002,0.28768
Heap Sort,10000,2200,20263003,0.290979
Heap Sort,10000,2201,20263004,0.29208
Heap Sort,10000,2202,20263005,0.288228
Heap Sort,10000,2203,20263006,0.296733
Heap Sort,10000,2204,20263007,0.291243
Heap Sort,10000,2205,20263008,0.293415
Heap Sort,10000,2206,20263009,0.292086
Heap Sort,10000,2207,20263010,0.286327
Heap Sort,10000,2208,20263011,0.291212
Heap Sort,10000,2209,20263012,0.290714
Heap Sort,10000,2210,20263013,0.29056
Heap Sort,10000,2211,20263014,0.303428
Heap Sort,10000,2212,20263015,0.292769
Heap Sort,10000,2213,20263016,0.289575
Heap Sort,10000,2214,20263017,0.287483
Heap Sort,10000,2215,20263018,0.291581
Heap Sort,10000,2216,20263019,0.290012
Heap Sort,10000,2217,20263020,0.291816
Heap Sort,10000,2218,20263021,0.2896
Heap Sort,10000,2219,20263022,0.28632
Heap Sort,10000,2220,20263023,0.29045
Heap Sort,10000,2221,20263024,0.291391
Heap Sort,10000,2222,20263025,0.288978
Heap Sort,10000,2223,20263026,0.29088
Heap Sort,10000,2224,20263027,0.289526
Heap Sort,10000,2225,20263028,0.287415
Heap Sort,10000,2226,20263029,0.289686
Heap Sort,10000,2227,20263030,0.280074
Heap Sort,10000,2228,20263031,0.292727
Heap Sort,10000,2229,20263032,0.291502
Heap Sort,10000,2230,20263033,0.289668
Heap Sort,10000,2231,20263034,0.291471
Heap Sort,10000,2232,20263035,0.291298
Heap Sort,10000,2233,20263036,0.29168
Heap Sort,10000,2234,20263037,0.294905
Heap Sort,10000,2235,20263038,0.286382
Heap Sort,10000,2236,20263039,0.293415
Heap Sort,10000,2237,20263040,0.292197
Heap Sort,10000,2238,20263041,0.290972
Heap Sort,10000,2239,20263042,0.2928
Heap Sort,10000,2240,20263043,0.295495
Heap Sort,10000,2241,20263044,0.291556
Heap Sort,10000,2242,20263045,0.292695
Heap Sort,10000,2243,20263046,0.29384
Heap Sort,10000,2244,20263047,0.291544
Heap Sort,10000,2245,20263048,0.291095
Heap Sort,10000,2246,20263049,0.291298
Heap Sort,10000,2247,20263050,0.290142
Heap Sort,10000,2248,20263051,0.289969
Heap Sort,10000,2249,20263052,0.291656
Heap Sort,10000,2250,20263053,0.292191
Heap Sort,10000,2251,20263054,0.294295
Heap Sort,10000,2252,20263055,0.292308
Heap Sort,10000,2253,20263056,0.292264
Heap Sort,10000,2254,20263057,0.292831
Heap Sort,10000,2255,20263058,0.291957
Heap Sort,10000,2256,20263059,0.288252
Heap Sort,10000,2257,20263060,0.295661
Heap Sort,10000,2258,20263061,0.334308
Heap Sort,10000,2259,20263062,0.303539
Heap Sort,10000,2260,20263063,0.303981
Heap Sort,10000,2261,20263064,0.275231
Heap Sort,10000,2262,20263065,0.288665
Heap Sort,10000,2263,20263066,0.290646
Heap Sort,10000,2264,20263067,0.29269
Heap Sort,10000,2265,20263068,0.291169
Heap Sort,10000,2266,20263069,0.293902
Heap Sort,10000,2267,20263070,0.292363
Heap Sort,10000,2268,20263071,0.291507
Heap Sort,10000,2269,20263072,0.288437
Heap Sort,10000,2270,20263073,0.29104
Heap Sort,10000,2271,20263074,0.293163
Heap Sort,10000,2272,20263075,0.290886
Heap Sort,10000,2273,20263076,0.292129
Heap Sort,10000,2274,20263077,0.291083
Heap Sort,10000,2275,20263078,0.2912
Heap Sort,10000,2276,20263079,0.291662
Heap Sort,10000,2277,20263080,0.290726
Heap Sort,10000,2278,20263081,0.288788
Heap Sort,10000,2279,20263082,0.28928
Heap Sort,10000,2280,20263083,0.291489
Heap Sort,10000,2281,20263084,0.290634
Heap Sort,10000,2282,20263085,0.288
Heap Sort,10000,2283,20263086,0.292216
Heap Sort,10000,2284,20263087,0.29037
Heap Sort,10000,2285,20263088,0.290295
Heap Sort,10000,2286,20263089,0.292289
Heap Sort,10000,2287,20263090,0.288714
Heap Sort,10000,2288,20263091,0.308647
Heap Sort,10000,2289,20263092,0.29101
Heap Sort,10000,2290,20263093,0.290449
Heap Sort,10000,2291,20263094,0.293107
Heap Sort,10000,2292,20263095,0.292191
Heap Sort,10000,2293,20263096,0.272086
Heap Sort,10000,2294,20263097,0.29112
Heap Sort,10000,2295,20263098,0.28979
Heap Sort,10000,2296,20263099,0.303237
Heap Sort,10000,2297,20263100,0.292578
Heap Sort,10000,2298,20263101,0.291157
Heap Sort,10000,2299,20263102,0.29213
Heap Sort,10000,2300,20263103,0.291907
Heap Sort,10000,2301,20263104,0.291274
Heap Sort,10000,2302,20263105,0.289944
Heap Sort,10000,2303,20263106,0.291533
Heap Sort,10000,2304,20263107,0.288
Heap Sort,10000,2305,20263108,0.286893
Heap Sort,10000,2306,20263109,0.292222
Heap Sort,10000,2307,20263110,0.291933
Heap Sort,10000,2308,20263111,0.291415
Heap Sort,10000,2309,20263112,0.292794
Heap Sort,10000,2310,20263113,0.292345
Heap Sort,10000,2311,20263114,0.28909
Heap Sort,10000,2312,20263115,0.288455
Heap Sort,10000,2313,20263116,0.290776
Heap Sort,10000,2314,20263117,0.291052
Heap Sort,10000,2315,20263118,0.290603
Heap Sort,10000,2316,20263119,0.288948
Heap Sort,10000,2317,20263120,0.290006
Heap Sort,10000,2318,20263121,0.291551
Heap Sort,10000,2319,20263122,0.289723
Heap Sort,10000,2320,20263123,0.286991
Heap Sort,10000,2321,20263124,0.290326
Heap Sort,10000,2322,20263125,0.290566
Heap Sort,10000,2323,20263126,0.290314
Heap Sort,10000,2324,20263127,0.291089
Heap Sort,10000,2325,20263128,0.291877
Heap Sort,10000,2326,20263129,0.290313
Heap Sort,10000,2327,20263130,0.290738
Heap Sort,10000,2328,20263131,0.298461
Heap Sort,10000,2329,20263132,0.290406
Heap Sort,10000,2330,20263133,0.292142
Heap Sort,10000,2331,20263134,0.287741
Heap Sort,10000,2332,20263135,0.289108
Heap Sort,10000,2333,20263136,0.29136
Heap Sort,10000,2334,20263137,0.291742
Heap Sort,10000,2335,20263138,0.291329
Heap Sort,10000,2336,20263139,0.297102
Heap Sort,10000,2337,20263140,0.287871
Heap Sort,10000,2338,20263141,0.292813
Heap Sort,10000,2339,20263142,0.292633
Heap Sort,10000,2340,20263143,0.292603
Heap Sort,10000,2341,20263144,0.28936
Heap Sort,10000,2342,20263145,0.290997
Heap Sort,10000,2343,20263146,0.290714
Heap Sort,10000,2344,20263147,0.291059
Heap Sort,10000,2345,20263148,0.269336
Heap Sort,10000,2346,20263149,0.292258
Heap Sort,10000,2347,20263150,0.289951
Heap Sort,10000,2348,20263151,0.292062
Heap Sort,10000,2349,20263152,0.295108
Heap Sort,10000,2350,20263153,0.289809
Heap Sort,10000,2351,20263154,0.290541
Heap Sort,10000,2352,20263155,0.28947
Heap Sort,10000,2353,20263156,0.290443
Heap Sort,10000,2354,20263157,0.2904
Heap Sort,10000,2355,20263158,0.293686
Heap Sort,10000,2356,20263159,0.290898
Heap Sort,10000,2357,20263160,0.291526
Heap Sort,10000,2358,20263161,0.29304
Heap Sort,10000,2359,20263162,0.293212
Heap Sort,10000,2360,20263163,0.288892
Heap Sort,10000,2361,20263164,0.293366
Heap Sort,10000,2362,20263165,0.292062
Heap Sort,10000,2363,20263166,0.290215
Heap Sort,10000,2364,20263167,0.290874
Heap Sort,10000,2365,20263168,0.289736
Heap Sort,10000,2366,20263169,0.289551
Heap Sort,10000,2367,20263170,0.289262
Heap Sort,10000,2368,20263171,0.29232
Heap Sort,10000,2369,20263172,0.28923
Heap Sort,10000,2370,20263173,0.28877
Heap Sort,10000,2371,20263174,0.290412
Heap Sort,10000,2372,20263175,0.291908
Heap Sort,10000,2373,20263176,0.292806
Heap Sort,10000,2374,20263177,0.293613
Heap Sort,10000,2375,20263178,0.290338
Heap Sort,10000,2376,20263179,0.290671
Heap Sort,10000,2377,20263180,0.292203
Heap Sort,10000,2378,20263181,0.291662
Heap Sort,10000,2379,20263182,0.289673
Heap Sort,10000,2380,20263183,0.290104
Heap Sort,10000,2381,20263184,0.290431
Heap Sort,10000,2382,20263185,0.287822
Heap Sort,10000,2383,20263186,0.292123
Heap Sort,10000,2384,20263187,0.291047
Heap Sort,10000,2385,20263188,0.291563
Heap Sort,10000,2386,20263189,0.291458
Heap Sort,10000,2387,20263190,0.290573
Heap Sort,10000,2388,20263191,0.269342
Heap Sort,10000,2389,20263192,0.288566
Heap Sort,10000,2390,20263193,0.290468
Heap Sort,10000,2391,20263194,0.289729
Heap Sort,10000,2392,20263195,0.291323
Heap Sort,10000,2393,20263196,0.29141
Heap Sort,10000,2394,20263197,0.291545
Heap Sort,10000,2395,20263198,0.288708
Heap Sort,10000,2396,20263199,0.291286
Heap Sort,10000,2397,20263200,0.303102
Heap Sort,10000,2398,20263201,0.309847
Heap Sort,10000,2399,20263202,0.284978
Heap Sort,10000,2400,20263203,0.30389
Heap Sort,10000,2401,20263204,0.301754
Heap Sort,10000,2402,20263205,0.281194
Heap Sort,10000,2403,20263206,0.281053
Heap Sort,10000,2404,20263207,0.303231
Heap Sort,10000,2405,20263208,0.297539
Heap Sort,10000,2406,20263209,0.281028
Heap Sort,10000,2407,20263210,0.280954
Heap Sort,10000,2408,20263211,0.280653
Heap Sort,10000,2409,20263212,0.281674
Heap Sort,10000,2410,20263213,0.281779
Heap Sort,10000,2411,20263214,0.281637
Heap Sort,10000,2412,20263215,0.286203
Heap Sort,10000,2413,20263216,0.335938
Heap Sort,10000,2414,20263217,0.280942
Heap Sort,10000,2415,20263218,0.280732
Heap Sort,10000,2416,20263219,0.281267
Heap Sort,10000,2417,20263220,0.278622
Heap Sort,10000,2418,20263221,0.278567
Heap Sort,10000,2419,20263222,0.280024
Heap Sort,10000,2420,20263223,0.279852
Heap Sort,10000,2421,20263224,0.280504
Heap Sort,10000,2422,20263225,0.280751
Heap Sort,10000,2423,20263226,0.279052
Heap Sort,10000,2424,20263227,0.282745
Heap Sort,10000,2425,20263228,0.279828
Heap Sort,10000,2426,20263229,0.284148
Heap Sort,10000,2427,20263230,0.283335
Heap Sort,10000,2428,20263231,0.289711
Heap Sort,10000,2429,20263232,0.270948
Heap Sort,10000,2430,20263233,0.282536
Heap Sort,10000,2431,20263234,0.278289
Heap Sort,10000,2432,20263235,0.309225
Heap Sort,10000,2433,20263236,0.278184
Heap Sort,10000,2434,20263237,0.278917
Heap Sort,10000,2435,20263238,0.282566
Heap Sort,10000,2436,20263239,0.277618
Heap Sort,10000,2437,20263240,0.27851
Heap Sort,10000,2438,20263241,0.281907
Heap Sort,10000,2439,20263242,0.280363
Heap Sort,10000,2440,20263243,0.281089
Heap Sort,10000,2441,20263244,0.278769
Heap Sort,10000,2442,20263245,0.301687
Heap Sort,10000,2443,20263246,0.280849
Heap Sort,10000,2444,20263247,0.278683
Heap Sort,10000,2445,20263248,0.280541
Heap Sort,10000,2446,20263249,0.279588
Heap Sort,10000,2447,20263250,0.278461
Heap Sort,10000,2448,20263251,0.279126
Heap Sort,10000,2449,20263252,0.27912
Heap Sort,10000,2450,20263253,0.279895
Heap Sort,10000,2451,20263254,0.279619
Heap Sort,10000,2452,20263255,0.304941
Heap Sort,10000,2453,20263256,0.288836
Heap Sort,10000,2454,20263257,0.282228
Heap Sort,10000,2455,20263258,0.283323
Heap Sort,10000,2456,20263259,0.302702
Heap Sort,10000,2457,20263260,0.285446
Heap Sort,10000,2458,20263261,0.281895
Heap Sort,10000,2459,20263262,0.28576
Heap Sort,10000,2460,20263263,0.286271
Heap Sort,10000,2461,20263264,0.324579
Heap Sort,10000,2462,20263265,0.282178
Heap Sort,10000,2463,20263266,0.287274
Heap Sort,10000,2464,20263267,0.283151
Heap Sort,10000,2465,20263268,0.279945
Heap Sort,10000,2466,20263269,0.291557
Heap Sort,10000,2467,20263270,0.290468
Heap Sort,10000,2468,20263271,0.288511
Heap Sort,10000,2469,20263272,0.291379
Heap Sort,10000,2470,20263273,0.291262
Heap Sort,10000,2471,20263274,0.288228
Heap Sort,10000,2472,20263275,0.29376
Heap Sort,10000,2473,20263276,0.290966
Heap Sort,10000,2474,20263277,0.286831
Heap Sort,10000,2475,20263278,0.289532
Heap Sort,10000,2476,20263279,0.289588
Heap Sort,10000,2477,20263280,0.291853
Heap Sort,10000,2478,20263281,0.287988
Heap Sort,10000,2479,20263282,0.290991
Heap Sort,10000,2480,20263283,0.290536
Heap Sort,10000,2481,20263284,0.289218
Heap Sort,10000,2482,20263285,0.287636
Heap Sort,10000,2483,20263286,0.288603
Heap Sort,10000,2484,20263287,0.289717
Heap Sort,10000,2485,20263288,0.292652
Heap Sort,10000,2486,20263289,0.270351
Heap Sort,10000,2487,20263290,0.291489
Heap Sort,10000,2488,20263291,0.291237
Heap Sort,10000,2489,20263292,0.291077
Heap Sort,10000,2490,20263293,0.28768
Heap Sort,10000,2491,20263294,0.289791
Heap Sort,10000,2492,20263295,0.291458
Heap Sort,10000,2493,20263296,0.286356
Heap Sort,10000,2494,20263297,0.291027
Heap Sort,10000,2495,20263298,0.290812
Heap Sort,10000,2496,20263299,0.290302
Heap Sort,10000,2497,20263300,0.29312
Heap Sort,10000,2498,20263301,0.287341
Heap Sort,10000,2499,20263302,0.292283
Heap Sort,10000,2500,20263303,0.269563
Heap Sort,10000,2501,20263304,0.28984
Heap Sort,10000,2502,20263305,0.292683
Heap Sort,10000,2503,20263306,0.294308
Heap Sort,10000,2504,20263307,0.289323
Heap Sort,10000,2505,20263308,0.289988
Heap Sort,10000,2506,20263309,0.289336
Heap Sort,10000,2507,20263310,0.288523
Heap Sort,10000,2508,20263311,0.290868
Heap Sort,10000,2509,20263312,0.321607
Heap Sort,10000,2510,20263313,0.290923
Heap Sort,10000,2511,20263314,0.289292
Heap Sort,10000,2512,20263315,0.289852
Heap Sort,10000,2513,20263316,0.29099
Heap Sort,10000,2514,20263317,0.288351
Heap Sort,10000,2515,20263318,0.295244
Heap Sort,10000,2516,20263319,0.293939
Heap Sort,10000,2517,20263320,0.28688
Heap Sort,10000,2518,20263321,0.292228
Heap Sort,10000,2519,20263322,0.291975
Heap Sort,10000,2520,20263323,0.291286
Heap Sort,10000,2521,20263324,0.290554
Heap Sort,10000,2522,20263325,0.290806
Heap Sort,10000,2523,20263326,0.291403
Heap Sort,10000,2524,20263327,0.28763
Heap Sort,10000,2525,20263328,0.281618
Heap Sort,10000,2526,20263329,0.291347
Heap Sort,10000,2527,20263330,0.290154
Heap Sort,10000,2528,20263331,0.289514
Heap Sort,10000,2529,20263332,0.288763
Heap Sort,10000,2530,20263333,0.289889
Heap Sort,10000,2531,20263334,0.290474
Heap Sort,10000,2532,20263335,0.288591
Heap Sort,10000,2533,20263336,0.346123
Heap Sort,10000,2534,20263337,0.290566
Heap Sort,10000,2535,20263338,0.292683
Heap Sort,10000,2536,20263339,0.290369
Heap Sort,10000,2537,20263340,0.290006
Heap Sort,10000,2538,20263341,0.297766
Heap Sort,10000,2539,20263342,0.293964
Heap Sort,10000,2540,20263343,0.291015
Heap Sort,10000,2541,20263344,0.289483
Heap Sort,10000,2542,20263345,0.293428
Heap Sort,10000,2543,20263346,0.291274
Heap Sort,10000,2544,20263347,0.28808
Heap Sort,10000,2545,20263348,0.291526
Heap Sort,10000,2546,20263349,0.289188
Heap Sort,10000,2547,20263350,0.290714
Heap Sort,10000,2548,20263351,0.289563
Heap Sort,10000,2549,20263352,0.290788
Heap Sort,10000,2550,20263353,0.289433
Heap Sort,10000,2551,20263354,0.28917
Heap Sort,10000,2552,20263355,0.290124
Heap Sort,10000,2553,20263356,0.29192
Heap Sort,10000,2554,20263357,0.290554
Heap Sort,10000,2555,20263358,0.291329
Heap Sort,10000,2556,20263359,0.290893
Heap Sort,10000,2557,20263360,0.289723
Heap Sort,10000,2558,20263361,0.28928
Heap Sort,10000,2559,20263362,0.290419
Heap Sort,10000,2560,20263363,0.290806
Heap Sort,10000,2561,20263364,0.292788
Heap Sort,10000,2562,20263365,0.292179
Heap Sort,10000,2563,20263366,0.291723
Heap Sort,10000,2564,20263367,0.288831
Heap Sort,10000,2565,20263368,0.291323
Heap Sort,10000,2566,20263369,0.292893
Heap Sort,10000,2567,20263370,0.291046
Heap Sort,10000,2568,20263371,0.288252
Heap Sort,10000,2569,20263372,0.290997
Heap Sort,10000,2570,20263373,0.291095
Heap Sort,10000,2571,20263374,0.291607
Heap Sort,10000,2572,20263375,0.289735
Heap Sort,10000,2573,20263376,0.290572
Heap Sort,10000,2574,20263377,0.267668
Heap Sort,10000,2575,20263378,0.290086
Heap Sort,10000,2576,20263379,0.291347
Heap Sort,10000,2577,20263380,0.288536
Heap Sort,10000,2578,20263381,0.288357
Heap Sort,10000,2579,20263382,0.290751
Heap Sort,10000,2580,20263383,0.289385
Heap Sort,10000,2581,20263384,0.289366
Heap Sort,10000,2582,20263385,0.289496
Heap Sort,10000,2583,20263386,0.290677
Heap Sort,10000,2584,20263387,0.29104
Heap Sort,10000,2585,20263388,0.288954
Heap Sort,10000,2586,20263389,0.287335
Heap Sort,10000,2587,20263390,0.291803
Heap Sort,10000,2588,20263391,0.291077
Heap Sort,10000,2589,20263392,0.291176
Heap Sort,10000,2590,20263393,0.289575
Heap Sort,10000,2591,20263394,0.289163
Heap Sort,10000,2592,20263395,0.290301
Heap Sort,10000,2593,20263396,0.289132
Heap Sort,10000,2594,20263397,0.290843
Heap Sort,10000,2595,20263398,0.295329
Heap Sort,10000,2596,20263399,0.292782
Heap Sort,10000,2597,20263400,0.29752
Heap Sort,10000,2598,20263401,0.300788
Heap Sort,10000,2599,20263402,0.296154
Heap Sort,10000,2600,20263403,0.290474
Heap Sort,10000,2601,20263404,0.292104
Heap Sort,10000,2602,20263405,0.288953
Heap Sort,10000,2603,20263406,0.290031
Heap Sort,10000,2604,20263407,0.28984
Heap Sort,10000,2605,20263408,0.286394
Heap Sort,10000,2606,20263409,0.289477
Heap Sort,10000,2607,20263410,0.293686
Heap Sort,10000,2608,20263411,0.289858
Heap Sort,10000,2609,20263412,0.289453
Heap Sort,10000,2610,20263413,0.287556
Heap Sort,10000,2611,20263414,0.290813
Heap Sort,10000,2612,20263415,0.289138
Heap Sort,10000,2613,20263416,0.2888
Heap Sort,10000,2614,20263417,0.288751
Heap Sort,10000,2615,20263418,0.290289
Heap Sort,10000,2616,20263419,0.290197
Heap Sort,10000,2617,20263420,0.28824
Heap Sort,10000,2618,20263421,0.291145
Heap Sort,10000,2619,20263422,0.291188
Heap Sort,10000,2620,20263423,0.288653
Heap Sort,10000,2621,20263424,0.291594
Heap Sort,10000,2622,20263425,0.288825
Heap Sort,10000,2623,20263426,0.288504
Heap Sort,10000,2624,20263427,0.289834
Heap Sort,10000,2625,20263428,0.290572
Heap Sort,10000,2626,20263429,0.290898
Heap Sort,10000,2627,20263430,0.289102
Heap Sort,10000,2628,20263431,0.289335
Heap Sort,10000,2629,20263432,0.287606
Heap Sort,10000,2630,20263433,0.289698
Heap Sort,10000,2631,20263434,0.291299
Heap Sort,10000,2632,20263435,0.29101
Heap Sort,10000,2633,20263436,0.290221
Heap Sort,10000,2634,20263437,0.290074
Heap Sort,10000,2635,20263438,0.305748
Heap Sort,10000,2636,20263439,0.292498
Heap Sort,10000,2637,20263440,0.291237
Heap Sort,10000,2638,20263441,0.293754
Heap Sort,10000,2639,20263442,0.289304
Heap Sort,10000,2640,20263443,0.291508
Heap Sort,10000,2641,20263444,0.289514
Heap Sort,10000,2642,20263445,0.295262
Heap Sort,10000,2643,20263446,0.287593
Heap Sort,10000,2644,20263447,0.288511
Heap Sort,10000,2645,20263448,0.290696
Heap Sort,10000,2646,20263449,0.292376
Heap Sort,10000,2647,20263450,0.292135
Heap Sort,10000,2648,20263451,0.288966
Heap Sort,10000,2649,20263452,0.28968
Heap Sort,10000,2650,20263453,0.299083
Heap Sort,10000,2651,20263454,0.290412
Heap Sort,10000,2652,20263455,0.290517
Heap Sort,10000,2653,20263456,0.292603
Heap Sort,10000,2654,20263457,0.290394
Heap Sort,10000,2655,20263458,0.29064
Heap Sort,10000,2656,20263459,0.290935
Heap Sort,10000,2657,20263460,0.290652
Heap Sort,10000,2658,20263461,0.29056
Heap Sort,10000,2659,20263462,0.289126
Heap Sort,10000,2660,20263463,0.291384
Heap Sort,10000,2661,20263464,0.29232
Heap Sort,10000,2662,20263465,0.287255
Heap Sort,10000,2663,20263466,0.288209
Heap Sort,10000,2664,20263467,0.292462
Heap Sort,10000,2665,20263468,0.277791
Heap Sort,10000,2666,20263469,0.290886
Heap Sort,10000,2667,20263470,0.291569
Heap Sort,10000,2668,20263471,0.293459
Heap Sort,10000,2669,20263472,0.288259
Heap Sort,10000,2670,20263473,0.291181
Heap Sort,10000,2671,20263474,0.288911
Heap Sort,10000,2672,20263475,0.294978
Heap Sort,10000,2673,20263476,0.288173
Heap Sort,10000,2674,20263477,0.293083
Heap Sort,10000,2675,20263478,0.292585
Heap Sort,10000,2676,20263479,0.294357
Heap Sort,10000,2677,20263480,0.291625
Heap Sort,10000,2678,20263481,0.293613
Heap Sort,10000,2679,20263482,0.288813
Heap Sort,10000,2680,20263483,0.292947
Heap Sort,10000,2681,20263484,0.290671
Heap Sort,10000,2682,20263485,0.293963
Heap Sort,10000,2683,20263486,0.3016
Heap Sort,10000,2684,20263487,0.293317
Heap Sort,10000,2685,20263488,0.294381
Heap Sort,10000,2686,20263489,0.26909
Heap Sort,10000,2687,20263490,0.29104
Heap Sort,10000,2688,20263491,0.2924
Heap Sort,10000,2689,20263492,0.290148
Heap Sort,10000,2690,20263493,0.291433
Heap Sort,10000,2691,20263494,0.290154
Heap Sort,10000,2692,20263495,0.288597
Heap Sort,10000,2693,20263496,0.292726
Heap Sort,10000,2694,20263497,0.293003
Heap Sort,10000,2695,20263498,0.291742
Heap Sort,10000,2696,20263499,0.291938
Heap Sort,10000,2697,20263500,0.291803
Heap Sort,10000,2698,20263501,0.2916
Heap Sort,10000,2699,20263502,0.29312
Heap Sort,10000,2700,20263503,0.291815
Heap Sort,10000,2701,20263504,0.291612
Heap Sort,10000,2702,20263505,0.290099
Heap Sort,10000,2703,20263506,0.29192
Heap Sort,10000,2704,20263507,0.290252
Heap Sort,10000,2705,20263508,0.291046
Heap Sort,10000,2706,20263509,0.292984
Heap Sort,10000,2707,20263510,0.287409
Heap Sort,10000,2708,20263511,0.28965
Heap Sort,10000,2709,20263512,0.291539
Heap Sort,10000,2710,20263513,0.290498
Heap Sort,10000,2711,20263514,0.292227
Heap Sort,10000,2712,20263515,0.294234
Heap Sort,10000,2713,20263516,0.290363
Heap Sort,10000,2714,20263517,0.290339
Heap Sort,10000,2715,20263518,0.291065
Heap Sort,10000,2716,20263519,0.29248
Heap Sort,10000,2717,20263520,0.288868
Heap Sort,10000,2718,20263521,0.290499
Heap Sort,10000,2719,20263522,0.290886
Heap Sort,10000,2720,20263523,0.290467
Heap Sort,10000,2721,20263524,0.288787
Heap Sort,10000,2722,20263525,0.291471
Heap Sort,10000,2723,20263526,0.287299
Heap Sort,10000,2724,20263527,0.290819
Heap Sort,10000,2725,20263528,0.289372
Heap Sort,10000,2726,20263529,0.290351
Heap Sort,10000,2727,20263530,0.289513
Heap Sort,10000,2728,20263531,0.289692
Heap Sort,10000,2729,20263532,0.293575
Heap Sort,10000,2730,20263533,0.287692
Heap Sort,10000,2731,20263534,0.289735
Heap Sort,10000,2732,20263535,0.290732
Heap Sort,10000,2733,20263536,0.290012
Heap Sort,10000,2734,20263537,0.290954
Heap Sort,10000,2735,20263538,0.287496
Heap Sort,10000,2736,20263539,0.289964
Heap Sort,10000,2737,20263540,0.291932
Heap Sort,10000,2738,20263541,0.272222
Heap Sort,10000,2739,20263542,0.291403
Heap Sort,10000,2740,20263543,0.291865
Heap Sort,10000,2741,20263544,0.28984
Heap Sort,10000,2742,20263545,0.289945
Heap Sort,10000,2743,20263546,0.289422
Heap Sort,10000,2744,20263547,0.291102
Heap Sort,10000,2745,20263548,0.290553
Heap Sort,10000,2746,20263549,0.288843
Heap Sort,10000,2747,20263550,0.292117
Heap Sort,10000,2748,20263551,0.290898
Heap Sort,10000,2749,20263552,0.290381
Heap Sort,10000,2750,20263553,0.290443
Heap Sort,10000,2751,20263554,0.282191
Heap Sort,10000,2752,20263555,0.29256
Heap Sort,10000,2753,20263556,0.289754
Heap Sort,10000,2754,20263557,0.286591
Heap Sort,10000,2755,20263558,0.293594
Heap Sort,10000,2756,20263559,0.287686
Heap Sort,10000,2757,20263560,0.269452
Heap Sort,10000,2758,20263561,0.292818
Heap Sort,10000,2759,20263562,0.28856
Heap Sort,10000,2760,20263563,0.291692
Heap Sort,10000,2761,20263564,0.292412
Heap Sort,10000,2762,20263565,0.289576
Heap Sort,10000,2763,20263566,0.291021
Heap Sort,10000,2764,20263567,0.276769
Heap Sort,10000,2765,20263568,0.295157
Heap Sort,10000,2766,20263569,0.28432
Heap Sort,10000,2767,20263570,0.30739
Heap Sort,10000,2768,20263571,0.2976
Heap Sort,10000,2769,20263572,0.289495
Heap Sort,10000,2770,20263573,0.294363
Heap Sort,10000,2771,20263574,0.289865
Heap Sort,10000,2772,20263575,0.289852
Heap Sort,10000,2773,20263576,0.292609
Heap Sort,10000,2774,20263577,0.291902
Heap Sort,10000,2775,20263578,0.301526
Heap Sort,10000,2776,20263579,0.289077
Heap Sort,10000,2777,20263580,0.28952
Heap Sort,10000,2778,20263581,0.289329
Heap Sort,10000,2779,20263582,0.293741
Heap Sort,10000,2780,20263583,0.295237
Heap Sort,10000,2781,20263584,0.291213
Heap Sort,10000,2782,20263585,0.289994
Heap Sort,10000,2783,20263586,0.294154
Heap Sort,10000,2784,20263587,0.288985
Heap Sort,10000,2785,20263588,0.290031
Heap Sort,10000,2786,20263589,0.291126
Heap Sort,10000,2787,20263590,0.290911
Heap Sort,10000,2788,20263591,0.291107
Heap Sort,10000,2789,20263592,0.292621
Heap Sort,10000,2790,20263593,0.288227
Heap Sort,10000,2791,20263594,0.2904
Heap Sort,10000,2792,20263595,0.293575
Heap Sort,10000,2793,20263596,0.296554
Heap Sort,10000,2794,20263597,0.292203
Heap Sort,10000,2795,20263598,0.291526
Heap Sort,10000,2796,20263599,0.28936
Heap Sort,10000,2797,20263600,0.288424
Heap Sort,10000,2798,20263601,0.289163
Heap Sort,10000,2799,20263602,0.288511
Heap Sort,10000,2800,20263603,0.288726
Heap Sort,10000,2801,20263604,0.288733
Heap Sort,10000,2802,20263605,0.290431
Heap Sort,10000,2803,20263606,0.286215
Heap Sort,10000,2804,20263607,0.291348
Heap Sort,10000,2805,20263608,0.291188
Heap Sort,10000,2806,20263609,0.290222
Heap Sort,10000,2807,20263610,0.289034
Heap Sort,10000,2808,20263611,0.289877
Heap Sort,10000,2809,20263612,0.288326
Heap Sort,10000,2810,20263613,0.289336
Heap Sort,10000,2811,20263614,0.290966
Heap Sort,10000,2812,20263615,0.288985
Heap Sort,10000,2813,20263616,0.290086
Heap Sort,10000,2814,20263617,0.288683
Heap Sort,10000,2815,20263618,0.288086
Heap Sort,10000,2816,20263619,0.290111
Heap Sort,10000,2817,20263620,0.290345
Heap Sort,10000,2818,20263621,0.287065
Heap Sort,10000,2819,20263622,0.289293
Heap Sort,10000,2820,20263623,0.290751
Heap Sort,10000,2821,20263624,0.288061
Heap Sort,10000,2822,20263625,0.290461
Heap Sort,10000,2823,20263626,0.290431
Heap Sort,10000,2824,20263627,0.291581
Heap Sort,10000,2825,20263628,0.291501
Heap Sort,10000,2826,20263629,0.288997
Heap Sort,10000,2827,20263630,0.290443
Heap Sort,10000,2828,20263631,0.29176
Heap Sort,10000,2829,20263632,0.290837
Heap Sort,10000,2830,20263633,0.291545
Heap Sort,10000,2831,20263634,0.291822
Heap Sort,10000,2832,20263635,0.288634
Heap Sort,10000,2833,20263636,0.288603
Heap Sort,10000,2834,20263637,0.287274
Heap Sort,10000,2835,20263638,0.288898
Heap Sort,10000,2836,20263639,0.288172
Heap Sort,10000,2837,20263640,0.289009
Heap Sort,10000,2838,20263641,0.288978
Heap Sort,10000,2839,20263642,0.29048
Heap Sort,10000,2840,20263643,0.290536
Heap Sort,10000,2841,20263644,0.289594
Heap Sort,10000,2842,20263645,0.290849
Heap Sort,10000,2843,20263646,0.28739
Heap Sort,10000,2844,20263647,0.289194
Heap Sort,10000,2845,20263648,0.290899
Heap Sort,10000,2846,20263649,0.288043
Heap Sort,10000,2847,20263650,0.290492
Heap Sort,10000,2848,20263651,0.291698
Heap Sort,10000,2849,20263652,0.291028
Heap Sort,10000,2850,20263653,0.289821
Heap Sort,10000,2851,20263654,0.289046
Heap Sort,10000,2852,20263655,0.289791
Heap Sort,10000,2853,20263656,0.291089
Heap Sort,10000,2854,20263657,0.289858
Heap Sort,10000,2855,20263658,0.289046
Heap Sort,10000,2856,20263659,0.291699
Heap Sort,10000,2857,20263660,0.290253
Heap Sort,10000,2858,20263661,0.288542
Heap Sort,10000,2859,20263662,0.291077
Heap Sort,10000,2860,20263663,0.288375
Heap Sort,10000,2861,20263664,0.28736
Heap Sort,10000,2862,20263665,0.28888
Heap Sort,10000,2863,20263666,0.290277
Heap Sort,10000,2864,20263667,0.289582
Heap Sort,10000,2865,20263668,0.292296
Heap Sort,10000,2866,20263669,0.289975
Heap Sort,10000,2867,20263670,0.290566
Heap Sort,10000,2868,20263671,0.293071
Heap Sort,10000,2869,20263672,0.288141
Heap Sort,10000,2870,20263673,0.269268
Heap Sort,10000,2871,20263674,0.289274
Heap Sort,10000,2872,20263675,0.290941
Heap Sort,10000,2873,20263676,0.288098
Heap Sort,10000,2874,20263677,0.289101
Heap Sort,10000,2875,20263678,0.292209
Heap Sort,10000,2876,20263679,0.289021
Heap Sort,10000,2877,20263680,0.291058
Heap Sort,10000,2878,20263681,0.290265
Heap Sort,10000,2879,20263682,0.292455
Heap Sort,10000,2880,20263683,0.289661
Heap Sort,10000,2881,20263684,0.288591
Heap Sort,10000,2882,20263685,0.292584
Heap Sort,10000,2883,20263686,0.289366
Heap Sort,10000,2884,20263687,0.290142
Heap Sort,10000,2885,20263688,0.293071
Heap Sort,10000,2886,20263689,0.286973
Heap Sort,10000,2887,20263690,0.293096
Heap Sort,10000,2888,20263691,0.289354
Heap Sort,10000,2889,20263692,0.289619
Heap Sort,10000,2890,20263693,0.288154
Heap Sort,10000,2891,20263694,0.290702
Heap Sort,10000,2892,20263695,0.295311
Heap Sort,10000,2893,20263696,0.295206
Heap Sort,10000,2894,20263697,0.29144
Heap Sort,10000,2895,20263698,0.293004
Heap Sort,10000,2896,20263699,0.291126
Heap Sort,10000,2897,20263700,0.29416
Heap Sort,10000,2898,20263701,0.308215
Heap Sort,10000,2899,20263702,0.287403
Heap Sort,10000,2900,20263703,0.281095
Heap Sort,10000,2901,20263704,0.285655
Heap Sort,10000,2902,20263705,0.284615
Heap Sort,10000,2903,20263706,0.286443
Heap Sort,10000,2904,20263707,0.281699
Heap Sort,10000,2905,20263708,0.283717
Heap Sort,10000,2906,20263709,0.279698
Heap Sort,10000,2907,20263710,0.281502
Heap Sort,10000,2908,20263711,0.279717
Heap Sort,10000,2909,20263712,0.279015
Heap Sort,10000,2910,20263713,0.279957
Heap Sort,10000,2911,20263714,0.293176
Heap Sort,10000,2912,20263715,0.279772
Heap Sort,10000,2913,20263716,0.281157
Heap Sort,10000,2914,20263717,0.279219
Heap Sort,10000,2915,20263718,0.283655
Heap Sort,10000,2916,20263719,0.281637
Heap Sort,10000,2917,20263720,0.279126
Heap Sort,10000,2918,20263721,0.28192
Heap Sort,10000,2919,20263722,0.300148
Heap Sort,10000,2920,20263723,0.277914
Heap Sort,10000,2921,20263724,0.280511
Heap Sort,10000,2922,20263725,0.279711
Heap Sort,10000,2923,20263726,0.282757
Heap Sort,10000,2924,20263727,0.280437
Heap Sort,10000,2925,20263728,0.297692
Heap Sort,10000,2926,20263729,0.279883
Heap Sort,10000,2927,20263730,0.279409
Heap Sort,10000,2928,20263731,0.281188
Heap Sort,10000,2929,20263732,0.301409
Heap Sort,10000,2930,20263733,0.279587
Heap Sort,10000,2931,20263734,0.279631
Heap Sort,10000,2932,20263735,0.280652
Heap Sort,10000,2933,20263736,0.284523
Heap Sort,10000,2934,20263737,0.282886
Heap Sort,10000,2935,20263738,0.288227
Heap Sort,10000,2936,20263739,0.289779
Heap Sort,10000,2937,20263740,0.282991
Heap Sort,10000,2938,20263741,0.341625
Heap Sort,10000,2939,20263742,0.279046
Heap Sort,10000,2940,20263743,0.278523
Heap Sort,10000,2941,20263744,0.302136
Heap Sort,10000,2942,20263745,0.278228
Heap Sort,10000,2943,20263746,0.281053
Heap Sort,10000,2944,20263747,0.295249
Heap Sort,10000,2945,20263748,0.278738
Heap Sort,10000,2946,20263749,0.280086
Heap Sort,10000,2947,20263750,0.278351
Heap Sort,10000,2948,20263751,0.276302
Heap Sort,10000,2949,20263752,0.278942
Heap Sort,10000,2950,20263753,0.280664
Heap Sort,10000,2951,20263754,0.280178
Heap Sort,10000,2952,20263755,0.296431
Heap Sort,10000,2953,20263756,0.30085
Heap Sort,10000,2954,20263757,0.279686
Heap Sort,10000,2955,20263758,0.27691
Heap Sort,10000,2956,20263759,0.2788
Heap Sort,10000,2957,20263760,0.299711
Heap Sort,10000,2958,20263761,0.279877
Heap Sort,10000,2959,20263762,0.279927
Heap Sort,10000,2960,20263763,0.277778
Heap Sort,10000,2961,20263764,0.277452
Heap Sort,10000,2962,20263765,0.278652
Heap Sort,10000,2963,20263766,0.280978
Heap Sort,10000,2964,20263767,0.27992
Heap Sort,10000,2965,20263768,0.281003
Heap Sort,10000,2966,20263769,0.280739
Heap Sort,10000,2967,20263770,0.282154
Heap Sort,10000,2968,20263771,0.293569
Heap Sort,10000,2969,20263772,0.278776
Heap Sort,10000,2970,20263773,0.281459
Heap Sort,10000,2971,20263774,0.280031
Heap Sort,10000,2972,20263775,0.279846
Heap Sort,10000,2973,20263776,0.301649
Heap Sort,10000,2974,20263777,0.279391
Heap Sort,10000,2975,20263778,0.278653
Heap Sort,10000,2976,20263779,0.279071
Heap Sort,10000,2977,20263780,0.298567
Heap Sort,10000,2978,20263781,0.277348
Heap Sort,10000,2979,20263782,0.280504
Heap Sort,10000,2980,20263783,0.279176
Heap Sort,10000,2981,20263784,0.279385
Heap Sort,10000,2982,20263785,0.28024
Heap Sort,10000,2983,20263786,0.279108
Heap Sort,10000,2984,20263787,0.27752
Heap Sort,10000,2985,20263788,0.279538
Heap Sort,10000,2986,20263789,0.278209
Heap Sort,10000,2987,20263790,0.297883
Heap Sort,10000,2988,20263791,0.277939
Heap Sort,10000,2989,20263792,0.277773
Heap Sort,10000,2990,20263793,0.279993
Heap Sort,10000,2991,20263794,0.281902
Heap Sort,10000,2992,20263795,0.278271
Heap Sort,10000,2993,20263796,0.278283
Heap Sort,10000,2994,20263797,0.279465
Heap Sort,10000,2995,20263798,0.278542
Heap Sort,10000,2996,20263799,0.27637
Heap Sort,10000,2997,20263800,0.281132
Heap Sort,10000,2998,20263801,0.308228
Heap Sort,10000,2999,20263802,0.277791
Heap Sort,10000,3000,20263803,0.28008
Heap Sort,10000,3001,20263804,0.280818
Heap Sort,10000,3002,20263805,0.279126
Heap Sort,10000,3003,20263806,0.280757
Heap Sort,10000,3004,20263807,0.2804
Heap Sort,10000,3005,20263808,0.298702
Heap Sort,10000,3006,20263809,0.298406
Heap Sort,10000,3007,20263810,0.281397
Heap Sort,10000,3008,20263811,0.281545
Heap Sort,10000,3009,20263812,0.300732
Heap Sort,10000,3010,20263813,0.299914
Heap Sort,10000,3011,20263814,0.279514
Heap Sort,10000,3012,20263815,0.28016
Heap Sort,10000,3013,20263816,0.280203
Heap Sort,10000,3014,20263817,0.279453
Heap Sort,10000,3015,20263818,0.280209
Heap Sort,10000,3016,20263819,0.280024
Heap Sort,10000,3017,20263820,0.280935
Heap Sort,10000,3018,20263821,0.30024
Heap Sort,10000,3019,20263822,0.278923
Heap Sort,10000,3020,20263823,0.282037
Heap Sort,10000,3021,20263824,0.279403
Heap Sort,10000,3022,20263825,0.300671
Heap Sort,10000,3023,20263826,0.279261
Heap Sort,10000,3024,20263827,0.279631
Heap Sort,10000,3025,20263828,0.279329
Heap Sort,10000,3026,20263829,0.279551
Heap Sort,10000,3027,20263830,0.279803
Heap Sort,10000,3028,20263831,0.280031
Heap Sort,10000,3029,20263832,0.279753
Heap Sort,10000,3030,20263833,0.280123
Heap Sort,10000,3031,20263834,0.279945
Heap Sort,10000,3032,20263835,0.280413
Heap Sort,10000,3033,20263836,0.27811
Heap Sort,10000,3034,20263837,0.280061
Heap Sort,10000,3035,20263838,0.28096
Heap Sort,10000,3036,20263839,0.279052
Heap Sort,10000,3037,20263840,0.27947
Heap Sort,10000,3038,20263841,0.301336
Heap Sort,10000,3039,20263842,0.300597
Heap Sort,10000,3040,20263843,0.281064
Heap Sort,10000,3041,20263844,0.297286
Heap Sort,10000,3042,20263845,0.277157
Heap Sort,10000,3043,20263846,0.280548
Heap Sort,10000,3044,20263847,0.277747
Heap Sort,10000,3045,20263848,0.279619
Heap Sort,10000,3046,20263849,0.277834
Heap Sort,10000,3047,20263850,0.280351
Heap Sort,10000,3048,20263851,0.280363
Heap Sort,10000,3049,20263852,0.28109
Heap Sort,10000,3050,20263853,0.28256
Heap Sort,10000,3051,20263854,0.280671
Heap Sort,10000,3052,20263855,0.278295
Heap Sort,10000,3053,20263856,0.278504
Heap Sort,10000,3054,20263857,0.278701
Heap Sort,10000,3055,20263858,0.279151
Heap Sort,10000,3056,20263859,0.27968
Heap Sort,10000,3057,20263860,0.280886
Heap Sort,10000,3058,20263861,0.279576
Heap Sort,10000,3059,20263862,0.298357
Heap Sort,10000,3060,20263863,0.280024
Heap Sort,10000,3061,20263864,0.279662
Heap Sort,10000,3062,20263865,0.278327
Heap Sort,10000,3063,20263866,0.301304
Heap Sort,10000,3064,20263867,0.278104
Heap Sort,10000,3065,20263868,0.280099
Heap Sort,10000,3066,20263869,0.288295
Heap Sort,10000,3067,20263870,0.280707
Heap Sort,10000,3068,20263871,0.279151
Heap Sort,10000,3069,20263872,0.277859
Heap Sort,10000,3070,20263873,0.298234
Heap Sort,10000,3071,20263874,0.276579
Heap Sort,10000,3072,20263875,0.277834
Heap Sort,10000,3073,20263876,0.279415
Heap Sort,10000,3074,20263877,0.277717
Heap Sort,10000,3075,20263878,0.280702
Heap Sort,10000,3076,20263879,0.283083
Heap Sort,10000,3077,20263880,0.28008
Heap Sort,10000,3078,20263881,0.28101
Heap Sort,10000,3079,20263882,0.279397
Heap Sort,10000,3080,20263883,0.282769
Heap Sort,10000,3081,20263884,0.29784
Heap Sort,10000,3082,20263885,0.278813
Heap Sort,10000,3083,20263886,0.279736
Heap Sort,10000,3084,20263887,0.279329
Heap Sort,10000,3085,20263888,0.319606
Heap Sort,10000,3086,20263889,0.282012
Heap Sort,10000,3087,20263890,0.276929
Heap Sort,10000,3088,20263891,0.300363
Heap Sort,10000,3089,20263892,0.277421
Heap Sort,10000,3090,20263893,0.281127
Heap Sort,10000,3091,20263894,0.279828
Heap Sort,10000,3092,20263895,0.279797
Heap Sort,10000,3093,20263896,0.280529
Heap Sort,10000,3094,20263897,0.279323
Heap Sort,10000,3095,20263898,0.279477
Heap Sort,10000,3096,20263899,0.280154
Heap Sort,10000,3097,20263900,0.279551
Heap Sort,10000,3098,20263901,0.28021
Heap Sort,10000,3099,20263902,0.278818
Heap Sort,10000,3100,20263903,0.278739
Heap Sort,10000,3101,20263904,0.280573
Heap Sort,10000,3102,20263905,0.282356
Heap Sort,10000,3103,20263906,0.286117
Heap Sort,10000,3104,20263907,0.289095
Heap Sort,10000,3105,20263908,0.29072
Heap Sort,10000,3106,20263909,0.284763
Heap Sort,10000,3107,20263910,0.281458
Heap Sort,10000,3108,20263911,0.278265
Heap Sort,10000,3109,20263912,0.279939
Heap Sort,10000,3110,20263913,0.282099
Heap Sort,10000,3111,20263914,0.279175
Heap Sort,10000,3112,20263915,0.279133
Heap Sort,10000,3113,20263916,0.27979
Heap Sort,10000,3114,20263917,0.279249
Heap Sort,10000,3115,20263918,0.281625
Heap Sort,10000,3116,20263919,0.28072
Heap Sort,10000,3117,20263920,0.278412
Heap Sort,10000,3118,20263921,0.281089
Heap Sort,10000,3119,20263922,0.279705
Heap Sort,10000,3120,20263923,0.278615
Heap Sort,10000,3121,20263924,0.282326
Heap Sort,10000,3122,20263925,0.280258
Heap Sort,10000,3123,20263926,0.278738
Heap Sort,10000,3124,20263927,0.277704
Heap Sort,10000,3125,20263928,0.277021
Heap Sort,10000,3126,20263929,0.282006
Heap Sort,10000,3127,20263930,0.281009
Heap Sort,10000,3128,20263931,0.298585
Heap Sort,10000,3129,20263932,0.277778
Heap Sort,10000,3130,20263933,0.297791
Heap Sort,10000,3131,20263934,0.279821
Heap Sort,10000,3132,20263935,0.280504
Heap Sort,10000,3133,20263936,0.277907
Heap Sort,10000,3134,20263937,0.279686
Heap Sort,10000,3135,20263938,0.279649
Heap Sort,10000,3136,20263939,0.297311
Heap Sort,10000,3137,20263940,0.28128
Heap Sort,10000,3138,20263941,0.277145
Heap Sort,10000,3139,20263942,0.278425
Heap Sort,10000,3140,20263943,0.278326
Heap Sort,10000,3141,20263944,0.278954
Heap Sort,10000,3142,20263945,0.275822
Heap Sort,10000,3143,20263946,0.279329
Heap Sort,10000,3144,20263947,0.298474
Heap Sort,10000,3145,20263948,0.280443
Heap Sort,10000,3146,20263949,0.299723
Heap Sort,10000,3147,20263950,0.278031
Heap Sort,10000,3148,20263951,0.279877
Heap Sort,10000,3149,20263952,0.278376
Heap Sort,10000,3150,20263953,0.299231
Heap Sort,10000,3151,20263954,0.278486
Heap Sort,10000,3152,20263955,0.280892
Heap Sort,10000,3153,20263956,0.276849
Heap Sort,10000,3154,20263957,0.280695
Heap Sort,10000,3155,20263958,0.279323
Heap Sort,10000,3156,20263959,0.277692
Heap Sort,10000,3157,20263960,0.300203
Heap Sort,10000,3158,20263961,0.279963
Heap Sort,10000,3159,20263962,0.278553
Heap Sort,10000,3160,20263963,0.281114
Heap Sort,10000,3161,20263964,0.280302
Heap Sort,10000,3162,20263965,0.277569
Heap Sort,10000,3163,20263966,0.278474
Heap Sort,10000,3164,20263967,0.284044
Heap Sort,10000,3165,20263968,0.278616
Heap Sort,10000,3166,20263969,0.282067
Heap Sort,10000,3167,20263970,0.280818
Heap Sort,10000,3168,20263971,0.299286
Heap Sort,10000,3169,20263972,0.299009
Heap Sort,10000,3170,20263973,0.282178
Heap Sort,10000,3171,20263974,0.280566
Heap Sort,10000,3172,20263975,0.281157
Heap Sort,10000,3173,20263976,0.284708
Heap Sort,10000,3174,20263977,0.281655
Heap Sort,10000,3175,20263978,0.298738
Heap Sort,10000,3176,20263979,0.280542
Heap Sort,10000,3177,20263980,0.282296
Heap Sort,10000,3178,20263981,0.280265
Heap Sort,10000,3179,20263982,0.280677
Heap Sort,10000,3180,20263983,0.278554
Heap Sort,10000,3181,20263984,0.279963
Heap Sort,10000,3182,20263985,0.279046
Heap Sort,10000,3183,20263986,0.288554
Heap Sort,10000,3184,20263987,0.277453
Heap Sort,10000,3185,20263988,0.278917
Heap Sort,10000,3186,20263989,0.279987
Heap Sort,10000,3187,20263990,0.280566
Heap Sort,10000,3188,20263991,0.281102
Heap Sort,10000,3189,20263992,0.277994
Heap Sort,10000,3190,20263993,0.279163
Heap Sort,10000,3191,20263994,0.279052
Heap Sort,10000,3192,20263995,0.297803
Heap Sort,10000,3193,20263996,0.278504
Heap Sort,10000,3194,20263997,0.280653
Heap Sort,10000,3195,20263998,0.281274
Heap Sort,10000,3196,20263999,0.278018
Heap Sort,10000,3197,20264000,0.278603
Heap Sort,10000,3198,20264001,0.300117
Heap Sort,10000,3199,20264002,0.300548
Heap Sort,10000,3200,20264003,0.279157
Heap Sort,10000,3201,20264004,0.279347
Heap Sort,10000,3202,20264005,0.280603
Heap Sort,10000,3203,20264006,0.279748
Heap Sort,10000,3204,20264007,0.278462
Heap Sort,10000,3205,20264008,0.277095
Heap Sort,10000,3206,20264009,0.281274
Heap Sort,10000,3207,20264010,0.278843
Heap Sort,10000,3208,20264011,0.280769
Heap Sort,10000,3209,20264012,0.279083
Heap Sort,10000,3210,20264013,0.300067
Heap Sort,10000,3211,20264014,0.277944
Heap Sort,10000,3212,20264015,0.279323
Heap Sort,10000,3213,20264016,0.280745
Heap Sort,10000,3214,20264017,0.300258
Heap Sort,10000,3215,20264018,0.278394
Heap Sort,10000,3216,20264019,0.300252
Heap Sort,10000,3217,20264020,0.279717
Heap Sort,10000,3218,20264021,0.281422
Heap Sort,10000,3219,20264022,0.278247
Heap Sort,10000,3220,20264023,0.29728
Heap Sort,10000,3221,20264024,0.277563
Heap Sort,10000,3222,20264025,0.279446
Heap Sort,10000,3223,20264026,0.279015
Heap Sort,10000,3224,20264027,0.280874
Heap Sort,10000,3225,20264028,0.277058
Heap Sort,10000,3226,20264029,0.2804
Heap Sort,10000,3227,20264030,0.279335
Heap Sort,10000,3228,20264031,0.299188
Heap Sort,10000,3229,20264032,0.300978
Heap Sort,10000,3230,20264033,0.278524
Heap Sort,10000,3231,20264034,0.282363
Heap Sort,10000,3232,20264035,0.279662
Heap Sort,10000,3233,20264036,0.277108
Heap Sort,10000,3234,20264037,0.277649
Heap Sort,10000,3235,20264038,0.299736
Heap Sort,10000,3236,20264039,0.280849
Heap Sort,10000,3237,20264040,0.278474
Heap Sort,10000,3238,20264041,0.298677
Heap Sort,10000,3239,20264042,0.279144
Heap Sort,10000,3240,20264043,0.278684
Heap Sort,10000,3241,20264044,0.281379
Heap Sort,10000,3242,20264045,0.279367
Heap Sort,10000,3243,20264046,0.283366
Heap Sort,10000,3244,20264047,0.299852
Heap Sort,10000,3245,20264048,0.281058
Heap Sort,10000,3246,20264049,0.28011
Heap Sort,10000,3247,20264050,0.279452
Heap Sort,10000,3248,20264051,0.277637
Heap Sort,10000,3249,20264052,0.281114
Heap Sort,10000,3250,20264053,0.278443
Heap Sort,10000,3251,20264054,0.281323
Heap Sort,10000,3252,20264055,0.27968
Heap Sort,10000,3253,20264056,0.280486
Heap Sort,10000,3254,20264057,0.281021
Heap Sort,10000,3255,20264058,0.278307
Heap Sort,10000,3256,20264059,0.285015
Heap Sort,10000,3257,20264060,0.278979
Heap Sort,10000,3258,20264061,0.279446
Heap Sort,10000,3259,20264062,0.279563
Heap Sort,10000,3260,20264063,0.280911
Heap Sort,10000,3261,20264064,0.276948
Heap Sort,10000,3262,20264065,0.289988
Heap Sort,10000,3263,20264066,0.278197
Heap Sort,10000,3264,20264067,0.278443
Heap Sort,10000,3265,20264068,0.280345
Heap Sort,10000,3266,20264069,0.280049
Heap Sort,10000,3267,20264070,0.279649
Heap Sort,10000,3268,20264071,0.299495
Heap Sort,10000,3269,20264072,0.278468
Heap Sort,10000,3270,20264073,0.279631
Heap Sort,10000,3271,20264074,0.282
Heap Sort,10000,3272,20264075,0.318191
Heap Sort,10000,3273,20264076,0.29056
Heap Sort,10000,3274,20264077,0.288554
Heap Sort,10000,3275,20264078,0.284356
Heap Sort,10000,3276,20264079,0.278578
Heap Sort,10000,3277,20264080,0.277754
Heap Sort,10000,3278,20264081,0.298449
Heap Sort,10000,3279,20264082,0.277858
Heap Sort,10000,3280,20264083,0.28072
Heap Sort,10000,3281,20264084,0.327545
Heap Sort,10000,3282,20264085,0.298234
Heap Sort,10000,3283,20264086,0.278578
Heap Sort,10000,3284,20264087,0.2808
Heap Sort,10000,3285,20264088,0.300055
Heap Sort,10000,3286,20264089,0.278333
Heap Sort,10000,3287,20264090,0.279237
Heap Sort,10000,3288,20264091,0.277465
Heap Sort,10000,3289,20264092,0.298179
Heap Sort,10000,3290,20264093,0.279219
Heap Sort,10000,3291,20264094,0.278849
Heap Sort,10000,3292,20264095,0.301724
Heap Sort,10000,3293,20264096,0.278074
Heap Sort,10000,3294,20264097,0.298954
Heap Sort,10000,3295,20264098,0.279249
Heap Sort,10000,3296,20264099,0.27848
Heap Sort,10000,3297,20264100,0.275773
Heap Sort,10000,3298,20264101,0.280025
Heap Sort,10000,3299,20264102,0.28392
Heap Sort,10000,3300,20264103,0.319292
Heap Sort,10000,3301,20264104,0.280394
Heap Sort,10000,3302,20264105,0.281059
Heap Sort,10000,3303,20264106,0.281003
Heap Sort,10000,3304,20264107,0.279822
Heap Sort,10000,3305,20264108,0.281219
Heap Sort,10000,3306,20264109,0.279107
Heap Sort,10000,3307,20264110,0.282024
Heap Sort,10000,3308,20264111,0.300443
Heap Sort,10000,3309,20264112,0.2808
Heap Sort,10000,3310,20264113,0.280043
Heap Sort,10000,3311,20264114,0.279243
Heap Sort,10000,3312,20264115,0.281231
Heap Sort,10000,3313,20264116,0.276019
Heap Sort,10000,3314,20264117,0.300609
Heap Sort,10000,3315,20264118,0.278382
Heap Sort,10000,3316,20264119,0.279292
Heap Sort,10000,3317,20264120,0.280369
Heap Sort,10000,3318,20264121,0.300357
Heap Sort,10000,3319,20264122,0.278099
Heap Sort,10000,3320,20264123,0.278794
Heap Sort,10000,3321,20264124,0.277484
Heap Sort,10000,3322,20264125,0.280701
Heap Sort,10000,3323,20264126,0.279206
Heap Sort,10000,3324,20264127,0.280769
Heap Sort,10000,3325,20264128,0.296302
Heap Sort,10000,3326,20264129,0.278369
Heap Sort,10000,3327,20264130,0.296991
Heap Sort,10000,3328,20264131,0.277169
Heap Sort,10000,3329,20264132,0.281668
Heap Sort,10000,3330,20264133,0.289933
Heap Sort,10000,3331,20264134,0.300554
Heap Sort,10000,3332,20264135,0.29728
Heap Sort,10000,3333,20264136,0.280726
Heap Sort,10000,3334,20264137,0.299243
Heap Sort,10000,3335,20264138,0.279286
Heap Sort,10000,3336,20264139,0.27872
Heap Sort,10000,3337,20264140,0.278757
Heap Sort,10000,3338,20264141,0.278326
Heap Sort,10000,3339,20264142,0.298628
Heap Sort,10000,3340,20264143,0.277176
Heap Sort,10000,3341,20264144,0.279557
Heap Sort,10000,3342,20264145,0.300068
Heap Sort,10000,3343,20264146,0.29744
Heap Sort,10000,3344,20264147,0.278449
Heap Sort,10000,3345,20264148,0.277723
Heap Sort,10000,3346,20264149,0.27867
Heap Sort,10000,3347,20264150,0.299698
Heap Sort,10000,3348,20264151,0.298787
Heap Sort,10000,3349,20264152,0.276991
Heap Sort,10000,3350,20264153,0.296307
Heap Sort,10000,3351,20264154,0.278345
Heap Sort,10000,3352,20264155,0.277877
Heap Sort,10000,3353,20264156,0.276825
Heap Sort,10000,3354,20264157,0.278345
Heap Sort,10000,3355,20264158,0.275865
Heap Sort,10000,3356,20264159,0.29856
Heap Sort,10000,3357,20264160,0.299458
Heap Sort,10000,3358,20264161,0.276787
Heap Sort,10000,3359,20264162,0.277052
Heap Sort,10000,3360,20264163,0.289286
Heap Sort,10000,3361,20264164,0.27909
Heap Sort,10000,3362,20264165,0.277932
Heap Sort,10000,3363,20264166,0.28096
Heap Sort,10000,3364,20264167,0.277895
Heap Sort,10000,3365,20264168,0.276929
Heap Sort,10000,3366,20264169,0.276984
Heap Sort,10000,3367,20264170,0.277711
Heap Sort,10000,3368,20264171,0.27896
Heap Sort,10000,3369,20264172,0.278898
Heap Sort,10000,3370,20264173,0.29645
Heap Sort,10000,3371,20264174,0.325969
Heap Sort,10000,3372,20264175,0.297773
Heap Sort,10000,3373,20264176,0.280129
Heap Sort,10000,3374,20264177,0.296935
Heap Sort,10000,3375,20264178,0.299489
Heap Sort,10000,3376,20264179,0.279354
Heap Sort,10000,3377,20264180,0.279144
Heap Sort,10000,3378,20264181,0.278843
Heap Sort,10000,3379,20264182,0.280929
Heap Sort,10000,3380,20264183,0.279908
Heap Sort,10000,3381,20264184,0.29645
Heap Sort,10000,3382,20264185,0.279834
Heap Sort,10000,3383,20264186,0.27904
Heap Sort,10000,3384,20264187,0.282923
Heap Sort,10000,3385,20264188,0.29955
Heap Sort,10000,3386,20264189,0.281047
Heap Sort,10000,3387,20264190,0.278831
Heap Sort,10000,3388,20264191,0.277144
Heap Sort,10000,3389,20264192,0.280646
Heap Sort,10000,3390,20264193,0.27869
Heap Sort,10000,3391,20264194,0.297883
Heap Sort,10000,3392,20264195,0.278031
Heap Sort,10000,3393,20264196,0.279053
Heap Sort,10000,3394,20264197,0.277034
Heap Sort,10000,3395,20264198,0.280647
Heap Sort,10000,3396,20264199,0.278425
Heap Sort,10000,3397,20264200,0.277372
Heap Sort,10000,3398,20264201,0.2804
Heap Sort,10000,3399,20264202,0.279477
Heap Sort,10000,3400,20264203,0.281114
Heap Sort,10000,3401,20264204,0.2796
Heap Sort,10000,3402,20264205,0.279188
Heap Sort,10000,3403,20264206,0.299576
Heap Sort,10000,3404,20264207,0.277176
Heap Sort,10000,3405,20264208,0.28032
Heap Sort,10000,3406,20264209,0.27832
Heap Sort,10000,3407,20264210,0.281625
Heap Sort,10000,3408,20264211,0.429083
Heap Sort,10000,3409,20264212,0.280393
Heap Sort,10000,3410,20264213,0.279951
Heap Sort,10000,3411,20264214,0.297864
Heap Sort,10000,3412,20264215,0.283194
Heap Sort,10000,3413,20264216,0.299053
Heap Sort,10000,3414,20264217,0.279551
Heap Sort,10000,3415,20264218,0.277262
Heap Sort,10000,3416,20264219,0.277852
Heap Sort,10000,3417,20264220,0.279421
Heap Sort,10000,3418,20264221,0.279711
Heap Sort,10000,3419,20264222,0.277575
Heap Sort,10000,3420,20264223,0.279551
Heap Sort,10000,3421,20264224,0.28
Heap Sort,10000,3422,20264225,0.277059
Heap Sort,10000,3423,20264226,0.279502
Heap Sort,10000,3424,20264227,0.278012
Heap Sort,10000,3425,20264228,0.27939
Heap Sort,10000,3426,20264229,0.280333
Heap Sort,10000,3427,20264230,0.278745
Heap Sort,10000,3428,20264231,0.334185
Heap Sort,10000,3429,20264232,0.283249
Heap Sort,10000,3430,20264233,0.278073
Heap Sort,10000,3431,20264234,0.282363
Heap Sort,10000,3432,20264235,0.278591
Heap Sort,10000,3433,20264236,0.276332
Heap Sort,10000,3434,20264237,0.277649
Heap Sort,10000,3435,20264238,0.27965
Heap Sort,10000,3436,20264239,0.276382
Heap Sort,10000,3437,20264240,0.27605
Heap Sort,10000,3438,20264241,0.279563
Heap Sort,10000,3439,20264242,0.281428
Heap Sort,10000,3440,20264243,0.282055
Heap Sort,10000,3441,20264244,0.283594
Heap Sort,10000,3442,20264245,0.290898
Heap Sort,10000,3443,20264246,0.287514
Heap Sort,10000,3444,20264247,0.284019
Heap Sort,10000,3445,20264248,0.29024
Heap Sort,10000,3446,20264249,0.285631
Heap Sort,10000,3447,20264250,0.286393
Heap Sort,10000,3448,20264251,0.282757
Heap Sort,10000,3449,20264252,0.281803
Heap Sort,10000,3450,20264253,0.279538
Heap Sort,10000,3451,20264254,0.281723
Heap Sort,10000,3452,20264255,0.278849
Heap Sort,10000,3453,20264256,0.301249
Heap Sort,10000,3454,20264257,0.280222
Heap Sort,10000,3455,20264258,0.278683
Heap Sort,10000,3456,20264259,0.280092
Heap Sort,10000,3457,20264260,0.298978
Heap Sort,10000,3458,20264261,0.280056
Heap Sort,10000,3459,20264262,0.279815
Heap Sort,10000,3460,20264263,0.280597
Heap Sort,10000,3461,20264264,0.280997
Heap Sort,10000,3462,20264265,0.280314
Heap Sort,10000,3463,20264266,0.280812
Heap Sort,10000,3464,20264267,0.283157
Heap Sort,10000,3465,20264268,0.280806
Heap Sort,10000,3466,20264269,0.280123
Heap Sort,10000,3467,20264270,0.280634
Heap Sort,10000,3468,20264271,0.283219
Heap Sort,10000,3469,20264272,0.279864
Heap Sort,10000,3470,20264273,0.279422
Heap Sort,10000,3471,20264274,0.280664
Heap Sort,10000,3472,20264275,0.281366
Heap Sort,10000,3473,20264276,0.281299
Heap Sort,10000,3474,20264277,0.280136
Heap Sort,10000,3475,20264278,0.280929
Heap Sort,10000,3476,20264279,0.280929
Heap Sort,10000,3477,20264280,0.280781
Heap Sort,10000,3478,20264281,0.281218
Heap Sort,10000,3479,20264282,0.281612
Heap Sort,10000,3480,20264283,0.28011
Heap Sort,10000,3481,20264284,0.283736
Heap Sort,10000,3482,20264285,0.302295
Heap Sort,10000,3483,20264286,0.301397
Heap Sort,10000,3484,20264287,0.279206
Heap Sort,10000,3485,20264288,0.301206
Heap Sort,10000,3486,20264289,0.280553
Heap Sort,10000,3487,20264290,0.281354
Heap Sort,10000,3488,20264291,0.283151
Heap Sort,10000,3489,20264292,0.280775
Heap Sort,10000,3490,20264293,0.300806
Heap Sort,10000,3491,20264294,0.281366
Heap Sort,10000,3492,20264295,0.279938
Heap Sort,10000,3493,20264296,0.279932
Heap Sort,10000,3494,20264297,0.281827
Heap Sort,10000,3495,20264298,0.281637
Heap Sort,10000,3496,20264299,0.28331
Heap Sort,10000,3497,20264300,0.283391
Heap Sort,10000,3498,20264301,0.2816
Heap Sort,10000,3499,20264302,0.279895
Heap Sort,10000,3500,20264303,0.280966
Heap Sort,10000,3501,20264304,0.300591
Heap Sort,10000,3502,20264305,0.280473
Heap Sort,10000,3503,20264306,0.280492
Heap Sort,10000,3504,20264307,0.283003
Heap Sort,10000,3505,20264308,0.28197
Heap Sort,10000,3506,20264309,0.280357
Heap Sort,10000,3507,20264310,0.301507
Heap Sort,10000,3508,20264311,0.280973
Heap Sort,10000,3509,20264312,0.281539
Heap Sort,10000,3510,20264313,0.279434
Heap Sort,10000,3511,20264314,0.279858
Heap Sort,10000,3512,20264315,0.281821
Heap Sort,10000,3513,20264316,0.281052
Heap Sort,10000,3514,20264317,0.280966
Heap Sort,10000,3515,20264318,0.280425
Heap Sort,10000,3516,20264319,0.277557
Heap Sort,10000,3517,20264320,0.281914
Heap Sort,10000,3518,20264321,0.300973
Heap Sort,10000,3519,20264322,0.301939
Heap Sort,10000,3520,20264323,0.28072
Heap Sort,10000,3521,20264324,0.282099
Heap Sort,10000,3522,20264325,0.280425
Heap Sort,10000,3523,20264326,0.281508
Heap Sort,10000,3524,20264327,0.281618
Heap Sort,10000,3525,20264328,0.280702
Heap Sort,10000,3526,20264329,0.283606
Heap Sort,10000,3527,20264330,0.282117
Heap Sort,10000,3528,20264331,0.30096
Heap Sort,10000,3529,20264332,0.284332
Heap Sort,10000,3530,20264333,0.302671
Heap Sort,10000,3531,20264334,0.298788
Heap Sort,10000,3532,20264335,0.281736
Heap Sort,10000,3533,20264336,0.283815
Heap Sort,10000,3534,20264337,0.281471
Heap Sort,10000,3535,20264338,0.281624
Heap Sort,10000,3536,20264339,0.281785
Heap Sort,10000,3537,20264340,0.283637
Heap Sort,10000,3538,20264341,0.281225
Heap Sort,10000,3539,20264342,0.279717
Heap Sort,10000,3540,20264343,0.280702
Heap Sort,10000,3541,20264344,0.279687
Heap Sort,10000,3542,20264345,0.312787
Heap Sort,10000,3543,20264346,0.281582
Heap Sort,10000,3544,20264347,0.279945
Heap Sort,10000,3545,20264348,0.285274
Heap Sort,10000,3546,20264349,0.279046
Heap Sort,10000,3547,20264350,0.278056
Heap Sort,10000,3548,20264351,0.281877
Heap Sort,10000,3549,20264352,0.299243
Heap Sort,10000,3550,20264353,0.280597
Heap Sort,10000,3551,20264354,0.300745
Heap Sort,10000,3552,20264355,0.278209
Heap Sort,10000,3553,20264356,0.288172
Heap Sort,10000,3554,20264357,0.280787
Heap Sort,10000,3555,20264358,0.286461
Heap Sort,10000,3556,20264359,0.300954
Heap Sort,10000,3557,20264360,0.27896
Heap Sort,10000,3558,20264361,0.280265
Heap Sort,10000,3559,20264362,0.280924
Heap Sort,10000,3560,20264363,0.279225
Heap Sort,10000,3561,20264364,0.287889
Heap Sort,10000,3562,20264365,0.278954
Heap Sort,10000,3563,20264366,0.28136
Heap Sort,10000,3564,20264367,0.279545
Heap Sort,10000,3565,20264368,0.281576
Heap Sort,10000,3566,20264369,0.279446
Heap Sort,10000,3567,20264370,0.27856
Heap Sort,10000,3568,20264371,0.276726
Heap Sort,10000,3569,20264372,0.277255
Heap Sort,10000,3570,20264373,0.280824
Heap Sort,10000,3571,20264374,0.279747
Heap Sort,10000,3572,20264375,0.280517
Heap Sort,10000,3573,20264376,0.297828
Heap Sort,10000,3574,20264377,0.278456
Heap Sort,10000,3575,20264378,0.279224
Heap Sort,10000,3576,20264379,0.279667
Heap Sort,10000,3577,20264380,0.28296
Heap Sort,10000,3578,20264381,0.281465
Heap Sort,10000,3579,20264382,0.281471
Heap Sort,10000,3580,20264383,0.300584
Heap Sort,10000,3581,20264384,0.281237
Heap Sort,10000,3582,20264385,0.278689
Heap Sort,10000,3583,20264386,0.282339
Heap Sort,10000,3584,20264387,0.278696
Heap Sort,10000,3585,20264388,0.278074
Heap Sort,10000,3586,20264389,0.296449
Heap Sort,10000,3587,20264390,0.279754
Heap Sort,10000,3588,20264391,0.281834
Heap Sort,10000,3589,20264392,0.282701
Heap Sort,10000,3590,20264393,0.3008
Heap Sort,10000,3591,20264394,0.282019
Heap Sort,10000,3592,20264395,0.278991
Heap Sort,10000,3593,20264396,0.281397
Heap Sort,10000,3594,20264397,0.283003
Heap Sort,10000,3595,20264398,0.281625
Heap Sort,10000,3596,20264399,0.282179
Heap Sort,10000,3597,20264400,0.279231
Heap Sort,10000,3598,20264401,0.28152
Heap Sort,10000,3599,20264402,0.280277
Heap Sort,10000,3600,20264403,0.281052
Heap Sort,10000,3601,20264404,0.28051
Heap Sort,10000,3602,20264405,0.280523
Heap Sort,10000,3603,20264406,0.283698
Heap Sort,10000,3604,20264407,0.283612
Heap Sort,10000,3605,20264408,0.303169
Heap Sort,10000,3606,20264409,0.281145
Heap Sort,10000,3607,20264410,0.280578
Heap Sort,10000,3608,20264411,0.28072
Heap Sort,10000,3609,20264412,0.284855
Heap Sort,10000,3610,20264413,0.283317
Heap Sort,10000,3611,20264414,0.278197
Heap Sort,10000,3612,20264415,0.291557
Heap Sort,10000,3613,20264416,0.286147
Heap Sort,10000,3614,20264417,0.279329
Heap Sort,10000,3615,20264418,0.283163
Heap Sort,10000,3616,20264419,0.278394
Heap Sort,10000,3617,20264420,0.298301
Heap Sort,10000,3618,20264421,0.298437
Heap Sort,10000,3619,20264422,0.300117
Heap Sort,10000,3620,20264423,0.280714
Heap Sort,10000,3621,20264424,0.281262
Heap Sort,10000,3622,20264425,0.280695
Heap Sort,10000,3623,20264426,0.281415
Heap Sort,10000,3624,20264427,0.279236
Heap Sort,10000,3625,20264428,0.283218
Heap Sort,10000,3626,20264429,0.302197
Heap Sort,10000,3627,20264430,0.298941
Heap Sort,10000,3628,20264431,0.280086
Heap Sort,10000,3629,20264432,0.279853
Heap Sort,10000,3630,20264433,0.299052
Heap Sort,10000,3631,20264434,0.279982
Heap Sort,10000,3632,20264435,0.281927
Heap Sort,10000,3633,20264436,0.279015
Heap Sort,10000,3634,20264437,0.275883
Heap Sort,10000,3635,20264438,0.279176
Heap Sort,10000,3636,20264439,0.280105
Heap Sort,10000,3637,20264440,0.280234
Heap Sort,10000,3638,20264441,0.281489
Heap Sort,10000,3639,20264442,0.276535
Heap Sort,10000,3640,20264443,0.280954
Heap Sort,10000,3641,20264444,0.279428
Heap Sort,10000,3642,20264445,0.279853
Heap Sort,10000,3643,20264446,0.280689
Heap Sort,10000,3644,20264447,0.299058
Heap Sort,10000,3645,20264448,0.279022
Heap Sort,10000,3646,20264449,0.280228
Heap Sort,10000,3647,20264450,0.299914
Heap Sort,10000,3648,20264451,0.2772
Heap Sort,10000,3649,20264452,0.279785
Heap Sort,10000,3650,20264453,0.279181
Heap Sort,10000,3651,20264454,0.277859
Heap Sort,10000,3652,20264455,0.278627
Heap Sort,10000,3653,20264456,0.278116
Heap Sort,10000,3654,20264457,0.279163
Heap Sort,10000,3655,20264458,0.278609
Heap Sort,10000,3656,20264459,0.277187
Heap Sort,10000,3657,20264460,0.277157
Heap Sort,10000,3658,20264461,0.281514
Heap Sort,10000,3659,20264462,0.280449
Heap Sort,10000,3660,20264463,0.278677
Heap Sort,10000,3661,20264464,0.278904
Heap Sort,10000,3662,20264465,0.278498
Heap Sort,10000,3663,20264466,0.298597
Heap Sort,10000,3664,20264467,0.298554
Heap Sort,10000,3665,20264468,0.281847
Heap Sort,10000,3666,20264469,0.280394
Heap Sort,10000,3667,20264470,0.28283
Heap Sort,10000,3668,20264471,0.301046
Heap Sort,10000,3669,20264472,0.281176
Heap Sort,10000,3670,20264473,0.276942
Heap Sort,10000,3671,20264474,0.28224
Heap Sort,10000,3672,20264475,0.280394
Heap Sort,10000,3673,20264476,0.279939
Heap Sort,10000,3674,20264477,0.279711
Heap Sort,10000,3675,20264478,0.281065
Heap Sort,10000,3676,20264479,0.277957
Heap Sort,10000,3677,20264480,0.281877
Heap Sort,10000,3678,20264481,0.281877
Heap Sort,10000,3679,20264482,0.279545
Heap Sort,10000,3680,20264483,0.278812
Heap Sort,10000,3681,20264484,0.278591
Heap Sort,10000,3682,20264485,0.283674
Heap Sort,10000,3683,20264486,0.281255
Heap Sort,10000,3684,20264487,0.279822
Heap Sort,10000,3685,20264488,0.280283
Heap Sort,10000,3686,20264489,0.280087
Heap Sort,10000,3687,20264490,0.280357
Heap Sort,10000,3688,20264491,0.278455
Heap Sort,10000,3689,20264492,0.280276
Heap Sort,10000,3690,20264493,0.279957
Heap Sort,10000,3691,20264494,0.279065
Heap Sort,10000,3692,20264495,0.281255
Heap Sort,10000,3693,20264496,0.278154
Heap Sort,10000,3694,20264497,0.28016
Heap Sort,10000,3695,20264498,0.280745
Heap Sort,10000,3696,20264499,0.28144
Heap Sort,10000,3697,20264500,0.279686
Heap Sort,10000,3698,20264501,0.29984
Heap Sort,10000,3699,20264502,0.299366
Heap Sort,10000,3700,20264503,0.429656
Heap Sort,10000,3701,20264504,0.280972
Heap Sort,10000,3702,20264505,0.278806
Heap Sort,10000,3703,20264506,0.280167
Heap Sort,10000,3704,20264507,0.280751
Heap Sort,10000,3705,20264508,0.300443
Heap Sort,10000,3706,20264509,0.279495
Heap Sort,10000,3707,20264510,0.299489
Heap Sort,10000,3708,20264511,0.286597
Heap Sort,10000,3709,20264512,0.281016
Heap Sort,10000,3710,20264513,0.30147
Heap Sort,10000,3711,20264514,0.28192
Heap Sort,10000,3712,20264515,0.279065
Heap Sort,10000,3713,20264516,0.286739
Heap Sort,10000,3714,20264517,0.280264
Heap Sort,10000,3715,20264518,0.279964
Heap Sort,10000,3716,20264519,0.300578
Heap Sort,10000,3717,20264520,0.280516
Heap Sort,10000,3718,20264521,0.298086
Heap Sort,10000,3719,20264522,0.280677
Heap Sort,10000,3720,20264523,0.279593
Heap Sort,10000,3721,20264524,0.279464
Heap Sort,10000,3722,20264525,0.279821
Heap Sort,10000,3723,20264526,0.299292
Heap Sort,10000,3724,20264527,0.282523
Heap Sort,10000,3725,20264528,0.27875
Heap Sort,10000,3726,20264529,0.281101
Heap Sort,10000,3727,20264530,0.280049
Heap Sort,10000,3728,20264531,0.2796
Heap Sort,10000,3729,20264532,0.277477
Heap Sort,10000,3730,20264533,0.279858
Heap Sort,10000,3731,20264534,0.280129
Heap Sort,10000,3732,20264535,0.279471
Heap Sort,10000,3733,20264536,0.280744
Heap Sort,10000,3734,20264537,0.300344
Heap Sort,10000,3735,20264538,0.281133
Heap Sort,10000,3736,20264539,0.277502
Heap Sort,10000,3737,20264540,0.281157
Heap Sort,10000,3738,20264541,0.27848
Heap Sort,10000,3739,20264542,0.280178
Heap Sort,10000,3740,20264543,0.280524
Heap Sort,10000,3741,20264544,0.279458
Heap Sort,10000,3742,20264545,0.280172
Heap Sort,10000,3743,20264546,0.288141
Heap Sort,10000,3744,20264547,0.280086
Heap Sort,10000,3745,20264548,0.298855
Heap Sort,10000,3746,20264549,0.282972
Heap Sort,10000,3747,20264550,0.278972
Heap Sort,10000,3748,20264551,0.279354
Heap Sort,10000,3749,20264552,0.281163
Heap Sort,10000,3750,20264553,0.280099
Heap Sort,10000,3751,20264554,0.279298
Heap Sort,10000,3752,20264555,0.27896
Heap Sort,10000,3753,20264556,0.279341
Heap Sort,10000,3754,20264557,0.279471
Heap Sort,10000,3755,20264558,0.300806
Heap Sort,10000,3756,20264559,0.278646
Heap Sort,10000,3757,20264560,0.276954
Heap Sort,10000,3758,20264561,0.282523
Heap Sort,10000,3759,20264562,0.282314
Heap Sort,10000,3760,20264563,0.28192
Heap Sort,10000,3761,20264564,0.300548
Heap Sort,10000,3762,20264565,0.288769
Heap Sort,10000,3763,20264566,0.279969
Heap Sort,10000,3764,20264567,0.283778
Heap Sort,10000,3765,20264568,0.279797
Heap Sort,10000,3766,20264569,0.278123
Heap Sort,10000,3767,20264570,0.279256
Heap Sort,10000,3768,20264571,0.277083
Heap Sort,10000,3769,20264572,0.300044
Heap Sort,10000,3770,20264573,0.277384
Heap Sort,10000,3771,20264574,0.279717
Heap Sort,10000,3772,20264575,0.28208
Heap Sort,10000,3773,20264576,0.283594
Heap Sort,10000,3774,20264577,0.279255
Heap Sort,10000,3775,20264578,0.280228
Heap Sort,10000,3776,20264579,0.279908
Heap Sort,10000,3777,20264580,0.302781
Heap Sort,10000,3778,20264581,0.28376
Heap Sort,10000,3779,20264582,0.303237
Heap Sort,10000,3780,20264583,0.296991
Heap Sort,10000,3781,20264584,0.305656
Heap Sort,10000,3782,20264585,0.286985
Heap Sort,10000,3783,20264586,0.283354
Heap Sort,10000,3784,20264587,0.280461
Heap Sort,10000,3785,20264588,0.280899
Heap Sort,10000,3786,20264589,0.281249
Heap Sort,10000,3787,20264590,0.283569
Heap Sort,10000,3788,20264591,0.280702
Heap Sort,10000,3789,20264592,0.288013
Heap Sort,10000,3790,20264593,0.280437
Heap Sort,10000,3791,20264594,0.279299
Heap Sort,10000,3792,20264595,0.280086
Heap Sort,10000,3793,20264596,0.278467
Heap Sort,10000,3794,20264597,0.279981
Heap Sort,10000,3795,20264598,0.280523
Heap Sort,10000,3796,20264599,0.277975
Heap Sort,10000,3797,20264600,0.280172
Heap Sort,10000,3798,20264601,0.280339
Heap Sort,10000,3799,20264602,0.302086
Heap Sort,10000,3800,20264603,0.296566
Heap Sort,10000,3801,20264604,0.293624
Heap Sort,10000,3802,20264605,0.290941
Heap Sort,10000,3803,20264606,0.289532
Heap Sort,10000,3804,20264607,0.28901
Heap Sort,10000,3805,20264608,0.283317
Heap Sort,10000,3806,20264609,0.290511
Heap Sort,10000,3807,20264610,0.287489
Heap Sort,10000,3808,20264611,0.29232
Heap Sort,10000,3809,20264612,0.2896
Heap Sort,10000,3810,20264613,0.288837
Heap Sort,10000,3811,20264614,0.290622
Heap Sort,10000,3812,20264615,0.29227
Heap Sort,10000,3813,20264616,0.29509
Heap Sort,10000,3814,20264617,0.292905
Heap Sort,10000,3815,20264618,0.29008
Heap Sort,10000,3816,20264619,0.291458
Heap Sort,10000,3817,20264620,0.289206
Heap Sort,10000,3818,20264621,0.289895
Heap Sort,10000,3819,20264622,0.289434
Heap Sort,10000,3820,20264623,0.289914
Heap Sort,10000,3821,20264624,0.299428
Heap Sort,10000,3822,20264625,0.288369
Heap Sort,10000,3823,20264626,0.291809
Heap Sort,10000,3824,20264627,0.290867
Heap Sort,10000,3825,20264628,0.289194
Heap Sort,10000,3826,20264629,0.289465
Heap Sort,10000,3827,20264630,0.289612
Heap Sort,10000,3828,20264631,0.290935
Heap Sort,10000,3829,20264632,0.334591
Heap Sort,10000,3830,20264633,0.290437
Heap Sort,10000,3831,20264634,0.289816
Heap Sort,10000,3832,20264635,0.29208
Heap Sort,10000,3833,20264636,0.286867
Heap Sort,10000,3834,20264637,0.291206
Heap Sort,10000,3835,20264638,0.290726
Heap Sort,10000,3836,20264639,0.28696
Heap Sort,10000,3837,20264640,0.29952
Heap Sort,10000,3838,20264641,0.291034
Heap Sort,10000,3839,20264642,0.289957
Heap Sort,10000,3840,20264643,0.288468
Heap Sort,10000,3841,20264644,0.291169
Heap Sort,10000,3842,20264645,0.292917
Heap Sort,10000,3843,20264646,0.287206
Heap Sort,10000,3844,20264647,0.290788
Heap Sort,10000,3845,20264648,0.29496
Heap Sort,10000,3846,20264649,0.290394
Heap Sort,10000,3847,20264650,0.291151
Heap Sort,10000,3848,20264651,0.292105
Heap Sort,10000,3849,20264652,0.2904
Heap Sort,10000,3850,20264653,0.290142
Heap Sort,10000,3851,20264654,0.290179
Heap Sort,10000,3852,20264655,0.290443
Heap Sort,10000,3853,20264656,0.29696
Heap Sort,10000,3854,20264657,0.288061
Heap Sort,10000,3855,20264658,0.289858
Heap Sort,10000,3856,20264659,0.287447
Heap Sort,10000,3857,20264660,0.289379
Heap Sort,10000,3858,20264661,0.290628
Heap Sort,10000,3859,20264662,0.289828
Heap Sort,10000,3860,20264663,0.288757
Heap Sort,10000,3861,20264664,0.316265
Heap Sort,10000,3862,20264665,0.288566
Heap Sort,10000,3863,20264666,0.291194
Heap Sort,10000,3864,20264667,0.292462
Heap Sort,10000,3865,20264668,0.289643
Heap Sort,10000,3866,20264669,0.293963
Heap Sort,10000,3867,20264670,0.289976
Heap Sort,10000,3868,20264671,0.29323
Heap Sort,10000,3869,20264672,0.294966
Heap Sort,10000,3870,20264673,0.289483
Heap Sort,10000,3871,20264674,0.286529
Heap Sort,10000,3872,20264675,0.288923
Heap Sort,10000,3873,20264676,0.289434
Heap Sort,10000,3874,20264677,0.28896
Heap Sort,10000,3875,20264678,0.289243
Heap Sort,10000,3876,20264679,0.303557
Heap Sort,10000,3877,20264680,0.298652
Heap Sort,10000,3878,20264681,0.304116
Heap Sort,10000,3879,20264682,0.281256
Heap Sort,10000,3880,20264683,0.29083
Heap Sort,10000,3881,20264684,0.288781
Heap Sort,10000,3882,20264685,0.28792
Heap Sort,10000,3883,20264686,0.277286
Heap Sort,10000,3884,20264687,0.292609
Heap Sort,10000,3885,20264688,0.292301
Heap Sort,10000,3886,20264689,0.291046
Heap Sort,10000,3887,20264690,0.289501
Heap Sort,10000,3888,20264691,0.28861
Heap Sort,10000,3889,20264692,0.290228
Heap Sort,10000,3890,20264693,0.291575
Heap Sort,10000,3891,20264694,0.288443
Heap Sort,10000,3892,20264695,0.290855
Heap Sort,10000,3893,20264696,0.291342
Heap Sort,10000,3894,20264697,0.290628
Heap Sort,10000,3895,20264698,0.289212
Heap Sort,10000,3896,20264699,0.290246
Heap Sort,10000,3897,20264700,0.289828
Heap Sort,10000,3898,20264701,0.290621
Heap Sort,10000,3899,20264702,0.293317
Heap Sort,10000,3900,20264703,0.28744
Heap Sort,10000,3901,20264704,0.291286
Heap Sort,10000,3902,20264705,0.291957
Heap Sort,10000,3903,20264706,0.288658
Heap Sort,10000,3904,20264707,0.290449
Heap Sort,10000,3905,20264708,0.289896
Heap Sort,10000,3906,20264709,0.289963
Heap Sort,10000,3907,20264710,0.291354
Heap Sort,10000,3908,20264711,0.289821
Heap Sort,10000,3909,20264712,0.292572
Heap Sort,10000,3910,20264713,0.291329
Heap Sort,10000,3911,20264714,0.291896
Heap Sort,10000,3912,20264715,0.293114
Heap Sort,10000,3913,20264716,0.289741
Heap Sort,10000,3914,20264717,0.287379
Heap Sort,10000,3915,20264718,0.291501
Heap Sort,10000,3916,20264719,0.291877
Heap Sort,10000,3917,20264720,0.298978
Heap Sort,10000,3918,20264721,0.292794
Heap Sort,10000,3919,20264722,0.272861
Heap Sort,10000,3920,20264723,0.290394
Heap Sort,10000,3921,20264724,0.292794
Heap Sort,10000,3922,20264725,0.298615
Heap Sort,10000,3923,20264726,0.293126
Heap Sort,10000,3924,20264727,0.290978
Heap Sort,10000,3925,20264728,0.290769
Heap Sort,10000,3926,20264729,0.290825
Heap Sort,10000,3927,20264730,0.290092
Heap Sort,10000,3928,20264731,0.289514
Heap Sort,10000,3929,20264732,0.289895
Heap Sort,10000,3930,20264733,0.294
Heap Sort,10000,3931,20264734,0.293021
Heap Sort,10000,3932,20264735,0.29101
Heap Sort,10000,3933,20264736,0.291582
Heap Sort,10000,3934,20264737,0.290369
Heap Sort,10000,3935,20264738,0.29128
Heap Sort,10000,3936,20264739,0.29299
Heap Sort,10000,3937,20264740,0.288339
Heap Sort,10000,3938,20264741,0.290529
Heap Sort,10000,3939,20264742,0.291218
Heap Sort,10000,3940,20264743,0.292461
Heap Sort,10000,3941,20264744,0.291575
Heap Sort,10000,3942,20264745,0.290985
Heap Sort,10000,3943,20264746,0.291483
Heap Sort,10000,3944,20264747,0.293083
Heap Sort,10000,3945,20264748,0.290997
Heap Sort,10000,3946,20264749,0.293631
Heap Sort,10000,3947,20264750,0.294006
Heap Sort,10000,3948,20264751,0.295908
Heap Sort,10000,3949,20264752,0.276929
Heap Sort,10000,3950,20264753,0.29816
Heap Sort,10000,3951,20264754,0.294369
Heap Sort,10000,3952,20264755,0.29112
Heap Sort,10000,3953,20264756,0.288105
Heap Sort,10000,3954,20264757,0.291206
Heap Sort,10000,3955,20264758,0.290646
Heap Sort,10000,3956,20264759,0.29181
Heap Sort,10000,3957,20264760,0.289323
Heap Sort,10000,3958,20264761,0.292123
Heap Sort,10000,3959,20264762,0.290369
Heap Sort,10000,3960,20264763,0.291908
Heap Sort,10000,3961,20264764,0.28955
Heap Sort,10000,3962,20264765,0.289138
Heap Sort,10000,3963,20264766,0.292542
Heap Sort,10000,3964,20264767,0.290468
Heap Sort,10000,3965,20264768,0.288498
Heap Sort,10000,3966,20264769,0.289083
Heap Sort,10000,3967,20264770,0.288443
Heap Sort,10000,3968,20264771,0.29144
Heap Sort,10000,3969,20264772,0.287459
Heap Sort,10000,3970,20264773,0.291138
Heap Sort,10000,3971,20264774,0.291859
Heap Sort,10000,3972,20264775,0.289139
Heap Sort,10000,3973,20264776,0.286615
Heap Sort,10000,3974,20264777,0.291083
Heap Sort,10000,3975,20264778,0.290609
Heap Sort,10000,3976,20264779,0.290892
Heap Sort,10000,3977,20264780,0.291532
Heap Sort,10000,3978,20264781,0.293538
Heap Sort,10000,3979,20264782,0.291015
Heap Sort,10000,3980,20264783,0.290025
Heap Sort,10000,3981,20264784,0.291747
Heap Sort,10000,3982,20264785,0.290529
Heap Sort,10000,3983,20264786,0.290953
Heap Sort,10000,3984,20264787,0.290019
Heap Sort,10000,3985,20264788,0.290141
Heap Sort,10000,3986,20264789,0.289847
Heap Sort,10000,3987,20264790,0.291065
Heap Sort,10000,3988,20264791,0.291982
Heap Sort,10000,3989,20264792,0.289594
Heap Sort,10000,3990,20264793,0.289563
Heap Sort,10000,3991,20264794,0.291742
Heap Sort,10000,3992,20264795,0.290141
Heap Sort,10000,3993,20264796,0.291262
Heap Sort,10000,3994,20264797,0.28976
Heap Sort,10000,3995,20264798,0.290154
Heap Sort,10000,3996,20264799,0.29
Heap Sort,10000,3997,20264800,0.290049
Heap Sort,10000,3998,20264801,0.288222
Heap Sort,10000,3999,20264802,0.292375
Heap Sort,10000,4000,20264803,0.290031
Heap Sort,10000,4001,20264804,0.266419
Heap Sort,10000,4002,20264805,0.289452
Heap Sort,10000,4003,20264806,0.288788
Heap Sort,10000,4004,20264807,0.290714
Heap Sort,10000,4005,20264808,0.290751
Heap Sort,10000,4006,20264809,0.288683
Heap Sort,10000,4007,20264810,0.288578
Heap Sort,10000,4008,20264811,0.28819
Heap Sort,10000,4009,20264812,0.291003
Heap Sort,10000,4010,20264813,0.289994
Heap Sort,10000,4011,20264814,0.291156
Heap Sort,10000,4012,20264815,0.2908
Heap Sort,10000,4013,20264816,0.289927
Heap Sort,10000,4014,20264817,0.290363
Heap Sort,10000,4015,20264818,0.291901
Heap Sort,10000,4016,20264819,0.291256
Heap Sort,10000,4017,20264820,0.289483
Heap Sort,10000,4018,20264821,0.292572
Heap Sort,10000,4019,20264822,0.290935
Heap Sort,10000,4020,20264823,0.290203
Heap Sort,10000,4021,20264824,0.28848
Heap Sort,10000,4022,20264825,0.289908
Heap Sort,10000,4023,20264826,0.291397
Heap Sort,10000,4024,20264827,0.291569
Heap Sort,10000,4025,20264828,0.2924
Heap Sort,10000,4026,20264829,0.289021
Heap Sort,10000,4027,20264830,0.290899
Heap Sort,10000,4028,20264831,0.291582
Heap Sort,10000,4029,20264832,0.28829
Heap Sort,10000,4030,20264833,0.292277
Heap Sort,10000,4031,20264834,0.288111
Heap Sort,10000,4032,20264835,0.292917
Heap Sort,10000,4033,20264836,0.289046
Heap Sort,10000,4034,20264837,0.291687
Heap Sort,10000,4035,20264838,0.290271
Heap Sort,10000,4036,20264839,0.290234
Heap Sort,10000,4037,20264840,0.291427
Heap Sort,10000,4038,20264841,0.29224
Heap Sort,10000,4039,20264842,0.291114
Heap Sort,10000,4040,20264843,0.289052
Heap Sort,10000,4041,20264844,0.289409
Heap Sort,10000,4042,20264845,0.29181
Heap Sort,10000,4043,20264846,0.288498
Heap Sort,10000,4044,20264847,0.288068
Heap Sort,10000,4045,20264848,0.290535
Heap Sort,10000,4046,20264849,0.290603
Heap Sort,10000,4047,20264850,0.290209
Heap Sort,10000,4048,20264851,0.293465
Heap Sort,10000,4049,20264852,0.288616
Heap Sort,10000,4050,20264853,0.290708
Heap Sort,10000,4051,20264854,0.288966
Heap Sort,10000,4052,20264855,0.29112
Heap Sort,10000,4053,20264856,0.289846
Heap Sort,10000,4054,20264857,0.289077
Heap Sort,10000,4055,20264858,0.291372
Heap Sort,10000,4056,20264859,0.2892
Heap Sort,10000,4057,20264860,0.289403
Heap Sort,10000,4058,20264861,0.292333
Heap Sort,10000,4059,20264862,0.29072
Heap Sort,10000,4060,20264863,0.29152
Heap Sort,10000,4061,20264864,0.28632
Heap Sort,10000,4062,20264865,0.291643
Heap Sort,10000,4063,20264866,0.290579
Heap Sort,10000,4064,20264867,0.290437
Heap Sort,10000,4065,20264868,0.290074
Heap Sort,10000,4066,20264869,0.291409
Heap Sort,10000,4067,20264870,0.289932
Heap Sort,10000,4068,20264871,0.288505
Heap Sort,10000,4069,20264872,0.290991
Heap Sort,10000,4070,20264873,0.287963
Heap Sort,10000,4071,20264874,0.289292
Heap Sort,10000,4072,20264875,0.291089
Heap Sort,10000,4073,20264876,0.291594
Heap Sort,10000,4074,20264877,0.289815
Heap Sort,10000,4075,20264878,0.290683
Heap Sort,10000,4076,20264879,0.286258
Heap Sort,10000,4077,20264880,0.292443
Heap Sort,10000,4078,20264881,0.290499
Heap Sort,10000,4079,20264882,0.2936
Heap Sort,10000,4080,20264883,0.290517
Heap Sort,10000,4081,20264884,0.291114
Heap Sort,10000,4082,20264885,0.289428
Heap Sort,10000,4083,20264886,0.290154
Heap Sort,10000,4084,20264887,0.290757
Heap Sort,10000,4085,20264888,0.288732
Heap Sort,10000,4086,20264889,0.290129
Heap Sort,10000,4087,20264890,0.289003
Heap Sort,10000,4088,20264891,0.29021
Heap Sort,10000,4089,20264892,0.289292
Heap Sort,10000,4090,20264893,0.286356
Heap Sort,10000,4091,20264894,0.288363
Heap Sort,10000,4092,20264895,0.287588
Heap Sort,10000,4093,20264896,0.288431
Heap Sort,10000,4094,20264897,0.290486
Heap Sort,10000,4095,20264898,0.341108
Heap Sort,10000,4096,20264899,0.290984
Heap Sort,10000,4097,20264900,0.291108
Heap Sort,10000,4098,20264901,0.290714
Heap Sort,10000,4099,20264902,0.290936
Heap Sort,10000,4100,20264903,0.291496
Heap Sort,10000,4101,20264904,0.289661
Heap Sort,10000,4102,20264905,0.291052
Heap Sort,10000,4103,20264906,0.322714
Heap Sort,10000,4104,20264907,0.289766
Heap Sort,10000,4105,20264908,0.289384
Heap Sort,10000,4106,20264909,0.290074
Heap Sort,10000,4107,20264910,0.289243
Heap Sort,10000,4108,20264911,0.288363
Heap Sort,10000,4109,20264912,0.291243
Heap Sort,10000,4110,20264913,0.29136
Heap Sort,10000,4111,20264914,0.28216
Heap Sort,10000,4112,20264915,0.291637
Heap Sort,10000,4113,20264916,0.270658
Heap Sort,10000,4114,20264917,0.293016
Heap Sort,10000,4115,20264918,0.29352
Heap Sort,10000,4116,20264919,0.32408
Heap Sort,10000,4117,20264920,0.329477
Heap Sort,10000,4118,20264921,0.279975
Heap Sort,10000,4119,20264922,0.306074
Heap Sort,10000,4120,20264923,0.297588
Heap Sort,10000,4121,20264924,0.28936
Heap Sort,10000,4122,20264925,0.294702
Heap Sort,10000,4123,20264926,0.290505
Heap Sort,10000,4124,20264927,0.289101
Heap Sort,10000,4125,20264928,0.293564
Heap Sort,10000,4126,20264929,0.291797
Heap Sort,10000,4127,20264930,0.290492
Heap Sort,10000,4128,20264931,0.293151
Heap Sort,10000,4129,20264932,0.289563
Heap Sort,10000,4130,20264933,0.296622
Heap Sort,10000,4131,20264934,0.289932
Heap Sort,10000,4132,20264935,0.293877
Heap Sort,10000,4133,20264936,0.290954
Heap Sort,10000,4134,20264937,0.289883
Heap Sort,10000,4135,20264938,0.289766
Heap Sort,10000,4136,20264939,0.289625
Heap Sort,10000,4137,20264940,0.291083
Heap Sort,10000,4138,20264941,0.288591
Heap Sort,10000,4139,20264942,0.293539
Heap Sort,10000,4140,20264943,0.292972
Heap Sort,10000,4141,20264944,0.290308
Heap Sort,10000,4142,20264945,0.291348
Heap Sort,10000,4143,20264946,0.291378
Heap Sort,10000,4144,20264947,0.289544
Heap Sort,10000,4145,20264948,0.289298
Heap Sort,10000,4146,20264949,0.2904
Heap Sort,10000,4147,20264950,0.289484
Heap Sort,10000,4148,20264951,0.289594
Heap Sort,10000,4149,20264952,0.289637
Heap Sort,10000,4150,20264953,0.289379
Heap Sort,10000,4151,20264954,0.29368
Heap Sort,10000,4152,20264955,0.289575
Heap Sort,10000,4153,20264956,0.290819
Heap Sort,10000,4154,20264957,0.290511
Heap Sort,10000,4155,20264958,0.288899
Heap Sort,10000,4156,20264959,0.291502
Heap Sort,10000,4157,20264960,0.288018
Heap Sort,10000,4158,20264961,0.28928
Heap Sort,10000,4159,20264962,0.294966
Heap Sort,10000,4160,20264963,0.293046
Heap Sort,10000,4161,20264964,0.289698
Heap Sort,10000,4162,20264965,0.288695
Heap Sort,10000,4163,20264966,0.290597
Heap Sort,10000,4164,20264967,0.289624
Heap Sort,10000,4165,20264968,0.28864
Heap Sort,10000,4166,20264969,0.290966
Heap Sort,10000,4167,20264970,0.289404
Heap Sort,10000,4168,20264971,0.288376
Heap Sort,10000,4169,20264972,0.292627
Heap Sort,10000,4170,20264973,0.291262
Heap Sort,10000,4171,20264974,0.290215
Heap Sort,10000,4172,20264975,0.290086
Heap Sort,10000,4173,20264976,0.289391
Heap Sort,10000,4174,20264977,0.287889
Heap Sort,10000,4175,20264978,0.291889
Heap Sort,10000,4176,20264979,0.287335
Heap Sort,10000,4177,20264980,0.289779
Heap Sort,10000,4178,20264981,0.291884
Heap Sort,10000,4179,20264982,0.292055
Heap Sort,10000,4180,20264983,0.289323
Heap Sort,10000,4181,20264984,0.290972
Heap Sort,10000,4182,20264985,0.291988
Heap Sort,10000,4183,20264986,0.290756
Heap Sort,10000,4184,20264987,0.291317
Heap Sort,10000,4185,20264988,0.28944
Heap Sort,10000,4186,20264989,0.29155
Heap Sort,10000,4187,20264990,0.294504
Heap Sort,10000,4188,20264991,0.289139
Heap Sort,10000,4189,20264992,0.290689
Heap Sort,10000,4190,20264993,0.299477
Heap Sort,10000,4191,20264994,0.270615
Heap Sort,10000,4192,20264995,0.293686
Heap Sort,10000,4193,20264996,0.288788
Heap Sort,10000,4194,20264997,0.291926
Heap Sort,10000,4195,20264998,0.292486
Heap Sort,10000,4196,20264999,0.292585
Heap Sort,10000,4197,20265000,0.292394
Heap Sort,10000,4198,20265001,0.28904
Heap Sort,10000,4199,20265002,0.292283
Heap Sort,10000,4200,20265003,0.288671
Heap Sort,10000,4201,20265004,0.287982
Heap Sort,10000,4202,20265005,0.290203
Heap Sort,10000,4203,20265006,0.273803
Heap Sort,10000,4204,20265007,0.291034
Heap Sort,10000,4205,20265008,0.292707
Heap Sort,10000,4206,20265009,0.289655
Heap Sort,10000,4207,20265010,0.293391
Heap Sort,10000,4208,20265011,0.293539
Heap Sort,10000,4209,20265012,0.292732
Heap Sort,10000,4210,20265013,0.289847
Heap Sort,10000,4211,20265014,0.289193
Heap Sort,10000,4212,20265015,0.289379
Heap Sort,10000,4213,20265016,0.289742
Heap Sort,10000,4214,20265017,0.291114
Heap Sort,10000,4215,20265018,0.291631
Heap Sort,10000,4216,20265019,0.291766
Heap Sort,10000,4217,20265020,0.291353
Heap Sort,10000,4218,20265021,0.289655
Heap Sort,10000,4219,20265022,0.289274
Heap Sort,10000,4220,20265023,0.291064
Heap Sort,10000,4221,20265024,0.28989
Heap Sort,10000,4222,20265025,0.290061
Heap Sort,10000,4223,20265026,0.292714
Heap Sort,10000,4224,20265027,0.291132
Heap Sort,10000,4225,20265028,0.288917
Heap Sort,10000,4226,20265029,0.2892
Heap Sort,10000,4227,20265030,0.290277
Heap Sort,10000,4228,20265031,0.290985
Heap Sort,10000,4229,20265032,0.289896
Heap Sort,10000,4230,20265033,0.28952
Heap Sort,10000,4231,20265034,0.290135
Heap Sort,10000,4232,20265035,0.289243
Heap Sort,10000,4233,20265036,0.270751
Heap Sort,10000,4234,20265037,0.290031
Heap Sort,10000,4235,20265038,0.287489
Heap Sort,10000,4236,20265039,0.291187
Heap Sort,10000,4237,20265040,0.290387
Heap Sort,10000,4238,20265041,0.291052
Heap Sort,10000,4239,20265042,0.29016
Heap Sort,10000,4240,20265043,0.290388
Heap Sort,10000,4241,20265044,0.289219
Heap Sort,10000,4242,20265045,0.291711
Heap Sort,10000,4243,20265046,0.270443
Heap Sort,10000,4244,20265047,0.289366
Heap Sort,10000,4245,20265048,0.290387
Heap Sort,10000,4246,20265049,0.291323
Heap Sort,10000,4247,20265050,0.29008
Heap Sort,10000,4248,20265051,0.291059
Heap Sort,10000,4249,20265052,0.29144
Heap Sort,10000,4250,20265053,0.30976
Heap Sort,10000,4251,20265054,0.293452
Heap Sort,10000,4252,20265055,0.28867
Heap Sort,10000,4253,20265056,0.289274
Heap Sort,10000,4254,20265057,0.2884
Heap Sort,10000,4255,20265058,0.290412
Heap Sort,10000,4256,20265059,0.292548
Heap Sort,10000,4257,20265060,0.293723
Heap Sort,10000,4258,20265061,0.290271
Heap Sort,10000,4259,20265062,0.291957
Heap Sort,10000,4260,20265063,0.289686
Heap Sort,10000,4261,20265064,0.290031
Heap Sort,10000,4262,20265065,0.288985
Heap Sort,10000,4263,20265066,0.289009
Heap Sort,10000,4264,20265067,0.291003
Heap Sort,10000,4265,20265068,0.291348
Heap Sort,10000,4266,20265069,0.290621
Heap Sort,10000,4267,20265070,0.290892
Heap Sort,10000,4268,20265071,0.287877
Heap Sort,10000,4269,20265072,0.289212
Heap Sort,10000,4270,20265073,0.289416
Heap Sort,10000,4271,20265074,0.28997
Heap Sort,10000,4272,20265075,0.290763
Heap Sort,10000,4273,20265076,0.290277
Heap Sort,10000,4274,20265077,0.291286
Heap Sort,10000,4275,20265078,0.291791
Heap Sort,10000,4276,20265079,0.289963
Heap Sort,10000,4277,20265080,0.290898
Heap Sort,10000,4278,20265081,0.29384
Heap Sort,10000,4279,20265082,0.291354
Heap Sort,10000,4280,20265083,0.289237
Heap Sort,10000,4281,20265084,0.292227
Heap Sort,10000,4282,20265085,0.292037
Heap Sort,10000,4283,20265086,0.289256
Heap Sort,10000,4284,20265087,0.29224
Heap Sort,10000,4285,20265088,0.297575
Heap Sort,10000,4286,20265089,0.295698
Heap Sort,10000,4287,20265090,0.302086
Heap Sort,10000,4288,20265091,0.280173
Heap Sort,10000,4289,20265092,0.29717
Heap Sort,10000,4290,20265093,0.292191
Heap Sort,10000,4291,20265094,0.289865
Heap Sort,10000,4292,20265095,0.32141
Heap Sort,10000,4293,20265096,0.288535
Heap Sort,10000,4294,20265097,0.29128
Heap Sort,10000,4295,20265098,0.269366
Heap Sort,10000,4296,20265099,0.288862
Heap Sort,10000,4297,20265100,0.289126
Heap Sort,10000,4298,20265101,0.298203
Heap Sort,10000,4299,20265102,0.274899
Heap Sort,10000,4300,20265103,0.29216
Heap Sort,10000,4301,20265104,0.293052
Heap Sort,10000,4302,20265105,0.292616
Heap Sort,10000,4303,20265106,0.293926
Heap Sort,10000,4304,20265107,0.291993
Heap Sort,10000,4305,20265108,0.292019
Heap Sort,10000,4306,20265109,0.29381
Heap Sort,10000,4307,20265110,0.288542
Heap Sort,10000,4308,20265111,0.294295
Heap Sort,10000,4309,20265112,0.290972
Heap Sort,10000,4310,20265113,0.288455
Heap Sort,10000,4311,20265114,0.291938
Heap Sort,10000,4312,20265115,0.291299
Heap Sort,10000,4313,20265116,0.290461
Heap Sort,10000,4314,20265117,0.290338
Heap Sort,10000,4315,20265118,0.288628
Heap Sort,10000,4316,20265119,0.294123
Heap Sort,10000,4317,20265120,0.294277
Heap Sort,10000,4318,20265121,0.291711
Heap Sort,10000,4319,20265122,0.290923
Heap Sort,10000,4320,20265123,0.289884
Heap Sort,10000,4321,20265124,0.28979
Heap Sort,10000,4322,20265125,0.28917
Heap Sort,10000,4323,20265126,0.288407
Heap Sort,10000,4324,20265127,0.288166
Heap Sort,10000,4325,20265128,0.288228
Heap Sort,10000,4326,20265129,0.289046
Heap Sort,10000,4327,20265130,0.287655
Heap Sort,10000,4328,20265131,0.289692
Heap Sort,10000,4329,20265132,0.288529
Heap Sort,10000,4330,20265133,0.287471
Heap Sort,10000,4331,20265134,0.289447
Heap Sort,10000,4332,20265135,0.290431
Heap Sort,10000,4333,20265136,0.290733
Heap Sort,10000,4334,20265137,0.288154
Heap Sort,10000,4335,20265138,0.286424
Heap Sort,10000,4336,20265139,0.288092
Heap Sort,10000,4337,20265140,0.289859
Heap Sort,10000,4338,20265141,0.290055
Heap Sort,10000,4339,20265142,0.288985
Heap Sort,10000,4340,20265143,0.291409
Heap Sort,10000,4341,20265144,0.288966
Heap Sort,10000,4342,20265145,0.289095
Heap Sort,10000,4343,20265146,0.290123
Heap Sort,10000,4344,20265147,0.287981
Heap Sort,10000,4345,20265148,0.2868
Heap Sort,10000,4346,20265149,0.28893
Heap Sort,10000,4347,20265150,0.294597
Heap Sort,10000,4348,20265151,0.342412
Heap Sort,10000,4349,20265152,0.292745
Heap Sort,10000,4350,20265153,0.288
Heap Sort,10000,4351,20265154,0.286954
Heap Sort,10000,4352,20265155,0.287095
Heap Sort,10000,4353,20265156,0.291243
Heap Sort,10000,4354,20265157,0.287809
Heap Sort,10000,4355,20265158,0.288498
Heap Sort,10000,4356,20265159,0.303114
Heap Sort,10000,4357,20265160,0.286843
Heap Sort,10000,4358,20265161,0.290972
Heap Sort,10000,4359,20265162,0.288431
Heap Sort,10000,4360,20265163,0.287988
Heap Sort,10000,4361,20265164,0.290573
Heap Sort,10000,4362,20265165,0.290308
Heap Sort,10000,4363,20265166,0.292302
Heap Sort,10000,4364,20265167,0.366727
Heap Sort,10000,4365,20265168,0.290086
Heap Sort,10000,4366,20265169,0.286991
Heap Sort,10000,4367,20265170,0.288892
Heap Sort,10000,4368,20265171,0.288419
Heap Sort,10000,4369,20265172,0.287403
Heap Sort,10000,4370,20265173,0.288332
Heap Sort,10000,4371,20265174,0.288486
Heap Sort,10000,4372,20265175,0.288191
Heap Sort,10000,4373,20265176,0.288923
Heap Sort,10000,4374,20265177,0.291471
Heap Sort,10000,4375,20265178,0.28896
Heap Sort,10000,4376,20265179,0.288412
Heap Sort,10000,4377,20265180,0.290738
Heap Sort,10000,4378,20265181,0.290166
Heap Sort,10000,4379,20265182,0.28736
Heap Sort,10000,4380,20265183,0.29056
Heap Sort,10000,4381,20265184,0.269194
Heap Sort,10000,4382,20265185,0.291735
Heap Sort,10000,4383,20265186,0.290013
Heap Sort,10000,4384,20265187,0.292708
Heap Sort,10000,4385,20265188,0.289748
Heap Sort,10000,4386,20265189,0.289902
Heap Sort,10000,4387,20265190,0.290332
Heap Sort,10000,4388,20265191,0.290769
Heap Sort,10000,4389,20265192,0.289219
Heap Sort,10000,4390,20265193,0.288486
Heap Sort,10000,4391,20265194,0.289889
Heap Sort,10000,4392,20265195,0.289428
Heap Sort,10000,4393,20265196,0.291009
Heap Sort,10000,4394,20265197,0.289649
Heap Sort,10000,4395,20265198,0.288567
Heap Sort,10000,4396,20265199,0.290634
Heap Sort,10000,4397,20265200,0.290333
Heap Sort,10000,4398,20265201,0.289742
Heap Sort,10000,4399,20265202,0.290197
Heap Sort,10000,4400,20265203,0.288923
Heap Sort,10000,4401,20265204,0.290375
Heap Sort,10000,4402,20265205,0.290419
Heap Sort,10000,4403,20265206,0.287563
Heap Sort,10000,4404,20265207,0.287686
Heap Sort,10000,4405,20265208,0.287028
Heap Sort,10000,4406,20265209,0.29149
Heap Sort,10000,4407,20265210,0.289404
Heap Sort,10000,4408,20265211,0.29008
Heap Sort,10000,4409,20265212,0.288929
Heap Sort,10000,4410,20265213,0.289852
Heap Sort,10000,4411,20265214,0.291028
Heap Sort,10000,4412,20265215,0.288751
Heap Sort,10000,4413,20265216,0.289913
Heap Sort,10000,4414,20265217,0.287563
Heap Sort,10000,4415,20265218,0.292105
Heap Sort,10000,4416,20265219,0.292154
Heap Sort,10000,4417,20265220,0.290726
Heap Sort,10000,4418,20265221,0.287236
Heap Sort,10000,4419,20265222,0.289427
Heap Sort,10000,4420,20265223,0.288406
Heap Sort,10000,4421,20265224,0.290536
Heap Sort,10000,4422,20265225,0.291225
Heap Sort,10000,4423,20265226,0.290948
Heap Sort,10000,4424,20265227,0.288856
Heap Sort,10000,4425,20265228,0.29
Heap Sort,10000,4426,20265229,0.288874
Heap Sort,10000,4427,20265230,0.289846
Heap Sort,10000,4428,20265231,0.290769
Heap Sort,10000,4429,20265232,0.290707
Heap Sort,10000,4430,20265233,0.28936
Heap Sort,10000,4431,20265234,0.288991
Heap Sort,10000,4432,20265235,0.291225
Heap Sort,10000,4433,20265236,0.287821
Heap Sort,10000,4434,20265237,0.28979
Heap Sort,10000,4435,20265238,0.289563
Heap Sort,10000,4436,20265239,0.342898
Heap Sort,10000,4437,20265240,0.288548
Heap Sort,10000,4438,20265241,0.291003
Heap Sort,10000,4439,20265242,0.290185
Heap Sort,10000,4440,20265243,0.289409
Heap Sort,10000,4441,20265244,0.289901
Heap Sort,10000,4442,20265245,0.290966
Heap Sort,10000,4443,20265246,0.289753
Heap Sort,10000,4444,20265247,0.290831
Heap Sort,10000,4445,20265248,0.292006
Heap Sort,10000,4446,20265249,0.288067
Heap Sort,10000,4447,20265250,0.290431
Heap Sort,10000,4448,20265251,0.289668
Heap Sort,10000,4449,20265252,0.289544
Heap Sort,10000,4450,20265253,0.287735
Heap Sort,10000,4451,20265254,0.288018
Heap Sort,10000,4452,20265255,0.292394
Heap Sort,10000,4453,20265256,0.290301
Heap Sort,10000,4454,20265257,0.293213
Heap Sort,10000,4455,20265258,0.276547
Heap Sort,10000,4456,20265259,0.299766
Heap Sort,10000,4457,20265260,0.298634
Heap Sort,10000,4458,20265261,0.29544
Heap Sort,10000,4459,20265262,0.290179
Heap Sort,10000,4460,20265263,0.289298
Heap Sort,10000,4461,20265264,0.290222
Heap Sort,10000,4462,20265265,0.287926
Heap Sort,10000,4463,20265266,0.28952
Heap Sort,10000,4464,20265267,0.289255
Heap Sort,10000,4465,20265268,0.288228
Heap Sort,10000,4466,20265269,0.289796
Heap Sort,10000,4467,20265270,0.29
Heap Sort,10000,4468,20265271,0.338984
Heap Sort,10000,4469,20265272,0.287668
Heap Sort,10000,4470,20265273,0.286929
Heap Sort,10000,4471,20265274,0.288012
Heap Sort,10000,4472,20265275,0.288683
Heap Sort,10000,4473,20265276,0.287582
Heap Sort,10000,4474,20265277,0.286567
Heap Sort,10000,4475,20265278,0.289938
Heap Sort,10000,4476,20265279,0.286874
Heap Sort,10000,4477,20265280,0.288579
Heap Sort,10000,4478,20265281,0.286185
Heap Sort,10000,4479,20265282,0.288049
Heap Sort,10000,4480,20265283,0.28859
Heap Sort,10000,4481,20265284,0.29117
Heap Sort,10000,4482,20265285,0.286935
Heap Sort,10000,4483,20265286,0.288376
Heap Sort,10000,4484,20265287,0.289015
Heap Sort,10000,4485,20265288,0.293464
Heap Sort,10000,4486,20265289,0.289298
Heap Sort,10000,4487,20265290,0.290246
Heap Sort,10000,4488,20265291,0.287994
Heap Sort,10000,4489,20265292,0.29029
Heap Sort,10000,4490,20265293,0.289988
Heap Sort,10000,4491,20265294,0.288615
Heap Sort,10000,4492,20265295,0.31912
Heap Sort,10000,4493,20265296,0.31112
Heap Sort,10000,4494,20265297,0.313237
Heap Sort,10000,4495,20265298,0.298412
Heap Sort,10000,4496,20265299,0.308505
Heap Sort,10000,4497,20265300,0.298394
Heap Sort,10000,4498,20265301,0.297391
Heap Sort,10000,4499,20265302,0.304049
Heap Sort,10000,4500,20265303,0.298437
Heap Sort,10000,4501,20265304,0.297212
Heap Sort,10000,4502,20265305,0.295009
Heap Sort,10000,4503,20265306,0.292259
Heap Sort,10000,4504,20265307,0.297304
Heap Sort,10000,4505,20265308,0.293852
Heap Sort,10000,4506,20265309,0.292142
Heap Sort,10000,4507,20265310,0.302277
Heap Sort,10000,4508,20265311,0.307717
Heap Sort,10000,4509,20265312,0.302333
Heap Sort,10000,4510,20265313,0.318653
Heap Sort,10000,4511,20265314,0.341218
Heap Sort,10000,4512,20265315,0.293367
Heap Sort,10000,4513,20265316,0.327668
Heap Sort,10000,4514,20265317,0.306031
Heap Sort,10000,4515,20265318,0.301347
Heap Sort,10000,4516,20265319,0.301502
Heap Sort,10000,4517,20265320,0.315181
Heap Sort,10000,4518,20265321,0.305945
Heap Sort,10000,4519,20265322,0.303883
Heap Sort,10000,4520,20265323,0.297582
Heap Sort,10000,4521,20265324,0.295803
Heap Sort,10000,4522,20265325,0.292554
Heap Sort,10000,4523,20265326,0.296209
Heap Sort,10000,4524,20265327,0.292665
Heap Sort,10000,4525,20265328,0.293385
Heap Sort,10000,4526,20265329,0.291618
Heap Sort,10000,4527,20265330,0.280966
Heap Sort,10000,4528,20265331,0.307871
Heap Sort,10000,4529,20265332,0.302609
Heap Sort,10000,4530,20265333,0.302665
Heap Sort,10000,4531,20265334,0.331225
Heap Sort,10000,4532,20265335,0.327415
Heap Sort,10000,4533,20265336,0.313132
Heap Sort,10000,4534,20265337,0.319348
Heap Sort,10000,4535,20265338,0.310696
Heap Sort,10000,4536,20265339,0.344
Heap Sort,10000,4537,20265340,0.326953
Heap Sort,10000,4538,20265341,0.327969
Heap Sort,10000,4539,20265342,0.301668
Heap Sort,10000,4540,20265343,0.316209
Heap Sort,10000,4541,20265344,0.316351
Heap Sort,10000,4542,20265345,0.314831
Heap Sort,10000,4543,20265346,0.30952
Heap Sort,10000,4544,20265347,0.292787
Heap Sort,10000,4545,20265348,0.300831
Heap Sort,10000,4546,20265349,0.286862
Heap Sort,10000,4547,20265350,0.28984
Heap Sort,10000,4548,20265351,0.291034
Heap Sort,10000,4549,20265352,0.28789
Heap Sort,10000,4550,20265353,0.288911
Heap Sort,10000,4551,20265354,0.290431
Heap Sort,10000,4552,20265355,0.289729
Heap Sort,10000,4553,20265356,0.297342
Heap Sort,10000,4554,20265357,0.287231
Heap Sort,10000,4555,20265358,0.289182
Heap Sort,10000,4556,20265359,0.289169
Heap Sort,10000,4557,20265360,0.290228
Heap Sort,10000,4558,20265361,0.289557
Heap Sort,10000,4559,20265362,0.289581
Heap Sort,10000,4560,20265363,0.292394
Heap Sort,10000,4561,20265364,0.291699
Heap Sort,10000,4562,20265365,0.292474
Heap Sort,10000,4563,20265366,0.29395
Heap Sort,10000,4564,20265367,0.288221
Heap Sort,10000,4565,20265368,0.289624
Heap Sort,10000,4566,20265369,0.331926
Heap Sort,10000,4567,20265370,0.289889
Heap Sort,10000,4568,20265371,0.290431
Heap Sort,10000,4569,20265372,0.28037
Heap Sort,10000,4570,20265373,0.28008
Heap Sort,10000,4571,20265374,0.284431
Heap Sort,10000,4572,20265375,0.300844
Heap Sort,10000,4573,20265376,0.27997
Heap Sort,10000,4574,20265377,0.279656
Heap Sort,10000,4575,20265378,0.278862
Heap Sort,10000,4576,20265379,0.279717
Heap Sort,10000,4577,20265380,0.279981
Heap Sort,10000,4578,20265381,0.27885
Heap Sort,10000,4579,20265382,0.282523
Heap Sort,10000,4580,20265383,0.280585
Heap Sort,10000,4581,20265384,0.277895
Heap Sort,10000,4582,20265385,0.278504
Heap Sort,10000,4583,20265386,0.298653
Heap Sort,10000,4584,20265387,0.27968
Heap Sort,10000,4585,20265388,0.323908
Heap Sort,10000,4586,20265389,0.278031
Heap Sort,10000,4587,20265390,0.297256
Heap Sort,10000,4588,20265391,0.280302
Heap Sort,10000,4589,20265392,0.278868
Heap Sort,10000,4590,20265393,0.284437
Heap Sort,10000,4591,20265394,0.282665
Heap Sort,10000,4592,20265395,0.278788
Heap Sort,10000,4593,20265396,0.30048
Heap Sort,10000,4594,20265397,0.280474
Heap Sort,10000,4595,20265398,0.280461
Heap Sort,10000,4596,20265399,0.302031
Heap Sort,10000,4597,20265400,0.278222
Heap Sort,10000,4598,20265401,0.277982
Heap Sort,10000,4599,20265402,0.281033
Heap Sort,10000,4600,20265403,0.277588
Heap Sort,10000,4601,20265404,0.278307
Heap Sort,10000,4602,20265405,0.300289
Heap Sort,10000,4603,20265406,0.278314
Heap Sort,10000,4604,20265407,0.299212
Heap Sort,10000,4605,20265408,0.280228
Heap Sort,10000,4606,20265409,0.279219
Heap Sort,10000,4607,20265410,0.280947
Heap Sort,10000,4608,20265411,0.278517
Heap Sort,10000,4609,20265412,0.278135
Heap Sort,10000,4610,20265413,0.28104
Heap Sort,10000,4611,20265414,0.279323
Heap Sort,10000,4612,20265415,0.278339
Heap Sort,10000,4613,20265416,0.275311
Heap Sort,10000,4614,20265417,0.278092
Heap Sort,10000,4615,20265418,0.291742
Heap Sort,10000,4616,20265419,0.278917
Heap Sort,10000,4617,20265420,0.278653
Heap Sort,10000,4618,20265421,0.29928
Heap Sort,10000,4619,20265422,0.279858
Heap Sort,10000,4620,20265423,0.278215
Heap Sort,10000,4621,20265424,0.281624
Heap Sort,10000,4622,20265425,0.278351
Heap Sort,10000,4623,20265426,0.31187
Heap Sort,10000,4624,20265427,0.284264
Heap Sort,10000,4625,20265428,0.289988
Heap Sort,10000,4626,20265429,0.289545
Heap Sort,10000,4627,20265430,0.284825
Heap Sort,10000,4628,20265431,0.281224
Heap Sort,10000,4629,20265432,0.27992
Heap Sort,10000,4630,20265433,0.280954
Heap Sort,10000,4631,20265434,0.280671
Heap Sort,10000,4632,20265435,0.280092
Heap Sort,10000,4633,20265436,0.278862
Heap Sort,10000,4634,20265437,0.279489
Heap Sort,10000,4635,20265438,0.281471
Heap Sort,10000,4636,20265439,0.279182
Heap Sort,10000,4637,20265440,0.281865
Heap Sort,10000,4638,20265441,0.277914
Heap Sort,10000,4639,20265442,0.281064
Heap Sort,10000,4640,20265443,0.281564
Heap Sort,10000,4641,20265444,0.278966
Heap Sort,10000,4642,20265445,0.278043
Heap Sort,10000,4643,20265446,0.280807
Heap Sort,10000,4644,20265447,0.279576
Heap Sort,10000,4645,20265448,0.285348
Heap Sort,10000,4646,20265449,0.282062
Heap Sort,10000,4647,20265450,0.277428
Heap Sort,10000,4648,20265451,0.280979
Heap Sort,10000,4649,20265452,0.301582
Heap Sort,10000,4650,20265453,0.279533
Heap Sort,10000,4651,20265454,0.28101
Heap Sort,10000,4652,20265455,0.279907
Heap Sort,10000,4653,20265456,0.303563
Heap Sort,10000,4654,20265457,0.300167
Heap Sort,10000,4655,20265458,0.280141
Heap Sort,10000,4656,20265459,0.282056
Heap Sort,10000,4657,20265460,0.299224
Heap Sort,10000,4658,20265461,0.282086
Heap Sort,10000,4659,20265462,0.279489
Heap Sort,10000,4660,20265463,0.297404
Heap Sort,10000,4661,20265464,0.27848
Heap Sort,10000,4662,20265465,0.299711
Heap Sort,10000,4663,20265466,0.279299
Heap Sort,10000,4664,20265467,0.299735
Heap Sort,10000,4665,20265468,0.298547
Heap Sort,10000,4666,20265469,0.277397
Heap Sort,10000,4667,20265470,0.282179
Heap Sort,10000,4668,20265471,0.2776
Heap Sort,10000,4669,20265472,0.281034
Heap Sort,10000,4670,20265473,0.301661
Heap Sort,10000,4671,20265474,0.282006
Heap Sort,10000,4672,20265475,0.277157
Heap Sort,10000,4673,20265476,0.280425
Heap Sort,10000,4674,20265477,0.278307
Heap Sort,10000,4675,20265478,0.280517
Heap Sort,10000,4676,20265479,0.278578
Heap Sort,10000,4677,20265480,0.278769
Heap Sort,10000,4678,20265481,0.276622
Heap Sort,10000,4679,20265482,0.278486
Heap Sort,10000,4680,20265483,0.280135
Heap Sort,10000,4681,20265484,0.280769
Heap Sort,10000,4682,20265485,0.281416
Heap Sort,10000,4683,20265486,0.277397
Heap Sort,10000,4684,20265487,0.28048
Heap Sort,10000,4685,20265488,0.279532
Heap Sort,10000,4686,20265489,0.431372
Heap Sort,10000,4687,20265490,0.279741
Heap Sort,10000,4688,20265491,0.279705
Heap Sort,10000,4689,20265492,0.278228
Heap Sort,10000,4690,20265493,0.300289
Heap Sort,10000,4691,20265494,0.280684
Heap Sort,10000,4692,20265495,0.279249
Heap Sort,10000,4693,20265496,0.298049
Heap Sort,10000,4694,20265497,0.284603
Heap Sort,10000,4695,20265498,0.278769
Heap Sort,10000,4696,20265499,0.299065
Heap Sort,10000,4697,20265500,0.279458
Heap Sort,10000,4698,20265501,0.278665
Heap Sort,10000,4699,20265502,0.279564
Heap Sort,10000,4700,20265503,0.28192
Heap Sort,10000,4701,20265504,0.279741
Heap Sort,10000,4702,20265505,0.279132
Heap Sort,10000,4703,20265506,0.278265
Heap Sort,10000,4704,20265507,0.280191
Heap Sort,10000,4705,20265508,0.279059
Heap Sort,10000,4706,20265509,0.276357
Heap Sort,10000,4707,20265510,0.277372
Heap Sort,10000,4708,20265511,0.281532
Heap Sort,10000,4709,20265512,0.277852
Heap Sort,10000,4710,20265513,0.279551
Heap Sort,10000,4711,20265514,0.277539
Heap Sort,10000,4712,20265515,0.298099
Heap Sort,10000,4713,20265516,0.29749
Heap Sort,10000,4714,20265517,0.276972
Heap Sort,10000,4715,20265518,0.280554
Heap Sort,10000,4716,20265519,0.279268
Heap Sort,10000,4717,20265520,0.277495
Heap Sort,10000,4718,20265521,0.278036
Heap Sort,10000,4719,20265522,0.279409
Heap Sort,10000,4720,20265523,0.279237
Heap Sort,10000,4721,20265524,0.281243
Heap Sort,10000,4722,20265525,0.297225
Heap Sort,10000,4723,20265526,0.297951
Heap Sort,10000,4724,20265527,0.289175
Heap Sort,10000,4725,20265528,0.297896
Heap Sort,10000,4726,20265529,0.277994
Heap Sort,10000,4727,20265530,0.298031
Heap Sort,10000,4728,20265531,0.303268
Heap Sort,10000,4729,20265532,0.279581
Heap Sort,10000,4730,20265533,0.279077
Heap Sort,10000,4731,20265534,0.278006
Heap Sort,10000,4732,20265535,0.297403
Heap Sort,10000,4733,20265536,0.298689
Heap Sort,10000,4734,20265537,0.280308
Heap Sort,10000,4735,20265538,0.277631
Heap Sort,10000,4736,20265539,0.279889
Heap Sort,10000,4737,20265540,0.28072
Heap Sort,10000,4738,20265541,0.280351
Heap Sort,10000,4739,20265542,0.281293
Heap Sort,10000,4740,20265543,0.280375
Heap Sort,10000,4741,20265544,0.281299
Heap Sort,10000,4742,20265545,0.279397
Heap Sort,10000,4743,20265546,0.279576
Heap Sort,10000,4744,20265547,0.279864
Heap Sort,10000,4745,20265548,0.277944
Heap Sort,10000,4746,20265549,0.277778
Heap Sort,10000,4747,20265550,0.427711
Heap Sort,10000,4748,20265551,0.297914
Heap Sort,10000,4749,20265552,0.279458
Heap Sort,10000,4750,20265553,0.278529
Heap Sort,10000,4751,20265554,0.279932
Heap Sort,10000,4752,20265555,0.280104
Heap Sort,10000,4753,20265556,0.280948
Heap Sort,10000,4754,20265557,0.279883
Heap Sort,10000,4755,20265558,0.279089
Heap Sort,10000,4756,20265559,0.279674
Heap Sort,10000,4757,20265560,0.278215
Heap Sort,10000,4758,20265561,0.279052
Heap Sort,10000,4759,20265562,0.281187
Heap Sort,10000,4760,20265563,0.280099
Heap Sort,10000,4761,20265564,0.278979
Heap Sort,10000,4762,20265565,0.280277
Heap Sort,10000,4763,20265566,0.279742
Heap Sort,10000,4764,20265567,0.280633
Heap Sort,10000,4765,20265568,0.286074
Heap Sort,10000,4766,20265569,0.278769
Heap Sort,10000,4767,20265570,0.27752
Heap Sort,10000,4768,20265571,0.280049
Heap Sort,10000,4769,20265572,0.279581
Heap Sort,10000,4770,20265573,0.277347
Heap Sort,10000,4771,20265574,0.280991
Heap Sort,10000,4772,20265575,0.277858
Heap Sort,10000,4773,20265576,0.337188
Heap Sort,10000,4774,20265577,0.282234
Heap Sort,10000,4775,20265578,0.278265
Heap Sort,10000,4776,20265579,0.279133
Heap Sort,10000,4777,20265580,0.279009
Heap Sort,10000,4778,20265581,0.279643
Heap Sort,10000,4779,20265582,0.298646
Heap Sort,10000,4780,20265583,0.2796
Heap Sort,10000,4781,20265584,0.298991
Heap Sort,10000,4782,20265585,0.280726
Heap Sort,10000,4783,20265586,0.282191
Heap Sort,10000,4784,20265587,0.280541
Heap Sort,10000,4785,20265588,0.277779
Heap Sort,10000,4786,20265589,0.278713
Heap Sort,10000,4787,20265590,0.278148
Heap Sort,10000,4788,20265591,0.27968
Heap Sort,10000,4789,20265592,0.280049
Heap Sort,10000,4790,20265593,0.278825
Heap Sort,10000,4791,20265594,0.282763
Heap Sort,10000,4792,20265595,0.282806
Heap Sort,10000,4793,20265596,0.304867
Heap Sort,10000,4794,20265597,0.287341
Heap Sort,10000,4795,20265598,0.28984
Heap Sort,10000,4796,20265599,0.285858
Heap Sort,10000,4797,20265600,0.278929
Heap Sort,10000,4798,20265601,0.279723
Heap Sort,10000,4799,20265602,0.298141
Heap Sort,10000,4800,20265603,0.280215
Heap Sort,10000,4801,20265604,0.280184
Heap Sort,10000,4802,20265605,0.30051
Heap Sort,10000,4803,20265606,0.278185
Heap Sort,10000,4804,20265607,0.277501
Heap Sort,10000,4805,20265608,0.280363
Heap Sort,10000,4806,20265609,0.299028
Heap Sort,10000,4807,20265610,0.278338
Heap Sort,10000,4808,20265611,0.279778
Heap Sort,10000,4809,20265612,0.278154
Heap Sort,10000,4810,20265613,0.29795
Heap Sort,10000,4811,20265614,0.276923
Heap Sort,10000,4812,20265615,0.282991
Heap Sort,10000,4813,20265616,0.280425
Heap Sort,10000,4814,20265617,0.278917
Heap Sort,10000,4815,20265618,0.303403
Heap Sort,10000,4816,20265619,0.286966
Heap Sort,10000,4817,20265620,0.283987
Heap Sort,10000,4818,20265621,0.281071
Heap Sort,10000,4819,20265622,0.30067
Heap Sort,10000,4820,20265623,0.278394
Heap Sort,10000,4821,20265624,0.280283
Heap Sort,10000,4822,20265625,0.282843
Heap Sort,10000,4823,20265626,0.286707
Heap Sort,10000,4824,20265627,0.297397
Heap Sort,10000,4825,20265628,0.284234
Heap Sort,10000,4826,20265629,0.281951
Heap Sort,10000,4827,20265630,0.278898
Heap Sort,10000,4828,20265631,0.29976
Heap Sort,10000,4829,20265632,0.277298
Heap Sort,10000,4830,20265633,0.296911
Heap Sort,10000,4831,20265634,0.281108
Heap Sort,10000,4832,20265635,0.29928
Heap Sort,10000,4833,20265636,0.297582
Heap Sort,10000,4834,20265637,0.259003
Heap Sort,10000,4835,20265638,0.278757
Heap Sort,10000,4836,20265639,0.280178
Heap Sort,10000,4837,20265640,0.29891
Heap Sort,10000,4838,20265641,0.278954
Heap Sort,10000,4839,20265642,0.295606
Heap Sort,10000,4840,20265643,0.280043
Heap Sort,10000,4841,20265644,0.299262
Heap Sort,10000,4842,20265645,0.279575
Heap Sort,10000,4843,20265646,0.280148
Heap Sort,10000,4844,20265647,0.279643
Heap Sort,10000,4845,20265648,0.277163
Heap Sort,10000,4846,20265649,0.276905
Heap Sort,10000,4847,20265650,0.299236
Heap Sort,10000,4848,20265651,0.277902
Heap Sort,10000,4849,20265652,0.328339
Heap Sort,10000,4850,20265653,0.27923
Heap Sort,10000,4851,20265654,0.29904
Heap Sort,10000,4852,20265655,0.280837
Heap Sort,10000,4853,20265656,0.2812
Heap Sort,10000,4854,20265657,0.280831
Heap Sort,10000,4855,20265658,0.281157
Heap Sort,10000,4856,20265659,0.278067
Heap Sort,10000,4857,20265660,0.279102
Heap Sort,10000,4858,20265661,0.298074
Heap Sort,10000,4859,20265662,0.281421
Heap Sort,10000,4860,20265663,0.283667
Heap Sort,10000,4861,20265664,0.278277
Heap Sort,10000,4862,20265665,0.279723
Heap Sort,10000,4863,20265666,0.281495
Heap Sort,10000,4864,20265667,0.277483
Heap Sort,10000,4865,20265668,0.279914
Heap Sort,10000,4866,20265669,0.280111
Heap Sort,10000,4867,20265670,0.27984
Heap Sort,10000,4868,20265671,0.269299
Heap Sort,10000,4869,20265672,0.280148
Heap Sort,10000,4870,20265673,0.277778
Heap Sort,10000,4871,20265674,0.278732
Heap Sort,10000,4872,20265675,0.276904
Heap Sort,10000,4873,20265676,0.280492
Heap Sort,10000,4874,20265677,0.278142
Heap Sort,10000,4875,20265678,0.277772
Heap Sort,10000,4876,20265679,0.279052
Heap Sort,10000,4877,20265680,0.279945
Heap Sort,10000,4878,20265681,0.280142
Heap Sort,10000,4879,20265682,0.280172
Heap Sort,10000,4880,20265683,0.279212
Heap Sort,10000,4881,20265684,0.298136
Heap Sort,10000,4882,20265685,0.300308
Heap Sort,10000,4883,20265686,0.279009
Heap Sort,10000,4884,20265687,0.276677
Heap Sort,10000,4885,20265688,0.279421
Heap Sort,10000,4886,20265689,0.280419
Heap Sort,10000,4887,20265690,0.27768
Heap Sort,10000,4888,20265691,0.279773
Heap Sort,10000,4889,20265692,0.281101
Heap Sort,10000,4890,20265693,0.279791
Heap Sort,10000,4891,20265694,0.297933
Heap Sort,10000,4892,20265695,0.280406
Heap Sort,10000,4893,20265696,0.281366
Heap Sort,10000,4894,20265697,0.299865
Heap Sort,10000,4895,20265698,0.27688
Heap Sort,10000,4896,20265699,0.28021
Heap Sort,10000,4897,20265700,0.280247
Heap Sort,10000,4898,20265701,0.293453
Heap Sort,10000,4899,20265702,0.27976
Heap Sort,10000,4900,20265703,0.280104
Heap Sort,10000,4901,20265704,0.300677
Heap Sort,10000,4902,20265705,0.279496
Heap Sort,10000,4903,20265706,0.279206
Heap Sort,10000,4904,20265707,0.299157
Heap Sort,10000,4905,20265708,0.277871
Heap Sort,10000,4906,20265709,0.280326
Heap Sort,10000,4907,20265710,0.282524
Heap Sort,10000,4908,20265711,0.28144
Heap Sort,10000,4909,20265712,0.279385
Heap Sort,10000,4910,20265713,0.281557
Heap Sort,10000,4911,20265714,0.300991
Heap Sort,10000,4912,20265715,0.279526
Heap Sort,10000,4913,20265716,0.276886
Heap Sort,10000,4914,20265717,0.28008
Heap Sort,10000,4915,20265718,0.279163
Heap Sort,10000,4916,20265719,0.277969
Heap Sort,10000,4917,20265720,0.280917
Heap Sort,10000,4918,20265721,0.281267
Heap Sort,10000,4919,20265722,0.280166
Heap Sort,10000,4920,20265723,0.281631
Heap Sort,10000,4921,20265724,0.279631
Heap Sort,10000,4922,20265725,0.279803
Heap Sort,10000,4923,20265726,0.279311
Heap Sort,10000,4924,20265727,0.280067
Heap Sort,10000,4925,20265728,0.280068
Heap Sort,10000,4926,20265729,0.280634
Heap Sort,10000,4927,20265730,0.300049
Heap Sort,10000,4928,20265731,0.279945
Heap Sort,10000,4929,20265732,0.277471
Heap Sort,10000,4930,20265733,0.28549
Heap Sort,10000,4931,20265734,0.300862
Heap Sort,10000,4932,20265735,0.280172
Heap Sort,10000,4933,20265736,0.279348
Heap Sort,10000,4934,20265737,0.277889
Heap Sort,10000,4935,20265738,0.299459
Heap Sort,10000,4936,20265739,0.331465
Heap Sort,10000,4937,20265740,0.278677
Heap Sort,10000,4938,20265741,0.280671
Heap Sort,10000,4939,20265742,0.301895
Heap Sort,10000,4940,20265743,0.27648
Heap Sort,10000,4941,20265744,0.279366
Heap Sort,10000,4942,20265745,0.278824
Heap Sort,10000,4943,20265746,0.278302
Heap Sort,10000,4944,20265747,0.279151
Heap Sort,10000,4945,20265748,0.278806
Heap Sort,10000,4946,20265749,0.281453
Heap Sort,10000,4947,20265750,0.281311
Heap Sort,10000,4948,20265751,0.280381
Heap Sort,10000,4949,20265752,0.281003
Heap Sort,10000,4950,20265753,0.279009
Heap Sort,10000,4951,20265754,0.285342
Heap Sort,10000,4952,20265755,0.279877
Heap Sort,10000,4953,20265756,0.278763
Heap Sort,10000,4954,20265757,0.299298
Heap Sort,10000,4955,20265758,0.279582
Heap Sort,10000,4956,20265759,0.27944
Heap Sort,10000,4957,20265760,0.281471
Heap Sort,10000,4958,20265761,0.278093
Heap Sort,10000,4959,20265762,0.279447
Heap Sort,10000,4960,20265763,0.277231
Heap Sort,10000,4961,20265764,0.284647
Heap Sort,10000,4962,20265765,0.284806
Heap Sort,10000,4963,20265766,0.290388
Heap Sort,10000,4964,20265767,0.288425
Heap Sort,10000,4965,20265768,0.285785
Heap Sort,10000,4966,20265769,0.283193
Heap Sort,10000,4967,20265770,0.277932
Heap Sort,10000,4968,20265771,0.27968
Heap Sort,10000,4969,20265772,0.281181
Heap Sort,10000,4970,20265773,0.278204
Heap Sort,10000,4971,20265774,0.28176
Heap Sort,10000,4972,20265775,0.280271
Heap Sort,10000,4973,20265776,0.278443
Heap Sort,10000,4974,20265777,0.286289
Heap Sort,10000,4975,20265778,0.281107
Heap Sort,10000,4976,20265779,0.280603
Heap Sort,10000,4977,20265780,0.283581
Heap Sort,10000,4978,20265781,0.278892
Heap Sort,10000,4979,20265782,0.278794
Heap Sort,10000,4980,20265783,0.280499
Heap Sort,10000,4981,20265784,0.279372
Heap Sort,10000,4982,20265785,0.280308
Heap Sort,10000,4983,20265786,0.279803
Heap Sort,10000,4984,20265787,0.278892
Heap Sort,10000,4985,20265788,0.279619
Heap Sort,10000,4986,20265789,0.278966
Heap Sort,10000,4987,20265790,0.276751
Heap Sort,10000,4988,20265791,0.282652
Heap Sort,10000,4989,20265792,0.277243
Heap Sort,10000,4990,20265793,0.279342
Heap Sort,10000,4991,20265794,0.280351
Heap Sort,10000,4992,20265795,0.281766
Heap Sort,10000,4993,20265796,0.306308
Heap Sort,10000,4994,20265797,0.278185
Heap Sort,10000,4995,20265798,0.280671
Heap Sort,10000,4996,20265799,0.281434
Heap Sort,10000,4997,20265800,0.278899
Heap Sort,10000,4998,20265801,0.298289
Heap Sort,10000,4999,20265802,0.278406
Heap Sort,10000,5000,20265803,0.278917
Heap Sort,10000,5001,20265804,0.299858
Heap Sort,10000,5002,20265805,0.279901
Heap Sort,10000,5003,20265806,0.301717
Heap Sort,10000,5004,20265807,0.279421
Heap Sort,10000,5005,20265808,0.278166
Heap Sort,10000,5006,20265809,0.280659
Heap Sort,10000,5007,20265810,0.278548
Heap Sort,10000,5008,20265811,0.299815
Heap Sort,10000,5009,20265812,0.299742
Heap Sort,10000,5010,20265813,0.276911
Heap Sort,10000,5011,20265814,0.280824
Heap Sort,10000,5012,20265815,0.298209
Heap Sort,10000,5013,20265816,0.278074
Heap Sort,10000,5014,20265817,0.278523
Heap Sort,10000,5015,20265818,0.280277
Heap Sort,10000,5016,20265819,0.298738
Heap Sort,10000,5017,20265820,0.278517
Heap Sort,10000,5018,20265821,0.278135
Heap Sort,10000,5019,20265822,0.27928
Heap Sort,10000,5020,20265823,0.278265
Heap Sort,10000,5021,20265824,0.2772
Heap Sort,10000,5022,20265825,0.276412
Heap Sort,10000,5023,20265826,0.326253
Heap Sort,10000,5024,20265827,0.2812
Heap Sort,10000,5025,20265828,0.279606
Heap Sort,10000,5026,20265829,0.281231
Heap Sort,10000,5027,20265830,0.298215
Heap Sort,10000,5028,20265831,0.28163
Heap Sort,10000,5029,20265832,0.279717
Heap Sort,10000,5030,20265833,0.279489
Heap Sort,10000,5031,20265834,0.429071
Heap Sort,10000,5032,20265835,0.279305
Heap Sort,10000,5033,20265836,0.281378
Heap Sort,10000,5034,20265837,0.28016
Heap Sort,10000,5035,20265838,0.278505
Heap Sort,10000,5036,20265839,0.276252
Heap Sort,10000,5037,20265840,0.280203
Heap Sort,10000,5038,20265841,0.281428
Heap Sort,10000,5039,20265842,0.278196
Heap Sort,10000,5040,20265843,0.282393
Heap Sort,10000,5041,20265844,0.280634
Heap Sort,10000,5042,20265845,0.303182
Heap Sort,10000,5043,20265846,0.300788
Heap Sort,10000,5044,20265847,0.280991
Heap Sort,10000,5045,20265848,0.281175
Heap Sort,10000,5046,20265849,0.279058
Heap Sort,10000,5047,20265850,0.280222
Heap Sort,10000,5048,20265851,0.28152
Heap Sort,10000,5049,20265852,0.430781
Heap Sort,10000,5050,20265853,0.372418
Heap Sort,10000,5051,20265854,0.284486
Heap Sort,10000,5052,20265855,0.280591
Heap Sort,10000,5053,20265856,0.303225
Heap Sort,10000,5054,20265857,0.27928
Heap Sort,10000,5055,20265858,0.279951
Heap Sort,10000,5056,20265859,0.281095
Heap Sort,10000,5057,20265860,0.279618
Heap Sort,10000,5058,20265861,0.279022
Heap Sort,10000,5059,20265862,0.278419
Heap Sort,10000,5060,20265863,0.280141
Heap Sort,10000,5061,20265864,0.28136
Heap Sort,10000,5062,20265865,0.279064
Heap Sort,10000,5063,20265866,0.281446
Heap Sort,10000,5064,20265867,0.281557
Heap Sort,10000,5065,20265868,0.279299
Heap Sort,10000,5066,20265869,0.280775
Heap Sort,10000,5067,20265870,0.280726
Heap Sort,10000,5068,20265871,0.280671
Heap Sort,10000,5069,20265872,0.324499
Heap Sort,10000,5070,20265873,0.2788
Heap Sort,10000,5071,20265874,0.277114
Heap Sort,10000,5072,20265875,0.281139
Heap Sort,10000,5073,20265876,0.280357
Heap Sort,10000,5074,20265877,0.282043
Heap Sort,10000,5075,20265878,0.282726
Heap Sort,10000,5076,20265879,0.28261
Heap Sort,10000,5077,20265880,0.28016
Heap Sort,10000,5078,20265881,0.298696
Heap Sort,10000,5079,20265882,0.283089
Heap Sort,10000,5080,20265883,0.280818
Heap Sort,10000,5081,20265884,0.27904
Heap Sort,10000,5082,20265885,0.280499
Heap Sort,10000,5083,20265886,0.300732
Heap Sort,10000,5084,20265887,0.280738
Heap Sort,10000,5085,20265888,0.282215
Heap Sort,10000,5086,20265889,0.280105
Heap Sort,10000,5087,20265890,0.279526
Heap Sort,10000,5088,20265891,0.281741
Heap Sort,10000,5089,20265892,0.281502
Heap Sort,10000,5090,20265893,0.281175
Heap Sort,10000,5091,20265894,0.297982
Heap Sort,10000,5092,20265895,0.279951
Heap Sort,10000,5093,20265896,0.279544
Heap Sort,10000,5094,20265897,0.281957
Heap Sort,10000,5095,20265898,0.280172
Heap Sort,10000,5096,20265899,0.281095
Heap Sort,10000,5097,20265900,0.28056
Heap Sort,10000,5098,20265901,0.279101
Heap Sort,10000,5099,20265902,0.279028
Heap Sort,10000,5100,20265903,0.308936
Heap Sort,10000,5101,20265904,0.282283
Heap Sort,10000,5102,20265905,0.279852
Heap Sort,10000,5103,20265906,0.279262
Heap Sort,10000,5104,20265907,0.28005
Heap Sort,10000,5105,20265908,0.280541
Heap Sort,10000,5106,20265909,0.280529
Heap Sort,10000,5107,20265910,0.280209
Heap Sort,10000,5108,20265911,0.278037
Heap Sort,10000,5109,20265912,0.30144
Heap Sort,10000,5110,20265913,0.279126
Heap Sort,10000,5111,20265914,0.27952
Heap Sort,10000,5112,20265915,0.281311
Heap Sort,10000,5113,20265916,0.281391
Heap Sort,10000,5114,20265917,0.295815
Heap Sort,10000,5115,20265918,0.329194
Heap Sort,10000,5116,20265919,0.281655
Heap Sort,10000,5117,20265920,0.279607
Heap Sort,10000,5118,20265921,0.279304
Heap Sort,10000,5119,20265922,0.280548
Heap Sort,10000,5120,20265923,0.280671
Heap Sort,10000,5121,20265924,0.280142
Heap Sort,10000,5122,20265925,0.283059
Heap Sort,10000,5123,20265926,0.281101
Heap Sort,10000,5124,20265927,0.279224
Heap Sort,10000,5125,20265928,0.281465
Heap Sort,10000,5126,20265929,0.281464
Heap Sort,10000,5127,20265930,0.279501
Heap Sort,10000,5128,20265931,0.301612
Heap Sort,10000,5129,20265932,0.28123
Heap Sort,10000,5130,20265933,0.284363
Heap Sort,10000,5131,20265934,0.283108
Heap Sort,10000,5132,20265935,0.292191
Heap Sort,10000,5133,20265936,0.289145
Heap Sort,10000,5134,20265937,0.313273
Heap Sort,10000,5135,20265938,0.283194
Heap Sort,10000,5136,20265939,0.277556
Heap Sort,10000,5137,20265940,0.280056
Heap Sort,10000,5138,20265941,0.280025
Heap Sort,10000,5139,20265942,0.280037
Heap Sort,10000,5140,20265943,0.280787
Heap Sort,10000,5141,20265944,0.300332
Heap Sort,10000,5142,20265945,0.281354
Heap Sort,10000,5143,20265946,0.282935
Heap Sort,10000,5144,20265947,0.280603
Heap Sort,10000,5145,20265948,0.281723
Heap Sort,10000,5146,20265949,0.278609
Heap Sort,10000,5147,20265950,0.279883
Heap Sort,10000,5148,20265951,0.277022
Heap Sort,10000,5149,20265952,0.281157
Heap Sort,10000,5150,20265953,0.279889
Heap Sort,10000,5151,20265954,0.279237
Heap Sort,10000,5152,20265955,0.280769
Heap Sort,10000,5153,20265956,0.288775
Heap Sort,10000,5154,20265957,0.279858
Heap Sort,10000,5155,20265958,0.276794
Heap Sort,10000,5156,20265959,0.279834
Heap Sort,10000,5157,20265960,0.278887
Heap Sort,10000,5158,20265961,0.279003
Heap Sort,10000,5159,20265962,0.28077
Heap Sort,10000,5160,20265963,0.279225
Heap Sort,10000,5161,20265964,0.282486
Heap Sort,10000,5162,20265965,0.280813
Heap Sort,10000,5163,20265966,0.300247
Heap Sort,10000,5164,20265967,0.281538
Heap Sort,10000,5165,20265968,0.281741
Heap Sort,10000,5166,20265969,0.278382
Heap Sort,10000,5167,20265970,0.278781
Heap Sort,10000,5168,20265971,0.299895
Heap Sort,10000,5169,20265972,0.277982
Heap Sort,10000,5170,20265973,0.280314
Heap Sort,10000,5171,20265974,0.279896
Heap Sort,10000,5172,20265975,0.279237
Heap Sort,10000,5173,20265976,0.280524
Heap Sort,10000,5174,20265977,0.300049
Heap Sort,10000,5175,20265978,0.280739
Heap Sort,10000,5176,20265979,0.300868
Heap Sort,10000,5177,20265980,0.299194
Heap Sort,10000,5178,20265981,0.283071
Heap Sort,10000,5179,20265982,0.279077
Heap Sort,10000,5180,20265983,0.279896
Heap Sort,10000,5181,20265984,0.280289
Heap Sort,10000,5182,20265985,0.278996
Heap Sort,10000,5183,20265986,0.28437
Heap Sort,10000,5184,20265987,0.279822
Heap Sort,10000,5185,20265988,0.27941
Heap Sort,10000,5186,20265989,0.279046
Heap Sort,10000,5187,20265990,0.280191
Heap Sort,10000,5188,20265991,0.279778
Heap Sort,10000,5189,20265992,0.280536
Heap Sort,10000,5190,20265993,0.281243
Heap Sort,10000,5191,20265994,0.281274
Heap Sort,10000,5192,20265995,0.28053
Heap Sort,10000,5193,20265996,0.279612
Heap Sort,10000,5194,20265997,0.280825
Heap Sort,10000,5195,20265998,0.281465
Heap Sort,10000,5196,20265999,0.282055
Heap Sort,10000,5197,20266000,0.284652
Heap Sort,10000,5198,20266001,0.280523
Heap Sort,10000,5199,20266002,0.281508
Heap Sort,10000,5200,20266003,0.279477
Heap Sort,10000,5201,20266004,0.28272
Heap Sort,10000,5202,20266005,0.280461
Heap Sort,10000,5203,20266006,0.281385
Heap Sort,10000,5204,20266007,0.281606
Heap Sort,10000,5205,20266008,0.283095
Heap Sort,10000,5206,20266009,0.27976
Heap Sort,10000,5207,20266010,0.284566
Heap Sort,10000,5208,20266011,0.280197
Heap Sort,10000,5209,20266012,0.299151
Heap Sort,10000,5210,20266013,0.281539
Heap Sort,10000,5211,20266014,0.280695
Heap Sort,10000,5212,20266015,0.280339
Heap Sort,10000,5213,20266016,0.283981
Heap Sort,10000,5214,20266017,0.297637
Heap Sort,10000,5215,20266018,0.280788
Heap Sort,10000,5216,20266019,0.298707
Heap Sort,10000,5217,20266020,0.280141
Heap Sort,10000,5218,20266021,0.277858
Heap Sort,10000,5219,20266022,0.277643
Heap Sort,10000,5220,20266023,0.278209
Heap Sort,10000,5221,20266024,0.29288
Heap Sort,10000,5222,20266025,0.284664
Heap Sort,10000,5223,20266026,0.282683
Heap Sort,10000,5224,20266027,0.282302
Heap Sort,10000,5225,20266028,0.309809
Heap Sort,10000,5226,20266029,0.285649
Heap Sort,10000,5227,20266030,0.30264
Heap Sort,10000,5228,20266031,0.28747
Heap Sort,10000,5229,20266032,0.285249
Heap Sort,10000,5230,20266033,0.282418
Heap Sort,10000,5231,20266034,0.283569
Heap Sort,10000,5232,20266035,0.280326
Heap Sort,10000,5233,20266036,0.279243
Heap Sort,10000,5234,20266037,0.289464
Heap Sort,10000,5235,20266038,0.282572
Heap Sort,10000,5236,20266039,0.279076
Heap Sort,10000,5237,20266040,0.279268
Heap Sort,10000,5238,20266041,0.277243
Heap Sort,10000,5239,20266042,0.297907
Heap Sort,10000,5240,20266043,0.282936
Heap Sort,10000,5241,20266044,0.278627
Heap Sort,10000,5242,20266045,0.280566
Heap Sort,10000,5243,20266046,0.283907
Heap Sort,10000,5244,20266047,0.298856
Heap Sort,10000,5245,20266048,0.279772
Heap Sort,10000,5246,20266049,0.279287
Heap Sort,10000,5247,20266050,0.276548
Heap Sort,10000,5248,20266051,0.279914
Heap Sort,10000,5249,20266052,0.279668
Heap Sort,10000,5250,20266053,0.280093
Heap Sort,10000,5251,20266054,0.277095
Heap Sort,10000,5252,20266055,0.280307
Heap Sort,10000,5253,20266056,0.280302
Heap Sort,10000,5254,20266057,0.278227
Heap Sort,10000,5255,20266058,0.279256
Heap Sort,10000,5256,20266059,0.278923
Heap Sort,10000,5257,20266060,0.280751
Heap Sort,10000,5258,20266061,0.279243
Heap Sort,10000,5259,20266062,0.281877
Heap Sort,10000,5260,20266063,0.281169
Heap Sort,10000,5261,20266064,0.30083
Heap Sort,10000,5262,20266065,0.300615
Heap Sort,10000,5263,20266066,0.277108
Heap Sort,10000,5264,20266067,0.282068
Heap Sort,10000,5265,20266068,0.279692
Heap Sort,10000,5266,20266069,0.281169
Heap Sort,10000,5267,20266070,0.299901
Heap Sort,10000,5268,20266071,0.280277
Heap Sort,10000,5269,20266072,0.279828
Heap Sort,10000,5270,20266073,0.280923
Heap Sort,10000,5271,20266074,0.280167
Heap Sort,10000,5272,20266075,0.27752
Heap Sort,10000,5273,20266076,0.27896
Heap Sort,10000,5274,20266077,0.301133
Heap Sort,10000,5275,20266078,0.27899
Heap Sort,10000,5276,20266079,0.28096
Heap Sort,10000,5277,20266080,0.298867
Heap Sort,10000,5278,20266081,0.280831
Heap Sort,10000,5279,20266082,0.280658
Heap Sort,10000,5280,20266083,0.279526
Heap Sort,10000,5281,20266084,0.300388
Heap Sort,10000,5282,20266085,0.279557
Heap Sort,10000,5283,20266086,0.280683
Heap Sort,10000,5284,20266087,0.280744
Heap Sort,10000,5285,20266088,0.278443
Heap Sort,10000,5286,20266089,0.279982
Heap Sort,10000,5287,20266090,0.280191
Heap Sort,10000,5288,20266091,0.301169
Heap Sort,10000,5289,20266092,0.281699
Heap Sort,10000,5290,20266093,0.280536
Heap Sort,10000,5291,20266094,0.281237
Heap Sort,10000,5292,20266095,0.277963
Heap Sort,10000,5293,20266096,0.298407
Heap Sort,10000,5294,20266097,0.280419
Heap Sort,10000,5295,20266098,0.279773
Heap Sort,10000,5296,20266099,0.279213
Heap Sort,10000,5297,20266100,0.298381
Heap Sort,10000,5298,20266101,0.278037
Heap Sort,10000,5299,20266102,0.285612
Heap Sort,10000,5300,20266103,0.284997
Heap Sort,10000,5301,20266104,0.292209
Heap Sort,10000,5302,20266105,0.288689
Heap Sort,10000,5303,20266106,0.287108
Heap Sort,10000,5304,20266107,0.282763
Heap Sort,10000,5305,20266108,0.281717
Heap Sort,10000,5306,20266109,0.279606
Heap Sort,10000,5307,20266110,0.280677
Heap Sort,10000,5308,20266111,0.324333
Heap Sort,10000,5309,20266112,0.281772
Heap Sort,10000,5310,20266113,0.283594
Heap Sort,10000,5311,20266114,0.283188
Heap Sort,10000,5312,20266115,0.285557
Heap Sort,10000,5313,20266116,0.284849
Heap Sort,10000,5314,20266117,0.284597
Heap Sort,10000,5315,20266118,0.283176
Heap Sort,10000,5316,20266119,0.282763
Heap Sort,10000,5317,20266120,0.279797
Heap Sort,10000,5318,20266121,0.285532
Heap Sort,10000,5319,20266122,0.277865
Heap Sort,10000,5320,20266123,0.279471
Heap Sort,10000,5321,20266124,0.280031
Heap Sort,10000,5322,20266125,0.278954
Heap Sort,10000,5323,20266126,0.299434
Heap Sort,10000,5324,20266127,0.280074
Heap Sort,10000,5325,20266128,0.280751
Heap Sort,10000,5326,20266129,0.279453
Heap Sort,10000,5327,20266130,0.281458
Heap Sort,10000,5328,20266131,0.279095
Heap Sort,10000,5329,20266132,0.299181
Heap Sort,10000,5330,20266133,0.281403
Heap Sort,10000,5331,20266134,0.281575
Heap Sort,10000,5332,20266135,0.284818
Heap Sort,10000,5333,20266136,0.280578
Heap Sort,10000,5334,20266137,0.279772
Heap Sort,10000,5335,20266138,0.281575
Heap Sort,10000,5336,20266139,0.279877
Heap Sort,10000,5337,20266140,0.278492
Heap Sort,10000,5338,20266141,0.280462
Heap Sort,10000,5339,20266142,0.280209
Heap Sort,10000,5340,20266143,0.278
Heap Sort,10000,5341,20266144,0.277908
Heap Sort,10000,5342,20266145,0.278812
Heap Sort,10000,5343,20266146,0.28035
Heap Sort,10000,5344,20266147,0.279459
Heap Sort,10000,5345,20266148,0.280141
Heap Sort,10000,5346,20266149,0.279305
Heap Sort,10000,5347,20266150,0.28112
Heap Sort,10000,5348,20266151,0.280812
Heap Sort,10000,5349,20266152,0.280634
Heap Sort,10000,5350,20266153,0.278289
Heap Sort,10000,5351,20266154,0.299624
Heap Sort,10000,5352,20266155,0.281637
Heap Sort,10000,5353,20266156,0.277415
Heap Sort,10000,5354,20266157,0.280911
Heap Sort,10000,5355,20266158,0.278818
Heap Sort,10000,5356,20266159,0.291175
Heap Sort,10000,5357,20266160,0.277926
Heap Sort,10000,5358,20266161,0.281975
Heap Sort,10000,5359,20266162,0.280671
Heap Sort,10000,5360,20266163,0.279317
Heap Sort,10000,5361,20266164,0.282086
Heap Sort,10000,5362,20266165,0.300831
Heap Sort,10000,5363,20266166,0.280849
Heap Sort,10000,5364,20266167,0.281336
Heap Sort,10000,5365,20266168,0.280862
Heap Sort,10000,5366,20266169,0.280172
Heap Sort,10000,5367,20266170,0.279619
Heap Sort,10000,5368,20266171,0.281532
Heap Sort,10000,5369,20266172,0.27789
Heap Sort,10000,5370,20266173,0.297655
Heap Sort,10000,5371,20266174,0.281305
Heap Sort,10000,5372,20266175,0.279231
Heap Sort,10000,5373,20266176,0.279114
Heap Sort,10000,5374,20266177,0.278498
Heap Sort,10000,5375,20266178,0.279034
Heap Sort,10000,5376,20266179,0.279058
Heap Sort,10000,5377,20266180,0.280542
Heap Sort,10000,5378,20266181,0.280468
Heap Sort,10000,5379,20266182,0.280492
Heap Sort,10000,5380,20266183,0.280468
Heap Sort,10000,5381,20266184,0.281335
Heap Sort,10000,5382,20266185,0.300806
Heap Sort,10000,5383,20266186,0.27912
Heap Sort,10000,5384,20266187,0.30043
Heap Sort,10000,5385,20266188,0.27992
Heap Sort,10000,5386,20266189,0.303404
Heap Sort,10000,5387,20266190,0.281243
Heap Sort,10000,5388,20266191,0.279385
Heap Sort,10000,5389,20266192,0.281951
Heap Sort,10000,5390,20266193,0.280061
Heap Sort,10000,5391,20266194,0.278388
Heap Sort,10000,5392,20266195,0.281212
Heap Sort,10000,5393,20266196,0.2804
Heap Sort,10000,5394,20266197,0.297951
Heap Sort,10000,5395,20266198,0.280991
Heap Sort,10000,5396,20266199,0.282505
Heap Sort,10000,5397,20266200,0.280572
Heap Sort,10000,5398,20266201,0.300344
Heap Sort,10000,5399,20266202,0.280874
Heap Sort,10000,5400,20266203,0.2796
Heap Sort,10000,5401,20266204,0.279902
Heap Sort,10000,5402,20266205,0.278154
Heap Sort,10000,5403,20266206,0.280781
Heap Sort,10000,5404,20266207,0.278055
Heap Sort,10000,5405,20266208,0.292628
Heap Sort,10000,5406,20266209,0.282899
Heap Sort,10000,5407,20266210,0.281711
Heap Sort,10000,5408,20266211,0.280172
Heap Sort,10000,5409,20266212,0.27976
Heap Sort,10000,5410,20266213,0.281434
Heap Sort,10000,5411,20266214,0.279028
Heap Sort,10000,5412,20266215,0.278474
Heap Sort,10000,5413,20266216,0.300191
Heap Sort,10000,5414,20266217,0.279218
Heap Sort,10000,5415,20266218,0.27901
Heap Sort,10000,5416,20266219,0.28456
Heap Sort,10000,5417,20266220,0.281415
Heap Sort,10000,5418,20266221,0.28136
Heap Sort,10000,5419,20266222,0.278898
Heap Sort,10000,5420,20266223,0.2792
Heap Sort,10000,5421,20266224,0.278104
Heap Sort,10000,5422,20266225,0.282031
Heap Sort,10000,5423,20266226,0.280782
Heap Sort,10000,5424,20266227,0.280548
Heap Sort,10000,5425,20266228,0.280092
Heap Sort,10000,5426,20266229,0.280954
Heap Sort,10000,5427,20266230,0.28096
Heap Sort,10000,5428,20266231,0.300936
Heap Sort,10000,5429,20266232,0.278418
Heap Sort,10000,5430,20266233,0.280745
Heap Sort,10000,5431,20266234,0.278652
Heap Sort,10000,5432,20266235,0.280067
Heap Sort,10000,5433,20266236,0.297373
Heap Sort,10000,5434,20266237,0.281046
Heap Sort,10000,5435,20266238,0.279446
Heap Sort,10000,5436,20266239,0.279821
Heap Sort,10000,5437,20266240,0.277095
Heap Sort,10000,5438,20266241,0.279938
Heap Sort,10000,5439,20266242,0.280541
Heap Sort,10000,5440,20266243,0.300535
Heap Sort,10000,5441,20266244,0.279052
Heap Sort,10000,5442,20266245,0.299526
Heap Sort,10000,5443,20266246,0.281507
Heap Sort,10000,5444,20266247,0.279047
Heap Sort,10000,5445,20266248,0.282055
Heap Sort,10000,5446,20266249,0.280388
Heap Sort,10000,5447,20266250,0.279446
Heap Sort,10000,5448,20266251,0.280271
Heap Sort,10000,5449,20266252,0.279619
Heap Sort,10000,5450,20266253,0.281489
Heap Sort,10000,5451,20266254,0.301723
Heap Sort,10000,5452,20266255,0.281593
Heap Sort,10000,5453,20266256,0.281237
Heap Sort,10000,5454,20266257,0.282455
Heap Sort,10000,5455,20266258,0.279797
Heap Sort,10000,5456,20266259,0.281889
Heap Sort,10000,5457,20266260,0.278634
Heap Sort,10000,5458,20266261,0.278794
Heap Sort,10000,5459,20266262,0.282302
Heap Sort,10000,5460,20266263,0.279556
Heap Sort,10000,5461,20266264,0.281994
Heap Sort,10000,5462,20266265,0.290707
Heap Sort,10000,5463,20266266,0.279163
Heap Sort,10000,5464,20266267,0.281004
Heap Sort,10000,5465,20266268,0.279686
Heap Sort,10000,5466,20266269,0.278117
Heap Sort,10000,5467,20266270,0.279988
Heap Sort,10000,5468,20266271,0.283687
Heap Sort,10000,5469,20266272,0.283188
Heap Sort,10000,5470,20266273,0.289803
Heap Sort,10000,5471,20266274,0.289311
Heap Sort,10000,5472,20266275,0.28595
Heap Sort,10000,5473,20266276,0.281773
Heap Sort,10000,5474,20266277,0.279625
Heap Sort,10000,5475,20266278,0.297434
Heap Sort,10000,5476,20266279,0.277809
Heap Sort,10000,5477,20266280,0.280504
Heap Sort,10000,5478,20266281,0.298443
Heap Sort,10000,5479,20266282,0.280739
Heap Sort,10000,5480,20266283,0.278671
Heap Sort,10000,5481,20266284,0.279379
Heap Sort,10000,5482,20266285,0.278616
Heap Sort,10000,5483,20266286,0.278997
Heap Sort,10000,5484,20266287,0.298683
Heap Sort,10000,5485,20266288,0.277021
Heap Sort,10000,5486,20266289,0.279964
Heap Sort,10000,5487,20266290,0.276548
Heap Sort,10000,5488,20266291,0.278203
Heap Sort,10000,5489,20266292,0.277329
Heap Sort,10000,5490,20266293,0.280905
Heap Sort,10000,5491,20266294,0.279348
Heap Sort,10000,5492,20266295,0.285963
Heap Sort,10000,5493,20266296,0.28232
Heap Sort,10000,5494,20266297,0.280443
Heap Sort,10000,5495,20266298,0.280136
Heap Sort,10000,5496,20266299,0.279354
Heap Sort,10000,5497,20266300,0.281378
Heap Sort,10000,5498,20266301,0.28192
Heap Sort,10000,5499,20266302,0.279939
Heap Sort,10000,5500,20266303,0.280098
Heap Sort,10000,5501,20266304,0.280579
Heap Sort,10000,5502,20266305,0.279514
Heap Sort,10000,5503,20266306,0.300855
Heap Sort,10000,5504,20266307,0.279058
Heap Sort,10000,5505,20266308,0.279852
Heap Sort,10000,5506,20266309,0.277347
Heap Sort,10000,5507,20266310,0.278868
Heap Sort,10000,5508,20266311,0.277902
Heap Sort,10000,5509,20266312,0.298899
Heap Sort,10000,5510,20266313,0.276486
Heap Sort,10000,5511,20266314,0.278843
Heap Sort,10000,5512,20266315,0.280504
Heap Sort,10000,5513,20266316,0.276787
Heap Sort,10000,5514,20266317,0.277133
Heap Sort,10000,5515,20266318,0.28003
Heap Sort,10000,5516,20266319,0.27864
Heap Sort,10000,5517,20266320,0.279465
Heap Sort,10000,5518,20266321,0.277139
Heap Sort,10000,5519,20266322,0.279022
Heap Sort,10000,5520,20266323,0.277747
Heap Sort,10000,5521,20266324,0.30205
Heap Sort,10000,5522,20266325,0.28856
Heap Sort,10000,5523,20266326,0.28288
Heap Sort,10000,5524,20266327,0.299717
Heap Sort,10000,5525,20266328,0.280696
Heap Sort,10000,5526,20266329,0.278886
Heap Sort,10000,5527,20266330,0.279403
Heap Sort,10000,5528,20266331,0.299095
Heap Sort,10000,5529,20266332,0.278536
Heap Sort,10000,5530,20266333,0.27864
Heap Sort,10000,5531,20266334,0.278849
Heap Sort,10000,5532,20266335,0.279243
Heap Sort,10000,5533,20266336,0.282849
Heap Sort,10000,5534,20266337,0.280006
Heap Sort,10000,5535,20266338,0.297957
Heap Sort,10000,5536,20266339,0.297126
Heap Sort,10000,5537,20266340,0.299982
Heap Sort,10000,5538,20266341,0.279163
Heap Sort,10000,5539,20266342,0.300129
Heap Sort,10000,5540,20266343,0.279717
Heap Sort,10000,5541,20266344,0.326609
Heap Sort,10000,5542,20266345,0.280388
Heap Sort,10000,5543,20266346,0.279495
Heap Sort,10000,5544,20266347,0.280597
Heap Sort,10000,5545,20266348,0.280714
Heap Sort,10000,5546,20266349,0.280836
Heap Sort,10000,5547,20266350,0.280123
Heap Sort,10000,5548,20266351,0.280259
Heap Sort,10000,5549,20266352,0.299686
Heap Sort,10000,5550,20266353,0.279132
Heap Sort,10000,5551,20266354,0.282861
Heap Sort,10000,5552,20266355,0.280167
Heap Sort,10000,5553,20266356,0.299877
Heap Sort,10000,5554,20266357,0.281267
Heap Sort,10000,5555,20266358,0.281736
Heap Sort,10000,5556,20266359,0.281723
Heap Sort,10000,5557,20266360,0.281169
Heap Sort,10000,5558,20266361,0.279963
Heap Sort,10000,5559,20266362,0.278708
Heap Sort,10000,5560,20266363,0.279699
Heap Sort,10000,5561,20266364,0.279175
Heap Sort,10000,5562,20266365,0.279908
Heap Sort,10000,5563,20266366,0.280695
Heap Sort,10000,5564,20266367,0.28312
Heap Sort,10000,5565,20266368,0.278566
Heap Sort,10000,5566,20266369,0.279711
Heap Sort,10000,5567,20266370,0.28112
Heap Sort,10000,5568,20266371,0.277102
Heap Sort,10000,5569,20266372,0.300357
Heap Sort,10000,5570,20266373,0.279415
Heap Sort,10000,5571,20266374,0.300098
Heap Sort,10000,5572,20266375,0.300948
Heap Sort,10000,5573,20266376,0.278837
Heap Sort,10000,5574,20266377,0.279945
Heap Sort,10000,5575,20266378,0.280302
Heap Sort,10000,5576,20266379,0.279834
Heap Sort,10000,5577,20266380,0.278874
Heap Sort,10000,5578,20266381,0.278683
Heap Sort,10000,5579,20266382,0.325975
Heap Sort,10000,5580,20266383,0.297699
Heap Sort,10000,5581,20266384,0.276917
Heap Sort,10000,5582,20266385,0.278289
Heap Sort,10000,5583,20266386,0.280136
Heap Sort,10000,5584,20266387,0.279379
Heap Sort,10000,5585,20266388,0.304984
Heap Sort,10000,5586,20266389,0.296418
Heap Sort,10000,5587,20266390,0.319151
Heap Sort,10000,5588,20266391,0.292966
Heap Sort,10000,5589,20266392,0.293877
Heap Sort,10000,5590,20266393,0.292166
Heap Sort,10000,5591,20266394,0.288597
Heap Sort,10000,5592,20266395,0.290591
Heap Sort,10000,5593,20266396,0.291661
Heap Sort,10000,5594,20266397,0.290264
Heap Sort,10000,5595,20266398,0.288344
Heap Sort,10000,5596,20266399,0.287126
Heap Sort,10000,5597,20266400,0.288006
Heap Sort,10000,5598,20266401,0.29048
Heap Sort,10000,5599,20266402,0.288899
Heap Sort,10000,5600,20266403,0.291422
Heap Sort,10000,5601,20266404,0.289723
Heap Sort,10000,5602,20266405,0.288566
Heap Sort,10000,5603,20266406,0.28496
Heap Sort,10000,5604,20266407,0.289655
Heap Sort,10000,5605,20266408,0.288547
Heap Sort,10000,5606,20266409,0.292308
Heap Sort,10000,5607,20266410,0.288874
Heap Sort,10000,5608,20266411,0.289993
Heap Sort,10000,5609,20266412,0.289816
Heap Sort,10000,5610,20266413,0.289483
Heap Sort,10000,5611,20266414,0.337299
Heap Sort,10000,5612,20266415,0.288935
Heap Sort,10000,5613,20266416,0.291071
Heap Sort,10000,5614,20266417,0.290652
Heap Sort,10000,5615,20266418,0.291175
Heap Sort,10000,5616,20266419,0.289151
Heap Sort,10000,5617,20266420,0.290523
Heap Sort,10000,5618,20266421,0.29168
Heap Sort,10000,5619,20266422,0.28904
Heap Sort,10000,5620,20266423,0.291299
Heap Sort,10000,5621,20266424,0.290498
Heap Sort,10000,5622,20266425,0.288436
Heap Sort,10000,5623,20266426,0.290449
Heap Sort,10000,5624,20266427,0.290148
Heap Sort,10000,5625,20266428,0.288634
Heap Sort,10000,5626,20266429,0.29008
Heap Sort,10000,5627,20266430,0.288775
Heap Sort,10000,5628,20266431,0.29064
Heap Sort,10000,5629,20266432,0.290424
Heap Sort,10000,5630,20266433,0.290129
Heap Sort,10000,5631,20266434,0.290646
Heap Sort,10000,5632,20266435,0.291717
Heap Sort,10000,5633,20266436,0.291932
Heap Sort,10000,5634,20266437,0.291655
Heap Sort,10000,5635,20266438,0.283705
Heap Sort,10000,5636,20266439,0.291508
Heap Sort,10000,5637,20266440,0.275699
Heap Sort,10000,5638,20266441,0.299145
Heap Sort,10000,5639,20266442,0.276375
Heap Sort,10000,5640,20266443,0.298788
Heap Sort,10000,5641,20266444,0.298012
Heap Sort,10000,5642,20266445,0.292141
Heap Sort,10000,5643,20266446,0.302111
Heap Sort,10000,5644,20266447,0.291908
Heap Sort,10000,5645,20266448,0.291249
Heap Sort,10000,5646,20266449,0.288997
Heap Sort,10000,5647,20266450,0.291286
Heap Sort,10000,5648,20266451,0.290708
Heap Sort,10000,5649,20266452,0.287797
Heap Sort,10000,5650,20266453,0.289434
Heap Sort,10000,5651,20266454,0.337305
Heap Sort,10000,5652,20266455,0.291212
Heap Sort,10000,5653,20266456,0.286775
Heap Sort,10000,5654,20266457,0.289107
Heap Sort,10000,5655,20266458,0.288061
Heap Sort,10000,5656,20266459,0.286739
Heap Sort,10000,5657,20266460,0.288277
Heap Sort,10000,5658,20266461,0.289926
Heap Sort,10000,5659,20266462,0.289945
Heap Sort,10000,5660,20266463,0.288978
Heap Sort,10000,5661,20266464,0.292456
Heap Sort,10000,5662,20266465,0.291366
Heap Sort,10000,5663,20266466,0.29072
Heap Sort,10000,5664,20266467,0.287409
Heap Sort,10000,5665,20266468,0.288831
Heap Sort,10000,5666,20266469,0.289483
Heap Sort,10000,5667,20266470,0.291144
Heap Sort,10000,5668,20266471,0.289662
Heap Sort,10000,5669,20266472,0.289409
Heap Sort,10000,5670,20266473,0.289945
Heap Sort,10000,5671,20266474,0.291428
Heap Sort,10000,5672,20266475,0.290899
Heap Sort,10000,5673,20266476,0.288917
Heap Sort,10000,5674,20266477,0.293022
Heap Sort,10000,5675,20266478,0.293662
Heap Sort,10000,5676,20266479,0.290326
Heap Sort,10000,5677,20266480,0.288449
Heap Sort,10000,5678,20266481,0.287575
Heap Sort,10000,5679,20266482,0.291378
Heap Sort,10000,5680,20266483,0.288664
Heap Sort,10000,5681,20266484,0.289883
Heap Sort,10000,5682,20266485,0.289711
Heap Sort,10000,5683,20266486,0.323311
Heap Sort,10000,5684,20266487,0.290892
Heap Sort,10000,5685,20266488,0.291132
Heap Sort,10000,5686,20266489,0.286068
Heap Sort,10000,5687,20266490,0.290727
Heap Sort,10000,5688,20266491,0.288633
Heap Sort,10000,5689,20266492,0.288671
Heap Sort,10000,5690,20266493,0.289729
Heap Sort,10000,5691,20266494,0.321422
Heap Sort,10000,5692,20266495,0.291385
Heap Sort,10000,5693,20266496,0.288812
Heap Sort,10000,5694,20266497,0.28864
Heap Sort,10000,5695,20266498,0.290387
Heap Sort,10000,5696,20266499,0.288332
Heap Sort,10000,5697,20266500,0.290763
Heap Sort,10000,5698,20266501,0.288431
Heap Sort,10000,5699,20266502,0.343495
Heap Sort,10000,5700,20266503,0.289477
Heap Sort,10000,5701,20266504,0.289243
Heap Sort,10000,5702,20266505,0.28859
Heap Sort,10000,5703,20266506,0.289022
Heap Sort,10000,5704,20266507,0.291274
Heap Sort,10000,5705,20266508,0.289496
Heap Sort,10000,5706,20266509,0.288899
Heap Sort,10000,5707,20266510,0.290634
Heap Sort,10000,5708,20266511,0.301753
Heap Sort,10000,5709,20266512,0.280301
Heap Sort,10000,5710,20266513,0.300209
Heap Sort,10000,5711,20266514,0.297016
Heap Sort,10000,5712,20266515,0.281071
Heap Sort,10000,5713,20266516,0.285741
Heap Sort,10000,5714,20266517,0.282579
Heap Sort,10000,5715,20266518,0.282283
Heap Sort,10000,5716,20266519,0.281059
Heap Sort,10000,5717,20266520,0.279631
Heap Sort,10000,5718,20266521,0.280652
Heap Sort,10000,5719,20266522,0.280966
Heap Sort,10000,5720,20266523,0.28048
Heap Sort,10000,5721,20266524,0.279607
Heap Sort,10000,5722,20266525,0.279458
Heap Sort,10000,5723,20266526,0.280191
Heap Sort,10000,5724,20266527,0.298696
Heap Sort,10000,5725,20266528,0.278222
Heap Sort,10000,5726,20266529,0.300289
Heap Sort,10000,5727,20266530,0.281655
Heap Sort,10000,5728,20266531,0.279723
Heap Sort,10000,5729,20266532,0.299404
Heap Sort,10000,5730,20266533,0.277908
Heap Sort,10000,5731,20266534,0.278923
Heap Sort,10000,5732,20266535,0.281446
Heap Sort,10000,5733,20266536,0.279532
Heap Sort,10000,5734,20266537,0.280683
Heap Sort,10000,5735,20266538,0.299064
Heap Sort,10000,5736,20266539,0.279877
Heap Sort,10000,5737,20266540,0.280314
Heap Sort,10000,5738,20266541,0.280376
Heap Sort,10000,5739,20266542,0.280708
Heap Sort,10000,5740,20266543,0.27936
Heap Sort,10000,5741,20266544,0.278677
Heap Sort,10000,5742,20266545,0.298166
Heap Sort,10000,5743,20266546,0.278985
Heap Sort,10000,5744,20266547,0.27981
Heap Sort,10000,5745,20266548,0.290621
Heap Sort,10000,5746,20266549,0.298492
Heap Sort,10000,5747,20266550,0.279324
Heap Sort,10000,5748,20266551,0.275846
Heap Sort,10000,5749,20266552,0.279175
Heap Sort,10000,5750,20266553,0.297533
Heap Sort,10000,5751,20266554,0.277501
Heap Sort,10000,5752,20266555,0.278486
Heap Sort,10000,5753,20266556,0.278104
Heap Sort,10000,5754,20266557,0.278616
Heap Sort,10000,5755,20266558,0.296893
Heap Sort,10000,5756,20266559,0.280265
Heap Sort,10000,5757,20266560,0.295754
Heap Sort,10000,5758,20266561,0.277668
Heap Sort,10000,5759,20266562,0.298732
Heap Sort,10000,5760,20266563,0.278301
Heap Sort,10000,5761,20266564,0.280412
Heap Sort,10000,5762,20266565,0.282209
Heap Sort,10000,5763,20266566,0.276837
Heap Sort,10000,5764,20266567,0.280702
Heap Sort,10000,5765,20266568,0.276849
Heap Sort,10000,5766,20266569,0.299791
Heap Sort,10000,5767,20266570,0.281071
Heap Sort,10000,5768,20266571,0.279637
Heap Sort,10000,5769,20266572,0.297896
Heap Sort,10000,5770,20266573,0.29797
Heap Sort,10000,5771,20266574,0.278837
Heap Sort,10000,5772,20266575,0.277231
Heap Sort,10000,5773,20266576,0.302301
Heap Sort,10000,5774,20266577,0.300684
Heap Sort,10000,5775,20266578,0.287231
Heap Sort,10000,5776,20266579,0.279138
Heap Sort,10000,5777,20266580,0.277391
Heap Sort,10000,5778,20266581,0.279292
Heap Sort,10000,5779,20266582,0.277397
Heap Sort,10000,5780,20266583,0.297292
Heap Sort,10000,5781,20266584,0.278794
Heap Sort,10000,5782,20266585,0.279397
Heap Sort,10000,5783,20266586,0.277822
Heap Sort,10000,5784,20266587,0.278622
Heap Sort,10000,5785,20266588,0.27715
Heap Sort,10000,5786,20266589,0.280566
Heap Sort,10000,5787,20266590,0.280228
Heap Sort,10000,5788,20266591,0.299409
Heap Sort,10000,5789,20266592,0.281754
Heap Sort,10000,5790,20266593,0.281711
Heap Sort,10000,5791,20266594,0.297341
Heap Sort,10000,5792,20266595,0.279877
Heap Sort,10000,5793,20266596,0.278756
Heap Sort,10000,5794,20266597,0.279988
Heap Sort,10000,5795,20266598,0.280566
Heap Sort,10000,5796,20266599,0.276117
Heap Sort,10000,5797,20266600,0.281464
Heap Sort,10000,5798,20266601,0.2804
Heap Sort,10000,5799,20266602,0.278184
Heap Sort,10000,5800,20266603,0.280517
Heap Sort,10000,5801,20266604,0.299256
Heap Sort,10000,5802,20266605,0.278087
Heap Sort,10000,5803,20266606,0.299822
Heap Sort,10000,5804,20266607,0.27845
Heap Sort,10000,5805,20266608,0.283988
Heap Sort,10000,5806,20266609,0.284812
Heap Sort,10000,5807,20266610,0.282763
Heap Sort,10000,5808,20266611,0.288086
Heap Sort,10000,5809,20266612,0.290966
Heap Sort,10000,5810,20266613,0.284474
Heap Sort,10000,5811,20266614,0.2996
Heap Sort,10000,5812,20266615,0.297951
Heap Sort,10000,5813,20266616,0.278713
Heap Sort,10000,5814,20266617,0.280381
Heap Sort,10000,5815,20266618,0.278535
Heap Sort,10000,5816,20266619,0.279477
Heap Sort,10000,5817,20266620,0.280597
Heap Sort,10000,5818,20266621,0.281231
Heap Sort,10000,5819,20266622,0.297569
Heap Sort,10000,5820,20266623,0.280886
Heap Sort,10000,5821,20266624,0.299243
Heap Sort,10000,5822,20266625,0.277452
Heap Sort,10000,5823,20266626,0.276948
Heap Sort,10000,5824,20266627,0.329237
Heap Sort,10000,5825,20266628,0.295754
Heap Sort,10000,5826,20266629,0.27835
Heap Sort,10000,5827,20266630,0.28147
Heap Sort,10000,5828,20266631,0.279612
Heap Sort,10000,5829,20266632,0.278166
Heap Sort,10000,5830,20266633,0.280449
Heap Sort,10000,5831,20266634,0.300357
Heap Sort,10000,5832,20266635,0.279342
Heap Sort,10000,5833,20266636,0.279673
Heap Sort,10000,5834,20266637,0.278302
Heap Sort,10000,5835,20266638,0.278831
Heap Sort,10000,5836,20266639,0.296375
Heap Sort,10000,5837,20266640,0.299028
Heap Sort,10000,5838,20266641,0.279877
Heap Sort,10000,5839,20266642,0.278689
Heap Sort,10000,5840,20266643,0.299544
Heap Sort,10000,5841,20266644,0.283791
Heap Sort,10000,5842,20266645,0.27813
Heap Sort,10000,5843,20266646,0.279901
Heap Sort,10000,5844,20266647,0.427982
Heap Sort,10000,5845,20266648,0.279065
Heap Sort,10000,5846,20266649,0.279908
Heap Sort,10000,5847,20266650,0.279016
Heap Sort,10000,5848,20266651,0.276166
Heap Sort,10000,5849,20266652,0.279083
Heap Sort,10000,5850,20266653,0.278861
Heap Sort,10000,5851,20266654,0.279212
Heap Sort,10000,5852,20266655,0.278499
Heap Sort,10000,5853,20266656,0.279729
Heap Sort,10000,5854,20266657,0.279015
Heap Sort,10000,5855,20266658,0.279181
Heap Sort,10000,5856,20266659,0.279846
Heap Sort,10000,5857,20266660,0.285926
Heap Sort,10000,5858,20266661,0.280757
Heap Sort,10000,5859,20266662,0.276093
Heap Sort,10000,5860,20266663,0.277219
Heap Sort,10000,5861,20266664,0.278511
Heap Sort,10000,5862,20266665,0.280277
Heap Sort,10000,5863,20266666,0.284997
Heap Sort,10000,5864,20266667,0.281274
Heap Sort,10000,5865,20266668,0.281225
Heap Sort,10000,5866,20266669,0.284425
Heap Sort,10000,5867,20266670,0.297693
Heap Sort,10000,5868,20266671,0.278517
Heap Sort,10000,5869,20266672,0.277501
Heap Sort,10000,5870,20266673,0.275311
Heap Sort,10000,5871,20266674,0.301489
Heap Sort,10000,5872,20266675,0.280831
Heap Sort,10000,5873,20266676,0.288474
Heap Sort,10000,5874,20266677,0.280067
Heap Sort,10000,5875,20266678,0.279588
Heap Sort,10000,5876,20266679,0.278344
Heap Sort,10000,5877,20266680,0.297847
Heap Sort,10000,5878,20266681,0.277698
Heap Sort,10000,5879,20266682,0.28
Heap Sort,10000,5880,20266683,0.297656
Heap Sort,10000,5881,20266684,0.280141
Heap Sort,10000,5882,20266685,0.27829
Heap Sort,10000,5883,20266686,0.279157
Heap Sort,10000,5884,20266687,0.278302
Heap Sort,10000,5885,20266688,0.277631
Heap Sort,10000,5886,20266689,0.2796
Heap Sort,10000,5887,20266690,0.275834
Heap Sort,10000,5888,20266691,0.277963
Heap Sort,10000,5889,20266692,0.279908
Heap Sort,10000,5890,20266693,0.276917
Heap Sort,10000,5891,20266694,0.279101
Heap Sort,10000,5892,20266695,0.277391
Heap Sort,10000,5893,20266696,0.279181
Heap Sort,10000,5894,20266697,0.278578
Heap Sort,10000,5895,20266698,0.297994
Heap Sort,10000,5896,20266699,0.277643
Heap Sort,10000,5897,20266700,0.427348
Heap Sort,10000,5898,20266701,0.277982
Heap Sort,10000,5899,20266702,0.278314
Heap Sort,10000,5900,20266703,0.279446
Heap Sort,10000,5901,20266704,0.296535
Heap Sort,10000,5902,20266705,0.279268
Heap Sort,10000,5903,20266706,0.324524
Heap Sort,10000,5904,20266707,0.298443
Heap Sort,10000,5905,20266708,0.278148
Heap Sort,10000,5906,20266709,0.279969
Heap Sort,10000,5907,20266710,0.279114
Heap Sort,10000,5908,20266711,0.27715
Heap Sort,10000,5909,20266712,0.280566
Heap Sort,10000,5910,20266713,0.277655
Heap Sort,10000,5911,20266714,0.279557
Heap Sort,10000,5912,20266715,0.288406
Heap Sort,10000,5913,20266716,0.301828
Heap Sort,10000,5914,20266717,0.283059
Heap Sort,10000,5915,20266718,0.2784
Heap Sort,10000,5916,20266719,0.279994
Heap Sort,10000,5917,20266720,0.300394
Heap Sort,10000,5918,20266721,0.276111
Heap Sort,10000,5919,20266722,0.279169
Heap Sort,10000,5920,20266723,0.298843
Heap Sort,10000,5921,20266724,0.297957
Heap Sort,10000,5922,20266725,0.291637
Heap Sort,10000,5923,20266726,0.277902
Heap Sort,10000,5924,20266727,0.278216
Heap Sort,10000,5925,20266728,0.278197
Heap Sort,10000,5926,20266729,0.300296
Heap Sort,10000,5927,20266730,0.280191
Heap Sort,10000,5928,20266731,0.279373
Heap Sort,10000,5929,20266732,0.277883
Heap Sort,10000,5930,20266733,0.280714
Heap Sort,10000,5931,20266734,0.280332
Heap Sort,10000,5932,20266735,0.297606
Heap Sort,10000,5933,20266736,0.279458
Heap Sort,10000,5934,20266737,0.301348
Heap Sort,10000,5935,20266738,0.280868
Heap Sort,10000,5936,20266739,0.281151
Heap Sort,10000,5937,20266740,0.281065
Heap Sort,10000,5938,20266741,0.280308
Heap Sort,10000,5939,20266742,0.280006
Heap Sort,10000,5940,20266743,0.278074
Heap Sort,10000,5941,20266744,0.278609
Heap Sort,10000,5942,20266745,0.279324
Heap Sort,10000,5943,20266746,0.299729
Heap Sort,10000,5944,20266747,0.279975
Heap Sort,10000,5945,20266748,0.281754
Heap Sort,10000,5946,20266749,0.299348
Heap Sort,10000,5947,20266750,0.27712
Heap Sort,10000,5948,20266751,0.277742
Heap Sort,10000,5949,20266752,0.279717
Heap Sort,10000,5950,20266753,0.276363
Heap Sort,10000,5951,20266754,0.278664
Heap Sort,10000,5952,20266755,0.28341
Heap Sort,10000,5953,20266756,0.280825
Heap Sort,10000,5954,20266757,0.280265
Heap Sort,10000,5955,20266758,0.27784
Heap Sort,10000,5956,20266759,0.279735
Heap Sort,10000,5957,20266760,0.276524
Heap Sort,10000,5958,20266761,0.280154
Heap Sort,10000,5959,20266762,0.281612
Heap Sort,10000,5960,20266763,0.27829
Heap Sort,10000,5961,20266764,0.279009
Heap Sort,10000,5962,20266765,0.279077
Heap Sort,10000,5963,20266766,0.280104
Heap Sort,10000,5964,20266767,0.280123
Heap Sort,10000,5965,20266768,0.278363
Heap Sort,10000,5966,20266769,0.278671
Heap Sort,10000,5967,20266770,0.279373
Heap Sort,10000,5968,20266771,0.280689
Heap Sort,10000,5969,20266772,0.300941
Heap Sort,10000,5970,20266773,0.300566
Heap Sort,10000,5971,20266774,0.27845
Heap Sort,10000,5972,20266775,0.278905
Heap Sort,10000,5973,20266776,0.279317
Heap Sort,10000,5974,20266777,0.282043
Heap Sort,10000,5975,20266778,0.280978
Heap Sort,10000,5976,20266779,0.282498
Heap Sort,10000,5977,20266780,0.287606
Heap Sort,10000,5978,20266781,0.289736
Heap Sort,10000,5979,20266782,0.282867
Heap Sort,10000,5980,20266783,0.279957
Heap Sort,10000,5981,20266784,0.299335
Heap Sort,10000,5982,20266785,0.281742
Heap Sort,10000,5983,20266786,0.276387
Heap Sort,10000,5984,20266787,0.277767
Heap Sort,10000,5985,20266788,0.280019
Heap Sort,10000,5986,20266789,0.42824
Heap Sort,10000,5987,20266790,0.280529
Heap Sort,10000,5988,20266791,0.280732
Heap Sort,10000,5989,20266792,0.280738
Heap Sort,10000,5990,20266793,0.288111
Heap Sort,10000,5991,20266794,0.286566
Heap Sort,10000,5992,20266795,0.301188
Heap Sort,10000,5993,20266796,0.28075
Heap Sort,10000,5994,20266797,0.280653
Heap Sort,10000,5995,20266798,0.278683
Heap Sort,10000,5996,20266799,0.280467
Heap Sort,10000,5997,20266800,0.300776
Heap Sort,10000,5998,20266801,0.297877
Heap Sort,10000,5999,20266802,0.2804
Heap Sort,10000,6000,20266803,0.279587
Heap Sort,10000,6001,20266804,0.300621
Heap Sort,10000,6002,20266805,0.279784
Heap Sort,10000,6003,20266806,0.279404
Heap Sort,10000,6004,20266807,0.28109
Heap Sort,10000,6005,20266808,0.2788
Heap Sort,10000,6006,20266809,0.279865
Heap Sort,10000,6007,20266810,0.278677
Heap Sort,10000,6008,20266811,0.27907
Heap Sort,10000,6009,20266812,0.291243
Heap Sort,10000,6010,20266813,0.299846
Heap Sort,10000,6011,20266814,0.279256
Heap Sort,10000,6012,20266815,0.300806
Heap Sort,10000,6013,20266816,0.28003
Heap Sort,10000,6014,20266817,0.300049
Heap Sort,10000,6015,20266818,0.279391
Heap Sort,10000,6016,20266819,0.279243
Heap Sort,10000,6017,20266820,0.281015
Heap Sort,10000,6018,20266821,0.279145
Heap Sort,10000,6019,20266822,0.27992
Heap Sort,10000,6020,20266823,0.277809
Heap Sort,10000,6021,20266824,0.27709
Heap Sort,10000,6022,20266825,0.277662
Heap Sort,10000,6023,20266826,0.299194
Heap Sort,10000,6024,20266827,0.277859
Heap Sort,10000,6025,20266828,0.276209
Heap Sort,10000,6026,20266829,0.298406
Heap Sort,10000,6027,20266830,0.27883
Heap Sort,10000,6028,20266831,0.279194
Heap Sort,10000,6029,20266832,0.278302
Heap Sort,10000,6030,20266833,0.278837
Heap Sort,10000,6031,20266834,0.27976
Heap Sort,10000,6032,20266835,0.279428
Heap Sort,10000,6033,20266836,0.279249
Heap Sort,10000,6034,20266837,0.27824
Heap Sort,10000,6035,20266838,0.280178
Heap Sort,10000,6036,20266839,0.279686
Heap Sort,10000,6037,20266840,0.275428
Heap Sort,10000,6038,20266841,0.279483
Heap Sort,10000,6039,20266842,0.295483
Heap Sort,10000,6040,20266843,0.299594
Heap Sort,10000,6041,20266844,0.278302
Heap Sort,10000,6042,20266845,0.277729
Heap Sort,10000,6043,20266846,0.282554
Heap Sort,10000,6044,20266847,0.299847
Heap Sort,10000,6045,20266848,0.279243
Heap Sort,10000,6046,20266849,0.279767
Heap Sort,10000,6047,20266850,0.300216
Heap Sort,10000,6048,20266851,0.279224
Heap Sort,10000,6049,20266852,0.281421
Heap Sort,10000,6050,20266853,0.276621
Heap Sort,10000,6051,20266854,0.277508
Heap Sort,10000,6052,20266855,0.277698
Heap Sort,10000,6053,20266856,0.278757
Heap Sort,10000,6054,20266857,0.281945
Heap Sort,10000,6055,20266858,0.28
Heap Sort,10000,6056,20266859,0.280117
Heap Sort,10000,6057,20266860,0.280302
Heap Sort,10000,6058,20266861,0.278973
Heap Sort,10000,6059,20266862,0.297705
Heap Sort,10000,6060,20266863,0.278751
Heap Sort,10000,6061,20266864,0.281243
Heap Sort,10000,6062,20266865,0.278178
Heap Sort,10000,6063,20266866,0.278357
Heap Sort,10000,6064,20266867,0.277477
Heap Sort,10000,6065,20266868,0.278493
Heap Sort,10000,6066,20266869,0.298024
Heap Sort,10000,6067,20266870,0.278123
Heap Sort,10000,6068,20266871,0.2788
Heap Sort,10000,6069,20266872,0.294406
Heap Sort,10000,6070,20266873,0.276622
Heap Sort,10000,6071,20266874,0.297237
Heap Sort,10000,6072,20266875,0.282043
Heap Sort,10000,6073,20266876,0.281127
Heap Sort,10000,6074,20266877,0.275815
Heap Sort,10000,6075,20266878,0.278498
Heap Sort,10000,6076,20266879,0.301415
Heap Sort,10000,6077,20266880,0.280049
Heap Sort,10000,6078,20266881,0.281803
Heap Sort,10000,6079,20266882,0.277256
Heap Sort,10000,6080,20266883,0.279895
Heap Sort,10000,6081,20266884,0.300326
Heap Sort,10000,6082,20266885,0.278948
Heap Sort,10000,6083,20266886,0.279612
Heap Sort,10000,6084,20266887,0.276683
Heap Sort,10000,6085,20266888,0.277348
Heap Sort,10000,6086,20266889,0.27808
Heap Sort,10000,6087,20266890,0.279028
Heap Sort,10000,6088,20266891,0.301237
Heap Sort,10000,6089,20266892,0.282209
Heap Sort,10000,6090,20266893,0.300948
Heap Sort,10000,6091,20266894,0.279908
Heap Sort,10000,6092,20266895,0.298585
Heap Sort,10000,6093,20266896,0.279508
Heap Sort,10000,6094,20266897,0.280037
Heap Sort,10000,6095,20266898,0.281108
Heap Sort,10000,6096,20266899,0.277373
Heap Sort,10000,6097,20266900,0.279348
Heap Sort,10000,6098,20266901,0.278333
Heap Sort,10000,6099,20266902,0.282326
Heap Sort,10000,6100,20266903,0.279963
Heap Sort,10000,6101,20266904,0.277083
Heap Sort,10000,6102,20266905,0.279409
Heap Sort,10000,6103,20266906,0.280376
Heap Sort,10000,6104,20266907,0.277877
Heap Sort,10000,6105,20266908,0.298966
Heap Sort,10000,6106,20266909,0.27803
Heap Sort,10000,6107,20266910,0.279181
Heap Sort,10000,6108,20266911,0.296006
Heap Sort,10000,6109,20266912,0.276658
Heap Sort,10000,6110,20266913,0.279704
Heap Sort,10000,6111,20266914,0.298382
Heap Sort,10000,6112,20266915,0.278369
Heap Sort,10000,6113,20266916,0.276973
Heap Sort,10000,6114,20266917,0.281261
Heap Sort,10000,6115,20266918,0.276498
Heap Sort,10000,6116,20266919,0.278154
Heap Sort,10000,6117,20266920,0.277987
Heap Sort,10000,6118,20266921,0.348954
Heap Sort,10000,6119,20266922,0.297218
Heap Sort,10000,6120,20266923,0.278363
Heap Sort,10000,6121,20266924,0.298499
Heap Sort,10000,6122,20266925,0.27608
Heap Sort,10000,6123,20266926,0.299311
Heap Sort,10000,6124,20266927,0.298412
Heap Sort,10000,6125,20266928,0.27904
Heap Sort,10000,6126,20266929,0.296369
Heap Sort,10000,6127,20266930,0.278793
Heap Sort,10000,6128,20266931,0.282369
Heap Sort,10000,6129,20266932,0.280554
Heap Sort,10000,6130,20266933,0.282991
Heap Sort,10000,6131,20266934,0.29819
Heap Sort,10000,6132,20266935,0.278714
Heap Sort,10000,6133,20266936,0.277145
Heap Sort,10000,6134,20266937,0.280271
Heap Sort,10000,6135,20266938,0.279496
Heap Sort,10000,6136,20266939,0.280074
Heap Sort,10000,6137,20266940,0.317631
Heap Sort,10000,6138,20266941,0.278511
Heap Sort,10000,6139,20266942,0.279292
Heap Sort,10000,6140,20266943,0.276929
Heap Sort,10000,6141,20266944,0.299643
Heap Sort,10000,6142,20266945,0.278191
Heap Sort,10000,6143,20266946,0.278338
Heap Sort,10000,6144,20266947,0.282
Heap Sort,10000,6145,20266948,0.282517
Heap Sort,10000,6146,20266949,0.290013
Heap Sort,10000,6147,20266950,0.285809
Heap Sort,10000,6148,20266951,0.285797
Heap Sort,10000,6149,20266952,0.278394
Heap Sort,10000,6150,20266953,0.278886
Heap Sort,10000,6151,20266954,0.278031
Heap Sort,10000,6152,20266955,0.279655
Heap Sort,10000,6153,20266956,0.27928
Heap Sort,10000,6154,20266957,0.278123
Heap Sort,10000,6155,20266958,0.277883
Heap Sort,10000,6156,20266959,0.27805
Heap Sort,10000,6157,20266960,0.279889
Heap Sort,10000,6158,20266961,0.296154
Heap Sort,10000,6159,20266962,0.28344
Heap Sort,10000,6160,20266963,0.278154
Heap Sort,10000,6161,20266964,0.27848
Heap Sort,10000,6162,20266965,0.278222
Heap Sort,10000,6163,20266966,0.275927
Heap Sort,10000,6164,20266967,0.278018
Heap Sort,10000,6165,20266968,0.278929
Heap Sort,10000,6166,20266969,0.279809
Heap Sort,10000,6167,20266970,0.278953
Heap Sort,10000,6168,20266971,0.279551
Heap Sort,10000,6169,20266972,0.300548
Heap Sort,10000,6170,20266973,0.278831
Heap Sort,10000,6171,20266974,0.277317
Heap Sort,10000,6172,20266975,0.279667
Heap Sort,10000,6173,20266976,0.281249
Heap Sort,10000,6174,20266977,0.278726
Heap Sort,10000,6175,20266978,0.275797
Heap Sort,10000,6176,20266979,0.277292
Heap Sort,10000,6177,20266980,0.297988
Heap Sort,10000,6178,20266981,0.304468
Heap Sort,10000,6179,20266982,0.29632
Heap Sort,10000,6180,20266983,0.299305
Heap Sort,10000,6181,20266984,0.280012
Heap Sort,10000,6182,20266985,0.276917
Heap Sort,10000,6183,20266986,0.278542
Heap Sort,10000,6184,20266987,0.278647
Heap Sort,10000,6185,20266988,0.27984
Heap Sort,10000,6186,20266989,0.2784
Heap Sort,10000,6187,20266990,0.278671
Heap Sort,10000,6188,20266991,0.279471
Heap Sort,10000,6189,20266992,0.28056
Heap Sort,10000,6190,20266993,0.279908
Heap Sort,10000,6191,20266994,0.276228
Heap Sort,10000,6192,20266995,0.298942
Heap Sort,10000,6193,20266996,0.298073
Heap Sort,10000,6194,20266997,0.279649
Heap Sort,10000,6195,20266998,0.29824
Heap Sort,10000,6196,20266999,0.279175
Heap Sort,10000,6197,20267000,0.346739
Heap Sort,10000,6198,20267001,0.279114
Heap Sort,10000,6199,20267002,0.2788
Heap Sort,10000,6200,20267003,0.279225
Heap Sort,10000,6201,20267004,0.299003
Heap Sort,10000,6202,20267005,0.299059
Heap Sort,10000,6203,20267006,0.277329
Heap Sort,10000,6204,20267007,0.276523
Heap Sort,10000,6205,20267008,0.282086
Heap Sort,10000,6206,20267009,0.279606
Heap Sort,10000,6207,20267010,0.281859
Heap Sort,10000,6208,20267011,0.279311
Heap Sort,10000,6209,20267012,0.297729
Heap Sort,10000,6210,20267013,0.278523
Heap Sort,10000,6211,20267014,0.279027
Heap Sort,10000,6212,20267015,0.277673
Heap Sort,10000,6213,20267016,0.276597
Heap Sort,10000,6214,20267017,0.298166
Heap Sort,10000,6215,20267018,0.29712
Heap Sort,10000,6216,20267019,0.279853
Heap Sort,10000,6217,20267020,0.299902
Heap Sort,10000,6218,20267021,0.300511
Heap Sort,10000,6219,20267022,0.298536
Heap Sort,10000,6220,20267023,0.279932
Heap Sort,10000,6221,20267024,0.28235
Heap Sort,10000,6222,20267025,0.300363
Heap Sort,10000,6223,20267026,0.281717
Heap Sort,10000,6224,20267027,0.278794
Heap Sort,10000,6225,20267028,0.28024
Heap Sort,10000,6226,20267029,0.301046
Heap Sort,10000,6227,20267030,0.279988
Heap Sort,10000,6228,20267031,0.281625
Heap Sort,10000,6229,20267032,0.278837
Heap Sort,10000,6230,20267033,0.279126
Heap Sort,10000,6231,20267034,0.278062
Heap Sort,10000,6232,20267035,0.277736
Heap Sort,10000,6233,20267036,0.278733
Heap Sort,10000,6234,20267037,0.280892
Heap Sort,10000,6235,20267038,0.277816
Heap Sort,10000,6236,20267039,0.278997
Heap Sort,10000,6237,20267040,0.279317
Heap Sort,10000,6238,20267041,0.297828
Heap Sort,10000,6239,20267042,0.298185
Heap Sort,10000,6240,20267043,0.278701
Heap Sort,10000,6241,20267044,0.277815
Heap Sort,10000,6242,20267045,0.278136
Heap Sort,10000,6243,20267046,0.279698
Heap Sort,10000,6244,20267047,0.278197
Heap Sort,10000,6245,20267048,0.277631
Heap Sort,10000,6246,20267049,0.287095
Heap Sort,10000,6247,20267050,0.280253
Heap Sort,10000,6248,20267051,0.283157
Heap Sort,10000,6249,20267052,0.280573
Heap Sort,10000,6250,20267053,0.278942
Heap Sort,10000,6251,20267054,0.280308
Heap Sort,10000,6252,20267055,0.278696
Heap Sort,10000,6253,20267056,0.280566
Heap Sort,10000,6254,20267057,0.297538
Heap Sort,10000,6255,20267058,0.299576
Heap Sort,10000,6256,20267059,0.295791
Heap Sort,10000,6257,20267060,0.27907
Heap Sort,10000,6258,20267061,0.29856
Heap Sort,10000,6259,20267062,0.277624
Heap Sort,10000,6260,20267063,0.297427
Heap Sort,10000,6261,20267064,0.27861
Heap Sort,10000,6262,20267065,0.277871
Heap Sort,10000,6263,20267066,0.281212
Heap Sort,10000,6264,20267067,0.279729
Heap Sort,10000,6265,20267068,0.279458
Heap Sort,10000,6266,20267069,0.278843
Heap Sort,10000,6267,20267070,0.298135
Heap Sort,10000,6268,20267071,0.280425
Heap Sort,10000,6269,20267072,0.277957
Heap Sort,10000,6270,20267073,0.279052
Heap Sort,10000,6271,20267074,0.278449
Heap Sort,10000,6272,20267075,0.276763
Heap Sort,10000,6273,20267076,0.280105
Heap Sort,10000,6274,20267077,0.279397
Heap Sort,10000,6275,20267078,0.280511
Heap Sort,10000,6276,20267079,0.284412
Heap Sort,10000,6277,20267080,0.278978
Heap Sort,10000,6278,20267081,0.278868
Heap Sort,10000,6279,20267082,0.278553
Heap Sort,10000,6280,20267083,0.279237
Heap Sort,10000,6281,20267084,0.280344
Heap Sort,10000,6282,20267085,0.278302
Heap Sort,10000,6283,20267086,0.280917
Heap Sort,10000,6284,20267087,0.280099
Heap Sort,10000,6285,20267088,0.281422
Heap Sort,10000,6286,20267089,0.277403
Heap Sort,10000,6287,20267090,0.278044
Heap Sort,10000,6288,20267091,0.279335
Heap Sort,10000,6289,20267092,0.278222
Heap Sort,10000,6290,20267093,0.277409
Heap Sort,10000,6291,20267094,0.281323
Heap Sort,10000,6292,20267095,0.298462
Heap Sort,10000,6293,20267096,0.280314
Heap Sort,10000,6294,20267097,0.280474
Heap Sort,10000,6295,20267098,0.29048
Heap Sort,10000,6296,20267099,0.27928
Heap Sort,10000,6297,20267100,0.278819
Heap Sort,10000,6298,20267101,0.278548
Heap Sort,10000,6299,20267102,0.279114
Heap Sort,10000,6300,20267103,0.278265
Heap Sort,10000,6301,20267104,0.278788
Heap Sort,10000,6302,20267105,0.278812
Heap Sort,10000,6303,20267106,0.277114
Heap Sort,10000,6304,20267107,0.281126
Heap Sort,10000,6305,20267108,0.279507
Heap Sort,10000,6306,20267109,0.280166
Heap Sort,10000,6307,20267110,0.280376
Heap Sort,10000,6308,20267111,0.298689
Heap Sort,10000,6309,20267112,0.298782
Heap Sort,10000,6310,20267113,0.280437
Heap Sort,10000,6311,20267114,0.279895
Heap Sort,10000,6312,20267115,0.281551
Heap Sort,10000,6313,20267116,0.285767
Heap Sort,10000,6314,20267117,0.318129
Heap Sort,10000,6315,20267118,0.290634
Heap Sort,10000,6316,20267119,0.287889
Heap Sort,10000,6317,20267120,0.283588
Heap Sort,10000,6318,20267121,0.279526
Heap Sort,10000,6319,20267122,0.280271
Heap Sort,10000,6320,20267123,0.27784
Heap Sort,10000,6321,20267124,0.301114
Heap Sort,10000,6322,20267125,0.278837
Heap Sort,10000,6323,20267126,0.30104
Heap Sort,10000,6324,20267127,0.281058
Heap Sort,10000,6325,20267128,0.280277
Heap Sort,10000,6326,20267129,0.280856
Heap Sort,10000,6327,20267130,0.279619
Heap Sort,10000,6328,20267131,0.27973
Heap Sort,10000,6329,20267132,0.300819
Heap Sort,10000,6330,20267133,0.27936
Heap Sort,10000,6331,20267134,0.278013
Heap Sort,10000,6332,20267135,0.278025
Heap Sort,10000,6333,20267136,0.290129
Heap Sort,10000,6334,20267137,0.28184
Heap Sort,10000,6335,20267138,0.297932
Heap Sort,10000,6336,20267139,0.280535
Heap Sort,10000,6337,20267140,0.280049
Heap Sort,10000,6338,20267141,0.280597
Heap Sort,10000,6339,20267142,0.279194
Heap Sort,10000,6340,20267143,0.27883
Heap Sort,10000,6341,20267144,0.279649
Heap Sort,10000,6342,20267145,0.30072
Heap Sort,10000,6343,20267146,0.280369
Heap Sort,10000,6344,20267147,0.299913
Heap Sort,10000,6345,20267148,0.279539
Heap Sort,10000,6346,20267149,0.277821
Heap Sort,10000,6347,20267150,0.280813
Heap Sort,10000,6348,20267151,0.279643
Heap Sort,10000,6349,20267152,0.280855
Heap Sort,10000,6350,20267153,0.300572
Heap Sort,10000,6351,20267154,0.279538
Heap Sort,10000,6352,20267155,0.290868
Heap Sort,10000,6353,20267156,0.278923
Heap Sort,10000,6354,20267157,0.279366
Heap Sort,10000,6355,20267158,0.279778
Heap Sort,10000,6356,20267159,0.277575
Heap Sort,10000,6357,20267160,0.279341
Heap Sort,10000,6358,20267161,0.280714
Heap Sort,10000,6359,20267162,0.282431
Heap Sort,10000,6360,20267163,0.279987
Heap Sort,10000,6361,20267164,0.298788
Heap Sort,10000,6362,20267165,0.278997
Heap Sort,10000,6363,20267166,0.280302
Heap Sort,10000,6364,20267167,0.279963
Heap Sort,10000,6365,20267168,0.280603
Heap Sort,10000,6366,20267169,0.277052
Heap Sort,10000,6367,20267170,0.281132
Heap Sort,10000,6368,20267171,0.279126
Heap Sort,10000,6369,20267172,0.280954
Heap Sort,10000,6370,20267173,0.279538
Heap Sort,10000,6371,20267174,0.313717
Heap Sort,10000,6372,20267175,0.27856
Heap Sort,10000,6373,20267176,0.29939
Heap Sort,10000,6374,20267177,0.279779
Heap Sort,10000,6375,20267178,0.278554
Heap Sort,10000,6376,20267179,0.279243
Heap Sort,10000,6377,20267180,0.278978
Heap Sort,10000,6378,20267181,0.283532
Heap Sort,10000,6379,20267182,0.279336
Heap Sort,10000,6380,20267183,0.27701
Heap Sort,10000,6381,20267184,0.300456
Heap Sort,10000,6382,20267185,0.27997
Heap Sort,10000,6383,20267186,0.279274
Heap Sort,10000,6384,20267187,0.282455
Heap Sort,10000,6385,20267188,0.281083
Heap Sort,10000,6386,20267189,0.299071
Heap Sort,10000,6387,20267190,0.281477
Heap Sort,10000,6388,20267191,0.281927
Heap Sort,10000,6389,20267192,0.299446
Heap Sort,10000,6390,20267193,0.279988
Heap Sort,10000,6391,20267194,0.299348
Heap Sort,10000,6392,20267195,0.282105
Heap Sort,10000,6393,20267196,0.278572
Heap Sort,10000,6394,20267197,0.279877
Heap Sort,10000,6395,20267198,0.280394
Heap Sort,10000,6396,20267199,0.278308
Heap Sort,10000,6397,20267200,0.279421
Heap Sort,10000,6398,20267201,0.280184
Heap Sort,10000,6399,20267202,0.279034
Heap Sort,10000,6400,20267203,0.280098
Heap Sort,10000,6401,20267204,0.287231
Heap Sort,10000,6402,20267205,0.278308
Heap Sort,10000,6403,20267206,0.279858
Heap Sort,10000,6404,20267207,0.280351
Heap Sort,10000,6405,20267208,0.299624
Heap Sort,10000,6406,20267209,0.277157
Heap Sort,10000,6407,20267210,0.279384
Heap Sort,10000,6408,20267211,0.280419
Heap Sort,10000,6409,20267212,0.296381
Heap Sort,10000,6410,20267213,0.27944
Heap Sort,10000,6411,20267214,0.298547
Heap Sort,10000,6412,20267215,0.281693
Heap Sort,10000,6413,20267216,0.277527
Heap Sort,10000,6414,20267217,0.281673
Heap Sort,10000,6415,20267218,0.27928
Heap Sort,10000,6416,20267219,0.280388
Heap Sort,10000,6417,20267220,0.279939
Heap Sort,10000,6418,20267221,0.277778
Heap Sort,10000,6419,20267222,0.29648
Heap Sort,10000,6420,20267223,0.292966
Heap Sort,10000,6421,20267224,0.280031
Heap Sort,10000,6422,20267225,0.298227
Heap Sort,10000,6423,20267226,0.282074
Heap Sort,10000,6424,20267227,0.278954
Heap Sort,10000,6425,20267228,0.302492
Heap Sort,10000,6426,20267229,0.280123
Heap Sort,10000,6427,20267230,0.279846
Heap Sort,10000,6428,20267231,0.278916
Heap Sort,10000,6429,20267232,0.278683
Heap Sort,10000,6430,20267233,0.300031
Heap Sort,10000,6431,20267234,0.280849
Heap Sort,10000,6432,20267235,0.280055
Heap Sort,10000,6433,20267236,0.278
Heap Sort,10000,6434,20267237,0.282185
Heap Sort,10000,6435,20267238,0.279705
Heap Sort,10000,6436,20267239,0.278744
Heap Sort,10000,6437,20267240,0.278252
Heap Sort,10000,6438,20267241,0.298794
Heap Sort,10000,6439,20267242,0.332504
Heap Sort,10000,6440,20267243,0.279945
Heap Sort,10000,6441,20267244,0.2788
Heap Sort,10000,6442,20267245,0.278942
Heap Sort,10000,6443,20267246,0.277446
Heap Sort,10000,6444,20267247,0.278258
Heap Sort,10000,6445,20267248,0.278966
Heap Sort,10000,6446,20267249,0.279114
Heap Sort,10000,6447,20267250,0.278092
Heap Sort,10000,6448,20267251,0.279163
Heap Sort,10000,6449,20267252,0.281237
Heap Sort,10000,6450,20267253,0.281655
Heap Sort,10000,6451,20267254,0.279286
Heap Sort,10000,6452,20267255,0.29888
Heap Sort,10000,6453,20267256,0.280794
Heap Sort,10000,6454,20267257,0.29936
Heap Sort,10000,6455,20267258,0.282221
Heap Sort,10000,6456,20267259,0.280387
Heap Sort,10000,6457,20267260,0.278517
Heap Sort,10000,6458,20267261,0.346228
Heap Sort,10000,6459,20267262,0.280437
Heap Sort,10000,6460,20267263,0.299403
Heap Sort,10000,6461,20267264,0.278579
Heap Sort,10000,6462,20267265,0.277606
Heap Sort,10000,6463,20267266,0.279557
Heap Sort,10000,6464,20267267,0.281046
Heap Sort,10000,6465,20267268,0.281631
Heap Sort,10000,6466,20267269,0.281576
Heap Sort,10000,6467,20267270,0.278517
Heap Sort,10000,6468,20267271,0.278487
Heap Sort,10000,6469,20267272,0.278862
Heap Sort,10000,6470,20267273,0.278326
Heap Sort,10000,6471,20267274,0.281976
Heap Sort,10000,6472,20267275,0.29928
Heap Sort,10000,6473,20267276,0.27973
Heap Sort,10000,6474,20267277,0.280049
Heap Sort,10000,6475,20267278,0.302708
Heap Sort,10000,6476,20267279,0.284757
Heap Sort,10000,6477,20267280,0.300523
Heap Sort,10000,6478,20267281,0.278406
Heap Sort,10000,6479,20267282,0.280289
Heap Sort,10000,6480,20267283,0.280055
Heap Sort,10000,6481,20267284,0.279569
Heap Sort,10000,6482,20267285,0.283957
Heap Sort,10000,6483,20267286,0.286105
Heap Sort,10000,6484,20267287,0.290542
Heap Sort,10000,6485,20267288,0.290671
Heap Sort,10000,6486,20267289,0.286695
Heap Sort,10000,6487,20267290,0.280837
Heap Sort,10000,6488,20267291,0.280689
Heap Sort,10000,6489,20267292,0.276942
Heap Sort,10000,6490,20267293,0.279637
Heap Sort,10000,6491,20267294,0.302147
Heap Sort,10000,6492,20267295,0.281471
Heap Sort,10000,6493,20267296,0.279114
Heap Sort,10000,6494,20267297,0.280025
Heap Sort,10000,6495,20267298,0.278953
Heap Sort,10000,6496,20267299,0.300714
Heap Sort,10000,6497,20267300,0.281883
Heap Sort,10000,6498,20267301,0.2804
Heap Sort,10000,6499,20267302,0.280794
Heap Sort,10000,6500,20267303,0.280123
Heap Sort,10000,6501,20267304,0.278086
Heap Sort,10000,6502,20267305,0.281206
Heap Sort,10000,6503,20267306,0.300419
Heap Sort,10000,6504,20267307,0.280997
Heap Sort,10000,6505,20267308,0.278572
Heap Sort,10000,6506,20267309,0.298535
Heap Sort,10000,6507,20267310,0.28096
Heap Sort,10000,6508,20267311,0.298105
Heap Sort,10000,6509,20267312,0.281132
Heap Sort,10000,6510,20267313,0.279662
Heap Sort,10000,6511,20267314,0.300696
Heap Sort,10000,6512,20267315,0.280665
Heap Sort,10000,6513,20267316,0.301563
Heap Sort,10000,6514,20267317,0.282868
Heap Sort,10000,6515,20267318,0.282135
Heap Sort,10000,6516,20267319,0.27984
Heap Sort,10000,6517,20267320,0.279015
Heap Sort,10000,6518,20267321,0.280055
Heap Sort,10000,6519,20267322,0.280997
Heap Sort,10000,6520,20267323,0.280542
Heap Sort,10000,6521,20267324,0.298382
Heap Sort,10000,6522,20267325,0.299317
Heap Sort,10000,6523,20267326,0.27856
Heap Sort,10000,6524,20267327,0.279871
Heap Sort,10000,6525,20267328,0.279003
Heap Sort,10000,6526,20267329,0.281416
Heap Sort,10000,6527,20267330,0.297465
Heap Sort,10000,6528,20267331,0.280228
Heap Sort,10000,6529,20267332,0.281391
Heap Sort,10000,6530,20267333,0.280941
Heap Sort,10000,6531,20267334,0.279132
Heap Sort,10000,6532,20267335,0.280363
Heap Sort,10000,6533,20267336,0.298665
Heap Sort,10000,6534,20267337,0.292843
Heap Sort,10000,6535,20267338,0.280726
Heap Sort,10000,6536,20267339,0.279588
Heap Sort,10000,6537,20267340,0.280769
Heap Sort,10000,6538,20267341,0.279108
Heap Sort,10000,6539,20267342,0.278818
Heap Sort,10000,6540,20267343,0.282769
Heap Sort,10000,6541,20267344,0.280837
Heap Sort,10000,6542,20267345,0.2828
Heap Sort,10000,6543,20267346,0.280874
Heap Sort,10000,6544,20267347,0.282099
Heap Sort,10000,6545,20267348,0.288733
Heap Sort,10000,6546,20267349,0.283489
Heap Sort,10000,6547,20267350,0.281877
Heap Sort,10000,6548,20267351,0.281526
Heap Sort,10000,6549,20267352,0.280061
Heap Sort,10000,6550,20267353,0.282327
Heap Sort,10000,6551,20267354,0.282732
Heap Sort,10000,6552,20267355,0.280978
Heap Sort,10000,6553,20267356,0.322345
Heap Sort,10000,6554,20267357,0.302307
Heap Sort,10000,6555,20267358,0.282
Heap Sort,10000,6556,20267359,0.279403
Heap Sort,10000,6557,20267360,0.27925
Heap Sort,10000,6558,20267361,0.279563
Heap Sort,10000,6559,20267362,0.281317
Heap Sort,10000,6560,20267363,0.280806
Heap Sort,10000,6561,20267364,0.280542
Heap Sort,10000,6562,20267365,0.279496
Heap Sort,10000,6563,20267366,0.278861
Heap Sort,10000,6564,20267367,0.280413
Heap Sort,10000,6565,20267368,0.279231
Heap Sort,10000,6566,20267369,0.299557
Heap Sort,10000,6567,20267370,0.281046
Heap Sort,10000,6568,20267371,0.279612
Heap Sort,10000,6569,20267372,0.280037
Heap Sort,10000,6570,20267373,0.278548
Heap Sort,10000,6571,20267374,0.281514
Heap Sort,10000,6572,20267375,0.280037
Heap Sort,10000,6573,20267376,0.279458
Heap Sort,10000,6574,20267377,0.282517
Heap Sort,10000,6575,20267378,0.2784
Heap Sort,10000,6576,20267379,0.279305
Heap Sort,10000,6577,20267380,0.280025
Heap Sort,10000,6578,20267381,0.280068
Heap Sort,10000,6579,20267382,0.280984
Heap Sort,10000,6580,20267383,0.278486
Heap Sort,10000,6581,20267384,0.280751
Heap Sort,10000,6582,20267385,0.281496
Heap Sort,10000,6583,20267386,0.298714
Heap Sort,10000,6584,20267387,0.282105
Heap Sort,10000,6585,20267388,0.280308
Heap Sort,10000,6586,20267389,0.281569
Heap Sort,10000,6587,20267390,0.280345
Heap Sort,10000,6588,20267391,0.281163
Heap Sort,10000,6589,20267392,0.278739
Heap Sort,10000,6590,20267393,0.277569
Heap Sort,10000,6591,20267394,0.27992
Heap Sort,10000,6592,20267395,0.279717
Heap Sort,10000,6593,20267396,0.300025
Heap Sort,10000,6594,20267397,0.281336
Heap Sort,10000,6595,20267398,0.278418
Heap Sort,10000,6596,20267399,0.280037
Heap Sort,10000,6597,20267400,0.281471
Heap Sort,10000,6598,20267401,0.279686
Heap Sort,10000,6599,20267402,0.278517
Heap Sort,10000,6600,20267403,0.280228
Heap Sort,10000,6601,20267404,0.280978
Heap Sort,10000,6602,20267405,0.282498
Heap Sort,10000,6603,20267406,0.282567
Heap Sort,10000,6604,20267407,0.278763
Heap Sort,10000,6605,20267408,0.281261
Heap Sort,10000,6606,20267409,0.281932
Heap Sort,10000,6607,20267410,0.282689
Heap Sort,10000,6608,20267411,0.279422
Heap Sort,10000,6609,20267412,0.300868
Heap Sort,10000,6610,20267413,0.324007
Heap Sort,10000,6611,20267414,0.281901
Heap Sort,10000,6612,20267415,0.279095
Heap Sort,10000,6613,20267416,0.28323
Heap Sort,10000,6614,20267417,0.280733
Heap Sort,10000,6615,20267418,0.281686
Heap Sort,10000,6616,20267419,0.278603
Heap Sort,10000,6617,20267420,0.280788
Heap Sort,10000,6618,20267421,0.278812
Heap Sort,10000,6619,20267422,0.296591
Heap Sort,10000,6620,20267423,0.28128
Heap Sort,10000,6621,20267424,0.279544
Heap Sort,10000,6622,20267425,0.280018
Heap Sort,10000,6623,20267426,0.280252
Heap Sort,10000,6624,20267427,0.279913
Heap Sort,10000,6625,20267428,0.281852
Heap Sort,10000,6626,20267429,0.282154
Heap Sort,10000,6627,20267430,0.279778
Heap Sort,10000,6628,20267431,0.281773
Heap Sort,10000,6629,20267432,0.322941
Heap Sort,10000,6630,20267433,0.279951
Heap Sort,10000,6631,20267434,0.282394
Heap Sort,10000,6632,20267435,0.282431
Heap Sort,10000,6633,20267436,0.279606
Heap Sort,10000,6634,20267437,0.28224
Heap Sort,10000,6635,20267438,0.298739
Heap Sort,10000,6636,20267439,0.279723
Heap Sort,10000,6637,20267440,0.279508
Heap Sort,10000,6638,20267441,0.277206
Heap Sort,10000,6639,20267442,0.278634
Heap Sort,10000,6640,20267443,0.301225
Heap Sort,10000,6641,20267444,0.279723
Heap Sort,10000,6642,20267445,0.301138
Heap Sort,10000,6643,20267446,0.280579
Heap Sort,10000,6644,20267447,0.277114
Heap Sort,10000,6645,20267448,0.282996
Heap Sort,10000,6646,20267449,0.278973
Heap Sort,10000,6647,20267450,0.280573
Heap Sort,10000,6648,20267451,0.328794
Heap Sort,10000,6649,20267452,0.281489
Heap Sort,10000,6650,20267453,0.277834
Heap Sort,10000,6651,20267454,0.283231
Heap Sort,10000,6652,20267455,0.284769
Heap Sort,10000,6653,20267456,0.288173
Heap Sort,10000,6654,20267457,0.289409
Heap Sort,10000,6655,20267458,0.285384
Heap Sort,10000,6656,20267459,0.279618
Heap Sort,10000,6657,20267460,0.280862
Heap Sort,10000,6658,20267461,0.281988
Heap Sort,10000,6659,20267462,0.277317
Heap Sort,10000,6660,20267463,0.280942
Heap Sort,10000,6661,20267464,0.2812
Heap Sort,10000,6662,20267465,0.280135
Heap Sort,10000,6663,20267466,0.2772
Heap Sort,10000,6664,20267467,0.28861
Heap Sort,10000,6665,20267468,0.280308
Heap Sort,10000,6666,20267469,0.283828
Heap Sort,10000,6667,20267470,0.280634
Heap Sort,10000,6668,20267471,0.279816
Heap Sort,10000,6669,20267472,0.278406
Heap Sort,10000,6670,20267473,0.28016
Heap Sort,10000,6671,20267474,0.278665
Heap Sort,10000,6672,20267475,0.280184
Heap Sort,10000,6673,20267476,0.282769
Heap Sort,10000,6674,20267477,0.342615
Heap Sort,10000,6675,20267478,0.282258
Heap Sort,10000,6676,20267479,0.300461
Heap Sort,10000,6677,20267480,0.296985
Heap Sort,10000,6678,20267481,0.284726
Heap Sort,10000,6679,20267482,0.280271
Heap Sort,10000,6680,20267483,0.281927
Heap Sort,10000,6681,20267484,0.279083
Heap Sort,10000,6682,20267485,0.277464
Heap Sort,10000,6683,20267486,0.278738
Heap Sort,10000,6684,20267487,0.280228
Heap Sort,10000,6685,20267488,0.282904
Heap Sort,10000,6686,20267489,0.277446
Heap Sort,10000,6687,20267490,0.282013
Heap Sort,10000,6688,20267491,0.278862
Heap Sort,10000,6689,20267492,0.279741
Heap Sort,10000,6690,20267493,0.28168
Heap Sort,10000,6691,20267494,0.280203
Heap Sort,10000,6692,20267495,0.280301
Heap Sort,10000,6693,20267496,0.286474
Heap Sort,10000,6694,20267497,0.280271
Heap Sort,10000,6695,20267498,0.278991
Heap Sort,10000,6696,20267499,0.277502
Heap Sort,10000,6697,20267500,0.279569
Heap Sort,10000,6698,20267501,0.281581
Heap Sort,10000,6699,20267502,0.281741
Heap Sort,10000,6700,20267503,0.299662
Heap Sort,10000,6701,20267504,0.281378
Heap Sort,10000,6702,20267505,0.281145
Heap Sort,10000,6703,20267506,0.277667
Heap Sort,10000,6704,20267507,0.281366
Heap Sort,10000,6705,20267508,0.298511
Heap Sort,10000,6706,20267509,0.28
Heap Sort,10000,6707,20267510,0.29872
Heap Sort,10000,6708,20267511,0.279693
Heap Sort,10000,6709,20267512,0.279459
Heap Sort,10000,6710,20267513,0.282369
Heap Sort,10000,6711,20267514,0.300117
Heap Sort,10000,6712,20267515,0.28232
Heap Sort,10000,6713,20267516,0.282056
Heap Sort,10000,6714,20267517,0.278701
Heap Sort,10000,6715,20267518,0.279661
Heap Sort,10000,6716,20267519,0.279939
Heap Sort,10000,6717,20267520,0.27912
Heap Sort,10000,6718,20267521,0.281717
Heap Sort,10000,6719,20267522,0.298424
Heap Sort,10000,6720,20267523,0.278978
Heap Sort,10000,6721,20267524,0.2804
Heap Sort,10000,6722,20267525,0.279471
Heap Sort,10000,6723,20267526,0.279416
Heap Sort,10000,6724,20267527,0.2808
Heap Sort,10000,6725,20267528,0.281483
Heap Sort,10000,6726,20267529,0.280547
Heap Sort,10000,6727,20267530,0.284893
Heap Sort,10000,6728,20267531,0.285563
Heap Sort,10000,6729,20267532,0.282209
Heap Sort,10000,6730,20267533,0.287299
Heap Sort,10000,6731,20267534,0.284
Heap Sort,10000,6732,20267535,0.280929
Heap Sort,10000,6733,20267536,0.281637
Heap Sort,10000,6734,20267537,0.280542
Heap Sort,10000,6735,20267538,0.280043
Heap Sort,10000,6736,20267539,0.280277
Heap Sort,10000,6737,20267540,0.279865
Heap Sort,10000,6738,20267541,0.283975
Heap Sort,10000,6739,20267542,0.294443
Heap Sort,10000,6740,20267543,0.281206
Heap Sort,10000,6741,20267544,0.282068
Heap Sort,10000,6742,20267545,0.279298
Heap Sort,10000,6743,20267546,0.280733
Heap Sort,10000,6744,20267547,0.280621
Heap Sort,10000,6745,20267548,0.279132
Heap Sort,10000,6746,20267549,0.281637
Heap Sort,10000,6747,20267550,0.279809
Heap Sort,10000,6748,20267551,0.280031
Heap Sort,10000,6749,20267552,0.27864
Heap Sort,10000,6750,20267553,0.281335
Heap Sort,10000,6751,20267554,0.27808
Heap Sort,10000,6752,20267555,0.279225
Heap Sort,10000,6753,20267556,0.280732
Heap Sort,10000,6754,20267557,0.280701
Heap Sort,10000,6755,20267558,0.278504
Heap Sort,10000,6756,20267559,0.302984
Heap Sort,10000,6757,20267560,0.280147
Heap Sort,10000,6758,20267561,0.314954
Heap Sort,10000,6759,20267562,0.282031
Heap Sort,10000,6760,20267563,0.278788
Heap Sort,10000,6761,20267564,0.28032
Heap Sort,10000,6762,20267565,0.278406
Heap Sort,10000,6763,20267566,0.280776
Heap Sort,10000,6764,20267567,0.281828
Heap Sort,10000,6765,20267568,0.280498
Heap Sort,10000,6766,20267569,0.278597
Heap Sort,10000,6767,20267570,0.280283
Heap Sort,10000,6768,20267571,0.282535
Heap Sort,10000,6769,20267572,0.282314
Heap Sort,10000,6770,20267573,0.278867
Heap Sort,10000,6771,20267574,0.279366
Heap Sort,10000,6772,20267575,0.27992
Heap Sort,10000,6773,20267576,0.279551
Heap Sort,10000,6774,20267577,0.298904
Heap Sort,10000,6775,20267578,0.281563
Heap Sort,10000,6776,20267579,0.280689
Heap Sort,10000,6777,20267580,0.280265
Heap Sort,10000,6778,20267581,0.28016
Heap Sort,10000,6779,20267582,0.279655
Heap Sort,10000,6780,20267583,0.280209
Heap Sort,10000,6781,20267584,0.281329
Heap Sort,10000,6782,20267585,0.277895
Heap Sort,10000,6783,20267586,0.279452
Heap Sort,10000,6784,20267587,0.283323
Heap Sort,10000,6785,20267588,0.280147
Heap Sort,10000,6786,20267589,0.281335
Heap Sort,10000,6787,20267590,0.280455
Heap Sort,10000,6788,20267591,0.287003
Heap Sort,10000,6789,20267592,0.300437
Heap Sort,10000,6790,20267593,0.281176
Heap Sort,10000,6791,20267594,0.282394
Heap Sort,10000,6792,20267595,0.278923
Heap Sort,10000,6793,20267596,0.281083
Heap Sort,10000,6794,20267597,0.281557
Heap Sort,10000,6795,20267598,0.279502
Heap Sort,10000,6796,20267599,0.28024
Heap Sort,10000,6797,20267600,0.283059
Heap Sort,10000,6798,20267601,0.281323
Heap Sort,10000,6799,20267602,0.300868
Heap Sort,10000,6800,20267603,0.280646
Heap Sort,10000,6801,20267604,0.283225
Heap Sort,10000,6802,20267605,0.282265
Heap Sort,10000,6803,20267606,0.302634
Heap Sort,10000,6804,20267607,0.279514
Heap Sort,10000,6805,20267608,0.281828
Heap Sort,10000,6806,20267609,0.280443
Heap Sort,10000,6807,20267610,0.283058
Heap Sort,10000,6808,20267611,0.281698
Heap Sort,10000,6809,20267612,0.280184
Heap Sort,10000,6810,20267613,0.299563
Heap Sort,10000,6811,20267614,0.2812
Heap Sort,10000,6812,20267615,0.280941
Heap Sort,10000,6813,20267616,0.281545
Heap Sort,10000,6814,20267617,0.28056
Heap Sort,10000,6815,20267618,0.280406
Heap Sort,10000,6816,20267619,0.299926
Heap Sort,10000,6817,20267620,0.280548
Heap Sort,10000,6818,20267621,0.28192
Heap Sort,10000,6819,20267622,0.299871
Heap Sort,10000,6820,20267623,0.286923
Heap Sort,10000,6821,20267624,0.288221
Heap Sort,10000,6822,20267625,0.291452
Heap Sort,10000,6823,20267626,0.288067
Heap Sort,10000,6824,20267627,0.283409
Heap Sort,10000,6825,20267628,0.285576
Heap Sort,10000,6826,20267629,0.283027
Heap Sort,10000,6827,20267630,0.278794
Heap Sort,10000,6828,20267631,0.280689
Heap Sort,10000,6829,20267632,0.278782
Heap Sort,10000,6830,20267633,0.279576
Heap Sort,10000,6831,20267634,0.277379
Heap Sort,10000,6832,20267635,0.298683
Heap Sort,10000,6833,20267636,0.282043
Heap Sort,10000,6834,20267637,0.278671
Heap Sort,10000,6835,20267638,0.302757
Heap Sort,10000,6836,20267639,0.281747
Heap Sort,10000,6837,20267640,0.304111
Heap Sort,10000,6838,20267641,0.282141
Heap Sort,10000,6839,20267642,0.298837
Heap Sort,10000,6840,20267643,0.280449
Heap Sort,10000,6841,20267644,0.281981
Heap Sort,10000,6842,20267645,0.280886
Heap Sort,10000,6843,20267646,0.281249
Heap Sort,10000,6844,20267647,0.280492
Heap Sort,10000,6845,20267648,0.28107
Heap Sort,10000,6846,20267649,0.279471
Heap Sort,10000,6847,20267650,0.279372
Heap Sort,10000,6848,20267651,0.279206
Heap Sort,10000,6849,20267652,0.280604
Heap Sort,10000,6850,20267653,0.299133
Heap Sort,10000,6851,20267654,0.27792
Heap Sort,10000,6852,20267655,0.282868
Heap Sort,10000,6853,20267656,0.306763
Heap Sort,10000,6854,20267657,0.278585
Heap Sort,10000,6855,20267658,0.280135
Heap Sort,10000,6856,20267659,0.28024
Heap Sort,10000,6857,20267660,0.283772
Heap Sort,10000,6858,20267661,0.432431
Heap Sort,10000,6859,20267662,0.279077
Heap Sort,10000,6860,20267663,0.277631
Heap Sort,10000,6861,20267664,0.279047
Heap Sort,10000,6862,20267665,0.300056
Heap Sort,10000,6863,20267666,0.27952
Heap Sort,10000,6864,20267667,0.279427
Heap Sort,10000,6865,20267668,0.278296
Heap Sort,10000,6866,20267669,0.280874
Heap Sort,10000,6867,20267670,0.276972
Heap Sort,10000,6868,20267671,0.276819
Heap Sort,10000,6869,20267672,0.278868
Heap Sort,10000,6870,20267673,0.280437
Heap Sort,10000,6871,20267674,0.279065
Heap Sort,10000,6872,20267675,0.28736
Heap Sort,10000,6873,20267676,0.277877
Heap Sort,10000,6874,20267677,0.282314
Heap Sort,10000,6875,20267678,0.300787
Heap Sort,10000,6876,20267679,0.277132
Heap Sort,10000,6877,20267680,0.302277
Heap Sort,10000,6878,20267681,0.280246
Heap Sort,10000,6879,20267682,0.279391
Heap Sort,10000,6880,20267683,0.278153
Heap Sort,10000,6881,20267684,0.278437
Heap Sort,10000,6882,20267685,0.279163
Heap Sort,10000,6883,20267686,0.279373
Heap Sort,10000,6884,20267687,0.276677
Heap Sort,10000,6885,20267688,0.280572
Heap Sort,10000,6886,20267689,0.280419
Heap Sort,10000,6887,20267690,0.277994
Heap Sort,10000,6888,20267691,0.299796
Heap Sort,10000,6889,20267692,0.279883
Heap Sort,10000,6890,20267693,0.28072
Heap Sort,10000,6891,20267694,0.277225
Heap Sort,10000,6892,20267695,0.300387
Heap Sort,10000,6893,20267696,0.27968
Heap Sort,10000,6894,20267697,0.301581
Heap Sort,10000,6895,20267698,0.28056
Heap Sort,10000,6896,20267699,0.280732
Heap Sort,10000,6897,20267700,0.280172
Heap Sort,10000,6898,20267701,0.299741
Heap Sort,10000,6899,20267702,0.279212
Heap Sort,10000,6900,20267703,0.279969
Heap Sort,10000,6901,20267704,0.278985
Heap Sort,10000,6902,20267705,0.280825
Heap Sort,10000,6903,20267706,0.279624
Heap Sort,10000,6904,20267707,0.280529
Heap Sort,10000,6905,20267708,0.302185
Heap Sort,10000,6906,20267709,0.279354
Heap Sort,10000,6907,20267710,0.28064
Heap Sort,10000,6908,20267711,0.279987
Heap Sort,10000,6909,20267712,0.280874
Heap Sort,10000,6910,20267713,0.280597
Heap Sort,10000,6911,20267714,0.279065
Heap Sort,10000,6912,20267715,0.278985
Heap Sort,10000,6913,20267716,0.28229
Heap Sort,10000,6914,20267717,0.278997
Heap Sort,10000,6915,20267718,0.282253
Heap Sort,10000,6916,20267719,0.279754
Heap Sort,10000,6917,20267720,0.281237
Heap Sort,10000,6918,20267721,0.28096
Heap Sort,10000,6919,20267722,0.281033
Heap Sort,10000,6920,20267723,0.281458
Heap Sort,10000,6921,20267724,0.289526
Heap Sort,10000,6922,20267725,0.278628
Heap Sort,10000,6923,20267726,0.279957
Heap Sort,10000,6924,20267727,0.298493
Heap Sort,10000,6925,20267728,0.281126
Heap Sort,10000,6926,20267729,0.279668
Heap Sort,10000,6927,20267730,0.280166
Heap Sort,10000,6928,20267731,0.28112
Heap Sort,10000,6929,20267732,0.279514
Heap Sort,10000,6930,20267733,0.279286
Heap Sort,10000,6931,20267734,0.278572
Heap Sort,10000,6932,20267735,0.298954
Heap Sort,10000,6933,20267736,0.279834
Heap Sort,10000,6934,20267737,0.279329
Heap Sort,10000,6935,20267738,0.279902
Heap Sort,10000,6936,20267739,0.279846
Heap Sort,10000,6937,20267740,0.27792
Heap Sort,10000,6938,20267741,0.300031
Heap Sort,10000,6939,20267742,0.279594
Heap Sort,10000,6940,20267743,0.279262
Heap Sort,10000,6941,20267744,0.280258
Heap Sort,10000,6942,20267745,0.279742
Heap Sort,10000,6943,20267746,0.281489
Heap Sort,10000,6944,20267747,0.281969
Heap Sort,10000,6945,20267748,0.280007
Heap Sort,10000,6946,20267749,0.280326
Heap Sort,10000,6947,20267750,0.279354
Heap Sort,10000,6948,20267751,0.279661
Heap Sort,10000,6949,20267752,0.28352
Heap Sort,10000,6950,20267753,0.279508
Heap Sort,10000,6951,20267754,0.282819
Heap Sort,10000,6952,20267755,0.280277
Heap Sort,10000,6953,20267756,0.279797
Heap Sort,10000,6954,20267757,0.27997
Heap Sort,10000,6955,20267758,0.279538
Heap Sort,10000,6956,20267759,0.280647
Heap Sort,10000,6957,20267760,0.280819
Heap Sort,10000,6958,20267761,0.278246
Heap Sort,10000,6959,20267762,0.277299
Heap Sort,10000,6960,20267763,0.280726
Heap Sort,10000,6961,20267764,0.301686
Heap Sort,10000,6962,20267765,0.300893
Heap Sort,10000,6963,20267766,0.282837
Heap Sort,10000,6964,20267767,0.277865
Heap Sort,10000,6965,20267768,0.2816
Heap Sort,10000,6966,20267769,0.281656
Heap Sort,10000,6967,20267770,0.280381
Heap Sort,10000,6968,20267771,0.278136
Heap Sort,10000,6969,20267772,0.279064
Heap Sort,10000,6970,20267773,0.283926
Heap Sort,10000,6971,20267774,0.303507
Heap Sort,10000,6972,20267775,0.300529
Heap Sort,10000,6973,20267776,0.300394
Heap Sort,10000,6974,20267777,0.278702
Heap Sort,10000,6975,20267778,0.278788
Heap Sort,10000,6976,20267779,0.28096
Heap Sort,10000,6977,20267780,0.279453
Heap Sort,10000,6978,20267781,0.287939
Heap Sort,10000,6979,20267782,0.279625
Heap Sort,10000,6980,20267783,0.301981
Heap Sort,10000,6981,20267784,0.278486
Heap Sort,10000,6982,20267785,0.276787
Heap Sort,10000,6983,20267786,0.278621
Heap Sort,10000,6984,20267787,0.279034
Heap Sort,10000,6985,20267788,0.27877
Heap Sort,10000,6986,20267789,0.27904
Heap Sort,10000,6987,20267790,0.303416
Heap Sort,10000,6988,20267791,0.27893
Heap Sort,10000,6989,20267792,0.284659
Heap Sort,10000,6990,20267793,0.284739
Heap Sort,10000,6991,20267794,0.28973
Heap Sort,10000,6992,20267795,0.290265
Heap Sort,10000,6993,20267796,0.28421
Heap Sort,10000,6994,20267797,0.278093
Heap Sort,10000,6995,20267798,0.301933
Heap Sort,10000,6996,20267799,0.278794
Heap Sort,10000,6997,20267800,0.278061
Heap Sort,10000,6998,20267801,0.278714
Heap Sort,10000,6999,20267802,0.278025
Heap Sort,10000,7000,20267803,0.300166
Heap Sort,10000,7001,20267804,0.278646
Heap Sort,10000,7002,20267805,0.279311
Heap Sort,10000,7003,20267806,0.277938
Heap Sort,10000,7004,20267807,0.278265
Heap Sort,10000,7005,20267808,0.278043
Heap Sort,10000,7006,20267809,0.280825
Heap Sort,10000,7007,20267810,0.279218
Heap Sort,10000,7008,20267811,0.277021
Heap Sort,10000,7009,20267812,0.279317
Heap Sort,10000,7010,20267813,0.278806
Heap Sort,10000,7011,20267814,0.298135
Heap Sort,10000,7012,20267815,0.279403
Heap Sort,10000,7013,20267816,0.279483
Heap Sort,10000,7014,20267817,0.279163
Heap Sort,10000,7015,20267818,0.282382
Heap Sort,10000,7016,20267819,0.324892
Heap Sort,10000,7017,20267820,0.277027
Heap Sort,10000,7018,20267821,0.281003
Heap Sort,10000,7019,20267822,0.281545
Heap Sort,10000,7020,20267823,0.280499
Heap Sort,10000,7021,20267824,0.278043
Heap Sort,10000,7022,20267825,0.278904
Heap Sort,10000,7023,20267826,0.297791
Heap Sort,10000,7024,20267827,0.297858
Heap Sort,10000,7025,20267828,0.27888
Heap Sort,10000,7026,20267829,0.278929
Heap Sort,10000,7027,20267830,0.278283
Heap Sort,10000,7028,20267831,0.276603
Heap Sort,10000,7029,20267832,0.280708
Heap Sort,10000,7030,20267833,0.279366
Heap Sort,10000,7031,20267834,0.279261
Heap Sort,10000,7032,20267835,0.297237
Heap Sort,10000,7033,20267836,0.27968
Heap Sort,10000,7034,20267837,0.28224
Heap Sort,10000,7035,20267838,0.340264
Heap Sort,10000,7036,20267839,0.279945
Heap Sort,10000,7037,20267840,0.279526
Heap Sort,10000,7038,20267841,0.280695
Heap Sort,10000,7039,20267842,0.281827
Heap Sort,10000,7040,20267843,0.277649
Heap Sort,10000,7041,20267844,0.27709
Heap Sort,10000,7042,20267845,0.280566
Heap Sort,10000,7043,20267846,0.279243
Heap Sort,10000,7044,20267847,0.2812
Heap Sort,10000,7045,20267848,0.297693
Heap Sort,10000,7046,20267849,0.279871
Heap Sort,10000,7047,20267850,0.281323
Heap Sort,10000,7048,20267851,0.277981
Heap Sort,10000,7049,20267852,0.276277
Heap Sort,10000,7050,20267853,0.297434
Heap Sort,10000,7051,20267854,0.280363
Heap Sort,10000,7052,20267855,0.279896
Heap Sort,10000,7053,20267856,0.27984
Heap Sort,10000,7054,20267857,0.298547
Heap Sort,10000,7055,20267858,0.280185
Heap Sort,10000,7056,20267859,0.278271
Heap Sort,10000,7057,20267860,0.278296
Heap Sort,10000,7058,20267861,0.280892
Heap Sort,10000,7059,20267862,0.276634
Heap Sort,10000,7060,20267863,0.29912
Heap Sort,10000,7061,20267864,0.278929
Heap Sort,10000,7062,20267865,0.280757
Heap Sort,10000,7063,20267866,0.299181
Heap Sort,10000,7064,20267867,0.279453
Heap Sort,10000,7065,20267868,0.28379
Heap Sort,10000,7066,20267869,0.280222
Heap Sort,10000,7067,20267870,0.300246
Heap Sort,10000,7068,20267871,0.280942
Heap Sort,10000,7069,20267872,0.277218
Heap Sort,10000,7070,20267873,0.279957
Heap Sort,10000,7071,20267874,0.298012
Heap Sort,10000,7072,20267875,0.282061
Heap Sort,10000,7073,20267876,0.281378
Heap Sort,10000,7074,20267877,0.278843
Heap Sort,10000,7075,20267878,0.280179
Heap Sort,10000,7076,20267879,0.283409
Heap Sort,10000,7077,20267880,0.278019
Heap Sort,10000,7078,20267881,0.295895
Heap Sort,10000,7079,20267882,0.287471
Heap Sort,10000,7080,20267883,0.284665
Heap Sort,10000,7081,20267884,0.280942
Heap Sort,10000,7082,20267885,0.282117
Heap Sort,10000,7083,20267886,0.301206
Heap Sort,10000,7084,20267887,0.282844
Heap Sort,10000,7085,20267888,0.281225
Heap Sort,10000,7086,20267889,0.280376
Heap Sort,10000,7087,20267890,0.279286
Heap Sort,10000,7088,20267891,0.283145
Heap Sort,10000,7089,20267892,0.279458
Heap Sort,10000,7090,20267893,0.28152
Heap Sort,10000,7091,20267894,0.279711
Heap Sort,10000,7092,20267895,0.326757
Heap Sort,10000,7093,20267896,0.281587
Heap Sort,10000,7094,20267897,0.282775
Heap Sort,10000,7095,20267898,0.278782
Heap Sort,10000,7096,20267899,0.281514
Heap Sort,10000,7097,20267900,0.283151
Heap Sort,10000,7098,20267901,0.280166
Heap Sort,10000,7099,20267902,0.283779
Heap Sort,10000,7100,20267903,0.281385
Heap Sort,10000,7101,20267904,0.28037
Heap Sort,10000,7102,20267905,0.280264
Heap Sort,10000,7103,20267906,0.280621
Heap Sort,10000,7104,20267907,0.298677
Heap Sort,10000,7105,20267908,0.298689
Heap Sort,10000,7106,20267909,0.279243
Heap Sort,10000,7107,20267910,0.280394
Heap Sort,10000,7108,20267911,0.283298
Heap Sort,10000,7109,20267912,0.279299
Heap Sort,10000,7110,20267913,0.281815
Heap Sort,10000,7111,20267914,0.280769
Heap Sort,10000,7112,20267915,0.280044
Heap Sort,10000,7113,20267916,0.280695
Heap Sort,10000,7114,20267917,0.279292
Heap Sort,10000,7115,20267918,0.279305
Heap Sort,10000,7116,20267919,0.280615
Heap Sort,10000,7117,20267920,0.282732
Heap Sort,10000,7118,20267921,0.279569
Heap Sort,10000,7119,20267922,0.281735
Heap Sort,10000,7120,20267923,0.280228
Heap Sort,10000,7121,20267924,0.280129
Heap Sort,10000,7122,20267925,0.279237
Heap Sort,10000,7123,20267926,0.28096
Heap Sort,10000,7124,20267927,0.276369
Heap Sort,10000,7125,20267928,0.278997
Heap Sort,10000,7126,20267929,0.280437
Heap Sort,10000,7127,20267930,0.300357
Heap Sort,10000,7128,20267931,0.281631
Heap Sort,10000,7129,20267932,0.278978
Heap Sort,10000,7130,20267933,0.282375
Heap Sort,10000,7131,20267934,0.281132
Heap Sort,10000,7132,20267935,0.277988
Heap Sort,10000,7133,20267936,0.2968
Heap Sort,10000,7134,20267937,0.280283
Heap Sort,10000,7135,20267938,0.279064
Heap Sort,10000,7136,20267939,0.27947
Heap Sort,10000,7137,20267940,0.300886
Heap Sort,10000,7138,20267941,0.28216
Heap Sort,10000,7139,20267942,0.281108
Heap Sort,10000,7140,20267943,0.278394
Heap Sort,10000,7141,20267944,0.281126
Heap Sort,10000,7142,20267945,0.278307
Heap Sort,10000,7143,20267946,0.277404
Heap Sort,10000,7144,20267947,0.280505
Heap Sort,10000,7145,20267948,0.282942
Heap Sort,10000,7146,20267949,0.279391
Heap Sort,10000,7147,20267950,0.279181
Heap Sort,10000,7148,20267951,0.278216
Heap Sort,10000,7149,20267952,0.287914
Heap Sort,10000,7150,20267953,0.280467
Heap Sort,10000,7151,20267954,0.280979
Heap Sort,10000,7152,20267955,0.280437
Heap Sort,10000,7153,20267956,0.281058
Heap Sort,10000,7154,20267957,0.300831
Heap Sort,10000,7155,20267958,0.280609
Heap Sort,10000,7156,20267959,0.281015
Heap Sort,10000,7157,20267960,0.279465
Heap Sort,10000,7158,20267961,0.28472
Heap Sort,10000,7159,20267962,0.303176
Heap Sort,10000,7160,20267963,0.291305
Heap Sort,10000,7161,20267964,0.288573
Heap Sort,10000,7162,20267965,0.283816
Heap Sort,10000,7163,20267966,0.280007
Heap Sort,10000,7164,20267967,0.279003
Heap Sort,10000,7165,20267968,0.276991
Heap Sort,10000,7166,20267969,0.276843
Heap Sort,10000,7167,20267970,0.279797
Heap Sort,10000,7168,20267971,0.325292
Heap Sort,10000,7169,20267972,0.279114
Heap Sort,10000,7170,20267973,0.279809
Heap Sort,10000,7171,20267974,0.277003
Heap Sort,10000,7172,20267975,0.278899
Heap Sort,10000,7173,20267976,0.27981
Heap Sort,10000,7174,20267977,0.277901
Heap Sort,10000,7175,20267978,0.276604
Heap Sort,10000,7176,20267979,0.277366
Heap Sort,10000,7177,20267980,0.279237
Heap Sort,10000,7178,20267981,0.279053
Heap Sort,10000,7179,20267982,0.280714
Heap Sort,10000,7180,20267983,0.278603
Heap Sort,10000,7181,20267984,0.299077
Heap Sort,10000,7182,20267985,0.279052
Heap Sort,10000,7183,20267986,0.27896
Heap Sort,10000,7184,20267987,0.276843
Heap Sort,10000,7185,20267988,0.279969
Heap Sort,10000,7186,20267989,0.279846
Heap Sort,10000,7187,20267990,0.279557
Heap Sort,10000,7188,20267991,0.280572
Heap Sort,10000,7189,20267992,0.276307
Heap Sort,10000,7190,20267993,0.300332
Heap Sort,10000,7191,20267994,0.279594
Heap Sort,10000,7192,20267995,0.29763
Heap Sort,10000,7193,20267996,0.279963
Heap Sort,10000,7194,20267997,0.278295
Heap Sort,10000,7195,20267998,0.279145
Heap Sort,10000,7196,20267999,0.278431
Heap Sort,10000,7197,20268000,0.297317
Heap Sort,10000,7198,20268001,0.282289
Heap Sort,10000,7199,20268002,0.278979
Heap Sort,10000,7200,20268003,0.278498
Heap Sort,10000,7201,20268004,0.278708
Heap Sort,10000,7202,20268005,0.27912
Heap Sort,10000,7203,20268006,0.297871
Heap Sort,10000,7204,20268007,0.28
Heap Sort,10000,7205,20268008,0.277151
Heap Sort,10000,7206,20268009,0.278966
Heap Sort,10000,7207,20268010,0.279434
Heap Sort,10000,7208,20268011,0.277286
Heap Sort,10000,7209,20268012,0.278966
Heap Sort,10000,7210,20268013,0.277877
Heap Sort,10000,7211,20268014,0.280136
Heap Sort,10000,7212,20268015,0.278043
Heap Sort,10000,7213,20268016,0.278246
Heap Sort,10000,7214,20268017,0.279852
Heap Sort,10000,7215,20268018,0.280683
Heap Sort,10000,7216,20268019,0.282437
Heap Sort,10000,7217,20268020,0.296861
Heap Sort,10000,7218,20268021,0.284197
Heap Sort,10000,7219,20268022,0.281267
Heap Sort,10000,7220,20268023,0.284388
Heap Sort,10000,7221,20268024,0.278844
Heap Sort,10000,7222,20268025,0.282572
Heap Sort,10000,7223,20268026,0.280966
Heap Sort,10000,7224,20268027,0.298628
Heap Sort,10000,7225,20268028,0.293261
Heap Sort,10000,7226,20268029,0.300597
Heap Sort,10000,7227,20268030,0.277495
Heap Sort,10000,7228,20268031,0.279526
Heap Sort,10000,7229,20268032,0.280504
Heap Sort,10000,7230,20268033,0.279834
Heap Sort,10000,7231,20268034,0.283108
Heap Sort,10000,7232,20268035,0.277139
Heap Sort,10000,7233,20268036,0.278313
Heap Sort,10000,7234,20268037,0.280425
Heap Sort,10000,7235,20268038,0.277723
Heap Sort,10000,7236,20268039,0.284123
Heap Sort,10000,7237,20268040,0.298813
Heap Sort,10000,7238,20268041,0.285699
Heap Sort,10000,7239,20268042,0.280966
Heap Sort,10000,7240,20268043,0.298867
Heap Sort,10000,7241,20268044,0.278695
Heap Sort,10000,7242,20268045,0.277034
Heap Sort,10000,7243,20268046,0.280043
Heap Sort,10000,7244,20268047,0.308812
Heap Sort,10000,7245,20268048,0.29992
Heap Sort,10000,7246,20268049,0.299323
Heap Sort,10000,7247,20268050,0.278517
Heap Sort,10000,7248,20268051,0.300788
Heap Sort,10000,7249,20268052,0.281341
Heap Sort,10000,7250,20268053,0.276597
Heap Sort,10000,7251,20268054,0.298505
Heap Sort,10000,7252,20268055,0.296696
Heap Sort,10000,7253,20268056,0.278997
Heap Sort,10000,7254,20268057,0.429108
Heap Sort,10000,7255,20268058,0.278923
Heap Sort,10000,7256,20268059,0.296684
Heap Sort,10000,7257,20268060,0.298665
Heap Sort,10000,7258,20268061,0.278942
Heap Sort,10000,7259,20268062,0.279853
Heap Sort,10000,7260,20268063,0.280062
Heap Sort,10000,7261,20268064,0.279544
Heap Sort,10000,7262,20268065,0.29829
Heap Sort,10000,7263,20268066,0.326898
Heap Sort,10000,7264,20268067,0.279594
Heap Sort,10000,7265,20268068,0.279606
Heap Sort,10000,7266,20268069,0.299643
Heap Sort,10000,7267,20268070,0.281231
Heap Sort,10000,7268,20268071,0.278247
Heap Sort,10000,7269,20268072,0.279452
Heap Sort,10000,7270,20268073,0.281237
Heap Sort,10000,7271,20268074,0.276812
Heap Sort,10000,7272,20268075,0.430603
Heap Sort,10000,7273,20268076,0.277674
Heap Sort,10000,7274,20268077,0.299766
Heap Sort,10000,7275,20268078,0.279458
Heap Sort,10000,7276,20268079,0.278049
Heap Sort,10000,7277,20268080,0.279144
Heap Sort,10000,7278,20268081,0.281729
Heap Sort,10000,7279,20268082,0.278659
Heap Sort,10000,7280,20268083,0.279305
Heap Sort,10000,7281,20268084,0.281551
Heap Sort,10000,7282,20268085,0.278123
Heap Sort,10000,7283,20268086,0.280695
Heap Sort,10000,7284,20268087,0.280345
Heap Sort,10000,7285,20268088,0.281489
Heap Sort,10000,7286,20268089,0.281169
Heap Sort,10000,7287,20268090,0.298258
Heap Sort,10000,7288,20268091,0.278462
Heap Sort,10000,7289,20268092,0.27896
Heap Sort,10000,7290,20268093,0.28261
Heap Sort,10000,7291,20268094,0.280973
Heap Sort,10000,7292,20268095,0.278449
Heap Sort,10000,7293,20268096,0.2868
Heap Sort,10000,7294,20268097,0.281834
Heap Sort,10000,7295,20268098,0.279613
Heap Sort,10000,7296,20268099,0.299791
Heap Sort,10000,7297,20268100,0.279914
Heap Sort,10000,7298,20268101,0.299711
Heap Sort,10000,7299,20268102,0.279551
Heap Sort,10000,7300,20268103,0.27912
Heap Sort,10000,7301,20268104,0.279766
Heap Sort,10000,7302,20268105,0.278449
Heap Sort,10000,7303,20268106,0.2792
Heap Sort,10000,7304,20268107,0.27776
Heap Sort,10000,7305,20268108,0.278733
Heap Sort,10000,7306,20268109,0.279076
Heap Sort,10000,7307,20268110,0.280456
Heap Sort,10000,7308,20268111,0.275766
Heap Sort,10000,7309,20268112,0.280751
Heap Sort,10000,7310,20268113,0.27848
Heap Sort,10000,7311,20268114,0.281477
Heap Sort,10000,7312,20268115,0.298924
Heap Sort,10000,7313,20268116,0.282098
Heap Sort,10000,7314,20268117,0.27763
Heap Sort,10000,7315,20268118,0.280135
Heap Sort,10000,7316,20268119,0.277052
Heap Sort,10000,7317,20268120,0.27992
Heap Sort,10000,7318,20268121,0.278788
Heap Sort,10000,7319,20268122,0.280744
Heap Sort,10000,7320,20268123,0.28104
Heap Sort,10000,7321,20268124,0.279083
Heap Sort,10000,7322,20268125,0.281299
Heap Sort,10000,7323,20268126,0.279975
Heap Sort,10000,7324,20268127,0.278966
Heap Sort,10000,7325,20268128,0.281951
Heap Sort,10000,7326,20268129,0.280357
Heap Sort,10000,7327,20268130,0.285058
Heap Sort,10000,7328,20268131,0.284455
Heap Sort,10000,7329,20268132,0.289692
Heap Sort,10000,7330,20268133,0.288924
Heap Sort,10000,7331,20268134,0.329932
Heap Sort,10000,7332,20268135,0.277379
Heap Sort,10000,7333,20268136,0.299871
Heap Sort,10000,7334,20268137,0.279101
Heap Sort,10000,7335,20268138,0.279803
Heap Sort,10000,7336,20268139,0.301169
Heap Sort,10000,7337,20268140,0.27941
Heap Sort,10000,7338,20268141,0.279927
Heap Sort,10000,7339,20268142,0.27755
Heap Sort,10000,7340,20268143,0.277378
Heap Sort,10000,7341,20268144,0.280055
Heap Sort,10000,7342,20268145,0.27968
Heap Sort,10000,7343,20268146,0.27696
Heap Sort,10000,7344,20268147,0.278554
Heap Sort,10000,7345,20268148,0.277305
Heap Sort,10000,7346,20268149,0.281397
Heap Sort,10000,7347,20268150,0.279982
Heap Sort,10000,7348,20268151,0.281336
Heap Sort,10000,7349,20268152,0.2796
Heap Sort,10000,7350,20268153,0.280228
Heap Sort,10000,7351,20268154,0.277724
Heap Sort,10000,7352,20268155,0.278474
Heap Sort,10000,7353,20268156,0.279495
Heap Sort,10000,7354,20268157,0.280671
Heap Sort,10000,7355,20268158,0.301858
Heap Sort,10000,7356,20268159,0.278714
Heap Sort,10000,7357,20268160,0.279581
Heap Sort,10000,7358,20268161,0.279434
Heap Sort,10000,7359,20268162,0.276277
Heap Sort,10000,7360,20268163,0.298271
Heap Sort,10000,7361,20268164,0.279619
Heap Sort,10000,7362,20268165,0.279391
Heap Sort,10000,7363,20268166,0.279785
Heap Sort,10000,7364,20268167,0.279705
Heap Sort,10000,7365,20268168,0.279391
Heap Sort,10000,7366,20268169,0.279145
Heap Sort,10000,7367,20268170,0.279588
Heap Sort,10000,7368,20268171,0.279053
Heap Sort,10000,7369,20268172,0.276898
Heap Sort,10000,7370,20268173,0.280665
Heap Sort,10000,7371,20268174,0.279453
Heap Sort,10000,7372,20268175,0.279932
Heap Sort,10000,7373,20268176,0.296382
Heap Sort,10000,7374,20268177,0.279071
Heap Sort,10000,7375,20268178,0.279883
Heap Sort,10000,7376,20268179,0.279422
Heap Sort,10000,7377,20268180,0.277496
Heap Sort,10000,7378,20268181,0.278018
Heap Sort,10000,7379,20268182,0.276609
Heap Sort,10000,7380,20268183,0.29016
Heap Sort,10000,7381,20268184,0.281385
Heap Sort,10000,7382,20268185,0.29987
Heap Sort,10000,7383,20268186,0.280382
Heap Sort,10000,7384,20268187,0.276504
Heap Sort,10000,7385,20268188,0.280351
Heap Sort,10000,7386,20268189,0.278757
Heap Sort,10000,7387,20268190,0.280012
Heap Sort,10000,7388,20268191,0.279692
Heap Sort,10000,7389,20268192,0.299649
Heap Sort,10000,7390,20268193,0.280013
Heap Sort,10000,7391,20268194,0.300191
Heap Sort,10000,7392,20268195,0.27976
Heap Sort,10000,7393,20268196,0.277736
Heap Sort,10000,7394,20268197,0.296295
Heap Sort,10000,7395,20268198,0.27875
Heap Sort,10000,7396,20268199,0.276733
Heap Sort,10000,7397,20268200,0.280086
Heap Sort,10000,7398,20268201,0.298419
Heap Sort,10000,7399,20268202,0.279428
Heap Sort,10000,7400,20268203,0.279206
Heap Sort,10000,7401,20268204,0.299323
Heap Sort,10000,7402,20268205,0.30032
Heap Sort,10000,7403,20268206,0.298247
Heap Sort,10000,7404,20268207,0.297902
Heap Sort,10000,7405,20268208,0.279895
Heap Sort,10000,7406,20268209,0.297877
Heap Sort,10000,7407,20268210,0.278806
Heap Sort,10000,7408,20268211,0.280363
Heap Sort,10000,7409,20268212,0.278431
Heap Sort,10000,7410,20268213,0.290308
Heap Sort,10000,7411,20268214,0.280265
Heap Sort,10000,7412,20268215,0.281163
Heap Sort,10000,7413,20268216,0.27944
Heap Sort,10000,7414,20268217,0.280018
Heap Sort,10000,7415,20268218,0.281797
Heap Sort,10000,7416,20268219,0.280296
Heap Sort,10000,7417,20268220,0.298985
Heap Sort,10000,7418,20268221,0.279292
Heap Sort,10000,7419,20268222,0.280905
Heap Sort,10000,7420,20268223,0.297969
Heap Sort,10000,7421,20268224,0.280418
Heap Sort,10000,7422,20268225,0.281243
Heap Sort,10000,7423,20268226,0.280221
Heap Sort,10000,7424,20268227,0.279194
Heap Sort,10000,7425,20268228,0.279957
Heap Sort,10000,7426,20268229,0.279822
Heap Sort,10000,7427,20268230,0.279126
Heap Sort,10000,7428,20268231,0.275735
Heap Sort,10000,7429,20268232,0.279064
Heap Sort,10000,7430,20268233,0.278462
Heap Sort,10000,7431,20268234,0.279416
Heap Sort,10000,7432,20268235,0.28064
Heap Sort,10000,7433,20268236,0.281735
Heap Sort,10000,7434,20268237,0.279003
Heap Sort,10000,7435,20268238,0.2772
Heap Sort,10000,7436,20268239,0.279544
Heap Sort,10000,7437,20268240,0.277323
Heap Sort,10000,7438,20268241,0.279144
Heap Sort,10000,7439,20268242,0.299852
Heap Sort,10000,7440,20268243,0.289889
Heap Sort,10000,7441,20268244,0.2804
Heap Sort,10000,7442,20268245,0.281391
Heap Sort,10000,7443,20268246,0.299656
Heap Sort,10000,7444,20268247,0.277637
Heap Sort,10000,7445,20268248,0.278744
Heap Sort,10000,7446,20268249,0.299453
Heap Sort,10000,7447,20268250,0.279231
Heap Sort,10000,7448,20268251,0.300296
Heap Sort,10000,7449,20268252,0.279625
Heap Sort,10000,7450,20268253,0.27968
Heap Sort,10000,7451,20268254,0.278486
Heap Sort,10000,7452,20268255,0.279157
Heap Sort,10000,7453,20268256,0.278185
Heap Sort,10000,7454,20268257,0.276904
Heap Sort,10000,7455,20268258,0.298584
Heap Sort,10000,7456,20268259,0.3008
Heap Sort,10000,7457,20268260,0.278487
Heap Sort,10000,7458,20268261,0.27893
Heap Sort,10000,7459,20268262,0.279501
Heap Sort,10000,7460,20268263,0.281293
Heap Sort,10000,7461,20268264,0.280572
Heap Sort,10000,7462,20268265,0.283507
Heap Sort,10000,7463,20268266,0.279557
Heap Sort,10000,7464,20268267,0.298714
Heap Sort,10000,7465,20268268,0.2792
Heap Sort,10000,7466,20268269,0.279477
Heap Sort,10000,7467,20268270,0.277551
Heap Sort,10000,7468,20268271,0.281434
Heap Sort,10000,7469,20268272,0.278332
Heap Sort,10000,7470,20268273,0.280634
Heap Sort,10000,7471,20268274,0.276874
Heap Sort,10000,7472,20268275,0.278665
Heap Sort,10000,7473,20268276,0.279803
Heap Sort,10000,7474,20268277,0.27984
Heap Sort,10000,7475,20268278,0.278498
Heap Sort,10000,7476,20268279,0.277114
Heap Sort,10000,7477,20268280,0.279619
Heap Sort,10000,7478,20268281,0.279551
Heap Sort,10000,7479,20268282,0.276652
Heap Sort,10000,7480,20268283,0.276363
Heap Sort,10000,7481,20268284,0.301637
Heap Sort,10000,7482,20268285,0.299207
Heap Sort,10000,7483,20268286,0.28
Heap Sort,10000,7484,20268287,0.27627
Heap Sort,10000,7485,20268288,0.279833
Heap Sort,10000,7486,20268289,0.279495
Heap Sort,10000,7487,20268290,0.279237
Heap Sort,10000,7488,20268291,0.280117
Heap Sort,10000,7489,20268292,0.278843
Heap Sort,10000,7490,20268293,0.277914
Heap Sort,10000,7491,20268294,0.279138
Heap Sort,10000,7492,20268295,0.300443
Heap Sort,10000,7493,20268296,0.283643
Heap Sort,10000,7494,20268297,0.278
Heap Sort,10000,7495,20268298,0.280776
Heap Sort,10000,7496,20268299,0.283588
Heap Sort,10000,7497,20268300,0.298942
Heap Sort,10000,7498,20268301,0.287877
Heap Sort,10000,7499,20268302,0.288609
Heap Sort,10000,7500,20268303,0.28653
Heap Sort,10000,7501,20268304,0.299871
Heap Sort,10000,7502,20268305,0.277415
Heap Sort,10000,7503,20268306,0.298074
Heap Sort,10000,7504,20268307,0.280695
Heap Sort,10000,7505,20268308,0.278
Heap Sort,10000,7506,20268309,0.297458
Heap Sort,10000,7507,20268310,0.298024
Heap Sort,10000,7508,20268311,0.278351
Heap Sort,10000,7509,20268312,0.278474
Heap Sort,10000,7510,20268313,0.277883
Heap Sort,10000,7511,20268314,0.277446
Heap Sort,10000,7512,20268315,0.277182
Heap Sort,10000,7513,20268316,0.27744
Heap Sort,10000,7514,20268317,0.279723
Heap Sort,10000,7515,20268318,0.278215
Heap Sort,10000,7516,20268319,0.2784
Heap Sort,10000,7517,20268320,0.280061
Heap Sort,10000,7518,20268321,0.278086
Heap Sort,10000,7519,20268322,0.297114
Heap Sort,10000,7520,20268323,0.27936
Heap Sort,10000,7521,20268324,0.297901
Heap Sort,10000,7522,20268325,0.299212
Heap Sort,10000,7523,20268326,0.279871
Heap Sort,10000,7524,20268327,0.27848
Heap Sort,10000,7525,20268328,0.278991
Heap Sort,10000,7526,20268329,0.277391
Heap Sort,10000,7527,20268330,0.290738
Heap Sort,10000,7528,20268331,0.280855
Heap Sort,10000,7529,20268332,0.275785
Heap Sort,10000,7530,20268333,0.277132
Heap Sort,10000,7531,20268334,0.277625
Heap Sort,10000,7532,20268335,0.28125
Heap Sort,10000,7533,20268336,0.297625
Heap Sort,10000,7534,20268337,0.27701
Heap Sort,10000,7535,20268338,0.279569
Heap Sort,10000,7536,20268339,0.281175
Heap Sort,10000,7537,20268340,0.298584
Heap Sort,10000,7538,20268341,0.296547
Heap Sort,10000,7539,20268342,0.297268
Heap Sort,10000,7540,20268343,0.277409
Heap Sort,10000,7541,20268344,0.277803
Heap Sort,10000,7542,20268345,0.285138
Heap Sort,10000,7543,20268346,0.279994
Heap Sort,10000,7544,20268347,0.281612
Heap Sort,10000,7545,20268348,0.297299
Heap Sort,10000,7546,20268349,0.298831
Heap Sort,10000,7547,20268350,0.300043
Heap Sort,10000,7548,20268351,0.27693
Heap Sort,10000,7549,20268352,0.279945
Heap Sort,10000,7550,20268353,0.279987
Heap Sort,10000,7551,20268354,0.277126
Heap Sort,10000,7552,20268355,0.280474
Heap Sort,10000,7553,20268356,0.280068
Heap Sort,10000,7554,20268357,0.277674
Heap Sort,10000,7555,20268358,0.279569
Heap Sort,10000,7556,20268359,0.278221
Heap Sort,10000,7557,20268360,0.326665
Heap Sort,10000,7558,20268361,0.279249
Heap Sort,10000,7559,20268362,0.279692
Heap Sort,10000,7560,20268363,0.296542
Heap Sort,10000,7561,20268364,0.298376
Heap Sort,10000,7562,20268365,0.278979
Heap Sort,10000,7563,20268366,0.278357
Heap Sort,10000,7564,20268367,0.29899
Heap Sort,10000,7565,20268368,0.278166
Heap Sort,10000,7566,20268369,0.278769
Heap Sort,10000,7567,20268370,0.278893
Heap Sort,10000,7568,20268371,0.299982
Heap Sort,10000,7569,20268372,0.279477
Heap Sort,10000,7570,20268373,0.278751
Heap Sort,10000,7571,20268374,0.277692
Heap Sort,10000,7572,20268375,0.296972
Heap Sort,10000,7573,20268376,0.279163
Heap Sort,10000,7574,20268377,0.278579
Heap Sort,10000,7575,20268378,0.280499
Heap Sort,10000,7576,20268379,0.277496
Heap Sort,10000,7577,20268380,0.279723
Heap Sort,10000,7578,20268381,0.279083
Heap Sort,10000,7579,20268382,0.277021
Heap Sort,10000,7580,20268383,0.278178
Heap Sort,10000,7581,20268384,0.276566
Heap Sort,10000,7582,20268385,0.2776
Heap Sort,10000,7583,20268386,0.277022
Heap Sort,10000,7584,20268387,0.27904
Heap Sort,10000,7585,20268388,0.278086
Heap Sort,10000,7586,20268389,0.278467
Heap Sort,10000,7587,20268390,0.289957
Heap Sort,10000,7588,20268391,0.279501
Heap Sort,10000,7589,20268392,0.298326
Heap Sort,10000,7590,20268393,0.277588
Heap Sort,10000,7591,20268394,0.279889
Heap Sort,10000,7592,20268395,0.298781
Heap Sort,10000,7593,20268396,0.276173
Heap Sort,10000,7594,20268397,0.279748
Heap Sort,10000,7595,20268398,0.277791
Heap Sort,10000,7596,20268399,0.296462
Heap Sort,10000,7597,20268400,0.298043
Heap Sort,10000,7598,20268401,0.279428
Heap Sort,10000,7599,20268402,0.281188
Heap Sort,10000,7600,20268403,0.276609
Heap Sort,10000,7601,20268404,0.280221
Heap Sort,10000,7602,20268405,0.278203
Heap Sort,10000,7603,20268406,0.27712
Heap Sort,10000,7604,20268407,0.277754
Heap Sort,10000,7605,20268408,0.277422
Heap Sort,10000,7606,20268409,0.279686
Heap Sort,10000,7607,20268410,0.29912
Heap Sort,10000,7608,20268411,0.278837
Heap Sort,10000,7609,20268412,0.300129
Heap Sort,10000,7610,20268413,0.278701
Heap Sort,10000,7611,20268414,0.296689
Heap Sort,10000,7612,20268415,0.275865
Heap Sort,10000,7613,20268416,0.300135
Heap Sort,10000,7614,20268417,0.281576
Heap Sort,10000,7615,20268418,0.278006
Heap Sort,10000,7616,20268419,0.28003
Heap Sort,10000,7617,20268420,0.278289
Heap Sort,10000,7618,20268421,0.278043
Heap Sort,10000,7619,20268422,0.281779
Heap Sort,10000,7620,20268423,0.279397
Heap Sort,10000,7621,20268424,0.277963
Heap Sort,10000,7622,20268425,0.295711
Heap Sort,10000,7623,20268426,0.279821
Heap Sort,10000,7624,20268427,0.278197
Heap Sort,10000,7625,20268428,0.277667
Heap Sort,10000,7626,20268429,0.299373
Heap Sort,10000,7627,20268430,0.27816
Heap Sort,10000,7628,20268431,0.281033
Heap Sort,10000,7629,20268432,0.278677
Heap Sort,10000,7630,20268433,0.281853
Heap Sort,10000,7631,20268434,0.28011
Heap Sort,10000,7632,20268435,0.27984
Heap Sort,10000,7633,20268436,0.277932
Heap Sort,10000,7634,20268437,0.279649
Heap Sort,10000,7635,20268438,0.278062
Heap Sort,10000,7636,20268439,0.291951
Heap Sort,10000,7637,20268440,0.299378
Heap Sort,10000,7638,20268441,0.280006
Heap Sort,10000,7639,20268442,0.279471
Heap Sort,10000,7640,20268443,0.279705
Heap Sort,10000,7641,20268444,0.278504
Heap Sort,10000,7642,20268445,0.278455
Heap Sort,10000,7643,20268446,0.278505
Heap Sort,10000,7644,20268447,0.300006
Heap Sort,10000,7645,20268448,0.317717
Heap Sort,10000,7646,20268449,0.287206
Heap Sort,10000,7647,20268450,0.295532
Heap Sort,10000,7648,20268451,0.311188
Heap Sort,10000,7649,20268452,0.43568
Heap Sort,10000,7650,20268453,0.301434
Heap Sort,10000,7651,20268454,0.28928
Heap Sort,10000,7652,20268455,0.301089
Heap Sort,10000,7653,20268456,0.285464
Heap Sort,10000,7654,20268457,0.310579
Heap Sort,10000,7655,20268458,0.310308
Heap Sort,10000,7656,20268459,0.3028
Heap Sort,10000,7657,20268460,0.304456
Heap Sort,10000,7658,20268461,0.287803
Heap Sort,10000,7659,20268462,0.315231
Heap Sort,10000,7660,20268463,0.290769
Heap Sort,10000,7661,20268464,0.299723
Heap Sort,10000,7662,20268465,0.291631
Heap Sort,10000,7663,20268466,0.290627
Heap Sort,10000,7664,20268467,0.290215
Heap Sort,10000,7665,20268468,0.299015
Heap Sort,10000,7666,20268469,0.293588
Heap Sort,10000,7667,20268470,0.303784
Heap Sort,10000,7668,20268471,0.299397
Heap Sort,10000,7669,20268472,0.294824
Heap Sort,10000,7670,20268473,0.292997
Heap Sort,10000,7671,20268474,0.288813
Heap Sort,10000,7672,20268475,0.290843
Heap Sort,10000,7673,20268476,0.293243
Heap Sort,10000,7674,20268477,0.290308
Heap Sort,10000,7675,20268478,0.292671
Heap Sort,10000,7676,20268479,0.289809
Heap Sort,10000,7677,20268480,0.288819
Heap Sort,10000,7678,20268481,0.288578
Heap Sort,10000,7679,20268482,0.291428
Heap Sort,10000,7680,20268483,0.290473
Heap Sort,10000,7681,20268484,0.292314
Heap Sort,10000,7682,20268485,0.287557
Heap Sort,10000,7683,20268486,0.294394
Heap Sort,10000,7684,20268487,0.288843
Heap Sort,10000,7685,20268488,0.288209
Heap Sort,10000,7686,20268489,0.288553
Heap Sort,10000,7687,20268490,0.269421
Heap Sort,10000,7688,20268491,0.287471
Heap Sort,10000,7689,20268492,0.290123
Heap Sort,10000,7690,20268493,0.290222
Heap Sort,10000,7691,20268494,0.28888
Heap Sort,10000,7692,20268495,0.28904
Heap Sort,10000,7693,20268496,0.289464
Heap Sort,10000,7694,20268497,0.312886
Heap Sort,10000,7695,20268498,0.303779
Heap Sort,10000,7696,20268499,0.300031
Heap Sort,10000,7697,20268500,0.313268
Heap Sort,10000,7698,20268501,0.311231
Heap Sort,10000,7699,20268502,0.300646
Heap Sort,10000,7700,20268503,0.306733
Heap Sort,10000,7701,20268504,0.296308
Heap Sort,10000,7702,20268505,0.339662
Heap Sort,10000,7703,20268506,0.316966
Heap Sort,10000,7704,20268507,0.29552
Heap Sort,10000,7705,20268508,0.293606
Heap Sort,10000,7706,20268509,0.297169
Heap Sort,10000,7707,20268510,0.296314
Heap Sort,10000,7708,20268511,0.295791
Heap Sort,10000,7709,20268512,0.293526
Heap Sort,10000,7710,20268513,0.310314
Heap Sort,10000,7711,20268514,0.287015
Heap Sort,10000,7712,20268515,0.301459
Heap Sort,10000,7713,20268516,0.306738
Heap Sort,10000,7714,20268517,0.307994
Heap Sort,10000,7715,20268518,0.293643
Heap Sort,10000,7716,20268519,0.328209
Heap Sort,10000,7717,20268520,0.293317
Heap Sort,10000,7718,20268521,0.308332
Heap Sort,10000,7719,20268522,0.322308
Heap Sort,10000,7720,20268523,0.312142
Heap Sort,10000,7721,20268524,0.330019
Heap Sort,10000,7722,20268525,0.295766
Heap Sort,10000,7723,20268526,0.287545
Heap Sort,10000,7724,20268527,0.303667
Heap Sort,10000,7725,20268528,0.288406
Heap Sort,10000,7726,20268529,0.285126
Heap Sort,10000,7727,20268530,0.287151
Heap Sort,10000,7728,20268531,0.286295
Heap Sort,10000,7729,20268532,0.282923
Heap Sort,10000,7730,20268533,0.293797
Heap Sort,10000,7731,20268534,0.293225
Heap Sort,10000,7732,20268535,0.293495
Heap Sort,10000,7733,20268536,0.310474
Heap Sort,10000,7734,20268537,0.304819
Heap Sort,10000,7735,20268538,0.317138
Heap Sort,10000,7736,20268539,0.292259
Heap Sort,10000,7737,20268540,0.331735
Heap Sort,10000,7738,20268541,0.339791
Heap Sort,10000,7739,20268542,0.314117
Heap Sort,10000,7740,20268543,0.335507
Heap Sort,10000,7741,20268544,0.32224
Heap Sort,10000,7742,20268545,0.313261
Heap Sort,10000,7743,20268546,0.329483
Heap Sort,10000,7744,20268547,0.305637
Heap Sort,10000,7745,20268548,0.331815
Heap Sort,10000,7746,20268549,0.302671
Heap Sort,10000,7747,20268550,0.292818
Heap Sort,10000,7748,20268551,0.293403
Heap Sort,10000,7749,20268552,0.29168
Heap Sort,10000,7750,20268553,0.295028
Heap Sort,10000,7751,20268554,0.291581
Heap Sort,10000,7752,20268555,0.291391
Heap Sort,10000,7753,20268556,0.287773
Heap Sort,10000,7754,20268557,0.292381
Heap Sort,10000,7755,20268558,0.292516
Heap Sort,10000,7756,20268559,0.288444
Heap Sort,10000,7757,20268560,0.289126
Heap Sort,10000,7758,20268561,0.292615
Heap Sort,10000,7759,20268562,0.289539
Heap Sort,10000,7760,20268563,0.290271
Heap Sort,10000,7761,20268564,0.292295
Heap Sort,10000,7762,20268565,0.292252
Heap Sort,10000,7763,20268566,0.293163
Heap Sort,10000,7764,20268567,0.291348
Heap Sort,10000,7765,20268568,0.290806
Heap Sort,10000,7766,20268569,0.29304
Heap Sort,10000,7767,20268570,0.293939
Heap Sort,10000,7768,20268571,0.29408
Heap Sort,10000,7769,20268572,0.292929
Heap Sort,10000,7770,20268573,0.286923
Heap Sort,10000,7771,20268574,0.295059
Heap Sort,10000,7772,20268575,0.289594
Heap Sort,10000,7773,20268576,0.287699
Heap Sort,10000,7774,20268577,0.290966
Heap Sort,10000,7775,20268578,0.289366
Heap Sort,10000,7776,20268579,0.290289
Heap Sort,10000,7777,20268580,0.293397
Heap Sort,10000,7778,20268581,0.290382
Heap Sort,10000,7779,20268582,0.289816
Heap Sort,10000,7780,20268583,0.290862
Heap Sort,10000,7781,20268584,0.288708
Heap Sort,10000,7782,20268585,0.289778
Heap Sort,10000,7783,20268586,0.29136
Heap Sort,10000,7784,20268587,0.291212
Heap Sort,10000,7785,20268588,0.29064
Heap Sort,10000,7786,20268589,0.289939
Heap Sort,10000,7787,20268590,0.293139
Heap Sort,10000,7788,20268591,0.292714
Heap Sort,10000,7789,20268592,0.290942
Heap Sort,10000,7790,20268593,0.29115
Heap Sort,10000,7791,20268594,0.29003
Heap Sort,10000,7792,20268595,0.291138
Heap Sort,10000,7793,20268596,0.289717
Heap Sort,10000,7794,20268597,0.288252
Heap Sort,10000,7795,20268598,0.295483
Heap Sort,10000,7796,20268599,0.29016
Heap Sort,10000,7797,20268600,0.290147
Heap Sort,10000,7798,20268601,0.291594
Heap Sort,10000,7799,20268602,0.291034
Heap Sort,10000,7800,20268603,0.293224
Heap Sort,10000,7801,20268604,0.294012
Heap Sort,10000,7802,20268605,0.29109
Heap Sort,10000,7803,20268606,0.291619
Heap Sort,10000,7804,20268607,0.288437
Heap Sort,10000,7805,20268608,0.290462
Heap Sort,10000,7806,20268609,0.286394
Heap Sort,10000,7807,20268610,0.290265
Heap Sort,10000,7808,20268611,0.292344
Heap Sort,10000,7809,20268612,0.291797
Heap Sort,10000,7810,20268613,0.292424
Heap Sort,10000,7811,20268614,0.290412
Heap Sort,10000,7812,20268615,0.290197
Heap Sort,10000,7813,20268616,0.290579
Heap Sort,10000,7814,20268617,0.293667
Heap Sort,10000,7815,20268618,0.290597
Heap Sort,10000,7816,20268619,0.3388
Heap Sort,10000,7817,20268620,0.29232
Heap Sort,10000,7818,20268621,0.290369
Heap Sort,10000,7819,20268622,0.291865
Heap Sort,10000,7820,20268623,0.292203
Heap Sort,10000,7821,20268624,0.292375
Heap Sort,10000,7822,20268625,0.29096
Heap Sort,10000,7823,20268626,0.290073
Heap Sort,10000,7824,20268627,0.285403
Heap Sort,10000,7825,20268628,0.292449
Heap Sort,10000,7826,20268629,0.289656
Heap Sort,10000,7827,20268630,0.291901
Heap Sort,10000,7828,20268631,0.289896
Heap Sort,10000,7829,20268632,0.289963
Heap Sort,10000,7830,20268633,0.269077
Heap Sort,10000,7831,20268634,0.289544
Heap Sort,10000,7832,20268635,0.287348
Heap Sort,10000,7833,20268636,0.291747
Heap Sort,10000,7834,20268637,0.294498
Heap Sort,10000,7835,20268638,0.293126
Heap Sort,10000,7836,20268639,0.274776
Heap Sort,10000,7837,20268640,0.301828
Heap Sort,10000,7838,20268641,0.29515
Heap Sort,10000,7839,20268642,0.285022
Heap Sort,10000,7840,20268643,0.282861
Heap Sort,10000,7841,20268644,0.288505
Heap Sort,10000,7842,20268645,0.288572
Heap Sort,10000,7843,20268646,0.291428
Heap Sort,10000,7844,20268647,0.290628
Heap Sort,10000,7845,20268648,0.290978
Heap Sort,10000,7846,20268649,0.288708
Heap Sort,10000,7847,20268650,0.288781
Heap Sort,10000,7848,20268651,0.299065
Heap Sort,10000,7849,20268652,0.292019
Heap Sort,10000,7850,20268653,0.289539
Heap Sort,10000,7851,20268654,0.289957
Heap Sort,10000,7852,20268655,0.292578
Heap Sort,10000,7853,20268656,0.29104
Heap Sort,10000,7854,20268657,0.289336
Heap Sort,10000,7855,20268658,0.287766
Heap Sort,10000,7856,20268659,0.298074
Heap Sort,10000,7857,20268660,0.291625
Heap Sort,10000,7858,20268661,0.289335
Heap Sort,10000,7859,20268662,0.289846
Heap Sort,10000,7860,20268663,0.289366
Heap Sort,10000,7861,20268664,0.289913
Heap Sort,10000,7862,20268665,0.290664
Heap Sort,10000,7863,20268666,0.292301
Heap Sort,10000,7864,20268667,0.294523
Heap Sort,10000,7865,20268668,0.289656
Heap Sort,10000,7866,20268669,0.290554
Heap Sort,10000,7867,20268670,0.291969
Heap Sort,10000,7868,20268671,0.288049
Heap Sort,10000,7869,20268672,0.290098
Heap Sort,10000,7870,20268673,0.290923
Heap Sort,10000,7871,20268674,0.291785
Heap Sort,10000,7872,20268675,0.291083
Heap Sort,10000,7873,20268676,0.289742
Heap Sort,10000,7874,20268677,0.293815
Heap Sort,10000,7875,20268678,0.29048
Heap Sort,10000,7876,20268679,0.288332
Heap Sort,10000,7877,20268680,0.28944
Heap Sort,10000,7878,20268681,0.290277
Heap Sort,10000,7879,20268682,0.287619
Heap Sort,10000,7880,20268683,0.290873
Heap Sort,10000,7881,20268684,0.289729
Heap Sort,10000,7882,20268685,0.286935
Heap Sort,10000,7883,20268686,0.290764
Heap Sort,10000,7884,20268687,0.288197
Heap Sort,10000,7885,20268688,0.290055
Heap Sort,10000,7886,20268689,0.289427
Heap Sort,10000,7887,20268690,0.290911
Heap Sort,10000,7888,20268691,0.291711
Heap Sort,10000,7889,20268692,0.289163
Heap Sort,10000,7890,20268693,0.289508
Heap Sort,10000,7891,20268694,0.288695
Heap Sort,10000,7892,20268695,0.28885
Heap Sort,10000,7893,20268696,0.289717
Heap Sort,10000,7894,20268697,0.288942
Heap Sort,10000,7895,20268698,0.290609
Heap Sort,10000,7896,20268699,0.289797
Heap Sort,10000,7897,20268700,0.292917
Heap Sort,10000,7898,20268701,0.291348
Heap Sort,10000,7899,20268702,0.293188
Heap Sort,10000,7900,20268703,0.293883
Heap Sort,10000,7901,20268704,0.268967
Heap Sort,10000,7902,20268705,0.287311
Heap Sort,10000,7903,20268706,0.29043
Heap Sort,10000,7904,20268707,0.293096
Heap Sort,10000,7905,20268708,0.292314
Heap Sort,10000,7906,20268709,0.290142
Heap Sort,10000,7907,20268710,0.290818
Heap Sort,10000,7908,20268711,0.290283
Heap Sort,10000,7909,20268712,0.284554
Heap Sort,10000,7910,20268713,0.28928
Heap Sort,10000,7911,20268714,0.290111
Heap Sort,10000,7912,20268715,0.292123
Heap Sort,10000,7913,20268716,0.291852
Heap Sort,10000,7914,20268717,0.288744
Heap Sort,10000,7915,20268718,0.291255
Heap Sort,10000,7916,20268719,0.288516
Heap Sort,10000,7917,20268720,0.288855
Heap Sort,10000,7918,20268721,0.290905
Heap Sort,10000,7919,20268722,0.291182
Heap Sort,10000,7920,20268723,0.289785
Heap Sort,10000,7921,20268724,0.292037
Heap Sort,10000,7922,20268725,0.290701
Heap Sort,10000,7923,20268726,0.290271
Heap Sort,10000,7924,20268727,0.290652
Heap Sort,10000,7925,20268728,0.288738
Heap Sort,10000,7926,20268729,0.288794
Heap Sort,10000,7927,20268730,0.288536
Heap Sort,10000,7928,20268731,0.290191
Heap Sort,10000,7929,20268732,0.28947
Heap Sort,10000,7930,20268733,0.291779
Heap Sort,10000,7931,20268734,0.289021
Heap Sort,10000,7932,20268735,0.287994
Heap Sort,10000,7933,20268736,0.290277
Heap Sort,10000,7934,20268737,0.288253
Heap Sort,10000,7935,20268738,0.292554
Heap Sort,10000,7936,20268739,0.289957
Heap Sort,10000,7937,20268740,0.289975
Heap Sort,10000,7938,20268741,0.291717
Heap Sort,10000,7939,20268742,0.289415
Heap Sort,10000,7940,20268743,0.287366
Heap Sort,10000,7941,20268744,0.289797
Heap Sort,10000,7942,20268745,0.287656
Heap Sort,10000,7943,20268746,0.287101
Heap Sort,10000,7944,20268747,0.291053
Heap Sort,10000,7945,20268748,0.288671
Heap Sort,10000,7946,20268749,0.291034
Heap Sort,10000,7947,20268750,0.29077
Heap Sort,10000,7948,20268751,0.290732
Heap Sort,10000,7949,20268752,0.290394
Heap Sort,10000,7950,20268753,0.290308
Heap Sort,10000,7951,20268754,0.288486
Heap Sort,10000,7952,20268755,0.291127
Heap Sort,10000,7953,20268756,0.291046
Heap Sort,10000,7954,20268757,0.29147
Heap Sort,10000,7955,20268758,0.290252
Heap Sort,10000,7956,20268759,0.290123
Heap Sort,10000,7957,20268760,0.28731
Heap Sort,10000,7958,20268761,0.291157
Heap Sort,10000,7959,20268762,0.289981
Heap Sort,10000,7960,20268763,0.291544
Heap Sort,10000,7961,20268764,0.29056
Heap Sort,10000,7962,20268765,0.290056
Heap Sort,10000,7963,20268766,0.293305
Heap Sort,10000,7964,20268767,0.289372
Heap Sort,10000,7965,20268768,0.293766
Heap Sort,10000,7966,20268769,0.28736
Heap Sort,10000,7967,20268770,0.288953
Heap Sort,10000,7968,20268771,0.290726
Heap Sort,10000,7969,20268772,0.29136
Heap Sort,10000,7970,20268773,0.289527
Heap Sort,10000,7971,20268774,0.290566
Heap Sort,10000,7972,20268775,0.291951
Heap Sort,10000,7973,20268776,0.288782
Heap Sort,10000,7974,20268777,0.289901
Heap Sort,10000,7975,20268778,0.28995
Heap Sort,10000,7976,20268779,0.291975
Heap Sort,10000,7977,20268780,0.291871
Heap Sort,10000,7978,20268781,0.290424
Heap Sort,10000,7979,20268782,0.291157
Heap Sort,10000,7980,20268783,0.29352
Heap Sort,10000,7981,20268784,0.290406
Heap Sort,10000,7982,20268785,0.292215
Heap Sort,10000,7983,20268786,0.2908
Heap Sort,10000,7984,20268787,0.288991
Heap Sort,10000,7985,20268788,0.291323
Heap Sort,10000,7986,20268789,0.289932
Heap Sort,10000,7987,20268790,0.292979
Heap Sort,10000,7988,20268791,0.291637
Heap Sort,10000,7989,20268792,0.293298
Heap Sort,10000,7990,20268793,0.289858
Heap Sort,10000,7991,20268794,0.292043
Heap Sort,10000,7992,20268795,0.290018
Heap Sort,10000,7993,20268796,0.291569
Heap Sort,10000,7994,20268797,0.288388
Heap Sort,10000,7995,20268798,0.288622
Heap Sort,10000,7996,20268799,0.291212
Heap Sort,10000,7997,20268800,0.286831
Heap Sort,10000,7998,20268801,0.291742
Heap Sort,10000,7999,20268802,0.289218
Heap Sort,10000,8000,20268803,0.290831
Heap Sort,10000,8001,20268804,0.292326
Heap Sort,10000,8002,20268805,0.291267
Heap Sort,10000,8003,20268806,0.295705
Heap Sort,10000,8004,20268807,0.297083
Heap Sort,10000,8005,20268808,0.343095
Heap Sort,10000,8006,20268809,0.299502
Heap Sort,10000,8007,20268810,0.294024
Heap Sort,10000,8008,20268811,0.288049
Heap Sort,10000,8009,20268812,0.290387
Heap Sort,10000,8010,20268813,0.288824
Heap Sort,10000,8011,20268814,0.2868
Heap Sort,10000,8012,20268815,0.303914
Heap Sort,10000,8013,20268816,0.301329
Heap Sort,10000,8014,20268817,0.295975
Heap Sort,10000,8015,20268818,0.29109
Heap Sort,10000,8016,20268819,0.288991
Heap Sort,10000,8017,20268820,0.291859
Heap Sort,10000,8018,20268821,0.290812
Heap Sort,10000,8019,20268822,0.28856
Heap Sort,10000,8020,20268823,0.289053
Heap Sort,10000,8021,20268824,0.289797
Heap Sort,10000,8022,20268825,0.289323
Heap Sort,10000,8023,20268826,0.289957
Heap Sort,10000,8024,20268827,0.290173
Heap Sort,10000,8025,20268828,0.290216
Heap Sort,10000,8026,20268829,0.290929
Heap Sort,10000,8027,20268830,0.290948
Heap Sort,10000,8028,20268831,0.289034
Heap Sort,10000,8029,20268832,0.289637
Heap Sort,10000,8030,20268833,0.288179
Heap Sort,10000,8031,20268834,0.291126
Heap Sort,10000,8032,20268835,0.28968
Heap Sort,10000,8033,20268836,0.288726
Heap Sort,10000,8034,20268837,0.293372
Heap Sort,10000,8035,20268838,0.290713
Heap Sort,10000,8036,20268839,0.292609
Heap Sort,10000,8037,20268840,0.290547
Heap Sort,10000,8038,20268841,0.289655
Heap Sort,10000,8039,20268842,0.289335
Heap Sort,10000,8040,20268843,0.288332
Heap Sort,10000,8041,20268844,0.289071
Heap Sort,10000,8042,20268845,0.290985
Heap Sort,10000,8043,20268846,0.288757
Heap Sort,10000,8044,20268847,0.289089
Heap Sort,10000,8045,20268848,0.290744
Heap Sort,10000,8046,20268849,0.289501
Heap Sort,10000,8047,20268850,0.290572
Heap Sort,10000,8048,20268851,0.287729
Heap Sort,10000,8049,20268852,0.28995
Heap Sort,10000,8050,20268853,0.28968
Heap Sort,10000,8051,20268854,0.293939
Heap Sort,10000,8052,20268855,0.287551
Heap Sort,10000,8053,20268856,0.293157
Heap Sort,10000,8054,20268857,0.290763
Heap Sort,10000,8055,20268858,0.290726
Heap Sort,10000,8056,20268859,0.288966
Heap Sort,10000,8057,20268860,0.291219
Heap Sort,10000,8058,20268861,0.291704
Heap Sort,10000,8059,20268862,0.289686
Heap Sort,10000,8060,20268863,0.289169
Heap Sort,10000,8061,20268864,0.29141
Heap Sort,10000,8062,20268865,0.289064
Heap Sort,10000,8063,20268866,0.28816
Heap Sort,10000,8064,20268867,0.291969
Heap Sort,10000,8065,20268868,0.290135
Heap Sort,10000,8066,20268869,0.292929
Heap Sort,10000,8067,20268870,0.291612
Heap Sort,10000,8068,20268871,0.28955
Heap Sort,10000,8069,20268872,0.292222
Heap Sort,10000,8070,20268873,0.289581
Heap Sort,10000,8071,20268874,0.291163
Heap Sort,10000,8072,20268875,0.291723
Heap Sort,10000,8073,20268876,0.291741
Heap Sort,10000,8074,20268877,0.288837
Heap Sort,10000,8075,20268878,0.292787
Heap Sort,10000,8076,20268879,0.26861
Heap Sort,10000,8077,20268880,0.292499
Heap Sort,10000,8078,20268881,0.290505
Heap Sort,10000,8079,20268882,0.289699
Heap Sort,10000,8080,20268883,0.288856
Heap Sort,10000,8081,20268884,0.289409
Heap Sort,10000,8082,20268885,0.288111
Heap Sort,10000,8083,20268886,0.287723
Heap Sort,10000,8084,20268887,0.289526
Heap Sort,10000,8085,20268888,0.290443
Heap Sort,10000,8086,20268889,0.289058
Heap Sort,10000,8087,20268890,0.287298
Heap Sort,10000,8088,20268891,0.28856
Heap Sort,10000,8089,20268892,0.288105
Heap Sort,10000,8090,20268893,0.293083
Heap Sort,10000,8091,20268894,0.289501
Heap Sort,10000,8092,20268895,0.287846
Heap Sort,10000,8093,20268896,0.288524
Heap Sort,10000,8094,20268897,0.289649
Heap Sort,10000,8095,20268898,0.28811
Heap Sort,10000,8096,20268899,0.288492
Heap Sort,10000,8097,20268900,0.291077
Heap Sort,10000,8098,20268901,0.289397
Heap Sort,10000,8099,20268902,0.289193
Heap Sort,10000,8100,20268903,0.295219
Heap Sort,10000,8101,20268904,0.291471
Heap Sort,10000,8102,20268905,0.292486
Heap Sort,10000,8103,20268906,0.29176
Heap Sort,10000,8104,20268907,0.292566
Heap Sort,10000,8105,20268908,0.288443
Heap Sort,10000,8106,20268909,0.29064
Heap Sort,10000,8107,20268910,0.292812
Heap Sort,10000,8108,20268911,0.292603
Heap Sort,10000,8109,20268912,0.291273
Heap Sort,10000,8110,20268913,0.285385
Heap Sort,10000,8111,20268914,0.288787
Heap Sort,10000,8112,20268915,0.288744
Heap Sort,10000,8113,20268916,0.289846
Heap Sort,10000,8114,20268917,0.291028
Heap Sort,10000,8115,20268918,0.289662
Heap Sort,10000,8116,20268919,0.289513
Heap Sort,10000,8117,20268920,0.289834
Heap Sort,10000,8118,20268921,0.290898
Heap Sort,10000,8119,20268922,0.293021
Heap Sort,10000,8120,20268923,0.291071
Heap Sort,10000,8121,20268924,0.290665
Heap Sort,10000,8122,20268925,0.321587
Heap Sort,10000,8123,20268926,0.291403
Heap Sort,10000,8124,20268927,0.288056
Heap Sort,10000,8125,20268928,0.290031
Heap Sort,10000,8126,20268929,0.296807
Heap Sort,10000,8127,20268930,0.29056
Heap Sort,10000,8128,20268931,0.291015
Heap Sort,10000,8129,20268932,0.293496
Heap Sort,10000,8130,20268933,0.279723
Heap Sort,10000,8131,20268934,0.290634
Heap Sort,10000,8132,20268935,0.288203
Heap Sort,10000,8133,20268936,0.290339
Heap Sort,10000,8134,20268937,0.289348
Heap Sort,10000,8135,20268938,0.290979
Heap Sort,10000,8136,20268939,0.289662
Heap Sort,10000,8137,20268940,0.296006
Heap Sort,10000,8138,20268941,0.309299
Heap Sort,10000,8139,20268942,0.287243
Heap Sort,10000,8140,20268943,0.291477
Heap Sort,10000,8141,20268944,0.289784
Heap Sort,10000,8142,20268945,0.291606
Heap Sort,10000,8143,20268946,0.291187
Heap Sort,10000,8144,20268947,0.29208
Heap Sort,10000,8145,20268948,0.293711
Heap Sort,10000,8146,20268949,0.301489
Heap Sort,10000,8147,20268950,0.294191
Heap Sort,10000,8148,20268951,0.289938
Heap Sort,10000,8149,20268952,0.289317
Heap Sort,10000,8150,20268953,0.291754
Heap Sort,10000,8151,20268954,0.289169
Heap Sort,10000,8152,20268955,0.291366
Heap Sort,10000,8153,20268956,0.287809
Heap Sort,10000,8154,20268957,0.298991
Heap Sort,10000,8155,20268958,0.292086
Heap Sort,10000,8156,20268959,0.294104
Heap Sort,10000,8157,20268960,0.292437
Heap Sort,10000,8158,20268961,0.29296
Heap Sort,10000,8159,20268962,0.288585
Heap Sort,10000,8160,20268963,0.291065
Heap Sort,10000,8161,20268964,0.291397
Heap Sort,10000,8162,20268965,0.322037
Heap Sort,10000,8163,20268966,0.293323
Heap Sort,10000,8164,20268967,0.2904
Heap Sort,10000,8165,20268968,0.292277
Heap Sort,10000,8166,20268969,0.293274
Heap Sort,10000,8167,20268970,0.291551
Heap Sort,10000,8168,20268971,0.290824
Heap Sort,10000,8169,20268972,0.29032
Heap Sort,10000,8170,20268973,0.288942
Heap Sort,10000,8171,20268974,0.291107
Heap Sort,10000,8172,20268975,0.294714
Heap Sort,10000,8173,20268976,0.29344
Heap Sort,10000,8174,20268977,0.29928
Heap Sort,10000,8175,20268978,0.301784
Heap Sort,10000,8176,20268979,0.292529
Heap Sort,10000,8177,20268980,0.294265
Heap Sort,10000,8178,20268981,0.288333
Heap Sort,10000,8179,20268982,0.28824
Heap Sort,10000,8180,20268983,0.294671
Heap Sort,10000,8181,20268984,0.289514
Heap Sort,10000,8182,20268985,0.2908
Heap Sort,10000,8183,20268986,0.290376
Heap Sort,10000,8184,20268987,0.290813
Heap Sort,10000,8185,20268988,0.28968
Heap Sort,10000,8186,20268989,0.291772
Heap Sort,10000,8187,20268990,0.293508
Heap Sort,10000,8188,20268991,0.289219
Heap Sort,10000,8189,20268992,0.270726
Heap Sort,10000,8190,20268993,0.28947
Heap Sort,10000,8191,20268994,0.29056
Heap Sort,10000,8192,20268995,0.290271
Heap Sort,10000,8193,20268996,0.289631
Heap Sort,10000,8194,20268997,0.289016
Heap Sort,10000,8195,20268998,0.289187
Heap Sort,10000,8196,20268999,0.288461
Heap Sort,10000,8197,20269000,0.289188
Heap Sort,10000,8198,20269001,0.290019
Heap Sort,10000,8199,20269002,0.286615
Heap Sort,10000,8200,20269003,0.29101
Heap Sort,10000,8201,20269004,0.289416
Heap Sort,10000,8202,20269005,0.288652
Heap Sort,10000,8203,20269006,0.292271
Heap Sort,10000,8204,20269007,0.292086
Heap Sort,10000,8205,20269008,0.287791
Heap Sort,10000,8206,20269009,0.291951
Heap Sort,10000,8207,20269010,0.289994
Heap Sort,10000,8208,20269011,0.287274
Heap Sort,10000,8209,20269012,0.29264
Heap Sort,10000,8210,20269013,0.289803
Heap Sort,10000,8211,20269014,0.290062
Heap Sort,10000,8212,20269015,0.289766
Heap Sort,10000,8213,20269016,0.292776
Heap Sort,10000,8214,20269017,0.289224
Heap Sort,10000,8215,20269018,0.290621
Heap Sort,10000,8216,20269019,0.290141
Heap Sort,10000,8217,20269020,0.290966
Heap Sort,10000,8218,20269021,0.292554
Heap Sort,10000,8219,20269022,0.28976
Heap Sort,10000,8220,20269023,0.29016
Heap Sort,10000,8221,20269024,0.289231
Heap Sort,10000,8222,20269025,0.290677
Heap Sort,10000,8223,20269026,0.293618
Heap Sort,10000,8224,20269027,0.290467
Heap Sort,10000,8225,20269028,0.289255
Heap Sort,10000,8226,20269029,0.288874
Heap Sort,10000,8227,20269030,0.290363
Heap Sort,10000,8228,20269031,0.29152
Heap Sort,10000,8229,20269032,0.289655
Heap Sort,10000,8230,20269033,0.29016
Heap Sort,10000,8231,20269034,0.290339
Heap Sort,10000,8232,20269035,0.293557
Heap Sort,10000,8233,20269036,0.288456
Heap Sort,10000,8234,20269037,0.290006
Heap Sort,10000,8235,20269038,0.290751
Heap Sort,10000,8236,20269039,0.291071
Heap Sort,10000,8237,20269040,0.288936
Heap Sort,10000,8238,20269041,0.290493
Heap Sort,10000,8239,20269042,0.289809
Heap Sort,10000,8240,20269043,0.29149
Heap Sort,10000,8241,20269044,0.28821
Heap Sort,10000,8242,20269045,0.295218
Heap Sort,10000,8243,20269046,0.271126
Heap Sort,10000,8244,20269047,0.289255
Heap Sort,10000,8245,20269048,0.290068
Heap Sort,10000,8246,20269049,0.292739
Heap Sort,10000,8247,20269050,0.292387
Heap Sort,10000,8248,20269051,0.292652
Heap Sort,10000,8249,20269052,0.292942
Heap Sort,10000,8250,20269053,0.291951
Heap Sort,10000,8251,20269054,0.289865
Heap Sort,10000,8252,20269055,0.289047
Heap Sort,10000,8253,20269056,0.289502
Heap Sort,10000,8254,20269057,0.298548
Heap Sort,10000,8255,20269058,0.290443
Heap Sort,10000,8256,20269059,0.291539
Heap Sort,10000,8257,20269060,0.29184
Heap Sort,10000,8258,20269061,0.290849
Heap Sort,10000,8259,20269062,0.292474
Heap Sort,10000,8260,20269063,0.290769
Heap Sort,10000,8261,20269064,0.288258
Heap Sort,10000,8262,20269065,0.291416
Heap Sort,10000,8263,20269066,0.289256
Heap Sort,10000,8264,20269067,0.290012
Heap Sort,10000,8265,20269068,0.291391
Heap Sort,10000,8266,20269069,0.291717
Heap Sort,10000,8267,20269070,0.289465
Heap Sort,10000,8268,20269071,0.288246
Heap Sort,10000,8269,20269072,0.289655
Heap Sort,10000,8270,20269073,0.28816
Heap Sort,10000,8271,20269074,0.291754
Heap Sort,10000,8272,20269075,0.290117
Heap Sort,10000,8273,20269076,0.291957
Heap Sort,10000,8274,20269077,0.29064
Heap Sort,10000,8275,20269078,0.290344
Heap Sort,10000,8276,20269079,0.290178
Heap Sort,10000,8277,20269080,0.288585
Heap Sort,10000,8278,20269081,0.289095
Heap Sort,10000,8279,20269082,0.289188
Heap Sort,10000,8280,20269083,0.288222
Heap Sort,10000,8281,20269084,0.288713
Heap Sort,10000,8282,20269085,0.289631
Heap Sort,10000,8283,20269086,0.293791
Heap Sort,10000,8284,20269087,0.289736
Heap Sort,10000,8285,20269088,0.296898
Heap Sort,10000,8286,20269089,0.290664
Heap Sort,10000,8287,20269090,0.360511
Heap Sort,10000,8288,20269091,0.290541
Heap Sort,10000,8289,20269092,0.291656
Heap Sort,10000,8290,20269093,0.290548
Heap Sort,10000,8291,20269094,0.290049
Heap Sort,10000,8292,20269095,0.292338
Heap Sort,10000,8293,20269096,0.291668
Heap Sort,10000,8294,20269097,0.289612
Heap Sort,10000,8295,20269098,0.324473
Heap Sort,10000,8296,20269099,0.291422
Heap Sort,10000,8297,20269100,0.289096
Heap Sort,10000,8298,20269101,0.286173
Heap Sort,10000,8299,20269102,0.291446
Heap Sort,10000,8300,20269103,0.292837
Heap Sort,10000,8301,20269104,0.28896
Heap Sort,10000,8302,20269105,0.289963
Heap Sort,10000,8303,20269106,0.311753
Heap Sort,10000,8304,20269107,0.291833
Heap Sort,10000,8305,20269108,0.290967
Heap Sort,10000,8306,20269109,0.293791
Heap Sort,10000,8307,20269110,0.291298
Heap Sort,10000,8308,20269111,0.291576
Heap Sort,10000,8309,20269112,0.290652
Heap Sort,10000,8310,20269113,0.292148
Heap Sort,10000,8311,20269114,0.300277
Heap Sort,10000,8312,20269115,0.28984
Heap Sort,10000,8313,20269116,0.288837
Heap Sort,10000,8314,20269117,0.289908
Heap Sort,10000,8315,20269118,0.288296
Heap Sort,10000,8316,20269119,0.289016
Heap Sort,10000,8317,20269120,0.291077
Heap Sort,10000,8318,20269121,0.289434
Heap Sort,10000,8319,20269122,0.318775
Heap Sort,10000,8320,20269123,0.290135
Heap Sort,10000,8321,20269124,0.291852
Heap Sort,10000,8322,20269125,0.289003
Heap Sort,10000,8323,20269126,0.290566
Heap Sort,10000,8324,20269127,0.287963
Heap Sort,10000,8325,20269128,0.294609
Heap Sort,10000,8326,20269129,0.289034
Heap Sort,10000,8327,20269130,0.290431
Heap Sort,10000,8328,20269131,0.289218
Heap Sort,10000,8329,20269132,0.292056
Heap Sort,10000,8330,20269133,0.294492
Heap Sort,10000,8331,20269134,0.290579
Heap Sort,10000,8332,20269135,0.288819
Heap Sort,10000,8333,20269136,0.295631
Heap Sort,10000,8334,20269137,0.296936
Heap Sort,10000,8335,20269138,0.29469
Heap Sort,10000,8336,20269139,0.293219
Heap Sort,10000,8337,20269140,0.292702
Heap Sort,10000,8338,20269141,0.295164
Heap Sort,10000,8339,20269142,0.289914
Heap Sort,10000,8340,20269143,0.292129
Heap Sort,10000,8341,20269144,0.293631
Heap Sort,10000,8342,20269145,0.297015
Heap Sort,10000,8343,20269146,0.278911
Heap Sort,10000,8344,20269147,0.300664
Heap Sort,10000,8345,20269148,0.295847
Heap Sort,10000,8346,20269149,0.289526
Heap Sort,10000,8347,20269150,0.290055
Heap Sort,10000,8348,20269151,0.293563
Heap Sort,10000,8349,20269152,0.291015
Heap Sort,10000,8350,20269153,0.291126
Heap Sort,10000,8351,20269154,0.290363
Heap Sort,10000,8352,20269155,0.291902
Heap Sort,10000,8353,20269156,0.289292
Heap Sort,10000,8354,20269157,0.290831
Heap Sort,10000,8355,20269158,0.292252
Heap Sort,10000,8356,20269159,0.288585
Heap Sort,10000,8357,20269160,0.293594
Heap Sort,10000,8358,20269161,0.291483
Heap Sort,10000,8359,20269162,0.292326
Heap Sort,10000,8360,20269163,0.29128
Heap Sort,10000,8361,20269164,0.289483
Heap Sort,10000,8362,20269165,0.291465
Heap Sort,10000,8363,20269166,0.291458
Heap Sort,10000,8364,20269167,0.350431
Heap Sort,10000,8365,20269168,0.292277
Heap Sort,10000,8366,20269169,0.292819
Heap Sort,10000,8367,20269170,0.28928
Heap Sort,10000,8368,20269171,0.290837
Heap Sort,10000,8369,20269172,0.28979
Heap Sort,10000,8370,20269173,0.289661
Heap Sort,10000,8371,20269174,0.292775
Heap Sort,10000,8372,20269175,0.307009
Heap Sort,10000,8373,20269176,0.290172
Heap Sort,10000,8374,20269177,0.290924
Heap Sort,10000,8375,20269178,0.291366
Heap Sort,10000,8376,20269179,0.289902
Heap Sort,10000,8377,20269180,0.289114
Heap Sort,10000,8378,20269181,0.29104
Heap Sort,10000,8379,20269182,0.290911
Heap Sort,10000,8380,20269183,0.279975
Heap Sort,10000,8381,20269184,0.291631
Heap Sort,10000,8382,20269185,0.290283
Heap Sort,10000,8383,20269186,0.290874
Heap Sort,10000,8384,20269187,0.291428
Heap Sort,10000,8385,20269188,0.288393
Heap Sort,10000,8386,20269189,0.289612
Heap Sort,10000,8387,20269190,0.287908
Heap Sort,10000,8388,20269191,0.287778
Heap Sort,10000,8389,20269192,0.287834
Heap Sort,10000,8390,20269193,0.290332
Heap Sort,10000,8391,20269194,0.289243
Heap Sort,10000,8392,20269195,0.287415
Heap Sort,10000,8393,20269196,0.2928
Heap Sort,10000,8394,20269197,0.28869
Heap Sort,10000,8395,20269198,0.290855
Heap Sort,10000,8396,20269199,0.285292
Heap Sort,10000,8397,20269200,0.294345
Heap Sort,10000,8398,20269201,0.289723
Heap Sort,10000,8399,20269202,0.292203
Heap Sort,10000,8400,20269203,0.29264
Heap Sort,10000,8401,20269204,0.292554
Heap Sort,10000,8402,20269205,0.288665
Heap Sort,10000,8403,20269206,0.289446
Heap Sort,10000,8404,20269207,0.279348
Heap Sort,10000,8405,20269208,0.289139
Heap Sort,10000,8406,20269209,0.289514
Heap Sort,10000,8407,20269210,0.289729
Heap Sort,10000,8408,20269211,0.288566
Heap Sort,10000,8409,20269212,0.291348
Heap Sort,10000,8410,20269213,0.289471
Heap Sort,10000,8411,20269214,0.292726
Heap Sort,10000,8412,20269215,0.290258
Heap Sort,10000,8413,20269216,0.291636
Heap Sort,10000,8414,20269217,0.289945
Heap Sort,10000,8415,20269218,0.293077
Heap Sort,10000,8416,20269219,0.29264
Heap Sort,10000,8417,20269220,0.290671
Heap Sort,10000,8418,20269221,0.292567
Heap Sort,10000,8419,20269222,0.291495
Heap Sort,10000,8420,20269223,0.301828
Heap Sort,10000,8421,20269224,0.291631
Heap Sort,10000,8422,20269225,0.290314
Heap Sort,10000,8423,20269226,0.292006
Heap Sort,10000,8424,20269227,0.29208
Heap Sort,10000,8425,20269228,0.29224
Heap Sort,10000,8426,20269229,0.288849
Heap Sort,10000,8427,20269230,0.292898
Heap Sort,10000,8428,20269231,0.350825
Heap Sort,10000,8429,20269232,0.290191
Heap Sort,10000,8430,20269233,0.288456
Heap Sort,10000,8431,20269234,0.293243
Heap Sort,10000,8432,20269235,0.291828
Heap Sort,10000,8433,20269236,0.291403
Heap Sort,10000,8434,20269237,0.291612
Heap Sort,10000,8435,20269238,0.292892
Heap Sort,10000,8436,20269239,0.343797
Heap Sort,10000,8437,20269240,0.29032
Heap Sort,10000,8438,20269241,0.289938
Heap Sort,10000,8439,20269242,0.289674
Heap Sort,10000,8440,20269243,0.293028
Heap Sort,10000,8441,20269244,0.292523
Heap Sort,10000,8442,20269245,0.29176
Heap Sort,10000,8443,20269246,0.290055
Heap Sort,10000,8444,20269247,0.314689
Heap Sort,10000,8445,20269248,0.292098
Heap Sort,10000,8446,20269249,0.287723
Heap Sort,10000,8447,20269250,0.2916
Heap Sort,10000,8448,20269251,0.288216
Heap Sort,10000,8449,20269252,0.28768
Heap Sort,10000,8450,20269253,0.29157
Heap Sort,10000,8451,20269254,0.28928
Heap Sort,10000,8452,20269255,0.326886
Heap Sort,10000,8453,20269256,0.291797
Heap Sort,10000,8454,20269257,0.290505
Heap Sort,10000,8455,20269258,0.290868
Heap Sort,10000,8456,20269259,0.289655
Heap Sort,10000,8457,20269260,0.289163
Heap Sort,10000,8458,20269261,0.270843
Heap Sort,10000,8459,20269262,0.286037
Heap Sort,10000,8460,20269263,0.290129
Heap Sort,10000,8461,20269264,0.286978
Heap Sort,10000,8462,20269265,0.290074
Heap Sort,10000,8463,20269266,0.290326
Heap Sort,10000,8464,20269267,0.292099
Heap Sort,10000,8465,20269268,0.291785
Heap Sort,10000,8466,20269269,0.290105
Heap Sort,10000,8467,20269270,0.288148
Heap Sort,10000,8468,20269271,0.289686
Heap Sort,10000,8469,20269272,0.290216
Heap Sort,10000,8470,20269273,0.290375
Heap Sort,10000,8471,20269274,0.290167
Heap Sort,10000,8472,20269275,0.290498
Heap Sort,10000,8473,20269276,0.291138
Heap Sort,10000,8474,20269277,0.289716
Heap Sort,10000,8475,20269278,0.292031
Heap Sort,10000,8476,20269279,0.340886
Heap Sort,10000,8477,20269280,0.290732
Heap Sort,10000,8478,20269281,0.290708
Heap Sort,10000,8479,20269282,0.288591
Heap Sort,10000,8480,20269283,0.291508
Heap Sort,10000,8481,20269284,0.28896
Heap Sort,10000,8482,20269285,0.29299
Heap Sort,10000,8483,20269286,0.288585
Heap Sort,10000,8484,20269287,0.339588
Heap Sort,10000,8485,20269288,0.289409
Heap Sort,10000,8486,20269289,0.290376
Heap Sort,10000,8487,20269290,0.289624
Heap Sort,10000,8488,20269291,0.29032
Heap Sort,10000,8489,20269292,0.288419
Heap Sort,10000,8490,20269293,0.291957
Heap Sort,10000,8491,20269294,0.291993
Heap Sort,10000,8492,20269295,0.286917
Heap Sort,10000,8493,20269296,0.291717
Heap Sort,10000,8494,20269297,0.28864
Heap Sort,10000,8495,20269298,0.281704
Heap Sort,10000,8496,20269299,0.281538
Heap Sort,10000,8497,20269300,0.282068
Heap Sort,10000,8498,20269301,0.278904
Heap Sort,10000,8499,20269302,0.301003
Heap Sort,10000,8500,20269303,0.280929
Heap Sort,10000,8501,20269304,0.280579
Heap Sort,10000,8502,20269305,0.280659
Heap Sort,10000,8503,20269306,0.28195
Heap Sort,10000,8504,20269307,0.279908
Heap Sort,10000,8505,20269308,0.280566
Heap Sort,10000,8506,20269309,0.279397
Heap Sort,10000,8507,20269310,0.279427
Heap Sort,10000,8508,20269311,0.280351
Heap Sort,10000,8509,20269312,0.282153
Heap Sort,10000,8510,20269313,0.283261
Heap Sort,10000,8511,20269314,0.286357
Heap Sort,10000,8512,20269315,0.291262
Heap Sort,10000,8513,20269316,0.290763
Heap Sort,10000,8514,20269317,0.284535
Heap Sort,10000,8515,20269318,0.280517
Heap Sort,10000,8516,20269319,0.27784
Heap Sort,10000,8517,20269320,0.298265
Heap Sort,10000,8518,20269321,0.277981
Heap Sort,10000,8519,20269322,0.278234
Heap Sort,10000,8520,20269323,0.278327
Heap Sort,10000,8521,20269324,0.279164
Heap Sort,10000,8522,20269325,0.279354
Heap Sort,10000,8523,20269326,0.279022
Heap Sort,10000,8524,20269327,0.277533
Heap Sort,10000,8525,20269328,0.298658
Heap Sort,10000,8526,20269329,0.4272
Heap Sort,10000,8527,20269330,0.278769
Heap Sort,10000,8528,20269331,0.278843
Heap Sort,10000,8529,20269332,0.297274
Heap Sort,10000,8530,20269333,0.28768
Heap Sort,10000,8531,20269334,0.278646
Heap Sort,10000,8532,20269335,0.278929
Heap Sort,10000,8533,20269336,0.297902
Heap Sort,10000,8534,20269337,0.281643
Heap Sort,10000,8535,20269338,0.300104
Heap Sort,10000,8536,20269339,0.276283
Heap Sort,10000,8537,20269340,0.29685
Heap Sort,10000,8538,20269341,0.279433
Heap Sort,10000,8539,20269342,0.277975
Heap Sort,10000,8540,20269343,0.278068
Heap Sort,10000,8541,20269344,0.278886
Heap Sort,10000,8542,20269345,0.280332
Heap Sort,10000,8543,20269346,0.29915
Heap Sort,10000,8544,20269347,0.278578
Heap Sort,10000,8545,20269348,0.277409
Heap Sort,10000,8546,20269349,0.279188
Heap Sort,10000,8547,20269350,0.280019
Heap Sort,10000,8548,20269351,0.277674
Heap Sort,10000,8549,20269352,0.277508
Heap Sort,10000,8550,20269353,0.300683
Heap Sort,10000,8551,20269354,0.279544
Heap Sort,10000,8552,20269355,0.281391
Heap Sort,10000,8553,20269356,0.277742
Heap Sort,10000,8554,20269357,0.275963
Heap Sort,10000,8555,20269358,0.297797
Heap Sort,10000,8556,20269359,0.277102
Heap Sort,10000,8557,20269360,0.278339
Heap Sort,10000,8558,20269361,0.299643
Heap Sort,10000,8559,20269362,0.281015
Heap Sort,10000,8560,20269363,0.292714
Heap Sort,10000,8561,20269364,0.278713
Heap Sort,10000,8562,20269365,0.279655
Heap Sort,10000,8563,20269366,0.299495
Heap Sort,10000,8564,20269367,0.27792
Heap Sort,10000,8565,20269368,0.280603
Heap Sort,10000,8566,20269369,0.277753
Heap Sort,10000,8567,20269370,0.277864
Heap Sort,10000,8568,20269371,0.278727
Heap Sort,10000,8569,20269372,0.278264
Heap Sort,10000,8570,20269373,0.276523
Heap Sort,10000,8571,20269374,0.279711
Heap Sort,10000,8572,20269375,0.279717
Heap Sort,10000,8573,20269376,0.279741
Heap Sort,10000,8574,20269377,0.27744
Heap Sort,10000,8575,20269378,0.276018
Heap Sort,10000,8576,20269379,0.277772
Heap Sort,10000,8577,20269380,0.298516
Heap Sort,10000,8578,20269381,0.278973
Heap Sort,10000,8579,20269382,0.279434
Heap Sort,10000,8580,20269383,0.277883
Heap Sort,10000,8581,20269384,0.28067
Heap Sort,10000,8582,20269385,0.276375
Heap Sort,10000,8583,20269386,0.30096
Heap Sort,10000,8584,20269387,0.277243
Heap Sort,10000,8585,20269388,0.279465
Heap Sort,10000,8586,20269389,0.280474
Heap Sort,10000,8587,20269390,0.27845
Heap Sort,10000,8588,20269391,0.282615
Heap Sort,10000,8589,20269392,0.298677
Heap Sort,10000,8590,20269393,0.348252
Heap Sort,10000,8591,20269394,0.278664
Heap Sort,10000,8592,20269395,0.299144
Heap Sort,10000,8593,20269396,0.297267
Heap Sort,10000,8594,20269397,0.277329
Heap Sort,10000,8595,20269398,0.279618
Heap Sort,10000,8596,20269399,0.27984
Heap Sort,10000,8597,20269400,0.280043
Heap Sort,10000,8598,20269401,0.279624
Heap Sort,10000,8599,20269402,0.280751
Heap Sort,10000,8600,20269403,0.278437
Heap Sort,10000,8601,20269404,0.290973
Heap Sort,10000,8602,20269405,0.278289
Heap Sort,10000,8603,20269406,0.298431
Heap Sort,10000,8604,20269407,0.280806
Heap Sort,10000,8605,20269408,0.279643
Heap Sort,10000,8606,20269409,0.276689
Heap Sort,10000,8607,20269410,0.276504
Heap Sort,10000,8608,20269411,0.278505
Heap Sort,10000,8609,20269412,0.280338
Heap Sort,10000,8610,20269413,0.277391
Heap Sort,10000,8611,20269414,0.278745
Heap Sort,10000,8612,20269415,0.279575
Heap Sort,10000,8613,20269416,0.279274
Heap Sort,10000,8614,20269417,0.278388
Heap Sort,10000,8615,20269418,0.297003
Heap Sort,10000,8616,20269419,0.299101
Heap Sort,10000,8617,20269420,0.278917
Heap Sort,10000,8618,20269421,0.277877
Heap Sort,10000,8619,20269422,0.279557
Heap Sort,10000,8620,20269423,0.279803
Heap Sort,10000,8621,20269424,0.280184
Heap Sort,10000,8622,20269425,0.278258
Heap Sort,10000,8623,20269426,0.278751
Heap Sort,10000,8624,20269427,0.277501
Heap Sort,10000,8625,20269428,0.282394
Heap Sort,10000,8626,20269429,0.28064
Heap Sort,10000,8627,20269430,0.279188
Heap Sort,10000,8628,20269431,0.27752
Heap Sort,10000,8629,20269432,0.27851
Heap Sort,10000,8630,20269433,0.278788
Heap Sort,10000,8631,20269434,0.326886
Heap Sort,10000,8632,20269435,0.2804
Heap Sort,10000,8633,20269436,0.29872
Heap Sort,10000,8634,20269437,0.284271
Heap Sort,10000,8635,20269438,0.279329
Heap Sort,10000,8636,20269439,0.280782
Heap Sort,10000,8637,20269440,0.280326
Heap Sort,10000,8638,20269441,0.281772
Heap Sort,10000,8639,20269442,0.278837
Heap Sort,10000,8640,20269443,0.282037
Heap Sort,10000,8641,20269444,0.27912
Heap Sort,10000,8642,20269445,0.27984
Heap Sort,10000,8643,20269446,0.280536
Heap Sort,10000,8644,20269447,0.29992
Heap Sort,10000,8645,20269448,0.281046
Heap Sort,10000,8646,20269449,0.277662
Heap Sort,10000,8647,20269450,0.298696
Heap Sort,10000,8648,20269451,0.280757
Heap Sort,10000,8649,20269452,0.29808
Heap Sort,10000,8650,20269453,0.347969
Heap Sort,10000,8651,20269454,0.281877
Heap Sort,10000,8652,20269455,0.280597
Heap Sort,10000,8653,20269456,0.281532
Heap Sort,10000,8654,20269457,0.281938
Heap Sort,10000,8655,20269458,0.278419
Heap Sort,10000,8656,20269459,0.278806
Heap Sort,10000,8657,20269460,0.277729
Heap Sort,10000,8658,20269461,0.278
Heap Sort,10000,8659,20269462,0.28189
Heap Sort,10000,8660,20269463,0.280967
Heap Sort,10000,8661,20269464,0.299551
Heap Sort,10000,8662,20269465,0.278461
Heap Sort,10000,8663,20269466,0.280542
Heap Sort,10000,8664,20269467,0.297939
Heap Sort,10000,8665,20269468,0.277453
Heap Sort,10000,8666,20269469,0.297231
Heap Sort,10000,8667,20269470,0.279181
Heap Sort,10000,8668,20269471,0.2796
Heap Sort,10000,8669,20269472,0.297286
Heap Sort,10000,8670,20269473,0.280529
Heap Sort,10000,8671,20269474,0.277348
Heap Sort,10000,8672,20269475,0.300425
Heap Sort,10000,8673,20269476,0.280628
Heap Sort,10000,8674,20269477,0.277815
Heap Sort,10000,8675,20269478,0.283089
Heap Sort,10000,8676,20269479,0.27952
Heap Sort,10000,8677,20269480,0.27851
Heap Sort,10000,8678,20269481,0.300991
Heap Sort,10000,8679,20269482,0.283016
Heap Sort,10000,8680,20269483,0.305219
Heap Sort,10000,8681,20269484,0.288861
Heap Sort,10000,8682,20269485,0.287655
Heap Sort,10000,8683,20269486,0.282947
Heap Sort,10000,8684,20269487,0.294363
Heap Sort,10000,8685,20269488,0.283144
Heap Sort,10000,8686,20269489,0.282591
Heap Sort,10000,8687,20269490,0.280265
Heap Sort,10000,8688,20269491,0.311852
Heap Sort,10000,8689,20269492,0.281298
Heap Sort,10000,8690,20269493,0.278166
Heap Sort,10000,8691,20269494,0.279901
Heap Sort,10000,8692,20269495,0.280148
Heap Sort,10000,8693,20269496,0.281009
Heap Sort,10000,8694,20269497,0.298474
Heap Sort,10000,8695,20269498,0.280431
Heap Sort,10000,8696,20269499,0.280701
Heap Sort,10000,8697,20269500,0.280424
Heap Sort,10000,8698,20269501,0.282603
Heap Sort,10000,8699,20269502,0.279169
Heap Sort,10000,8700,20269503,0.280105
Heap Sort,10000,8701,20269504,0.279619
Heap Sort,10000,8702,20269505,0.281329
Heap Sort,10000,8703,20269506,0.300302
Heap Sort,10000,8704,20269507,0.279526
Heap Sort,10000,8705,20269508,0.27728
Heap Sort,10000,8706,20269509,0.298701
Heap Sort,10000,8707,20269510,0.279336
Heap Sort,10000,8708,20269511,0.279218
Heap Sort,10000,8709,20269512,0.278874
Heap Sort,10000,8710,20269513,0.280154
Heap Sort,10000,8711,20269514,0.279951
Heap Sort,10000,8712,20269515,0.27643
Heap Sort,10000,8713,20269516,0.27776
Heap Sort,10000,8714,20269517,0.278449
Heap Sort,10000,8715,20269518,0.278806
Heap Sort,10000,8716,20269519,0.279169
Heap Sort,10000,8717,20269520,0.280701
Heap Sort,10000,8718,20269521,0.272825
Heap Sort,10000,8719,20269522,0.278277
Heap Sort,10000,8720,20269523,0.275754
Heap Sort,10000,8721,20269524,0.279016
Heap Sort,10000,8722,20269525,0.281065
Heap Sort,10000,8723,20269526,0.279828
Heap Sort,10000,8724,20269527,0.279698
Heap Sort,10000,8725,20269528,0.298566
Heap Sort,10000,8726,20269529,0.278289
Heap Sort,10000,8727,20269530,0.297662
Heap Sort,10000,8728,20269531,0.277588
Heap Sort,10000,8729,20269532,0.297693
Heap Sort,10000,8730,20269533,0.301582
Heap Sort,10000,8731,20269534,0.298979
Heap Sort,10000,8732,20269535,0.299422
Heap Sort,10000,8733,20269536,0.301304
Heap Sort,10000,8734,20269537,0.280899
Heap Sort,10000,8735,20269538,0.279421
Heap Sort,10000,8736,20269539,0.278868
Heap Sort,10000,8737,20269540,0.277779
Heap Sort,10000,8738,20269541,0.282781
Heap Sort,10000,8739,20269542,0.299421
Heap Sort,10000,8740,20269543,0.281108
Heap Sort,10000,8741,20269544,0.278708
Heap Sort,10000,8742,20269545,0.29968
Heap Sort,10000,8743,20269546,0.27896
Heap Sort,10000,8744,20269547,0.280511
Heap Sort,10000,8745,20269548,0.297637
Heap Sort,10000,8746,20269549,0.278585
Heap Sort,10000,8747,20269550,0.280622
Heap Sort,10000,8748,20269551,0.281772
Heap Sort,10000,8749,20269552,0.300369
Heap Sort,10000,8750,20269553,0.279274
Heap Sort,10000,8751,20269554,0.27936
Heap Sort,10000,8752,20269555,0.278658
Heap Sort,10000,8753,20269556,0.279194
Heap Sort,10000,8754,20269557,0.298979
Heap Sort,10000,8755,20269558,0.276837
Heap Sort,10000,8756,20269559,0.279612
Heap Sort,10000,8757,20269560,0.280345
Heap Sort,10000,8758,20269561,0.298369
Heap Sort,10000,8759,20269562,0.279526
Heap Sort,10000,8760,20269563,0.280449
Heap Sort,10000,8761,20269564,0.279126
Heap Sort,10000,8762,20269565,0.284074
Heap Sort,10000,8763,20269566,0.278898
Heap Sort,10000,8764,20269567,0.279341
Heap Sort,10000,8765,20269568,0.277588
Heap Sort,10000,8766,20269569,0.277225
Heap Sort,10000,8767,20269570,0.302221
Heap Sort,10000,8768,20269571,0.278658
Heap Sort,10000,8769,20269572,0.278234
Heap Sort,10000,8770,20269573,0.298413
Heap Sort,10000,8771,20269574,0.279588
Heap Sort,10000,8772,20269575,0.27739
Heap Sort,10000,8773,20269576,0.276289
Heap Sort,10000,8774,20269577,0.278683
Heap Sort,10000,8775,20269578,0.276966
Heap Sort,10000,8776,20269579,0.280258
Heap Sort,10000,8777,20269580,0.277834
Heap Sort,10000,8778,20269581,0.279298
Heap Sort,10000,8779,20269582,0.28136
Heap Sort,10000,8780,20269583,0.278751
Heap Sort,10000,8781,20269584,0.27693
Heap Sort,10000,8782,20269585,0.279735
Heap Sort,10000,8783,20269586,0.299871
Heap Sort,10000,8784,20269587,0.278757
Heap Sort,10000,8785,20269588,0.281089
Heap Sort,10000,8786,20269589,0.32587
Heap Sort,10000,8787,20269590,0.277348
Heap Sort,10000,8788,20269591,0.27896
Heap Sort,10000,8789,20269592,0.280824
Heap Sort,10000,8790,20269593,0.277501
Heap Sort,10000,8791,20269594,0.278264
Heap Sort,10000,8792,20269595,0.279108
Heap Sort,10000,8793,20269596,0.277625
Heap Sort,10000,8794,20269597,0.277606
Heap Sort,10000,8795,20269598,0.281016
Heap Sort,10000,8796,20269599,0.279951
Heap Sort,10000,8797,20269600,0.281686
Heap Sort,10000,8798,20269601,0.297539
Heap Sort,10000,8799,20269602,0.278806
Heap Sort,10000,8800,20269603,0.279034
Heap Sort,10000,8801,20269604,0.278769
Heap Sort,10000,8802,20269605,0.300701
Heap Sort,10000,8803,20269606,0.277526
Heap Sort,10000,8804,20269607,0.277895
Heap Sort,10000,8805,20269608,0.298215
Heap Sort,10000,8806,20269609,0.280173
Heap Sort,10000,8807,20269610,0.277077
Heap Sort,10000,8808,20269611,0.280609
Heap Sort,10000,8809,20269612,0.283138
Heap Sort,10000,8810,20269613,0.278787
Heap Sort,10000,8811,20269614,0.281027
Heap Sort,10000,8812,20269615,0.279015
Heap Sort,10000,8813,20269616,0.27832
Heap Sort,10000,8814,20269617,0.279649
Heap Sort,10000,8815,20269618,0.278037
Heap Sort,10000,8816,20269619,0.288819
Heap Sort,10000,8817,20269620,0.280807
Heap Sort,10000,8818,20269621,0.277415
Heap Sort,10000,8819,20269622,0.279003
Heap Sort,10000,8820,20269623,0.281378
Heap Sort,10000,8821,20269624,0.280868
Heap Sort,10000,8822,20269625,0.278068
Heap Sort,10000,8823,20269626,0.280818
Heap Sort,10000,8824,20269627,0.297766
Heap Sort,10000,8825,20269628,0.300123
Heap Sort,10000,8826,20269629,0.279612
Heap Sort,10000,8827,20269630,0.299981
Heap Sort,10000,8828,20269631,0.274751
Heap Sort,10000,8829,20269632,0.276031
Heap Sort,10000,8830,20269633,0.31259
Heap Sort,10000,8831,20269634,0.291834
Heap Sort,10000,8832,20269635,0.281027
Heap Sort,10000,8833,20269636,0.282277
Heap Sort,10000,8834,20269637,0.301668
Heap Sort,10000,8835,20269638,0.301976
Heap Sort,10000,8836,20269639,0.282166
Heap Sort,10000,8837,20269640,0.279237
Heap Sort,10000,8838,20269641,0.280947
Heap Sort,10000,8839,20269642,0.298006
Heap Sort,10000,8840,20269643,0.278215
Heap Sort,10000,8841,20269644,0.281028
Heap Sort,10000,8842,20269645,0.278899
Heap Sort,10000,8843,20269646,0.323951
Heap Sort,10000,8844,20269647,0.279422
Heap Sort,10000,8845,20269648,0.300849
Heap Sort,10000,8846,20269649,0.280535
Heap Sort,10000,8847,20269650,0.277237
Heap Sort,10000,8848,20269651,0.284098
Heap Sort,10000,8849,20269652,0.283507
Heap Sort,10000,8850,20269653,0.288775
Heap Sort,10000,8851,20269654,0.28776
Heap Sort,10000,8852,20269655,0.282935
Heap Sort,10000,8853,20269656,0.279526
Heap Sort,10000,8854,20269657,0.278172
Heap Sort,10000,8855,20269658,0.280942
Heap Sort,10000,8856,20269659,0.278019
Heap Sort,10000,8857,20269660,0.280486
Heap Sort,10000,8858,20269661,0.299895
Heap Sort,10000,8859,20269662,0.297643
Heap Sort,10000,8860,20269663,0.280473
Heap Sort,10000,8861,20269664,0.282911
Heap Sort,10000,8862,20269665,0.280825
Heap Sort,10000,8863,20269666,0.279016
Heap Sort,10000,8864,20269667,0.280474
Heap Sort,10000,8865,20269668,0.278794
Heap Sort,10000,8866,20269669,0.280037
Heap Sort,10000,8867,20269670,0.279901
Heap Sort,10000,8868,20269671,0.277723
Heap Sort,10000,8869,20269672,0.279809
Heap Sort,10000,8870,20269673,0.278524
Heap Sort,10000,8871,20269674,0.279477
Heap Sort,10000,8872,20269675,0.277754
Heap Sort,10000,8873,20269676,0.280597
Heap Sort,10000,8874,20269677,0.27896
Heap Sort,10000,8875,20269678,0.28032
Heap Sort,10000,8876,20269679,0.29987
Heap Sort,10000,8877,20269680,0.277385
Heap Sort,10000,8878,20269681,0.28072
Heap Sort,10000,8879,20269682,0.279822
Heap Sort,10000,8880,20269683,0.279218
Heap Sort,10000,8881,20269684,0.280283
Heap Sort,10000,8882,20269685,0.278985
Heap Sort,10000,8883,20269686,0.281089
Heap Sort,10000,8884,20269687,0.279058
Heap Sort,10000,8885,20269688,0.28064
Heap Sort,10000,8886,20269689,0.298769
Heap Sort,10000,8887,20269690,0.276991
Heap Sort,10000,8888,20269691,0.278394
Heap Sort,10000,8889,20269692,0.276584
Heap Sort,10000,8890,20269693,0.299219
Heap Sort,10000,8891,20269694,0.278031
Heap Sort,10000,8892,20269695,0.287853
Heap Sort,10000,8893,20269696,0.279804
Heap Sort,10000,8894,20269697,0.281514
Heap Sort,10000,8895,20269698,0.298511
Heap Sort,10000,8896,20269699,0.2804
Heap Sort,10000,8897,20269700,0.297187
Heap Sort,10000,8898,20269701,0.276517
Heap Sort,10000,8899,20269702,0.298289
Heap Sort,10000,8900,20269703,0.27672
Heap Sort,10000,8901,20269704,0.299981
Heap Sort,10000,8902,20269705,0.27715
Heap Sort,10000,8903,20269706,0.2796
Heap Sort,10000,8904,20269707,0.298751
Heap Sort,10000,8905,20269708,0.29805
Heap Sort,10000,8906,20269709,0.2792
Heap Sort,10000,8907,20269710,0.280086
Heap Sort,10000,8908,20269711,0.279077
Heap Sort,10000,8909,20269712,0.28157
Heap Sort,10000,8910,20269713,0.300099
Heap Sort,10000,8911,20269714,0.287003
Heap Sort,10000,8912,20269715,0.278388
Heap Sort,10000,8913,20269716,0.275963
Heap Sort,10000,8914,20269717,0.276954
Heap Sort,10000,8915,20269718,0.278578
Heap Sort,10000,8916,20269719,0.276104
Heap Sort,10000,8917,20269720,0.298351
Heap Sort,10000,8918,20269721,0.281243
Heap Sort,10000,8919,20269722,0.278252
Heap Sort,10000,8920,20269723,0.278216
Heap Sort,10000,8921,20269724,0.276167
Heap Sort,10000,8922,20269725,0.289507
Heap Sort,10000,8923,20269726,0.27936
Heap Sort,10000,8924,20269727,0.299317
Heap Sort,10000,8925,20269728,0.275908
Heap Sort,10000,8926,20269729,0.29752
Heap Sort,10000,8927,20269730,0.27728
Heap Sort,10000,8928,20269731,0.280935
Heap Sort,10000,8929,20269732,0.279458
Heap Sort,10000,8930,20269733,0.278142
Heap Sort,10000,8931,20269734,0.280904
Heap Sort,10000,8932,20269735,0.280037
Heap Sort,10000,8933,20269736,0.303471
Heap Sort,10000,8934,20269737,0.279169
Heap Sort,10000,8935,20269738,0.280856
Heap Sort,10000,8936,20269739,0.277816
Heap Sort,10000,8937,20269740,0.279465
Heap Sort,10000,8938,20269741,0.279028
Heap Sort,10000,8939,20269742,0.300905
Heap Sort,10000,8940,20269743,0.280289
Heap Sort,10000,8941,20269744,0.277809
Heap Sort,10000,8942,20269745,0.280603
Heap Sort,10000,8943,20269746,0.301022
Heap Sort,10000,8944,20269747,0.278197
Heap Sort,10000,8945,20269748,0.296787
Heap Sort,10000,8946,20269749,0.279988
Heap Sort,10000,8947,20269750,0.279698
Heap Sort,10000,8948,20269751,0.29952
Heap Sort,10000,8949,20269752,0.278252
Heap Sort,10000,8950,20269753,0.276393
Heap Sort,10000,8951,20269754,0.277864
Heap Sort,10000,8952,20269755,0.288289
Heap Sort,10000,8953,20269756,0.281735
Heap Sort,10000,8954,20269757,0.280098
Heap Sort,10000,8955,20269758,0.280012
Heap Sort,10000,8956,20269759,0.280252
Heap Sort,10000,8957,20269760,0.279434
Heap Sort,10000,8958,20269761,0.280739
Heap Sort,10000,8959,20269762,0.277176
Heap Sort,10000,8960,20269763,0.280172
Heap Sort,10000,8961,20269764,0.279052
Heap Sort,10000,8962,20269765,0.279052
Heap Sort,10000,8963,20269766,0.28189
Heap Sort,10000,8964,20269767,0.280228
Heap Sort,10000,8965,20269768,0.298973
Heap Sort,10000,8966,20269769,0.279864
Heap Sort,10000,8967,20269770,0.27867
Heap Sort,10000,8968,20269771,0.278886
Heap Sort,10000,8969,20269772,0.28131
Heap Sort,10000,8970,20269773,0.28024
Heap Sort,10000,8971,20269774,0.279126
Heap Sort,10000,8972,20269775,0.299237
Heap Sort,10000,8973,20269776,0.298726
Heap Sort,10000,8974,20269777,0.281501
Heap Sort,10000,8975,20269778,0.280979
Heap Sort,10000,8976,20269779,0.280332
Heap Sort,10000,8977,20269780,0.280867
Heap Sort,10000,8978,20269781,0.276818
Heap Sort,10000,8979,20269782,0.276473
Heap Sort,10000,8980,20269783,0.279175
Heap Sort,10000,8981,20269784,0.277077
Heap Sort,10000,8982,20269785,0.282172
Heap Sort,10000,8983,20269786,0.276917
Heap Sort,10000,8984,20269787,0.279557
Heap Sort,10000,8985,20269788,0.275981
Heap Sort,10000,8986,20269789,0.29757
Heap Sort,10000,8987,20269790,0.278173
Heap Sort,10000,8988,20269791,0.279138
Heap Sort,10000,8989,20269792,0.29971
Heap Sort,10000,8990,20269793,0.27776
Heap Sort,10000,8991,20269794,0.276664
Heap Sort,10000,8992,20269795,0.278615
Heap Sort,10000,8993,20269796,0.280326
Heap Sort,10000,8994,20269797,0.280825
Heap Sort,10000,8995,20269798,0.278344
Heap Sort,10000,8996,20269799,0.297551
Heap Sort,10000,8997,20269800,0.279163
Heap Sort,10000,8998,20269801,0.278542
Heap Sort,10000,8999,20269802,0.277785
Heap Sort,10000,9000,20269803,0.279661
Heap Sort,10000,9001,20269804,0.289815
Heap Sort,10000,9002,20269805,0.278455
Heap Sort,10000,9003,20269806,0.27667
Heap Sort,10000,9004,20269807,0.280301
Heap Sort,10000,9005,20269808,0.298837
Heap Sort,10000,9006,20269809,0.279612
Heap Sort,10000,9007,20269810,0.278055
Heap Sort,10000,9008,20269811,0.279852
Heap Sort,10000,9009,20269812,0.280708
Heap Sort,10000,9010,20269813,0.278849
Heap Sort,10000,9011,20269814,0.279489
Heap Sort,10000,9012,20269815,0.299071
Heap Sort,10000,9013,20269816,0.280012
Heap Sort,10000,9014,20269817,0.276621
Heap Sort,10000,9015,20269818,0.29757
Heap Sort,10000,9016,20269819,0.27733
Heap Sort,10000,9017,20269820,0.283944
Heap Sort,10000,9018,20269821,0.284985
Heap Sort,10000,9019,20269822,0.290486
Heap Sort,10000,9020,20269823,0.332529
Heap Sort,10000,9021,20269824,0.282707
Heap Sort,10000,9022,20269825,0.277169
Heap Sort,10000,9023,20269826,0.281526
Heap Sort,10000,9024,20269827,0.27768
Heap Sort,10000,9025,20269828,0.27912
Heap Sort,10000,9026,20269829,0.279693
Heap Sort,10000,9027,20269830,0.281249
Heap Sort,10000,9028,20269831,0.278794
Heap Sort,10000,9029,20269832,0.279459
Heap Sort,10000,9030,20269833,0.279169
Heap Sort,10000,9031,20269834,0.27976
Heap Sort,10000,9032,20269835,0.278973
Heap Sort,10000,9033,20269836,0.282037
Heap Sort,10000,9034,20269837,0.282037
Heap Sort,10000,9035,20269838,0.278763
Heap Sort,10000,9036,20269839,0.280542
Heap Sort,10000,9037,20269840,0.282233
Heap Sort,10000,9038,20269841,0.300757
Heap Sort,10000,9039,20269842,0.281046
Heap Sort,10000,9040,20269843,0.280376
Heap Sort,10000,9041,20269844,0.279618
Heap Sort,10000,9042,20269845,0.279982
Heap Sort,10000,9043,20269846,0.277631
Heap Sort,10000,9044,20269847,0.278129
Heap Sort,10000,9045,20269848,0.278307
Heap Sort,10000,9046,20269849,0.278492
Heap Sort,10000,9047,20269850,0.280732
Heap Sort,10000,9048,20269851,0.30048
Heap Sort,10000,9049,20269852,0.280782
Heap Sort,10000,9050,20269853,0.288474
Heap Sort,10000,9051,20269854,0.298148
Heap Sort,10000,9052,20269855,0.279163
Heap Sort,10000,9053,20269856,0.279108
Heap Sort,10000,9054,20269857,0.299385
Heap Sort,10000,9055,20269858,0.280302
Heap Sort,10000,9056,20269859,0.278627
Heap Sort,10000,9057,20269860,0.281434
Heap Sort,10000,9058,20269861,0.278473
Heap Sort,10000,9059,20269862,0.280849
Heap Sort,10000,9060,20269863,0.279286
Heap Sort,10000,9061,20269864,0.281606
Heap Sort,10000,9062,20269865,0.280591
Heap Sort,10000,9063,20269866,0.280345
Heap Sort,10000,9064,20269867,0.279273
Heap Sort,10000,9065,20269868,0.278905
Heap Sort,10000,9066,20269869,0.296166
Heap Sort,10000,9067,20269870,0.280541
Heap Sort,10000,9068,20269871,0.279938
Heap Sort,10000,9069,20269872,0.279988
Heap Sort,10000,9070,20269873,0.278148
Heap Sort,10000,9071,20269874,0.27901
Heap Sort,10000,9072,20269875,0.29885
Heap Sort,10000,9073,20269876,0.279846
Heap Sort,10000,9074,20269877,0.298289
Heap Sort,10000,9075,20269878,0.280326
Heap Sort,10000,9076,20269879,0.279544
Heap Sort,10000,9077,20269880,0.277428
Heap Sort,10000,9078,20269881,0.27864
Heap Sort,10000,9079,20269882,0.295533
Heap Sort,10000,9080,20269883,0.283914
Heap Sort,10000,9081,20269884,0.279231
Heap Sort,10000,9082,20269885,0.280314
Heap Sort,10000,9083,20269886,0.280092
Heap Sort,10000,9084,20269887,0.276714
Heap Sort,10000,9085,20269888,0.28176
Heap Sort,10000,9086,20269889,0.28211
Heap Sort,10000,9087,20269890,0.275483
Heap Sort,10000,9088,20269891,0.299471
Heap Sort,10000,9089,20269892,0.279446
Heap Sort,10000,9090,20269893,0.279403
Heap Sort,10000,9091,20269894,0.278652
Heap Sort,10000,9092,20269895,0.279593
Heap Sort,10000,9093,20269896,0.280449
Heap Sort,10000,9094,20269897,0.29995
Heap Sort,10000,9095,20269898,0.279323
Heap Sort,10000,9096,20269899,0.280511
Heap Sort,10000,9097,20269900,0.287268
Heap Sort,10000,9098,20269901,0.281139
Heap Sort,10000,9099,20269902,0.269446
Heap Sort,10000,9100,20269903,0.280646
Heap Sort,10000,9101,20269904,0.299667
Heap Sort,10000,9102,20269905,0.278782
Heap Sort,10000,9103,20269906,0.299815
Heap Sort,10000,9104,20269907,0.283083
Heap Sort,10000,9105,20269908,0.27928
Heap Sort,10000,9106,20269909,0.300708
Heap Sort,10000,9107,20269910,0.300781
Heap Sort,10000,9108,20269911,0.279926
Heap Sort,10000,9109,20269912,0.302283
Heap Sort,10000,9110,20269913,0.281354
Heap Sort,10000,9111,20269914,0.277791
Heap Sort,10000,9112,20269915,0.299434
Heap Sort,10000,9113,20269916,0.278425
Heap Sort,10000,9114,20269917,0.301588
Heap Sort,10000,9115,20269918,0.281416
Heap Sort,10000,9116,20269919,0.278264
Heap Sort,10000,9117,20269920,0.280024
Heap Sort,10000,9118,20269921,0.333391
Heap Sort,10000,9119,20269922,0.279299
Heap Sort,10000,9120,20269923,0.280695
Heap Sort,10000,9121,20269924,0.281588
Heap Sort,10000,9122,20269925,0.279527
Heap Sort,10000,9123,20269926,0.281871
Heap Sort,10000,9124,20269927,0.280733
Heap Sort,10000,9125,20269928,0.279637
Heap Sort,10000,9126,20269929,0.280929
Heap Sort,10000,9127,20269930,0.280572
Heap Sort,10000,9128,20269931,0.28008
Heap Sort,10000,9129,20269932,0.278658
Heap Sort,10000,9130,20269933,0.279354
Heap Sort,10000,9131,20269934,0.278314
Heap Sort,10000,9132,20269935,0.301446
Heap Sort,10000,9133,20269936,0.281188
Heap Sort,10000,9134,20269937,0.278437
Heap Sort,10000,9135,20269938,0.279102
Heap Sort,10000,9136,20269939,0.280185
Heap Sort,10000,9137,20269940,0.300308
Heap Sort,10000,9138,20269941,0.29749
Heap Sort,10000,9139,20269942,0.28059
Heap Sort,10000,9140,20269943,0.28032
Heap Sort,10000,9141,20269944,0.281895
Heap Sort,10000,9142,20269945,0.27992
Heap Sort,10000,9143,20269946,0.278024
Heap Sort,10000,9144,20269947,0.281748
Heap Sort,10000,9145,20269948,0.280407
Heap Sort,10000,9146,20269949,0.289027
Heap Sort,10000,9147,20269950,0.283261
Heap Sort,10000,9148,20269951,0.283071
Heap Sort,10000,9149,20269952,0.280179
Heap Sort,10000,9150,20269953,0.282578
Heap Sort,10000,9151,20269954,0.281077
Heap Sort,10000,9152,20269955,0.278412
Heap Sort,10000,9153,20269956,0.27768
Heap Sort,10000,9154,20269957,0.280142
Heap Sort,10000,9155,20269958,0.280178
Heap Sort,10000,9156,20269959,0.288923
Heap Sort,10000,9157,20269960,0.281219
Heap Sort,10000,9158,20269961,0.2992
Heap Sort,10000,9159,20269962,0.278388
Heap Sort,10000,9160,20269963,0.278474
Heap Sort,10000,9161,20269964,0.299563
Heap Sort,10000,9162,20269965,0.281059
Heap Sort,10000,9163,20269966,0.279649
Heap Sort,10000,9164,20269967,0.277901
Heap Sort,10000,9165,20269968,0.281815
Heap Sort,10000,9166,20269969,0.28032
Heap Sort,10000,9167,20269970,0.281274
Heap Sort,10000,9168,20269971,0.280825
Heap Sort,10000,9169,20269972,0.280751
Heap Sort,10000,9170,20269973,0.29883
Heap Sort,10000,9171,20269974,0.280037
Heap Sort,10000,9172,20269975,0.298167
Heap Sort,10000,9173,20269976,0.278504
Heap Sort,10000,9174,20269977,0.29832
Heap Sort,10000,9175,20269978,0.267852
Heap Sort,10000,9176,20269979,0.278376
Heap Sort,10000,9177,20269980,0.298868
Heap Sort,10000,9178,20269981,0.300776
Heap Sort,10000,9179,20269982,0.278006
Heap Sort,10000,9180,20269983,0.279656
Heap Sort,10000,9181,20269984,0.279982
Heap Sort,10000,9182,20269985,0.280603
Heap Sort,10000,9183,20269986,0.300105
Heap Sort,10000,9184,20269987,0.278467
Heap Sort,10000,9185,20269988,0.280437
Heap Sort,10000,9186,20269989,0.284696
Heap Sort,10000,9187,20269990,0.284258
Heap Sort,10000,9188,20269991,0.292486
Heap Sort,10000,9189,20269992,0.289754
Heap Sort,10000,9190,20269993,0.282437
Heap Sort,10000,9191,20269994,0.278954
Heap Sort,10000,9192,20269995,0.278123
Heap Sort,10000,9193,20269996,0.277533
Heap Sort,10000,9194,20269997,0.289409
Heap Sort,10000,9195,20269998,0.279206
Heap Sort,10000,9196,20269999,0.27827
Heap Sort,10000,9197,20270000,0.2796
Heap Sort,10000,9198,20270001,0.281409
Heap Sort,10000,9199,20270002,0.278911
Heap Sort,10000,9200,20270003,0.278314
Heap Sort,10000,9201,20270004,0.279637
Heap Sort,10000,9202,20270005,0.279914
Heap Sort,10000,9203,20270006,0.279631
Heap Sort,10000,9204,20270007,0.28088
Heap Sort,10000,9205,20270008,0.282609
Heap Sort,10000,9206,20270009,0.277065
Heap Sort,10000,9207,20270010,0.281083
Heap Sort,10000,9208,20270011,0.281969
Heap Sort,10000,9209,20270012,0.300061
Heap Sort,10000,9210,20270013,0.297833
Heap Sort,10000,9211,20270014,0.297249
Heap Sort,10000,9212,20270015,0.277139
Heap Sort,10000,9213,20270016,0.326739
Heap Sort,10000,9214,20270017,0.299021
Heap Sort,10000,9215,20270018,0.27931
Heap Sort,10000,9216,20270019,0.280006
Heap Sort,10000,9217,20270020,0.27904
Heap Sort,10000,9218,20270021,0.278487
Heap Sort,10000,9219,20270022,0.298529
Heap Sort,10000,9220,20270023,0.279846
Heap Sort,10000,9221,20270024,0.278326
Heap Sort,10000,9222,20270025,0.28248
Heap Sort,10000,9223,20270026,0.279698
Heap Sort,10000,9224,20270027,0.280647
Heap Sort,10000,9225,20270028,0.299077
Heap Sort,10000,9226,20270029,0.280566
Heap Sort,10000,9227,20270030,0.280757
Heap Sort,10000,9228,20270031,0.279484
Heap Sort,10000,9229,20270032,0.280659
Heap Sort,10000,9230,20270033,0.279465
Heap Sort,10000,9231,20270034,0.282898
Heap Sort,10000,9232,20270035,0.281452
Heap Sort,10000,9233,20270036,0.280819
Heap Sort,10000,9234,20270037,0.28099
Heap Sort,10000,9235,20270038,0.280948
Heap Sort,10000,9236,20270039,0.281311
Heap Sort,10000,9237,20270040,0.281034
Heap Sort,10000,9238,20270041,0.280111
Heap Sort,10000,9239,20270042,0.281293
Heap Sort,10000,9240,20270043,0.278566
Heap Sort,10000,9241,20270044,0.280917
Heap Sort,10000,9242,20270045,0.279219
Heap Sort,10000,9243,20270046,0.281963
Heap Sort,10000,9244,20270047,0.27896
Heap Sort,10000,9245,20270048,0.278492
Heap Sort,10000,9246,20270049,0.298985
Heap Sort,10000,9247,20270050,0.282234
Heap Sort,10000,9248,20270051,0.277908
Heap Sort,10000,9249,20270052,0.279982
Heap Sort,10000,9250,20270053,0.279169
Heap Sort,10000,9251,20270054,0.299163
Heap Sort,10000,9252,20270055,0.281237
Heap Sort,10000,9253,20270056,0.300554
Heap Sort,10000,9254,20270057,0.280634
Heap Sort,10000,9255,20270058,0.280584
Heap Sort,10000,9256,20270059,0.281822
Heap Sort,10000,9257,20270060,0.280203
Heap Sort,10000,9258,20270061,0.298302
Heap Sort,10000,9259,20270062,0.279453
Heap Sort,10000,9260,20270063,0.281643
Heap Sort,10000,9261,20270064,0.299428
Heap Sort,10000,9262,20270065,0.280351
Heap Sort,10000,9263,20270066,0.27816
Heap Sort,10000,9264,20270067,0.279353
Heap Sort,10000,9265,20270068,0.28211
Heap Sort,10000,9266,20270069,0.284898
Heap Sort,10000,9267,20270070,0.27811
Heap Sort,10000,9268,20270071,0.276326
Heap Sort,10000,9269,20270072,0.27827
Heap Sort,10000,9270,20270073,0.295329
Heap Sort,10000,9271,20270074,0.281994
Heap Sort,10000,9272,20270075,0.279865
Heap Sort,10000,9273,20270076,0.282234
Heap Sort,10000,9274,20270077,0.276868
Heap Sort,10000,9275,20270078,0.296406
Heap Sort,10000,9276,20270079,0.28216
Heap Sort,10000,9277,20270080,0.279323
Heap Sort,10000,9278,20270081,0.280191
Heap Sort,10000,9279,20270082,0.341138
Heap Sort,10000,9280,20270083,0.301729
Heap Sort,10000,9281,20270084,0.282049
Heap Sort,10000,9282,20270085,0.281458
Heap Sort,10000,9283,20270086,0.282634
Heap Sort,10000,9284,20270087,0.283133
Heap Sort,10000,9285,20270088,0.281815
Heap Sort,10000,9286,20270089,0.281846
Heap Sort,10000,9287,20270090,0.281348
Heap Sort,10000,9288,20270091,0.280099
Heap Sort,10000,9289,20270092,0.278867
Heap Sort,10000,9290,20270093,0.280068
Heap Sort,10000,9291,20270094,0.280431
Heap Sort,10000,9292,20270095,0.279249
Heap Sort,10000,9293,20270096,0.279385
Heap Sort,10000,9294,20270097,0.280221
Heap Sort,10000,9295,20270098,0.278523
Heap Sort,10000,9296,20270099,0.280505
Heap Sort,10000,9297,20270100,0.311809
Heap Sort,10000,9298,20270101,0.277901
Heap Sort,10000,9299,20270102,0.280111
Heap Sort,10000,9300,20270103,0.282419
Heap Sort,10000,9301,20270104,0.297458
Heap Sort,10000,9302,20270105,0.280271
Heap Sort,10000,9303,20270106,0.282375
Heap Sort,10000,9304,20270107,0.280209
Heap Sort,10000,9305,20270108,0.27888
Heap Sort,10000,9306,20270109,0.297889
Heap Sort,10000,9307,20270110,0.276585
Heap Sort,10000,9308,20270111,0.279864
Heap Sort,10000,9309,20270112,0.279624
Heap Sort,10000,9310,20270113,0.282425
Heap Sort,10000,9311,20270114,0.280843
Heap Sort,10000,9312,20270115,0.279576
Heap Sort,10000,9313,20270116,0.279575
Heap Sort,10000,9314,20270117,0.281052
Heap Sort,10000,9315,20270118,0.279606
Heap Sort,10000,9316,20270119,0.339422
Heap Sort,10000,9317,20270120,0.28304
Heap Sort,10000,9318,20270121,0.280794
Heap Sort,10000,9319,20270122,0.279144
Heap Sort,10000,9320,20270123,0.279354
Heap Sort,10000,9321,20270124,0.279754
Heap Sort,10000,9322,20270125,0.282216
Heap Sort,10000,9323,20270126,0.283544
Heap Sort,10000,9324,20270127,0.301667
Heap Sort,10000,9325,20270128,0.280511
Heap Sort,10000,9326,20270129,0.299027
Heap Sort,10000,9327,20270130,0.282412
Heap Sort,10000,9328,20270131,0.280413
Heap Sort,10000,9329,20270132,0.280006
Heap Sort,10000,9330,20270133,0.28128
Heap Sort,10000,9331,20270134,0.280548
Heap Sort,10000,9332,20270135,0.280357
Heap Sort,10000,9333,20270136,0.279471
Heap Sort,10000,9334,20270137,0.280621
Heap Sort,10000,9335,20270138,0.347384
Heap Sort,10000,9336,20270139,0.279287
Heap Sort,10000,9337,20270140,0.280135
Heap Sort,10000,9338,20270141,0.279342
Heap Sort,10000,9339,20270142,0.281243
Heap Sort,10000,9340,20270143,0.282868
Heap Sort,10000,9341,20270144,0.278677
Heap Sort,10000,9342,20270145,0.282455
Heap Sort,10000,9343,20270146,0.278996
Heap Sort,10000,9344,20270147,0.282307
Heap Sort,10000,9345,20270148,0.278966
Heap Sort,10000,9346,20270149,0.282837
Heap Sort,10000,9347,20270150,0.299581
Heap Sort,10000,9348,20270151,0.282068
Heap Sort,10000,9349,20270152,0.279736
Heap Sort,10000,9350,20270153,0.281587
Heap Sort,10000,9351,20270154,0.2792
Heap Sort,10000,9352,20270155,0.278104
Heap Sort,10000,9353,20270156,0.279594
Heap Sort,10000,9354,20270157,0.282591
Heap Sort,10000,9355,20270158,0.287133
Heap Sort,10000,9356,20270159,0.285194
Heap Sort,10000,9357,20270160,0.290874
Heap Sort,10000,9358,20270161,0.288253
Heap Sort,10000,9359,20270162,0.307557
Heap Sort,10000,9360,20270163,0.299883
Heap Sort,10000,9361,20270164,0.282898
Heap Sort,10000,9362,20270165,0.277316
Heap Sort,10000,9363,20270166,0.281428
Heap Sort,10000,9364,20270167,0.281397
Heap Sort,10000,9365,20270168,0.280634
Heap Sort,10000,9366,20270169,0.279545
Heap Sort,10000,9367,20270170,0.282209
Heap Sort,10000,9368,20270171,0.298714
Heap Sort,10000,9369,20270172,0.27928
Heap Sort,10000,9370,20270173,0.279101
Heap Sort,10000,9371,20270174,0.282936
Heap Sort,10000,9372,20270175,0.279003
Heap Sort,10000,9373,20270176,0.280942
Heap Sort,10000,9374,20270177,0.281809
Heap Sort,10000,9375,20270178,0.299101
Heap Sort,10000,9376,20270179,0.279853
Heap Sort,10000,9377,20270180,0.298899
Heap Sort,10000,9378,20270181,0.280431
Heap Sort,10000,9379,20270182,0.28019
Heap Sort,10000,9380,20270183,0.280425
Heap Sort,10000,9381,20270184,0.317077
Heap Sort,10000,9382,20270185,0.280837
Heap Sort,10000,9383,20270186,0.299267
Heap Sort,10000,9384,20270187,0.301815
Heap Sort,10000,9385,20270188,0.282388
Heap Sort,10000,9386,20270189,0.282394
Heap Sort,10000,9387,20270190,0.278664
Heap Sort,10000,9388,20270191,0.280677
Heap Sort,10000,9389,20270192,0.300455
Heap Sort,10000,9390,20270193,0.280093
Heap Sort,10000,9391,20270194,0.282843
Heap Sort,10000,9392,20270195,0.280984
Heap Sort,10000,9393,20270196,0.281046
Heap Sort,10000,9394,20270197,0.281465
Heap Sort,10000,9395,20270198,0.279379
Heap Sort,10000,9396,20270199,0.287717
Heap Sort,10000,9397,20270200,0.28136
Heap Sort,10000,9398,20270201,0.281385
Heap Sort,10000,9399,20270202,0.279748
Heap Sort,10000,9400,20270203,0.288006
Heap Sort,10000,9401,20270204,0.280615
Heap Sort,10000,9402,20270205,0.280905
Heap Sort,10000,9403,20270206,0.277311
Heap Sort,10000,9404,20270207,0.300246
Heap Sort,10000,9405,20270208,0.280591
Heap Sort,10000,9406,20270209,0.280252
Heap Sort,10000,9407,20270210,0.280597
Heap Sort,10000,9408,20270211,0.29816
Heap Sort,10000,9409,20270212,0.27984
Heap Sort,10000,9410,20270213,0.27992
Heap Sort,10000,9411,20270214,0.300104
Heap Sort,10000,9412,20270215,0.279902
Heap Sort,10000,9413,20270216,0.278849
Heap Sort,10000,9414,20270217,0.280019
Heap Sort,10000,9415,20270218,0.280553
Heap Sort,10000,9416,20270219,0.300381
Heap Sort,10000,9417,20270220,0.279058
Heap Sort,10000,9418,20270221,0.278849
Heap Sort,10000,9419,20270222,0.326572
Heap Sort,10000,9420,20270223,0.29984
Heap Sort,10000,9421,20270224,0.280178
Heap Sort,10000,9422,20270225,0.283015
Heap Sort,10000,9423,20270226,0.278363
Heap Sort,10000,9424,20270227,0.280228
Heap Sort,10000,9425,20270228,0.279575
Heap Sort,10000,9426,20270229,0.299569
Heap Sort,10000,9427,20270230,0.280689
Heap Sort,10000,9428,20270231,0.279034
Heap Sort,10000,9429,20270232,0.279822
Heap Sort,10000,9430,20270233,0.27965
Heap Sort,10000,9431,20270234,0.278498
Heap Sort,10000,9432,20270235,0.278726
Heap Sort,10000,9433,20270236,0.282382
Heap Sort,10000,9434,20270237,0.277772
Heap Sort,10000,9435,20270238,0.279342
Heap Sort,10000,9436,20270239,0.281797
Heap Sort,10000,9437,20270240,0.278
Heap Sort,10000,9438,20270241,0.280492
Heap Sort,10000,9439,20270242,0.281895
Heap Sort,10000,9440,20270243,0.281453
Heap Sort,10000,9441,20270244,0.279748
Heap Sort,10000,9442,20270245,0.281446
Heap Sort,10000,9443,20270246,0.299754
Heap Sort,10000,9444,20270247,0.277471
Heap Sort,10000,9445,20270248,0.279293
Heap Sort,10000,9446,20270249,0.283015
Heap Sort,10000,9447,20270250,0.28
Heap Sort,10000,9448,20270251,0.27936
Heap Sort,10000,9449,20270252,0.32552
Heap Sort,10000,9450,20270253,0.279341
Heap Sort,10000,9451,20270254,0.279686
Heap Sort,10000,9452,20270255,0.282301
Heap Sort,10000,9453,20270256,0.282228
Heap Sort,10000,9454,20270257,0.27952
Heap Sort,10000,9455,20270258,0.280505
Heap Sort,10000,9456,20270259,0.279452
Heap Sort,10000,9457,20270260,0.281341
Heap Sort,10000,9458,20270261,0.280825
Heap Sort,10000,9459,20270262,0.279563
Heap Sort,10000,9460,20270263,0.30152
Heap Sort,10000,9461,20270264,0.298664
Heap Sort,10000,9462,20270265,0.279108
Heap Sort,10000,9463,20270266,0.279089
Heap Sort,10000,9464,20270267,0.280769
Heap Sort,10000,9465,20270268,0.298849
Heap Sort,10000,9466,20270269,0.283028
Heap Sort,10000,9467,20270270,0.300505
Heap Sort,10000,9468,20270271,0.287102
Heap Sort,10000,9469,20270272,0.281292
Heap Sort,10000,9470,20270273,0.27992
Heap Sort,10000,9471,20270274,0.277673
Heap Sort,10000,9472,20270275,0.281914
Heap Sort,10000,9473,20270276,0.279237
Heap Sort,10000,9474,20270277,0.280966
Heap Sort,10000,9475,20270278,0.278387
Heap Sort,10000,9476,20270279,0.283114
Heap Sort,10000,9477,20270280,0.28072
Heap Sort,10000,9478,20270281,0.30008
Heap Sort,10000,9479,20270282,0.280271
Heap Sort,10000,9480,20270283,0.300462
Heap Sort,10000,9481,20270284,0.278991
Heap Sort,10000,9482,20270285,0.279114
Heap Sort,10000,9483,20270286,0.279095
Heap Sort,10000,9484,20270287,0.282203
Heap Sort,10000,9485,20270288,0.280689
Heap Sort,10000,9486,20270289,0.280855
Heap Sort,10000,9487,20270290,0.286234
Heap Sort,10000,9488,20270291,0.302973
Heap Sort,10000,9489,20270292,0.281464
Heap Sort,10000,9490,20270293,0.279637
Heap Sort,10000,9491,20270294,0.282043
Heap Sort,10000,9492,20270295,0.282664
Heap Sort,10000,9493,20270296,0.279914
Heap Sort,10000,9494,20270297,0.281619
Heap Sort,10000,9495,20270298,0.303335
Heap Sort,10000,9496,20270299,0.282874
Heap Sort,10000,9497,20270300,0.280179
Heap Sort,10000,9498,20270301,0.283311
Heap Sort,10000,9499,20270302,0.28224
Heap Sort,10000,9500,20270303,0.282136
Heap Sort,10000,9501,20270304,0.300806
Heap Sort,10000,9502,20270305,0.302898
Heap Sort,10000,9503,20270306,0.282105
Heap Sort,10000,9504,20270307,0.283243
Heap Sort,10000,9505,20270308,0.281409
Heap Sort,10000,9506,20270309,0.279698
Heap Sort,10000,9507,20270310,0.282505
Heap Sort,10000,9508,20270311,0.282093
Heap Sort,10000,9509,20270312,0.280523
Heap Sort,10000,9510,20270313,0.280252
Heap Sort,10000,9511,20270314,0.279329
Heap Sort,10000,9512,20270315,0.282652
Heap Sort,10000,9513,20270316,0.280019
Heap Sort,10000,9514,20270317,0.291144
Heap Sort,10000,9515,20270318,0.281551
Heap Sort,10000,9516,20270319,0.30232
Heap Sort,10000,9517,20270320,0.279335
Heap Sort,10000,9518,20270321,0.280676
Heap Sort,10000,9519,20270322,0.282529
Heap Sort,10000,9520,20270323,0.279914
Heap Sort,10000,9521,20270324,0.284942
Heap Sort,10000,9522,20270325,0.328573
Heap Sort,10000,9523,20270326,0.281274
Heap Sort,10000,9524,20270327,0.286234
Heap Sort,10000,9525,20270328,0.285717
Heap Sort,10000,9526,20270329,0.290111
Heap Sort,10000,9527,20270330,0.289225
Heap Sort,10000,9528,20270331,0.282707
Heap Sort,10000,9529,20270332,0.301661
Heap Sort,10000,9530,20270333,0.280707
Heap Sort,10000,9531,20270334,0.276413
Heap Sort,10000,9532,20270335,0.280923
Heap Sort,10000,9533,20270336,0.299064
Heap Sort,10000,9534,20270337,0.27747
Heap Sort,10000,9535,20270338,0.281354
Heap Sort,10000,9536,20270339,0.279711
Heap Sort,10000,9537,20270340,0.299151
Heap Sort,10000,9538,20270341,0.29928
Heap Sort,10000,9539,20270342,0.299816
Heap Sort,10000,9540,20270343,0.282252
Heap Sort,10000,9541,20270344,0.325649
Heap Sort,10000,9542,20270345,0.299822
Heap Sort,10000,9543,20270346,0.279502
Heap Sort,10000,9544,20270347,0.280782
Heap Sort,10000,9545,20270348,0.279693
Heap Sort,10000,9546,20270349,0.281606
Heap Sort,10000,9547,20270350,0.299495
Heap Sort,10000,9548,20270351,0.278628
Heap Sort,10000,9549,20270352,0.278443
Heap Sort,10000,9550,20270353,0.279298
Heap Sort,10000,9551,20270354,0.278111
Heap Sort,10000,9552,20270355,0.279347
Heap Sort,10000,9553,20270356,0.299446
Heap Sort,10000,9554,20270357,0.279865
Heap Sort,10000,9555,20270358,0.280535
Heap Sort,10000,9556,20270359,0.278191
Heap Sort,10000,9557,20270360,0.297674
Heap Sort,10000,9558,20270361,0.281378
Heap Sort,10000,9559,20270362,0.297575
Heap Sort,10000,9560,20270363,0.280787
Heap Sort,10000,9561,20270364,0.280148
Heap Sort,10000,9562,20270365,0.280308
Heap Sort,10000,9563,20270366,0.300474
Heap Sort,10000,9564,20270367,0.278529
Heap Sort,10000,9565,20270368,0.279237
Heap Sort,10000,9566,20270369,0.277083
Heap Sort,10000,9567,20270370,0.277847
Heap Sort,10000,9568,20270371,0.279446
Heap Sort,10000,9569,20270372,0.278073
Heap Sort,10000,9570,20270373,0.281514
Heap Sort,10000,9571,20270374,0.280886
Heap Sort,10000,9572,20270375,0.279464
Heap Sort,10000,9573,20270376,0.278905
Heap Sort,10000,9574,20270377,0.277896
Heap Sort,10000,9575,20270378,0.280985
Heap Sort,10000,9576,20270379,0.277569
Heap Sort,10000,9577,20270380,0.300843
Heap Sort,10000,9578,20270381,0.279304
Heap Sort,10000,9579,20270382,0.298536
Heap Sort,10000,9580,20270383,0.281582
Heap Sort,10000,9581,20270384,0.277378
Heap Sort,10000,9582,20270385,0.280462
Heap Sort,10000,9583,20270386,0.280911
Heap Sort,10000,9584,20270387,0.278276
Heap Sort,10000,9585,20270388,0.280683
Heap Sort,10000,9586,20270389,0.280683
Heap Sort,10000,9587,20270390,0.282363
Heap Sort,10000,9588,20270391,0.280387
Heap Sort,10000,9589,20270392,0.280474
Heap Sort,10000,9590,20270393,0.286031
Heap Sort,10000,9591,20270394,0.281864
Heap Sort,10000,9592,20270395,0.278351
Heap Sort,10000,9593,20270396,0.279951
Heap Sort,10000,9594,20270397,0.279809
Heap Sort,10000,9595,20270398,0.282105
Heap Sort,10000,9596,20270399,0.281871
Heap Sort,10000,9597,20270400,0.282733
Heap Sort,10000,9598,20270401,0.280579
Heap Sort,10000,9599,20270402,0.278714
Heap Sort,10000,9600,20270403,0.279409
Heap Sort,10000,9601,20270404,0.278603
Heap Sort,10000,9602,20270405,0.281526
Heap Sort,10000,9603,20270406,0.279483
Heap Sort,10000,9604,20270407,0.281588
Heap Sort,10000,9605,20270408,0.278578
Heap Sort,10000,9606,20270409,0.280899
Heap Sort,10000,9607,20270410,0.27944
Heap Sort,10000,9608,20270411,0.297003
Heap Sort,10000,9609,20270412,0.298984
Heap Sort,10000,9610,20270413,0.29819
Heap Sort,10000,9611,20270414,0.280172
Heap Sort,10000,9612,20270415,0.284935
Heap Sort,10000,9613,20270416,0.278929
Heap Sort,10000,9614,20270417,0.278942
Heap Sort,10000,9615,20270418,0.27624
Heap Sort,10000,9616,20270419,0.279637
Heap Sort,10000,9617,20270420,0.297939
Heap Sort,10000,9618,20270421,0.280012
Heap Sort,10000,9619,20270422,0.279908
Heap Sort,10000,9620,20270423,0.279631
Heap Sort,10000,9621,20270424,0.279532
Heap Sort,10000,9622,20270425,0.278566
Heap Sort,10000,9623,20270426,0.298824
Heap Sort,10000,9624,20270427,0.280172
Heap Sort,10000,9625,20270428,0.278449
Heap Sort,10000,9626,20270429,0.300049
Heap Sort,10000,9627,20270430,0.281213
Heap Sort,10000,9628,20270431,0.278283
Heap Sort,10000,9629,20270432,0.299298
Heap Sort,10000,9630,20270433,0.280142
Heap Sort,10000,9631,20270434,0.279674
Heap Sort,10000,9632,20270435,0.281274
Heap Sort,10000,9633,20270436,0.299323
Heap Sort,10000,9634,20270437,0.278812
Heap Sort,10000,9635,20270438,0.280062
Heap Sort,10000,9636,20270439,0.281157
Heap Sort,10000,9637,20270440,0.281661
Heap Sort,10000,9638,20270441,0.281557
Heap Sort,10000,9639,20270442,0.281034
Heap Sort,10000,9640,20270443,0.300978
Heap Sort,10000,9641,20270444,0.28067
Heap Sort,10000,9642,20270445,0.281379
Heap Sort,10000,9643,20270446,0.280215
Heap Sort,10000,9644,20270447,0.279532
Heap Sort,10000,9645,20270448,0.281409
Heap Sort,10000,9646,20270449,0.279225
Heap Sort,10000,9647,20270450,0.296406
Heap Sort,10000,9648,20270451,0.278757
Heap Sort,10000,9649,20270452,0.2788
Heap Sort,10000,9650,20270453,0.280492
Heap Sort,10000,9651,20270454,0.279034
Heap Sort,10000,9652,20270455,0.282547
Heap Sort,10000,9653,20270456,0.277809
Heap Sort,10000,9654,20270457,0.278603
Heap Sort,10000,9655,20270458,0.279219
Heap Sort,10000,9656,20270459,0.280141
Heap Sort,10000,9657,20270460,0.280105
Heap Sort,10000,9658,20270461,0.300953
Heap Sort,10000,9659,20270462,0.279828
Heap Sort,10000,9660,20270463,0.298154
Heap Sort,10000,9661,20270464,0.282308
Heap Sort,10000,9662,20270465,0.280215
Heap Sort,10000,9663,20270466,0.29605
Heap Sort,10000,9664,20270467,0.282136
Heap Sort,10000,9665,20270468,0.281483
Heap Sort,10000,9666,20270469,0.32717
Heap Sort,10000,9667,20270470,0.280733
Heap Sort,10000,9668,20270471,0.279077
Heap Sort,10000,9669,20270472,0.283483
Heap Sort,10000,9670,20270473,0.281569
Heap Sort,10000,9671,20270474,0.28107
Heap Sort,10000,9672,20270475,0.280388
Heap Sort,10000,9673,20270476,0.299747
Heap Sort,10000,9674,20270477,0.281582
Heap Sort,10000,9675,20270478,0.279194
Heap Sort,10000,9676,20270479,0.28128
Heap Sort,10000,9677,20270480,0.278259
Heap Sort,10000,9678,20270481,0.279021
Heap Sort,10000,9679,20270482,0.298769
Heap Sort,10000,9680,20270483,0.281298
Heap Sort,10000,9681,20270484,0.276837
Heap Sort,10000,9682,20270485,0.279218
Heap Sort,10000,9683,20270486,0.279612
Heap Sort,10000,9684,20270487,0.279096
Heap Sort,10000,9685,20270488,0.277767
Heap Sort,10000,9686,20270489,0.279883
Heap Sort,10000,9687,20270490,0.276701
Heap Sort,10000,9688,20270491,0.278812
Heap Sort,10000,9689,20270492,0.279176
Heap Sort,10000,9690,20270493,0.279323
Heap Sort,10000,9691,20270494,0.279631
Heap Sort,10000,9692,20270495,0.280621
Heap Sort,10000,9693,20270496,0.284388
Heap Sort,10000,9694,20270497,0.283459
Heap Sort,10000,9695,20270498,0.290837
Heap Sort,10000,9696,20270499,0.291502
Heap Sort,10000,9697,20270500,0.286825
Heap Sort,10000,9698,20270501,0.28304
Heap Sort,10000,9699,20270502,0.279489
Heap Sort,10000,9700,20270503,0.298585
Heap Sort,10000,9701,20270504,0.278246
Heap Sort,10000,9702,20270505,0.278844
Heap Sort,10000,9703,20270506,0.279416
Heap Sort,10000,9704,20270507,0.323341
Heap Sort,10000,9705,20270508,0.281077
Heap Sort,10000,9706,20270509,0.27888
Heap Sort,10000,9707,20270510,0.280117
Heap Sort,10000,9708,20270511,0.280326
Heap Sort,10000,9709,20270512,0.277729
Heap Sort,10000,9710,20270513,0.279576
Heap Sort,10000,9711,20270514,0.280757
Heap Sort,10000,9712,20270515,0.280917
Heap Sort,10000,9713,20270516,0.280985
Heap Sort,10000,9714,20270517,0.297951
Heap Sort,10000,9715,20270518,0.280006
Heap Sort,10000,9716,20270519,0.278646
Heap Sort,10000,9717,20270520,0.277649
Heap Sort,10000,9718,20270521,0.281126
Heap Sort,10000,9719,20270522,0.280443
Heap Sort,10000,9720,20270523,0.278646
Heap Sort,10000,9721,20270524,0.279575
Heap Sort,10000,9722,20270525,0.3
Heap Sort,10000,9723,20270526,0.278197
Heap Sort,10000,9724,20270527,0.300468
Heap Sort,10000,9725,20270528,0.301034
Heap Sort,10000,9726,20270529,0.278504
Heap Sort,10000,9727,20270530,0.27856
Heap Sort,10000,9728,20270531,0.29968
Heap Sort,10000,9729,20270532,0.279483
Heap Sort,10000,9730,20270533,0.279865
Heap Sort,10000,9731,20270534,0.28104
Heap Sort,10000,9732,20270535,0.280006
Heap Sort,10000,9733,20270536,0.276147
Heap Sort,10000,9734,20270537,0.287933
Heap Sort,10000,9735,20270538,0.278837
Heap Sort,10000,9736,20270539,0.278203
Heap Sort,10000,9737,20270540,0.280443
Heap Sort,10000,9738,20270541,0.279243
Heap Sort,10000,9739,20270542,0.280905
Heap Sort,10000,9740,20270543,0.300732
Heap Sort,10000,9741,20270544,0.279096
Heap Sort,10000,9742,20270545,0.278307
Heap Sort,10000,9743,20270546,0.279237
Heap Sort,10000,9744,20270547,0.280634
Heap Sort,10000,9745,20270548,0.280056
Heap Sort,10000,9746,20270549,0.278129
Heap Sort,10000,9747,20270550,0.277988
Heap Sort,10000,9748,20270551,0.278671
Heap Sort,10000,9749,20270552,0.300905
Heap Sort,10000,9750,20270553,0.279157
Heap Sort,10000,9751,20270554,0.29819
Heap Sort,10000,9752,20270555,0.299747
Heap Sort,10000,9753,20270556,0.355231
Heap Sort,10000,9754,20270557,0.280474
Heap Sort,10000,9755,20270558,0.278351
Heap Sort,10000,9756,20270559,0.278861
Heap Sort,10000,9757,20270560,0.281237
Heap Sort,10000,9758,20270561,0.281089
Heap Sort,10000,9759,20270562,0.280062
Heap Sort,10000,9760,20270563,0.280966
Heap Sort,10000,9761,20270564,0.299187
Heap Sort,10000,9762,20270565,0.280843
Heap Sort,10000,9763,20270566,0.279975
Heap Sort,10000,9764,20270567,0.278166
Heap Sort,10000,9765,20270568,0.28083
Heap Sort,10000,9766,20270569,0.279729
Heap Sort,10000,9767,20270570,0.279373
Heap Sort,10000,9768,20270571,0.280493
Heap Sort,10000,9769,20270572,0.299753
Heap Sort,10000,9770,20270573,0.28021
Heap Sort,10000,9771,20270574,0.282086
Heap Sort,10000,9772,20270575,0.330788
Heap Sort,10000,9773,20270576,0.281102
Heap Sort,10000,9774,20270577,0.279951
Heap Sort,10000,9775,20270578,0.282524
Heap Sort,10000,9776,20270579,0.283188
Heap Sort,10000,9777,20270580,0.301545
Heap Sort,10000,9778,20270581,0.301613
Heap Sort,10000,9779,20270582,0.281711
Heap Sort,10000,9780,20270583,0.282917
Heap Sort,10000,9781,20270584,0.280628
Heap Sort,10000,9782,20270585,0.283612
Heap Sort,10000,9783,20270586,0.28197
Heap Sort,10000,9784,20270587,0.280647
Heap Sort,10000,9785,20270588,0.279772
Heap Sort,10000,9786,20270589,0.28096
Heap Sort,10000,9787,20270590,0.281514
Heap Sort,10000,9788,20270591,0.280456
Heap Sort,10000,9789,20270592,0.278979
Heap Sort,10000,9790,20270593,0.277901
Heap Sort,10000,9791,20270594,0.30973
Heap Sort,10000,9792,20270595,0.299797
Heap Sort,10000,9793,20270596,0.278117
Heap Sort,10000,9794,20270597,0.280973
Heap Sort,10000,9795,20270598,0.279951
Heap Sort,10000,9796,20270599,0.280055
Heap Sort,10000,9797,20270600,0.279822
Heap Sort,10000,9798,20270601,0.300339
Heap Sort,10000,9799,20270602,0.279514
Heap Sort,10000,9800,20270603,0.299975
Heap Sort,10000,9801,20270604,0.279329
Heap Sort,10000,9802,20270605,0.298621
Heap Sort,10000,9803,20270606,0.278874
Heap Sort,10000,9804,20270607,0.279341
Heap Sort,10000,9805,20270608,0.277951
Heap Sort,10000,9806,20270609,0.280456
Heap Sort,10000,9807,20270610,0.281341
Heap Sort,10000,9808,20270611,0.278505
Heap Sort,10000,9809,20270612,0.298997
Heap Sort,10000,9810,20270613,0.278553
Heap Sort,10000,9811,20270614,0.278702
Heap Sort,10000,9812,20270615,0.280419
Heap Sort,10000,9813,20270616,0.277895
Heap Sort,10000,9814,20270617,0.280258
Heap Sort,10000,9815,20270618,0.278923
Heap Sort,10000,9816,20270619,0.27832
Heap Sort,10000,9817,20270620,0.276763
Heap Sort,10000,9818,20270621,0.279563
Heap Sort,10000,9819,20270622,0.280856
Heap Sort,10000,9820,20270623,0.30088
Heap Sort,10000,9821,20270624,0.291625
Heap Sort,10000,9822,20270625,0.280185
Heap Sort,10000,9823,20270626,0.278092
Heap Sort,10000,9824,20270627,0.30176
Heap Sort,10000,9825,20270628,0.279514
Heap Sort,10000,9826,20270629,0.27824
Heap Sort,10000,9827,20270630,0.280093
Heap Sort,10000,9828,20270631,0.298246
Heap Sort,10000,9829,20270632,0.281077
Heap Sort,10000,9830,20270633,0.279102
Heap Sort,10000,9831,20270634,0.300148
Heap Sort,10000,9832,20270635,0.276597
Heap Sort,10000,9833,20270636,0.279341
Heap Sort,10000,9834,20270637,0.277877
Heap Sort,10000,9835,20270638,0.278154
Heap Sort,10000,9836,20270639,0.297102
Heap Sort,10000,9837,20270640,0.278419
Heap Sort,10000,9838,20270641,0.279945
Heap Sort,10000,9839,20270642,0.280147
Heap Sort,10000,9840,20270643,0.280486
Heap Sort,10000,9841,20270644,0.27904
Heap Sort,10000,9842,20270645,0.279624
Heap Sort,10000,9843,20270646,0.300511
Heap Sort,10000,9844,20270647,0.278301
Heap Sort,10000,9845,20270648,0.298591
Heap Sort,10000,9846,20270649,0.282049
Heap Sort,10000,9847,20270650,0.277089
Heap Sort,10000,9848,20270651,0.280732
Heap Sort,10000,9849,20270652,0.278443
Heap Sort,10000,9850,20270653,0.277421
Heap Sort,10000,9851,20270654,0.30624
Heap Sort,10000,9852,20270655,0.279483
Heap Sort,10000,9853,20270656,0.279692
Heap Sort,10000,9854,20270657,0.277735
Heap Sort,10000,9855,20270658,0.299655
Heap Sort,10000,9856,20270659,0.279557
Heap Sort,10000,9857,20270660,0.300018
Heap Sort,10000,9858,20270661,0.282265
Heap Sort,10000,9859,20270662,0.299391
Heap Sort,10000,9860,20270663,0.283483
Heap Sort,10000,9861,20270664,0.279102
Heap Sort,10000,9862,20270665,0.286511
Heap Sort,10000,9863,20270666,0.283262
Heap Sort,10000,9864,20270667,0.290369
Heap Sort,10000,9865,20270668,0.289034
Heap Sort,10000,9866,20270669,0.284621
Heap Sort,10000,9867,20270670,0.299766
Heap Sort,10000,9868,20270671,0.279969
Heap Sort,10000,9869,20270672,0.27952
Heap Sort,10000,9870,20270673,0.282062
Heap Sort,10000,9871,20270674,0.279293
Heap Sort,10000,9872,20270675,0.280012
Heap Sort,10000,9873,20270676,0.299206
Heap Sort,10000,9874,20270677,0.27888
Heap Sort,10000,9875,20270678,0.302683
Heap Sort,10000,9876,20270679,0.279422
Heap Sort,10000,9877,20270680,0.279366
Heap Sort,10000,9878,20270681,0.277858
Heap Sort,10000,9879,20270682,0.300123
Heap Sort,10000,9880,20270683,0.278326
Heap Sort,10000,9881,20270684,0.281458
Heap Sort,10000,9882,20270685,0.279619
Heap Sort,10000,9883,20270686,0.300615
Heap Sort,10000,9884,20270687,0.278135
Heap Sort,10000,9885,20270688,0.2804
Heap Sort,10000,9886,20270689,0.297341
Heap Sort,10000,9887,20270690,0.280313
Heap Sort,10000,9888,20270691,0.279902
Heap Sort,10000,9889,20270692,0.280111
Heap Sort,10000,9890,20270693,0.279901
Heap Sort,10000,9891,20270694,0.277489
Heap Sort,10000,9892,20270695,0.279267
Heap Sort,10000,9893,20270696,0.279508
Heap Sort,10000,9894,20270697,0.280597
Heap Sort,10000,9895,20270698,0.279138
Heap Sort,10000,9896,20270699,0.280357
Heap Sort,10000,9897,20270700,0.279304
Heap Sort,10000,9898,20270701,0.27715
Heap Sort,10000,9899,20270702,0.280184
Heap Sort,10000,9900,20270703,0.27824
Heap Sort,10000,9901,20270704,0.279145
Heap Sort,10000,9902,20270705,0.280621
Heap Sort,10000,9903,20270706,0.298413
Heap Sort,10000,9904,20270707,0.27877
Heap Sort,10000,9905,20270708,0.278664
Heap Sort,10000,9906,20270709,0.300234
Heap Sort,10000,9907,20270710,0.279963
Heap Sort,10000,9908,20270711,0.2844
Heap Sort,10000,9909,20270712,0.278333
Heap Sort,10000,9910,20270713,0.283895
Heap Sort,10000,9911,20270714,0.279336
Heap Sort,10000,9912,20270715,0.285464
Heap Sort,10000,9913,20270716,0.282997
Heap Sort,10000,9914,20270717,0.280228
Heap Sort,10000,9915,20270718,0.278068
Heap Sort,10000,9916,20270719,0.280954
Heap Sort,10000,9917,20270720,0.27952
Heap Sort,10000,9918,20270721,0.299643
Heap Sort,10000,9919,20270722,0.27992
Heap Sort,10000,9920,20270723,0.277557
Heap Sort,10000,9921,20270724,0.278923
Heap Sort,10000,9922,20270725,0.279815
Heap Sort,10000,9923,20270726,0.280019
Heap Sort,10000,9924,20270727,0.280615
Heap Sort,10000,9925,20270728,0.278763
Heap Sort,10000,9926,20270729,0.280935
Heap Sort,10000,9927,20270730,0.280216
Heap Sort,10000,9928,20270731,0.277034
Heap Sort,10000,9929,20270732,0.299945
Heap Sort,10000,9930,20270733,0.279064
Heap Sort,10000,9931,20270734,0.280689
Heap Sort,10000,9932,20270735,0.297065
Heap Sort,10000,9933,20270736,0.281526
Heap Sort,10000,9934,20270737,0.279305
Heap Sort,10000,9935,20270738,0.277945
Heap Sort,10000,9936,20270739,0.27912
Heap Sort,10000,9937,20270740,0.299403
Heap Sort,10000,9938,20270741,0.280449
Heap Sort,10000,9939,20270742,0.278788
Heap Sort,10000,9940,20270743,0.277846
Heap Sort,10000,9941,20270744,0.2792
Heap Sort,10000,9942,20270745,0.278935
Heap Sort,10000,9943,20270746,0.278855
Heap Sort,10000,9944,20270747,0.279286
Heap Sort,10000,9945,20270748,0.277797
Heap Sort,10000,9946,20270749,0.30947
Heap Sort,10000,9947,20270750,0.280714
Heap Sort,10000,9948,20270751,0.280535
Heap Sort,10000,9949,20270752,0.281809
Heap Sort,10000,9950,20270753,0.280037
Heap Sort,10000,9951,20270754,0.278954
Heap Sort,10000,9952,20270755,0.300714
Heap Sort,10000,9953,20270756,0.281471
Heap Sort,10000,9954,20270757,0.301778
Heap Sort,10000,9955,20270758,0.280708
Heap Sort,10000,9956,20270759,0.277471
Heap Sort,10000,9957,20270760,0.282098
Heap Sort,10000,9958,20270761,0.278892
Heap Sort,10000,9959,20270762,0.278553
Heap Sort,10000,9960,20270763,0.278936
Heap Sort,10000,9961,20270764,0.285003
Heap Sort,10000,9962,20270765,0.280973
Heap Sort,10000,9963,20270766,0.279637
Heap Sort,10000,9964,20270767,0.298904
Heap Sort,10000,9965,20270768,0.280197
Heap Sort,10000,9966,20270769,0.281495
Heap Sort,10000,9967,20270770,0.280726
Heap Sort,10000,9968,20270771,0.282333
Heap Sort,10000,9969,20270772,0.278148
Heap Sort,10000,9970,20270773,0.279637
Heap Sort,10000,9971,20270774,0.300376
Heap Sort,10000,9972,20270775,0.279428
Heap Sort,10000,9973,20270776,0.277957
Heap Sort,10000,9974,20270777,0.281317
Heap Sort,10000,9975,20270778,0.277637
Heap Sort,10000,9976,20270779,0.302209
Heap Sort,10000,9977,20270780,0.280006
Heap Sort,10000,9978,20270781,0.2808
Heap Sort,10000,9979,20270782,0.279754
Heap Sort,10000,9980,20270783,0.280973
Heap Sort,10000,9981,20270784,0.27968
Heap Sort,10000,9982,20270785,0.278037
Heap Sort,10000,9983,20270786,0.281083
Heap Sort,10000,9984,20270787,0.281385
Heap Sort,10000,9985,20270788,0.299409
Heap Sort,10000,9986,20270789,0.277538
Heap Sort,10000,9987,20270790,0.279969
Heap Sort,10000,9988,20270791,0.281299
Heap Sort,10000,9989,20270792,0.278437
Heap Sort,10000,9990,20270793,0.280806
Heap Sort,10000,9991,20270794,0.278221
Heap Sort,10000,9992,20270795,0.28024
Heap Sort,10000,9993,20270796,0.279084
Heap Sort,10000,9994,20270797,0.276277
Heap Sort,10000,9995,20270798,0.325594
Heap Sort,10000,9996,20270799,0.277895
Heap Sort,10000,9997,20270800,0.278677
Heap Sort,10000,9998,20270801,0.297533
Heap Sort,10000,9999,20270802,0.281736
