Copyright 1986-2021 Xilinx, Inc. All Rights Reserved.
---------------------------------------------------------------------------------------------------------------------------------------------------------------------------------------------------------------------------------------------
| Tool Version : Vivado v.2021.2 (win64) Build 3367213 Tue Oct 19 02:48:09 MDT 2021
| Date         : Sun Aug  2 18:04:28 2026
| Host         : Jinjin running 64-bit major release  (build 9200)
| Command      : report_timing_summary -max_paths 10 -report_unconstrained -file design_1_wrapper_timing_summary_routed.rpt -pb design_1_wrapper_timing_summary_routed.pb -rpx design_1_wrapper_timing_summary_routed.rpx -warn_on_violation
| Design       : design_1_wrapper
| Device       : 7z020-clg400
| Speed File   : -1  PRODUCTION 1.12 2019-11-22
---------------------------------------------------------------------------------------------------------------------------------------------------------------------------------------------------------------------------------------------

Timing Summary Report

------------------------------------------------------------------------------------------------
| Timer Settings
| --------------
------------------------------------------------------------------------------------------------

  Enable Multi Corner Analysis               :  Yes
  Enable Pessimism Removal                   :  Yes
  Pessimism Removal Resolution               :  Nearest Common Node
  Enable Input Delay Default Clock           :  No
  Enable Preset / Clear Arcs                 :  No
  Disable Flight Delays                      :  No
  Ignore I/O Paths                           :  No
  Timing Early Launch at Borrowing Latches   :  No
  Borrow Time for Max Delay Exceptions       :  Yes
  Merge Timing Exceptions                    :  Yes

  Corner  Analyze    Analyze    
  Name    Max Paths  Min Paths  
  ------  ---------  ---------  
  Slow    Yes        Yes        
  Fast    Yes        Yes        


------------------------------------------------------------------------------------------------
| Report Methodology
| ------------------
------------------------------------------------------------------------------------------------

Rule  Severity  Description  Violations  
----  --------  -----------  ----------  

Note: This report is based on the most recent report_methodology run and may not be up-to-date. Run report_methodology on the current design for the latest report.



check_timing report

Table of Contents
-----------------
1. checking no_clock (0)
2. checking constant_clock (0)
3. checking pulse_width_clock (0)
4. checking unconstrained_internal_endpoints (0)
5. checking no_input_delay (0)
6. checking no_output_delay (0)
7. checking multiple_clock (0)
8. checking generated_clocks (0)
9. checking loops (0)
10. checking partial_input_delay (0)
11. checking partial_output_delay (0)
12. checking latch_loops (0)

1. checking no_clock (0)
------------------------
 There are 0 register/latch pins with no clock.


2. checking constant_clock (0)
------------------------------
 There are 0 register/latch pins with constant_clock.


3. checking pulse_width_clock (0)
---------------------------------
 There are 0 register/latch pins which need pulse_width check


4. checking unconstrained_internal_endpoints (0)
------------------------------------------------
 There are 0 pins that are not constrained for maximum delay.

 There are 0 pins that are not constrained for maximum delay due to constant clock.


5. checking no_input_delay (0)
------------------------------
 There are 0 input ports with no input delay specified.

 There are 0 input ports with no input delay but user has a false path constraint.


6. checking no_output_delay (0)
-------------------------------
 There are 0 ports with no output delay specified.

 There are 0 ports with no output delay but user has a false path constraint

 There are 0 ports with no output delay but with a timing clock defined on it or propagating through it


7. checking multiple_clock (0)
------------------------------
 There are 0 register/latch pins with multiple clocks.


8. checking generated_clocks (0)
--------------------------------
 There are 0 generated clocks that are not connected to a clock source.


9. checking loops (0)
---------------------
 There are 0 combinational loops in the design.


10. checking partial_input_delay (0)
------------------------------------
 There are 0 input ports with partial input delay specified.


11. checking partial_output_delay (0)
-------------------------------------
 There are 0 ports with partial output delay specified.


12. checking latch_loops (0)
----------------------------
 There are 0 combinational latch loops in the design through latch input



------------------------------------------------------------------------------------------------
| Design Timing Summary
| ---------------------
------------------------------------------------------------------------------------------------

    WNS(ns)      TNS(ns)  TNS Failing Endpoints  TNS Total Endpoints      WHS(ns)      THS(ns)  THS Failing Endpoints  THS Total Endpoints     WPWS(ns)     TPWS(ns)  TPWS Failing Endpoints  TPWS Total Endpoints  
    -------      -------  ---------------------  -------------------      -------      -------  ---------------------  -------------------     --------     --------  ----------------------  --------------------  
      3.886        0.000                      0                20712        0.024        0.000                      0                20712        8.750        0.000                       0                  7073  


All user specified timing constraints are met.


------------------------------------------------------------------------------------------------
| Clock Summary
| -------------
------------------------------------------------------------------------------------------------

Clock       Waveform(ns)       Period(ns)      Frequency(MHz)
-----       ------------       ----------      --------------
clk_fpga_0  {0.000 10.000}     20.000          50.000          


------------------------------------------------------------------------------------------------
| Intra Clock Table
| -----------------
------------------------------------------------------------------------------------------------

Clock             WNS(ns)      TNS(ns)  TNS Failing Endpoints  TNS Total Endpoints      WHS(ns)      THS(ns)  THS Failing Endpoints  THS Total Endpoints     WPWS(ns)     TPWS(ns)  TPWS Failing Endpoints  TPWS Total Endpoints  
-----             -------      -------  ---------------------  -------------------      -------      -------  ---------------------  -------------------     --------     --------  ----------------------  --------------------  
clk_fpga_0          3.886        0.000                      0                20712        0.024        0.000                      0                20712        8.750        0.000                       0                  7073  


------------------------------------------------------------------------------------------------
| Inter Clock Table
| -----------------
------------------------------------------------------------------------------------------------

From Clock    To Clock          WNS(ns)      TNS(ns)  TNS Failing Endpoints  TNS Total Endpoints      WHS(ns)      THS(ns)  THS Failing Endpoints  THS Total Endpoints  
----------    --------          -------      -------  ---------------------  -------------------      -------      -------  ---------------------  -------------------  


------------------------------------------------------------------------------------------------
| Other Path Groups Table
| -----------------------
------------------------------------------------------------------------------------------------

Path Group    From Clock    To Clock          WNS(ns)      TNS(ns)  TNS Failing Endpoints  TNS Total Endpoints      WHS(ns)      THS(ns)  THS Failing Endpoints  THS Total Endpoints  
----------    ----------    --------          -------      -------  ---------------------  -------------------      -------      -------  ---------------------  -------------------  


------------------------------------------------------------------------------------------------
| User Ignored Path Table
| -----------------------
------------------------------------------------------------------------------------------------

Path Group    From Clock    To Clock    
----------    ----------    --------    
(none)                      clk_fpga_0    
(none)        clk_fpga_0    clk_fpga_0    


------------------------------------------------------------------------------------------------
| Unconstrained Path Table
| ------------------------
------------------------------------------------------------------------------------------------

Path Group    From Clock    To Clock    
----------    ----------    --------    


------------------------------------------------------------------------------------------------
| Timing Details
| --------------
------------------------------------------------------------------------------------------------


---------------------------------------------------------------------------------------------------
From Clock:  clk_fpga_0
  To Clock:  clk_fpga_0

Setup :            0  Failing Endpoints,  Worst Slack        3.886ns,  Total Violation        0.000ns
Hold  :            0  Failing Endpoints,  Worst Slack        0.024ns,  Total Violation        0.000ns
PW    :            0  Failing Endpoints,  Worst Slack        8.750ns,  Total Violation        0.000ns
---------------------------------------------------------------------------------------------------


Max Delay Paths
--------------------------------------------------------------------------------------
Slack (MET) :             3.886ns  (required time - arrival time)
  Source:                 design_1_i/blk_mem_gen_1/U0/inst_blk_mem_gen/gnbram.gnative_mem_map_bmg.native_mem_map_blk_mem_gen/valid.cstr/ramloop[0].ram.r/prim_noinit.ram/DEVICE_7SERIES.WITH_BMM_INFO.TRUE_DP.SIMPLE_PRIM36.TDP_SP36_NO_ECC_ATTR.ram/CLKBWRCLK
                            (rising edge-triggered cell RAMB36E1 clocked by clk_fpga_0  {rise@0.000ns fall@10.000ns period=20.000ns})
  Destination:            design_1_i/rv_pipe_1/inst/PLR2_PC_P4/q_reg[24]/R
                            (rising edge-triggered cell FDRE clocked by clk_fpga_0  {rise@0.000ns fall@10.000ns period=20.000ns})
  Path Group:             clk_fpga_0
  Path Type:              Setup (Max at Slow Process Corner)
  Requirement:            20.000ns  (clk_fpga_0 rise@20.000ns - clk_fpga_0 rise@0.000ns)
  Data Path Delay:        15.201ns  (logic 4.158ns (27.354%)  route 11.043ns (72.646%))
  Logic Levels:           10  (LUT3=1 LUT4=1 LUT5=4 LUT6=4)
  Clock Path Skew:        -0.182ns (DCD - SCD + CPR)
    Destination Clock Delay (DCD):    2.802ns = ( 22.802 - 20.000 ) 
    Source Clock Delay      (SCD):    3.231ns
    Clock Pessimism Removal (CPR):    0.247ns
  Clock Uncertainty:      0.302ns  ((TSJ^2 + TIJ^2)^1/2 + DJ) / 2 + PE
    Total System Jitter     (TSJ):    0.071ns
    Total Input Jitter      (TIJ):    0.600ns
    Discrete Jitter          (DJ):    0.000ns
    Phase Error              (PE):    0.000ns

    Location             Delay type                Incr(ns)  Path(ns)    Netlist Resource(s)
  -------------------------------------------------------------------    -------------------
                         (clock clk_fpga_0 rise edge)
                                                      0.000     0.000 r  
    PS7_X0Y0             PS7                          0.000     0.000 r  design_1_i/processing_system7_0/inst/PS7_i/FCLKCLK[0]
                         net (fo=1, routed)           1.193     1.193    design_1_i/processing_system7_0/inst/FCLK_CLK_unbuffered[0]
    BUFGCTRL_X0Y16       BUFG (Prop_bufg_I_O)         0.101     1.294 r  design_1_i/processing_system7_0/inst/buffer_fclk_clk_0.FCLK_CLK_0_BUFG/O
                         net (fo=7073, routed)        1.937     3.231    design_1_i/blk_mem_gen_1/U0/inst_blk_mem_gen/gnbram.gnative_mem_map_bmg.native_mem_map_blk_mem_gen/valid.cstr/ramloop[0].ram.r/prim_noinit.ram/clka
    RAMB36_X3Y23         RAMB36E1                                     r  design_1_i/blk_mem_gen_1/U0/inst_blk_mem_gen/gnbram.gnative_mem_map_bmg.native_mem_map_blk_mem_gen/valid.cstr/ramloop[0].ram.r/prim_noinit.ram/DEVICE_7SERIES.WITH_BMM_INFO.TRUE_DP.SIMPLE_PRIM36.TDP_SP36_NO_ECC_ATTR.ram/CLKBWRCLK
  -------------------------------------------------------------------    -------------------
    RAMB36_X3Y23         RAMB36E1 (Prop_ramb36e1_CLKBWRCLK_DOBDO[4])
                                                      2.454     5.685 r  design_1_i/blk_mem_gen_1/U0/inst_blk_mem_gen/gnbram.gnative_mem_map_bmg.native_mem_map_blk_mem_gen/valid.cstr/ramloop[0].ram.r/prim_noinit.ram/DEVICE_7SERIES.WITH_BMM_INFO.TRUE_DP.SIMPLE_PRIM36.TDP_SP36_NO_ECC_ATTR.ram/DOBDO[4]
                         net (fo=2, routed)           1.401     7.086    design_1_i/rv_pipe_1/inst/PLR3_SEL_RESULT/dmem_rdata[4]
    SLICE_X64Y115        LUT5 (Prop_lut5_I1_O)        0.124     7.210 r  design_1_i/rv_pipe_1/inst/PLR3_SEL_RESULT/q[4]_i_3__0/O
                         net (fo=2, routed)           0.740     7.951    design_1_i/rv_pipe_1/inst/PLR2_RS2/M_result[4]
    SLICE_X63Y119        LUT5 (Prop_lut5_I4_O)        0.124     8.075 r  design_1_i/rv_pipe_1/inst/PLR2_RS2/q[4]_i_1__0/O
                         net (fo=5, routed)           0.751     8.826    design_1_i/rv_pipe_1/inst/PLR2_EXT/D[4]
    SLICE_X60Y122        LUT3 (Prop_lut3_I2_O)        0.150     8.976 r  design_1_i/rv_pipe_1/inst/PLR2_EXT/i__carry__0_i_16/O
                         net (fo=123, routed)         1.518    10.494    design_1_i/rv_pipe_1/inst/PLR2_RS1/E_alu_src_b[4]
    SLICE_X61Y133        LUT4 (Prop_lut4_I3_O)        0.360    10.854 f  design_1_i/rv_pipe_1/inst/PLR2_RS1/q[19]_i_12/O
                         net (fo=4, routed)           0.777    11.631    design_1_i/rv_pipe_1/inst/PLR2_RS1/q[19]_i_12_n_0
    SLICE_X62Y133        LUT6 (Prop_lut6_I0_O)        0.326    11.957 f  design_1_i/rv_pipe_1/inst/PLR2_RS1/q[13]_i_7/O
                         net (fo=2, routed)           0.800    12.757    design_1_i/rv_pipe_1/inst/PLR2_RS1/q[13]_i_7_n_0
    SLICE_X62Y133        LUT6 (Prop_lut6_I0_O)        0.124    12.881 f  design_1_i/rv_pipe_1/inst/PLR2_RS1/q[12]_i_5/O
                         net (fo=1, routed)           0.999    13.880    design_1_i/rv_pipe_1/inst/PLR2_ALU_CONTROL/q_reg[12]_0
    SLICE_X62Y129        LUT5 (Prop_lut5_I2_O)        0.124    14.004 f  design_1_i/rv_pipe_1/inst/PLR2_ALU_CONTROL/q[12]_i_2/O
                         net (fo=2, routed)           0.816    14.820    design_1_i/rv_pipe_1/inst/PLR2_ALU_CONTROL/q[12]_i_2_n_0
    SLICE_X62Y127        LUT5 (Prop_lut5_I4_O)        0.124    14.944 r  design_1_i/rv_pipe_1/inst/PLR2_ALU_CONTROL/pc_q[31]_i_12/O
                         net (fo=2, routed)           0.971    15.915    design_1_i/rv_pipe_1/inst/PLR2_ALU_CONTROL/pc_q[31]_i_12_n_0
    SLICE_X54Y127        LUT6 (Prop_lut6_I0_O)        0.124    16.039 r  design_1_i/rv_pipe_1/inst/PLR2_ALU_CONTROL/pc_q[31]_i_6/O
                         net (fo=34, routed)          0.949    16.988    design_1_i/rv_pipe_1/inst/PLR2_ALU_CONTROL/pc_q[31]_i_6_n_0
    SLICE_X57Y117        LUT6 (Prop_lut6_I1_O)        0.124    17.112 r  design_1_i/rv_pipe_1/inst/PLR2_ALU_CONTROL/q[0]_i_1/O
                         net (fo=184, routed)         1.320    18.432    design_1_i/rv_pipe_1/inst/PLR2_PC_P4/q_reg[2]_0
    SLICE_X52Y125        FDRE                                         r  design_1_i/rv_pipe_1/inst/PLR2_PC_P4/q_reg[24]/R
  -------------------------------------------------------------------    -------------------

                         (clock clk_fpga_0 rise edge)
                                                     20.000    20.000 r  
    PS7_X0Y0             PS7                          0.000    20.000 r  design_1_i/processing_system7_0/inst/PS7_i/FCLKCLK[0]
                         net (fo=1, routed)           1.088    21.088    design_1_i/processing_system7_0/inst/FCLK_CLK_unbuffered[0]
    BUFGCTRL_X0Y16       BUFG (Prop_bufg_I_O)         0.091    21.179 r  design_1_i/processing_system7_0/inst/buffer_fclk_clk_0.FCLK_CLK_0_BUFG/O
                         net (fo=7073, routed)        1.623    22.802    design_1_i/rv_pipe_1/inst/PLR2_PC_P4/clk
    SLICE_X52Y125        FDRE                                         r  design_1_i/rv_pipe_1/inst/PLR2_PC_P4/q_reg[24]/C
                         clock pessimism              0.247    23.049    
                         clock uncertainty           -0.302    22.747    
    SLICE_X52Y125        FDRE (Setup_fdre_C_R)       -0.429    22.318    design_1_i/rv_pipe_1/inst/PLR2_PC_P4/q_reg[24]
  -------------------------------------------------------------------
                         required time                         22.318    
                         arrival time                         -18.432    
  -------------------------------------------------------------------
                         slack                                  3.886    

Slack (MET) :             3.886ns  (required time - arrival time)
  Source:                 design_1_i/blk_mem_gen_1/U0/inst_blk_mem_gen/gnbram.gnative_mem_map_bmg.native_mem_map_blk_mem_gen/valid.cstr/ramloop[0].ram.r/prim_noinit.ram/DEVICE_7SERIES.WITH_BMM_INFO.TRUE_DP.SIMPLE_PRIM36.TDP_SP36_NO_ECC_ATTR.ram/CLKBWRCLK
                            (rising edge-triggered cell RAMB36E1 clocked by clk_fpga_0  {rise@0.000ns fall@10.000ns period=20.000ns})
  Destination:            design_1_i/rv_pipe_1/inst/PLR2_PC_P4/q_reg[27]/R
                            (rising edge-triggered cell FDRE clocked by clk_fpga_0  {rise@0.000ns fall@10.000ns period=20.000ns})
  Path Group:             clk_fpga_0
  Path Type:              Setup (Max at Slow Process Corner)
  Requirement:            20.000ns  (clk_fpga_0 rise@20.000ns - clk_fpga_0 rise@0.000ns)
  Data Path Delay:        15.201ns  (logic 4.158ns (27.354%)  route 11.043ns (72.646%))
  Logic Levels:           10  (LUT3=1 LUT4=1 LUT5=4 LUT6=4)
  Clock Path Skew:        -0.182ns (DCD - SCD + CPR)
    Destination Clock Delay (DCD):    2.802ns = ( 22.802 - 20.000 ) 
    Source Clock Delay      (SCD):    3.231ns
    Clock Pessimism Removal (CPR):    0.247ns
  Clock Uncertainty:      0.302ns  ((TSJ^2 + TIJ^2)^1/2 + DJ) / 2 + PE
    Total System Jitter     (TSJ):    0.071ns
    Total Input Jitter      (TIJ):    0.600ns
    Discrete Jitter          (DJ):    0.000ns
    Phase Error              (PE):    0.000ns

    Location             Delay type                Incr(ns)  Path(ns)    Netlist Resource(s)
  -------------------------------------------------------------------    -------------------
                         (clock clk_fpga_0 rise edge)
                                                      0.000     0.000 r  
    PS7_X0Y0             PS7                          0.000     0.000 r  design_1_i/processing_system7_0/inst/PS7_i/FCLKCLK[0]
                         net (fo=1, routed)           1.193     1.193    design_1_i/processing_system7_0/inst/FCLK_CLK_unbuffered[0]
    BUFGCTRL_X0Y16       BUFG (Prop_bufg_I_O)         0.101     1.294 r  design_1_i/processing_system7_0/inst/buffer_fclk_clk_0.FCLK_CLK_0_BUFG/O
                         net (fo=7073, routed)        1.937     3.231    design_1_i/blk_mem_gen_1/U0/inst_blk_mem_gen/gnbram.gnative_mem_map_bmg.native_mem_map_blk_mem_gen/valid.cstr/ramloop[0].ram.r/prim_noinit.ram/clka
    RAMB36_X3Y23         RAMB36E1                                     r  design_1_i/blk_mem_gen_1/U0/inst_blk_mem_gen/gnbram.gnative_mem_map_bmg.native_mem_map_blk_mem_gen/valid.cstr/ramloop[0].ram.r/prim_noinit.ram/DEVICE_7SERIES.WITH_BMM_INFO.TRUE_DP.SIMPLE_PRIM36.TDP_SP36_NO_ECC_ATTR.ram/CLKBWRCLK
  -------------------------------------------------------------------    -------------------
    RAMB36_X3Y23         RAMB36E1 (Prop_ramb36e1_CLKBWRCLK_DOBDO[4])
                                                      2.454     5.685 r  design_1_i/blk_mem_gen_1/U0/inst_blk_mem_gen/gnbram.gnative_mem_map_bmg.native_mem_map_blk_mem_gen/valid.cstr/ramloop[0].ram.r/prim_noinit.ram/DEVICE_7SERIES.WITH_BMM_INFO.TRUE_DP.SIMPLE_PRIM36.TDP_SP36_NO_ECC_ATTR.ram/DOBDO[4]
                         net (fo=2, routed)           1.401     7.086    design_1_i/rv_pipe_1/inst/PLR3_SEL_RESULT/dmem_rdata[4]
    SLICE_X64Y115        LUT5 (Prop_lut5_I1_O)        0.124     7.210 r  design_1_i/rv_pipe_1/inst/PLR3_SEL_RESULT/q[4]_i_3__0/O
                         net (fo=2, routed)           0.740     7.951    design_1_i/rv_pipe_1/inst/PLR2_RS2/M_result[4]
    SLICE_X63Y119        LUT5 (Prop_lut5_I4_O)        0.124     8.075 r  design_1_i/rv_pipe_1/inst/PLR2_RS2/q[4]_i_1__0/O
                         net (fo=5, routed)           0.751     8.826    design_1_i/rv_pipe_1/inst/PLR2_EXT/D[4]
    SLICE_X60Y122        LUT3 (Prop_lut3_I2_O)        0.150     8.976 r  design_1_i/rv_pipe_1/inst/PLR2_EXT/i__carry__0_i_16/O
                         net (fo=123, routed)         1.518    10.494    design_1_i/rv_pipe_1/inst/PLR2_RS1/E_alu_src_b[4]
    SLICE_X61Y133        LUT4 (Prop_lut4_I3_O)        0.360    10.854 f  design_1_i/rv_pipe_1/inst/PLR2_RS1/q[19]_i_12/O
                         net (fo=4, routed)           0.777    11.631    design_1_i/rv_pipe_1/inst/PLR2_RS1/q[19]_i_12_n_0
    SLICE_X62Y133        LUT6 (Prop_lut6_I0_O)        0.326    11.957 f  design_1_i/rv_pipe_1/inst/PLR2_RS1/q[13]_i_7/O
                         net (fo=2, routed)           0.800    12.757    design_1_i/rv_pipe_1/inst/PLR2_RS1/q[13]_i_7_n_0
    SLICE_X62Y133        LUT6 (Prop_lut6_I0_O)        0.124    12.881 f  design_1_i/rv_pipe_1/inst/PLR2_RS1/q[12]_i_5/O
                         net (fo=1, routed)           0.999    13.880    design_1_i/rv_pipe_1/inst/PLR2_ALU_CONTROL/q_reg[12]_0
    SLICE_X62Y129        LUT5 (Prop_lut5_I2_O)        0.124    14.004 f  design_1_i/rv_pipe_1/inst/PLR2_ALU_CONTROL/q[12]_i_2/O
                         net (fo=2, routed)           0.816    14.820    design_1_i/rv_pipe_1/inst/PLR2_ALU_CONTROL/q[12]_i_2_n_0
    SLICE_X62Y127        LUT5 (Prop_lut5_I4_O)        0.124    14.944 r  design_1_i/rv_pipe_1/inst/PLR2_ALU_CONTROL/pc_q[31]_i_12/O
                         net (fo=2, routed)           0.971    15.915    design_1_i/rv_pipe_1/inst/PLR2_ALU_CONTROL/pc_q[31]_i_12_n_0
    SLICE_X54Y127        LUT6 (Prop_lut6_I0_O)        0.124    16.039 r  design_1_i/rv_pipe_1/inst/PLR2_ALU_CONTROL/pc_q[31]_i_6/O
                         net (fo=34, routed)          0.949    16.988    design_1_i/rv_pipe_1/inst/PLR2_ALU_CONTROL/pc_q[31]_i_6_n_0
    SLICE_X57Y117        LUT6 (Prop_lut6_I1_O)        0.124    17.112 r  design_1_i/rv_pipe_1/inst/PLR2_ALU_CONTROL/q[0]_i_1/O
                         net (fo=184, routed)         1.320    18.432    design_1_i/rv_pipe_1/inst/PLR2_PC_P4/q_reg[2]_0
    SLICE_X52Y125        FDRE                                         r  design_1_i/rv_pipe_1/inst/PLR2_PC_P4/q_reg[27]/R
  -------------------------------------------------------------------    -------------------

                         (clock clk_fpga_0 rise edge)
                                                     20.000    20.000 r  
    PS7_X0Y0             PS7                          0.000    20.000 r  design_1_i/processing_system7_0/inst/PS7_i/FCLKCLK[0]
                         net (fo=1, routed)           1.088    21.088    design_1_i/processing_system7_0/inst/FCLK_CLK_unbuffered[0]
    BUFGCTRL_X0Y16       BUFG (Prop_bufg_I_O)         0.091    21.179 r  design_1_i/processing_system7_0/inst/buffer_fclk_clk_0.FCLK_CLK_0_BUFG/O
                         net (fo=7073, routed)        1.623    22.802    design_1_i/rv_pipe_1/inst/PLR2_PC_P4/clk
    SLICE_X52Y125        FDRE                                         r  design_1_i/rv_pipe_1/inst/PLR2_PC_P4/q_reg[27]/C
                         clock pessimism              0.247    23.049    
                         clock uncertainty           -0.302    22.747    
    SLICE_X52Y125        FDRE (Setup_fdre_C_R)       -0.429    22.318    design_1_i/rv_pipe_1/inst/PLR2_PC_P4/q_reg[27]
  -------------------------------------------------------------------
                         required time                         22.318    
                         arrival time                         -18.432    
  -------------------------------------------------------------------
                         slack                                  3.886    

Slack (MET) :             3.886ns  (required time - arrival time)
  Source:                 design_1_i/blk_mem_gen_1/U0/inst_blk_mem_gen/gnbram.gnative_mem_map_bmg.native_mem_map_blk_mem_gen/valid.cstr/ramloop[0].ram.r/prim_noinit.ram/DEVICE_7SERIES.WITH_BMM_INFO.TRUE_DP.SIMPLE_PRIM36.TDP_SP36_NO_ECC_ATTR.ram/CLKBWRCLK
                            (rising edge-triggered cell RAMB36E1 clocked by clk_fpga_0  {rise@0.000ns fall@10.000ns period=20.000ns})
  Destination:            design_1_i/rv_pipe_1/inst/PLR2_PC_P4/q_reg[28]/R
                            (rising edge-triggered cell FDRE clocked by clk_fpga_0  {rise@0.000ns fall@10.000ns period=20.000ns})
  Path Group:             clk_fpga_0
  Path Type:              Setup (Max at Slow Process Corner)
  Requirement:            20.000ns  (clk_fpga_0 rise@20.000ns - clk_fpga_0 rise@0.000ns)
  Data Path Delay:        15.201ns  (logic 4.158ns (27.354%)  route 11.043ns (72.646%))
  Logic Levels:           10  (LUT3=1 LUT4=1 LUT5=4 LUT6=4)
  Clock Path Skew:        -0.182ns (DCD - SCD + CPR)
    Destination Clock Delay (DCD):    2.802ns = ( 22.802 - 20.000 ) 
    Source Clock Delay      (SCD):    3.231ns
    Clock Pessimism Removal (CPR):    0.247ns
  Clock Uncertainty:      0.302ns  ((TSJ^2 + TIJ^2)^1/2 + DJ) / 2 + PE
    Total System Jitter     (TSJ):    0.071ns
    Total Input Jitter      (TIJ):    0.600ns
    Discrete Jitter          (DJ):    0.000ns
    Phase Error              (PE):    0.000ns

    Location             Delay type                Incr(ns)  Path(ns)    Netlist Resource(s)
  -------------------------------------------------------------------    -------------------
                         (clock clk_fpga_0 rise edge)
                                                      0.000     0.000 r  
    PS7_X0Y0             PS7                          0.000     0.000 r  design_1_i/processing_system7_0/inst/PS7_i/FCLKCLK[0]
                         net (fo=1, routed)           1.193     1.193    design_1_i/processing_system7_0/inst/FCLK_CLK_unbuffered[0]
    BUFGCTRL_X0Y16       BUFG (Prop_bufg_I_O)         0.101     1.294 r  design_1_i/processing_system7_0/inst/buffer_fclk_clk_0.FCLK_CLK_0_BUFG/O
                         net (fo=7073, routed)        1.937     3.231    design_1_i/blk_mem_gen_1/U0/inst_blk_mem_gen/gnbram.gnative_mem_map_bmg.native_mem_map_blk_mem_gen/valid.cstr/ramloop[0].ram.r/prim_noinit.ram/clka
    RAMB36_X3Y23         RAMB36E1                                     r  design_1_i/blk_mem_gen_1/U0/inst_blk_mem_gen/gnbram.gnative_mem_map_bmg.native_mem_map_blk_mem_gen/valid.cstr/ramloop[0].ram.r/prim_noinit.ram/DEVICE_7SERIES.WITH_BMM_INFO.TRUE_DP.SIMPLE_PRIM36.TDP_SP36_NO_ECC_ATTR.ram/CLKBWRCLK
  -------------------------------------------------------------------    -------------------
    RAMB36_X3Y23         RAMB36E1 (Prop_ramb36e1_CLKBWRCLK_DOBDO[4])
                                                      2.454     5.685 r  design_1_i/blk_mem_gen_1/U0/inst_blk_mem_gen/gnbram.gnative_mem_map_bmg.native_mem_map_blk_mem_gen/valid.cstr/ramloop[0].ram.r/prim_noinit.ram/DEVICE_7SERIES.WITH_BMM_INFO.TRUE_DP.SIMPLE_PRIM36.TDP_SP36_NO_ECC_ATTR.ram/DOBDO[4]
                         net (fo=2, routed)           1.401     7.086    design_1_i/rv_pipe_1/inst/PLR3_SEL_RESULT/dmem_rdata[4]
    SLICE_X64Y115        LUT5 (Prop_lut5_I1_O)        0.124     7.210 r  design_1_i/rv_pipe_1/inst/PLR3_SEL_RESULT/q[4]_i_3__0/O
                         net (fo=2, routed)           0.740     7.951    design_1_i/rv_pipe_1/inst/PLR2_RS2/M_result[4]
    SLICE_X63Y119        LUT5 (Prop_lut5_I4_O)        0.124     8.075 r  design_1_i/rv_pipe_1/inst/PLR2_RS2/q[4]_i_1__0/O
                         net (fo=5, routed)           0.751     8.826    design_1_i/rv_pipe_1/inst/PLR2_EXT/D[4]
    SLICE_X60Y122        LUT3 (Prop_lut3_I2_O)        0.150     8.976 r  design_1_i/rv_pipe_1/inst/PLR2_EXT/i__carry__0_i_16/O
                         net (fo=123, routed)         1.518    10.494    design_1_i/rv_pipe_1/inst/PLR2_RS1/E_alu_src_b[4]
    SLICE_X61Y133        LUT4 (Prop_lut4_I3_O)        0.360    10.854 f  design_1_i/rv_pipe_1/inst/PLR2_RS1/q[19]_i_12/O
                         net (fo=4, routed)           0.777    11.631    design_1_i/rv_pipe_1/inst/PLR2_RS1/q[19]_i_12_n_0
    SLICE_X62Y133        LUT6 (Prop_lut6_I0_O)        0.326    11.957 f  design_1_i/rv_pipe_1/inst/PLR2_RS1/q[13]_i_7/O
                         net (fo=2, routed)           0.800    12.757    design_1_i/rv_pipe_1/inst/PLR2_RS1/q[13]_i_7_n_0
    SLICE_X62Y133        LUT6 (Prop_lut6_I0_O)        0.124    12.881 f  design_1_i/rv_pipe_1/inst/PLR2_RS1/q[12]_i_5/O
                         net (fo=1, routed)           0.999    13.880    design_1_i/rv_pipe_1/inst/PLR2_ALU_CONTROL/q_reg[12]_0
    SLICE_X62Y129        LUT5 (Prop_lut5_I2_O)        0.124    14.004 f  design_1_i/rv_pipe_1/inst/PLR2_ALU_CONTROL/q[12]_i_2/O
                         net (fo=2, routed)           0.816    14.820    design_1_i/rv_pipe_1/inst/PLR2_ALU_CONTROL/q[12]_i_2_n_0
    SLICE_X62Y127        LUT5 (Prop_lut5_I4_O)        0.124    14.944 r  design_1_i/rv_pipe_1/inst/PLR2_ALU_CONTROL/pc_q[31]_i_12/O
                         net (fo=2, routed)           0.971    15.915    design_1_i/rv_pipe_1/inst/PLR2_ALU_CONTROL/pc_q[31]_i_12_n_0
    SLICE_X54Y127        LUT6 (Prop_lut6_I0_O)        0.124    16.039 r  design_1_i/rv_pipe_1/inst/PLR2_ALU_CONTROL/pc_q[31]_i_6/O
                         net (fo=34, routed)          0.949    16.988    design_1_i/rv_pipe_1/inst/PLR2_ALU_CONTROL/pc_q[31]_i_6_n_0
    SLICE_X57Y117        LUT6 (Prop_lut6_I1_O)        0.124    17.112 r  design_1_i/rv_pipe_1/inst/PLR2_ALU_CONTROL/q[0]_i_1/O
                         net (fo=184, routed)         1.320    18.432    design_1_i/rv_pipe_1/inst/PLR2_PC_P4/q_reg[2]_0
    SLICE_X52Y125        FDRE                                         r  design_1_i/rv_pipe_1/inst/PLR2_PC_P4/q_reg[28]/R
  -------------------------------------------------------------------    -------------------

                         (clock clk_fpga_0 rise edge)
                                                     20.000    20.000 r  
    PS7_X0Y0             PS7                          0.000    20.000 r  design_1_i/processing_system7_0/inst/PS7_i/FCLKCLK[0]
                         net (fo=1, routed)           1.088    21.088    design_1_i/processing_system7_0/inst/FCLK_CLK_unbuffered[0]
    BUFGCTRL_X0Y16       BUFG (Prop_bufg_I_O)         0.091    21.179 r  design_1_i/processing_system7_0/inst/buffer_fclk_clk_0.FCLK_CLK_0_BUFG/O
                         net (fo=7073, routed)        1.623    22.802    design_1_i/rv_pipe_1/inst/PLR2_PC_P4/clk
    SLICE_X52Y125        FDRE                                         r  design_1_i/rv_pipe_1/inst/PLR2_PC_P4/q_reg[28]/C
                         clock pessimism              0.247    23.049    
                         clock uncertainty           -0.302    22.747    
    SLICE_X52Y125        FDRE (Setup_fdre_C_R)       -0.429    22.318    design_1_i/rv_pipe_1/inst/PLR2_PC_P4/q_reg[28]
  -------------------------------------------------------------------
                         required time                         22.318    
                         arrival time                         -18.432    
  -------------------------------------------------------------------
                         slack                                  3.886    

Slack (MET) :             3.886ns  (required time - arrival time)
  Source:                 design_1_i/blk_mem_gen_1/U0/inst_blk_mem_gen/gnbram.gnative_mem_map_bmg.native_mem_map_blk_mem_gen/valid.cstr/ramloop[0].ram.r/prim_noinit.ram/DEVICE_7SERIES.WITH_BMM_INFO.TRUE_DP.SIMPLE_PRIM36.TDP_SP36_NO_ECC_ATTR.ram/CLKBWRCLK
                            (rising edge-triggered cell RAMB36E1 clocked by clk_fpga_0  {rise@0.000ns fall@10.000ns period=20.000ns})
  Destination:            design_1_i/rv_pipe_1/inst/PLR2_PC_P4/q_reg[29]/R
                            (rising edge-triggered cell FDRE clocked by clk_fpga_0  {rise@0.000ns fall@10.000ns period=20.000ns})
  Path Group:             clk_fpga_0
  Path Type:              Setup (Max at Slow Process Corner)
  Requirement:            20.000ns  (clk_fpga_0 rise@20.000ns - clk_fpga_0 rise@0.000ns)
  Data Path Delay:        15.201ns  (logic 4.158ns (27.354%)  route 11.043ns (72.646%))
  Logic Levels:           10  (LUT3=1 LUT4=1 LUT5=4 LUT6=4)
  Clock Path Skew:        -0.182ns (DCD - SCD + CPR)
    Destination Clock Delay (DCD):    2.802ns = ( 22.802 - 20.000 ) 
    Source Clock Delay      (SCD):    3.231ns
    Clock Pessimism Removal (CPR):    0.247ns
  Clock Uncertainty:      0.302ns  ((TSJ^2 + TIJ^2)^1/2 + DJ) / 2 + PE
    Total System Jitter     (TSJ):    0.071ns
    Total Input Jitter      (TIJ):    0.600ns
    Discrete Jitter          (DJ):    0.000ns
    Phase Error              (PE):    0.000ns

    Location             Delay type                Incr(ns)  Path(ns)    Netlist Resource(s)
  -------------------------------------------------------------------    -------------------
                         (clock clk_fpga_0 rise edge)
                                                      0.000     0.000 r  
    PS7_X0Y0             PS7                          0.000     0.000 r  design_1_i/processing_system7_0/inst/PS7_i/FCLKCLK[0]
                         net (fo=1, routed)           1.193     1.193    design_1_i/processing_system7_0/inst/FCLK_CLK_unbuffered[0]
    BUFGCTRL_X0Y16       BUFG (Prop_bufg_I_O)         0.101     1.294 r  design_1_i/processing_system7_0/inst/buffer_fclk_clk_0.FCLK_CLK_0_BUFG/O
                         net (fo=7073, routed)        1.937     3.231    design_1_i/blk_mem_gen_1/U0/inst_blk_mem_gen/gnbram.gnative_mem_map_bmg.native_mem_map_blk_mem_gen/valid.cstr/ramloop[0].ram.r/prim_noinit.ram/clka
    RAMB36_X3Y23         RAMB36E1                                     r  design_1_i/blk_mem_gen_1/U0/inst_blk_mem_gen/gnbram.gnative_mem_map_bmg.native_mem_map_blk_mem_gen/valid.cstr/ramloop[0].ram.r/prim_noinit.ram/DEVICE_7SERIES.WITH_BMM_INFO.TRUE_DP.SIMPLE_PRIM36.TDP_SP36_NO_ECC_ATTR.ram/CLKBWRCLK
  -------------------------------------------------------------------    -------------------
    RAMB36_X3Y23         RAMB36E1 (Prop_ramb36e1_CLKBWRCLK_DOBDO[4])
                                                      2.454     5.685 r  design_1_i/blk_mem_gen_1/U0/inst_blk_mem_gen/gnbram.gnative_mem_map_bmg.native_mem_map_blk_mem_gen/valid.cstr/ramloop[0].ram.r/prim_noinit.ram/DEVICE_7SERIES.WITH_BMM_INFO.TRUE_DP.SIMPLE_PRIM36.TDP_SP36_NO_ECC_ATTR.ram/DOBDO[4]
                         net (fo=2, routed)           1.401     7.086    design_1_i/rv_pipe_1/inst/PLR3_SEL_RESULT/dmem_rdata[4]
    SLICE_X64Y115        LUT5 (Prop_lut5_I1_O)        0.124     7.210 r  design_1_i/rv_pipe_1/inst/PLR3_SEL_RESULT/q[4]_i_3__0/O
                         net (fo=2, routed)           0.740     7.951    design_1_i/rv_pipe_1/inst/PLR2_RS2/M_result[4]
    SLICE_X63Y119        LUT5 (Prop_lut5_I4_O)        0.124     8.075 r  design_1_i/rv_pipe_1/inst/PLR2_RS2/q[4]_i_1__0/O
                         net (fo=5, routed)           0.751     8.826    design_1_i/rv_pipe_1/inst/PLR2_EXT/D[4]
    SLICE_X60Y122        LUT3 (Prop_lut3_I2_O)        0.150     8.976 r  design_1_i/rv_pipe_1/inst/PLR2_EXT/i__carry__0_i_16/O
                         net (fo=123, routed)         1.518    10.494    design_1_i/rv_pipe_1/inst/PLR2_RS1/E_alu_src_b[4]
    SLICE_X61Y133        LUT4 (Prop_lut4_I3_O)        0.360    10.854 f  design_1_i/rv_pipe_1/inst/PLR2_RS1/q[19]_i_12/O
                         net (fo=4, routed)           0.777    11.631    design_1_i/rv_pipe_1/inst/PLR2_RS1/q[19]_i_12_n_0
    SLICE_X62Y133        LUT6 (Prop_lut6_I0_O)        0.326    11.957 f  design_1_i/rv_pipe_1/inst/PLR2_RS1/q[13]_i_7/O
                         net (fo=2, routed)           0.800    12.757    design_1_i/rv_pipe_1/inst/PLR2_RS1/q[13]_i_7_n_0
    SLICE_X62Y133        LUT6 (Prop_lut6_I0_O)        0.124    12.881 f  design_1_i/rv_pipe_1/inst/PLR2_RS1/q[12]_i_5/O
                         net (fo=1, routed)           0.999    13.880    design_1_i/rv_pipe_1/inst/PLR2_ALU_CONTROL/q_reg[12]_0
    SLICE_X62Y129        LUT5 (Prop_lut5_I2_O)        0.124    14.004 f  design_1_i/rv_pipe_1/inst/PLR2_ALU_CONTROL/q[12]_i_2/O
                         net (fo=2, routed)           0.816    14.820    design_1_i/rv_pipe_1/inst/PLR2_ALU_CONTROL/q[12]_i_2_n_0
    SLICE_X62Y127        LUT5 (Prop_lut5_I4_O)        0.124    14.944 r  design_1_i/rv_pipe_1/inst/PLR2_ALU_CONTROL/pc_q[31]_i_12/O
                         net (fo=2, routed)           0.971    15.915    design_1_i/rv_pipe_1/inst/PLR2_ALU_CONTROL/pc_q[31]_i_12_n_0
    SLICE_X54Y127        LUT6 (Prop_lut6_I0_O)        0.124    16.039 r  design_1_i/rv_pipe_1/inst/PLR2_ALU_CONTROL/pc_q[31]_i_6/O
                         net (fo=34, routed)          0.949    16.988    design_1_i/rv_pipe_1/inst/PLR2_ALU_CONTROL/pc_q[31]_i_6_n_0
    SLICE_X57Y117        LUT6 (Prop_lut6_I1_O)        0.124    17.112 r  design_1_i/rv_pipe_1/inst/PLR2_ALU_CONTROL/q[0]_i_1/O
                         net (fo=184, routed)         1.320    18.432    design_1_i/rv_pipe_1/inst/PLR2_PC_P4/q_reg[2]_0
    SLICE_X52Y125        FDRE                                         r  design_1_i/rv_pipe_1/inst/PLR2_PC_P4/q_reg[29]/R
  -------------------------------------------------------------------    -------------------

                         (clock clk_fpga_0 rise edge)
                                                     20.000    20.000 r  
    PS7_X0Y0             PS7                          0.000    20.000 r  design_1_i/processing_system7_0/inst/PS7_i/FCLKCLK[0]
                         net (fo=1, routed)           1.088    21.088    design_1_i/processing_system7_0/inst/FCLK_CLK_unbuffered[0]
    BUFGCTRL_X0Y16       BUFG (Prop_bufg_I_O)         0.091    21.179 r  design_1_i/processing_system7_0/inst/buffer_fclk_clk_0.FCLK_CLK_0_BUFG/O
                         net (fo=7073, routed)        1.623    22.802    design_1_i/rv_pipe_1/inst/PLR2_PC_P4/clk
    SLICE_X52Y125        FDRE                                         r  design_1_i/rv_pipe_1/inst/PLR2_PC_P4/q_reg[29]/C
                         clock pessimism              0.247    23.049    
                         clock uncertainty           -0.302    22.747    
    SLICE_X52Y125        FDRE (Setup_fdre_C_R)       -0.429    22.318    design_1_i/rv_pipe_1/inst/PLR2_PC_P4/q_reg[29]
  -------------------------------------------------------------------
                         required time                         22.318    
                         arrival time                         -18.432    
  -------------------------------------------------------------------
                         slack                                  3.886    

Slack (MET) :             3.886ns  (required time - arrival time)
  Source:                 design_1_i/blk_mem_gen_1/U0/inst_blk_mem_gen/gnbram.gnative_mem_map_bmg.native_mem_map_blk_mem_gen/valid.cstr/ramloop[0].ram.r/prim_noinit.ram/DEVICE_7SERIES.WITH_BMM_INFO.TRUE_DP.SIMPLE_PRIM36.TDP_SP36_NO_ECC_ATTR.ram/CLKBWRCLK
                            (rising edge-triggered cell RAMB36E1 clocked by clk_fpga_0  {rise@0.000ns fall@10.000ns period=20.000ns})
  Destination:            design_1_i/rv_pipe_1/inst/PLR2_PC_P4/q_reg[31]/R
                            (rising edge-triggered cell FDRE clocked by clk_fpga_0  {rise@0.000ns fall@10.000ns period=20.000ns})
  Path Group:             clk_fpga_0
  Path Type:              Setup (Max at Slow Process Corner)
  Requirement:            20.000ns  (clk_fpga_0 rise@20.000ns - clk_fpga_0 rise@0.000ns)
  Data Path Delay:        15.201ns  (logic 4.158ns (27.354%)  route 11.043ns (72.646%))
  Logic Levels:           10  (LUT3=1 LUT4=1 LUT5=4 LUT6=4)
  Clock Path Skew:        -0.182ns (DCD - SCD + CPR)
    Destination Clock Delay (DCD):    2.802ns = ( 22.802 - 20.000 ) 
    Source Clock Delay      (SCD):    3.231ns
    Clock Pessimism Removal (CPR):    0.247ns
  Clock Uncertainty:      0.302ns  ((TSJ^2 + TIJ^2)^1/2 + DJ) / 2 + PE
    Total System Jitter     (TSJ):    0.071ns
    Total Input Jitter      (TIJ):    0.600ns
    Discrete Jitter          (DJ):    0.000ns
    Phase Error              (PE):    0.000ns

    Location             Delay type                Incr(ns)  Path(ns)    Netlist Resource(s)
  -------------------------------------------------------------------    -------------------
                         (clock clk_fpga_0 rise edge)
                                                      0.000     0.000 r  
    PS7_X0Y0             PS7                          0.000     0.000 r  design_1_i/processing_system7_0/inst/PS7_i/FCLKCLK[0]
                         net (fo=1, routed)           1.193     1.193    design_1_i/processing_system7_0/inst/FCLK_CLK_unbuffered[0]
    BUFGCTRL_X0Y16       BUFG (Prop_bufg_I_O)         0.101     1.294 r  design_1_i/processing_system7_0/inst/buffer_fclk_clk_0.FCLK_CLK_0_BUFG/O
                         net (fo=7073, routed)        1.937     3.231    design_1_i/blk_mem_gen_1/U0/inst_blk_mem_gen/gnbram.gnative_mem_map_bmg.native_mem_map_blk_mem_gen/valid.cstr/ramloop[0].ram.r/prim_noinit.ram/clka
    RAMB36_X3Y23         RAMB36E1                                     r  design_1_i/blk_mem_gen_1/U0/inst_blk_mem_gen/gnbram.gnative_mem_map_bmg.native_mem_map_blk_mem_gen/valid.cstr/ramloop[0].ram.r/prim_noinit.ram/DEVICE_7SERIES.WITH_BMM_INFO.TRUE_DP.SIMPLE_PRIM36.TDP_SP36_NO_ECC_ATTR.ram/CLKBWRCLK
  -------------------------------------------------------------------    -------------------
    RAMB36_X3Y23         RAMB36E1 (Prop_ramb36e1_CLKBWRCLK_DOBDO[4])
                                                      2.454     5.685 r  design_1_i/blk_mem_gen_1/U0/inst_blk_mem_gen/gnbram.gnative_mem_map_bmg.native_mem_map_blk_mem_gen/valid.cstr/ramloop[0].ram.r/prim_noinit.ram/DEVICE_7SERIES.WITH_BMM_INFO.TRUE_DP.SIMPLE_PRIM36.TDP_SP36_NO_ECC_ATTR.ram/DOBDO[4]
                         net (fo=2, routed)           1.401     7.086    design_1_i/rv_pipe_1/inst/PLR3_SEL_RESULT/dmem_rdata[4]
    SLICE_X64Y115        LUT5 (Prop_lut5_I1_O)        0.124     7.210 r  design_1_i/rv_pipe_1/inst/PLR3_SEL_RESULT/q[4]_i_3__0/O
                         net (fo=2, routed)           0.740     7.951    design_1_i/rv_pipe_1/inst/PLR2_RS2/M_result[4]
    SLICE_X63Y119        LUT5 (Prop_lut5_I4_O)        0.124     8.075 r  design_1_i/rv_pipe_1/inst/PLR2_RS2/q[4]_i_1__0/O
                         net (fo=5, routed)           0.751     8.826    design_1_i/rv_pipe_1/inst/PLR2_EXT/D[4]
    SLICE_X60Y122        LUT3 (Prop_lut3_I2_O)        0.150     8.976 r  design_1_i/rv_pipe_1/inst/PLR2_EXT/i__carry__0_i_16/O
                         net (fo=123, routed)         1.518    10.494    design_1_i/rv_pipe_1/inst/PLR2_RS1/E_alu_src_b[4]
    SLICE_X61Y133        LUT4 (Prop_lut4_I3_O)        0.360    10.854 f  design_1_i/rv_pipe_1/inst/PLR2_RS1/q[19]_i_12/O
                         net (fo=4, routed)           0.777    11.631    design_1_i/rv_pipe_1/inst/PLR2_RS1/q[19]_i_12_n_0
    SLICE_X62Y133        LUT6 (Prop_lut6_I0_O)        0.326    11.957 f  design_1_i/rv_pipe_1/inst/PLR2_RS1/q[13]_i_7/O
                         net (fo=2, routed)           0.800    12.757    design_1_i/rv_pipe_1/inst/PLR2_RS1/q[13]_i_7_n_0
    SLICE_X62Y133        LUT6 (Prop_lut6_I0_O)        0.124    12.881 f  design_1_i/rv_pipe_1/inst/PLR2_RS1/q[12]_i_5/O
                         net (fo=1, routed)           0.999    13.880    design_1_i/rv_pipe_1/inst/PLR2_ALU_CONTROL/q_reg[12]_0
    SLICE_X62Y129        LUT5 (Prop_lut5_I2_O)        0.124    14.004 f  design_1_i/rv_pipe_1/inst/PLR2_ALU_CONTROL/q[12]_i_2/O
                         net (fo=2, routed)           0.816    14.820    design_1_i/rv_pipe_1/inst/PLR2_ALU_CONTROL/q[12]_i_2_n_0
    SLICE_X62Y127        LUT5 (Prop_lut5_I4_O)        0.124    14.944 r  design_1_i/rv_pipe_1/inst/PLR2_ALU_CONTROL/pc_q[31]_i_12/O
                         net (fo=2, routed)           0.971    15.915    design_1_i/rv_pipe_1/inst/PLR2_ALU_CONTROL/pc_q[31]_i_12_n_0
    SLICE_X54Y127        LUT6 (Prop_lut6_I0_O)        0.124    16.039 r  design_1_i/rv_pipe_1/inst/PLR2_ALU_CONTROL/pc_q[31]_i_6/O
                         net (fo=34, routed)          0.949    16.988    design_1_i/rv_pipe_1/inst/PLR2_ALU_CONTROL/pc_q[31]_i_6_n_0
    SLICE_X57Y117        LUT6 (Prop_lut6_I1_O)        0.124    17.112 r  design_1_i/rv_pipe_1/inst/PLR2_ALU_CONTROL/q[0]_i_1/O
                         net (fo=184, routed)         1.320    18.432    design_1_i/rv_pipe_1/inst/PLR2_PC_P4/q_reg[2]_0
    SLICE_X52Y125        FDRE                                         r  design_1_i/rv_pipe_1/inst/PLR2_PC_P4/q_reg[31]/R
  -------------------------------------------------------------------    -------------------

                         (clock clk_fpga_0 rise edge)
                                                     20.000    20.000 r  
    PS7_X0Y0             PS7                          0.000    20.000 r  design_1_i/processing_system7_0/inst/PS7_i/FCLKCLK[0]
                         net (fo=1, routed)           1.088    21.088    design_1_i/processing_system7_0/inst/FCLK_CLK_unbuffered[0]
    BUFGCTRL_X0Y16       BUFG (Prop_bufg_I_O)         0.091    21.179 r  design_1_i/processing_system7_0/inst/buffer_fclk_clk_0.FCLK_CLK_0_BUFG/O
                         net (fo=7073, routed)        1.623    22.802    design_1_i/rv_pipe_1/inst/PLR2_PC_P4/clk
    SLICE_X52Y125        FDRE                                         r  design_1_i/rv_pipe_1/inst/PLR2_PC_P4/q_reg[31]/C
                         clock pessimism              0.247    23.049    
                         clock uncertainty           -0.302    22.747    
    SLICE_X52Y125        FDRE (Setup_fdre_C_R)       -0.429    22.318    design_1_i/rv_pipe_1/inst/PLR2_PC_P4/q_reg[31]
  -------------------------------------------------------------------
                         required time                         22.318    
                         arrival time                         -18.432    
  -------------------------------------------------------------------
                         slack                                  3.886    

Slack (MET) :             3.900ns  (required time - arrival time)
  Source:                 design_1_i/blk_mem_gen_1/U0/inst_blk_mem_gen/gnbram.gnative_mem_map_bmg.native_mem_map_blk_mem_gen/valid.cstr/ramloop[0].ram.r/prim_noinit.ram/DEVICE_7SERIES.WITH_BMM_INFO.TRUE_DP.SIMPLE_PRIM36.TDP_SP36_NO_ECC_ATTR.ram/CLKBWRCLK
                            (rising edge-triggered cell RAMB36E1 clocked by clk_fpga_0  {rise@0.000ns fall@10.000ns period=20.000ns})
  Destination:            design_1_i/rv_pipe_1/inst/PLR2_PC_P4/q_reg[17]/R
                            (rising edge-triggered cell FDRE clocked by clk_fpga_0  {rise@0.000ns fall@10.000ns period=20.000ns})
  Path Group:             clk_fpga_0
  Path Type:              Setup (Max at Slow Process Corner)
  Requirement:            20.000ns  (clk_fpga_0 rise@20.000ns - clk_fpga_0 rise@0.000ns)
  Data Path Delay:        15.092ns  (logic 4.158ns (27.551%)  route 10.934ns (72.449%))
  Logic Levels:           10  (LUT3=1 LUT4=1 LUT5=4 LUT6=4)
  Clock Path Skew:        -0.182ns (DCD - SCD + CPR)
    Destination Clock Delay (DCD):    2.802ns = ( 22.802 - 20.000 ) 
    Source Clock Delay      (SCD):    3.231ns
    Clock Pessimism Removal (CPR):    0.247ns
  Clock Uncertainty:      0.302ns  ((TSJ^2 + TIJ^2)^1/2 + DJ) / 2 + PE
    Total System Jitter     (TSJ):    0.071ns
    Total Input Jitter      (TIJ):    0.600ns
    Discrete Jitter          (DJ):    0.000ns
    Phase Error              (PE):    0.000ns

    Location             Delay type                Incr(ns)  Path(ns)    Netlist Resource(s)
  -------------------------------------------------------------------    -------------------
                         (clock clk_fpga_0 rise edge)
                                                      0.000     0.000 r  
    PS7_X0Y0             PS7                          0.000     0.000 r  design_1_i/processing_system7_0/inst/PS7_i/FCLKCLK[0]
                         net (fo=1, routed)           1.193     1.193    design_1_i/processing_system7_0/inst/FCLK_CLK_unbuffered[0]
    BUFGCTRL_X0Y16       BUFG (Prop_bufg_I_O)         0.101     1.294 r  design_1_i/processing_system7_0/inst/buffer_fclk_clk_0.FCLK_CLK_0_BUFG/O
                         net (fo=7073, routed)        1.937     3.231    design_1_i/blk_mem_gen_1/U0/inst_blk_mem_gen/gnbram.gnative_mem_map_bmg.native_mem_map_blk_mem_gen/valid.cstr/ramloop[0].ram.r/prim_noinit.ram/clka
    RAMB36_X3Y23         RAMB36E1                                     r  design_1_i/blk_mem_gen_1/U0/inst_blk_mem_gen/gnbram.gnative_mem_map_bmg.native_mem_map_blk_mem_gen/valid.cstr/ramloop[0].ram.r/prim_noinit.ram/DEVICE_7SERIES.WITH_BMM_INFO.TRUE_DP.SIMPLE_PRIM36.TDP_SP36_NO_ECC_ATTR.ram/CLKBWRCLK
  -------------------------------------------------------------------    -------------------
    RAMB36_X3Y23         RAMB36E1 (Prop_ramb36e1_CLKBWRCLK_DOBDO[4])
                                                      2.454     5.685 r  design_1_i/blk_mem_gen_1/U0/inst_blk_mem_gen/gnbram.gnative_mem_map_bmg.native_mem_map_blk_mem_gen/valid.cstr/ramloop[0].ram.r/prim_noinit.ram/DEVICE_7SERIES.WITH_BMM_INFO.TRUE_DP.SIMPLE_PRIM36.TDP_SP36_NO_ECC_ATTR.ram/DOBDO[4]
                         net (fo=2, routed)           1.401     7.086    design_1_i/rv_pipe_1/inst/PLR3_SEL_RESULT/dmem_rdata[4]
    SLICE_X64Y115        LUT5 (Prop_lut5_I1_O)        0.124     7.210 r  design_1_i/rv_pipe_1/inst/PLR3_SEL_RESULT/q[4]_i_3__0/O
                         net (fo=2, routed)           0.740     7.951    design_1_i/rv_pipe_1/inst/PLR2_RS2/M_result[4]
    SLICE_X63Y119        LUT5 (Prop_lut5_I4_O)        0.124     8.075 r  design_1_i/rv_pipe_1/inst/PLR2_RS2/q[4]_i_1__0/O
                         net (fo=5, routed)           0.751     8.826    design_1_i/rv_pipe_1/inst/PLR2_EXT/D[4]
    SLICE_X60Y122        LUT3 (Prop_lut3_I2_O)        0.150     8.976 r  design_1_i/rv_pipe_1/inst/PLR2_EXT/i__carry__0_i_16/O
                         net (fo=123, routed)         1.518    10.494    design_1_i/rv_pipe_1/inst/PLR2_RS1/E_alu_src_b[4]
    SLICE_X61Y133        LUT4 (Prop_lut4_I3_O)        0.360    10.854 f  design_1_i/rv_pipe_1/inst/PLR2_RS1/q[19]_i_12/O
                         net (fo=4, routed)           0.777    11.631    design_1_i/rv_pipe_1/inst/PLR2_RS1/q[19]_i_12_n_0
    SLICE_X62Y133        LUT6 (Prop_lut6_I0_O)        0.326    11.957 f  design_1_i/rv_pipe_1/inst/PLR2_RS1/q[13]_i_7/O
                         net (fo=2, routed)           0.800    12.757    design_1_i/rv_pipe_1/inst/PLR2_RS1/q[13]_i_7_n_0
    SLICE_X62Y133        LUT6 (Prop_lut6_I0_O)        0.124    12.881 f  design_1_i/rv_pipe_1/inst/PLR2_RS1/q[12]_i_5/O
                         net (fo=1, routed)           0.999    13.880    design_1_i/rv_pipe_1/inst/PLR2_ALU_CONTROL/q_reg[12]_0
    SLICE_X62Y129        LUT5 (Prop_lut5_I2_O)        0.124    14.004 f  design_1_i/rv_pipe_1/inst/PLR2_ALU_CONTROL/q[12]_i_2/O
                         net (fo=2, routed)           0.816    14.820    design_1_i/rv_pipe_1/inst/PLR2_ALU_CONTROL/q[12]_i_2_n_0
    SLICE_X62Y127        LUT5 (Prop_lut5_I4_O)        0.124    14.944 r  design_1_i/rv_pipe_1/inst/PLR2_ALU_CONTROL/pc_q[31]_i_12/O
                         net (fo=2, routed)           0.971    15.915    design_1_i/rv_pipe_1/inst/PLR2_ALU_CONTROL/pc_q[31]_i_12_n_0
    SLICE_X54Y127        LUT6 (Prop_lut6_I0_O)        0.124    16.039 r  design_1_i/rv_pipe_1/inst/PLR2_ALU_CONTROL/pc_q[31]_i_6/O
                         net (fo=34, routed)          0.949    16.988    design_1_i/rv_pipe_1/inst/PLR2_ALU_CONTROL/pc_q[31]_i_6_n_0
    SLICE_X57Y117        LUT6 (Prop_lut6_I1_O)        0.124    17.112 r  design_1_i/rv_pipe_1/inst/PLR2_ALU_CONTROL/q[0]_i_1/O
                         net (fo=184, routed)         1.212    18.323    design_1_i/rv_pipe_1/inst/PLR2_PC_P4/q_reg[2]_0
    SLICE_X50Y125        FDRE                                         r  design_1_i/rv_pipe_1/inst/PLR2_PC_P4/q_reg[17]/R
  -------------------------------------------------------------------    -------------------

                         (clock clk_fpga_0 rise edge)
                                                     20.000    20.000 r  
    PS7_X0Y0             PS7                          0.000    20.000 r  design_1_i/processing_system7_0/inst/PS7_i/FCLKCLK[0]
                         net (fo=1, routed)           1.088    21.088    design_1_i/processing_system7_0/inst/FCLK_CLK_unbuffered[0]
    BUFGCTRL_X0Y16       BUFG (Prop_bufg_I_O)         0.091    21.179 r  design_1_i/processing_system7_0/inst/buffer_fclk_clk_0.FCLK_CLK_0_BUFG/O
                         net (fo=7073, routed)        1.623    22.802    design_1_i/rv_pipe_1/inst/PLR2_PC_P4/clk
    SLICE_X50Y125        FDRE                                         r  design_1_i/rv_pipe_1/inst/PLR2_PC_P4/q_reg[17]/C
                         clock pessimism              0.247    23.049    
                         clock uncertainty           -0.302    22.747    
    SLICE_X50Y125        FDRE (Setup_fdre_C_R)       -0.524    22.223    design_1_i/rv_pipe_1/inst/PLR2_PC_P4/q_reg[17]
  -------------------------------------------------------------------
                         required time                         22.223    
                         arrival time                         -18.323    
  -------------------------------------------------------------------
                         slack                                  3.900    

Slack (MET) :             3.900ns  (required time - arrival time)
  Source:                 design_1_i/blk_mem_gen_1/U0/inst_blk_mem_gen/gnbram.gnative_mem_map_bmg.native_mem_map_blk_mem_gen/valid.cstr/ramloop[0].ram.r/prim_noinit.ram/DEVICE_7SERIES.WITH_BMM_INFO.TRUE_DP.SIMPLE_PRIM36.TDP_SP36_NO_ECC_ATTR.ram/CLKBWRCLK
                            (rising edge-triggered cell RAMB36E1 clocked by clk_fpga_0  {rise@0.000ns fall@10.000ns period=20.000ns})
  Destination:            design_1_i/rv_pipe_1/inst/PLR2_RF_RD1/q_reg[24]/R
                            (rising edge-triggered cell FDRE clocked by clk_fpga_0  {rise@0.000ns fall@10.000ns period=20.000ns})
  Path Group:             clk_fpga_0
  Path Type:              Setup (Max at Slow Process Corner)
  Requirement:            20.000ns  (clk_fpga_0 rise@20.000ns - clk_fpga_0 rise@0.000ns)
  Data Path Delay:        15.092ns  (logic 4.158ns (27.551%)  route 10.934ns (72.449%))
  Logic Levels:           10  (LUT3=1 LUT4=1 LUT5=4 LUT6=4)
  Clock Path Skew:        -0.182ns (DCD - SCD + CPR)
    Destination Clock Delay (DCD):    2.802ns = ( 22.802 - 20.000 ) 
    Source Clock Delay      (SCD):    3.231ns
    Clock Pessimism Removal (CPR):    0.247ns
  Clock Uncertainty:      0.302ns  ((TSJ^2 + TIJ^2)^1/2 + DJ) / 2 + PE
    Total System Jitter     (TSJ):    0.071ns
    Total Input Jitter      (TIJ):    0.600ns
    Discrete Jitter          (DJ):    0.000ns
    Phase Error              (PE):    0.000ns

    Location             Delay type                Incr(ns)  Path(ns)    Netlist Resource(s)
  -------------------------------------------------------------------    -------------------
                         (clock clk_fpga_0 rise edge)
                                                      0.000     0.000 r  
    PS7_X0Y0             PS7                          0.000     0.000 r  design_1_i/processing_system7_0/inst/PS7_i/FCLKCLK[0]
                         net (fo=1, routed)           1.193     1.193    design_1_i/processing_system7_0/inst/FCLK_CLK_unbuffered[0]
    BUFGCTRL_X0Y16       BUFG (Prop_bufg_I_O)         0.101     1.294 r  design_1_i/processing_system7_0/inst/buffer_fclk_clk_0.FCLK_CLK_0_BUFG/O
                         net (fo=7073, routed)        1.937     3.231    design_1_i/blk_mem_gen_1/U0/inst_blk_mem_gen/gnbram.gnative_mem_map_bmg.native_mem_map_blk_mem_gen/valid.cstr/ramloop[0].ram.r/prim_noinit.ram/clka
    RAMB36_X3Y23         RAMB36E1                                     r  design_1_i/blk_mem_gen_1/U0/inst_blk_mem_gen/gnbram.gnative_mem_map_bmg.native_mem_map_blk_mem_gen/valid.cstr/ramloop[0].ram.r/prim_noinit.ram/DEVICE_7SERIES.WITH_BMM_INFO.TRUE_DP.SIMPLE_PRIM36.TDP_SP36_NO_ECC_ATTR.ram/CLKBWRCLK
  -------------------------------------------------------------------    -------------------
    RAMB36_X3Y23         RAMB36E1 (Prop_ramb36e1_CLKBWRCLK_DOBDO[4])
                                                      2.454     5.685 r  design_1_i/blk_mem_gen_1/U0/inst_blk_mem_gen/gnbram.gnative_mem_map_bmg.native_mem_map_blk_mem_gen/valid.cstr/ramloop[0].ram.r/prim_noinit.ram/DEVICE_7SERIES.WITH_BMM_INFO.TRUE_DP.SIMPLE_PRIM36.TDP_SP36_NO_ECC_ATTR.ram/DOBDO[4]
                         net (fo=2, routed)           1.401     7.086    design_1_i/rv_pipe_1/inst/PLR3_SEL_RESULT/dmem_rdata[4]
    SLICE_X64Y115        LUT5 (Prop_lut5_I1_O)        0.124     7.210 r  design_1_i/rv_pipe_1/inst/PLR3_SEL_RESULT/q[4]_i_3__0/O
                         net (fo=2, routed)           0.740     7.951    design_1_i/rv_pipe_1/inst/PLR2_RS2/M_result[4]
    SLICE_X63Y119        LUT5 (Prop_lut5_I4_O)        0.124     8.075 r  design_1_i/rv_pipe_1/inst/PLR2_RS2/q[4]_i_1__0/O
                         net (fo=5, routed)           0.751     8.826    design_1_i/rv_pipe_1/inst/PLR2_EXT/D[4]
    SLICE_X60Y122        LUT3 (Prop_lut3_I2_O)        0.150     8.976 r  design_1_i/rv_pipe_1/inst/PLR2_EXT/i__carry__0_i_16/O
                         net (fo=123, routed)         1.518    10.494    design_1_i/rv_pipe_1/inst/PLR2_RS1/E_alu_src_b[4]
    SLICE_X61Y133        LUT4 (Prop_lut4_I3_O)        0.360    10.854 f  design_1_i/rv_pipe_1/inst/PLR2_RS1/q[19]_i_12/O
                         net (fo=4, routed)           0.777    11.631    design_1_i/rv_pipe_1/inst/PLR2_RS1/q[19]_i_12_n_0
    SLICE_X62Y133        LUT6 (Prop_lut6_I0_O)        0.326    11.957 f  design_1_i/rv_pipe_1/inst/PLR2_RS1/q[13]_i_7/O
                         net (fo=2, routed)           0.800    12.757    design_1_i/rv_pipe_1/inst/PLR2_RS1/q[13]_i_7_n_0
    SLICE_X62Y133        LUT6 (Prop_lut6_I0_O)        0.124    12.881 f  design_1_i/rv_pipe_1/inst/PLR2_RS1/q[12]_i_5/O
                         net (fo=1, routed)           0.999    13.880    design_1_i/rv_pipe_1/inst/PLR2_ALU_CONTROL/q_reg[12]_0
    SLICE_X62Y129        LUT5 (Prop_lut5_I2_O)        0.124    14.004 f  design_1_i/rv_pipe_1/inst/PLR2_ALU_CONTROL/q[12]_i_2/O
                         net (fo=2, routed)           0.816    14.820    design_1_i/rv_pipe_1/inst/PLR2_ALU_CONTROL/q[12]_i_2_n_0
    SLICE_X62Y127        LUT5 (Prop_lut5_I4_O)        0.124    14.944 r  design_1_i/rv_pipe_1/inst/PLR2_ALU_CONTROL/pc_q[31]_i_12/O
                         net (fo=2, routed)           0.971    15.915    design_1_i/rv_pipe_1/inst/PLR2_ALU_CONTROL/pc_q[31]_i_12_n_0
    SLICE_X54Y127        LUT6 (Prop_lut6_I0_O)        0.124    16.039 r  design_1_i/rv_pipe_1/inst/PLR2_ALU_CONTROL/pc_q[31]_i_6/O
                         net (fo=34, routed)          0.949    16.988    design_1_i/rv_pipe_1/inst/PLR2_ALU_CONTROL/pc_q[31]_i_6_n_0
    SLICE_X57Y117        LUT6 (Prop_lut6_I1_O)        0.124    17.112 r  design_1_i/rv_pipe_1/inst/PLR2_ALU_CONTROL/q[0]_i_1/O
                         net (fo=184, routed)         1.212    18.323    design_1_i/rv_pipe_1/inst/PLR2_RF_RD1/q_reg[0]_0
    SLICE_X50Y125        FDRE                                         r  design_1_i/rv_pipe_1/inst/PLR2_RF_RD1/q_reg[24]/R
  -------------------------------------------------------------------    -------------------

                         (clock clk_fpga_0 rise edge)
                                                     20.000    20.000 r  
    PS7_X0Y0             PS7                          0.000    20.000 r  design_1_i/processing_system7_0/inst/PS7_i/FCLKCLK[0]
                         net (fo=1, routed)           1.088    21.088    design_1_i/processing_system7_0/inst/FCLK_CLK_unbuffered[0]
    BUFGCTRL_X0Y16       BUFG (Prop_bufg_I_O)         0.091    21.179 r  design_1_i/processing_system7_0/inst/buffer_fclk_clk_0.FCLK_CLK_0_BUFG/O
                         net (fo=7073, routed)        1.623    22.802    design_1_i/rv_pipe_1/inst/PLR2_RF_RD1/clk
    SLICE_X50Y125        FDRE                                         r  design_1_i/rv_pipe_1/inst/PLR2_RF_RD1/q_reg[24]/C
                         clock pessimism              0.247    23.049    
                         clock uncertainty           -0.302    22.747    
    SLICE_X50Y125        FDRE (Setup_fdre_C_R)       -0.524    22.223    design_1_i/rv_pipe_1/inst/PLR2_RF_RD1/q_reg[24]
  -------------------------------------------------------------------
                         required time                         22.223    
                         arrival time                         -18.323    
  -------------------------------------------------------------------
                         slack                                  3.900    

Slack (MET) :             3.900ns  (required time - arrival time)
  Source:                 design_1_i/blk_mem_gen_1/U0/inst_blk_mem_gen/gnbram.gnative_mem_map_bmg.native_mem_map_blk_mem_gen/valid.cstr/ramloop[0].ram.r/prim_noinit.ram/DEVICE_7SERIES.WITH_BMM_INFO.TRUE_DP.SIMPLE_PRIM36.TDP_SP36_NO_ECC_ATTR.ram/CLKBWRCLK
                            (rising edge-triggered cell RAMB36E1 clocked by clk_fpga_0  {rise@0.000ns fall@10.000ns period=20.000ns})
  Destination:            design_1_i/rv_pipe_1/inst/PLR2_RF_RD1/q_reg[25]/R
                            (rising edge-triggered cell FDRE clocked by clk_fpga_0  {rise@0.000ns fall@10.000ns period=20.000ns})
  Path Group:             clk_fpga_0
  Path Type:              Setup (Max at Slow Process Corner)
  Requirement:            20.000ns  (clk_fpga_0 rise@20.000ns - clk_fpga_0 rise@0.000ns)
  Data Path Delay:        15.092ns  (logic 4.158ns (27.551%)  route 10.934ns (72.449%))
  Logic Levels:           10  (LUT3=1 LUT4=1 LUT5=4 LUT6=4)
  Clock Path Skew:        -0.182ns (DCD - SCD + CPR)
    Destination Clock Delay (DCD):    2.802ns = ( 22.802 - 20.000 ) 
    Source Clock Delay      (SCD):    3.231ns
    Clock Pessimism Removal (CPR):    0.247ns
  Clock Uncertainty:      0.302ns  ((TSJ^2 + TIJ^2)^1/2 + DJ) / 2 + PE
    Total System Jitter     (TSJ):    0.071ns
    Total Input Jitter      (TIJ):    0.600ns
    Discrete Jitter          (DJ):    0.000ns
    Phase Error              (PE):    0.000ns

    Location             Delay type                Incr(ns)  Path(ns)    Netlist Resource(s)
  -------------------------------------------------------------------    -------------------
                         (clock clk_fpga_0 rise edge)
                                                      0.000     0.000 r  
    PS7_X0Y0             PS7                          0.000     0.000 r  design_1_i/processing_system7_0/inst/PS7_i/FCLKCLK[0]
                         net (fo=1, routed)           1.193     1.193    design_1_i/processing_system7_0/inst/FCLK_CLK_unbuffered[0]
    BUFGCTRL_X0Y16       BUFG (Prop_bufg_I_O)         0.101     1.294 r  design_1_i/processing_system7_0/inst/buffer_fclk_clk_0.FCLK_CLK_0_BUFG/O
                         net (fo=7073, routed)        1.937     3.231    design_1_i/blk_mem_gen_1/U0/inst_blk_mem_gen/gnbram.gnative_mem_map_bmg.native_mem_map_blk_mem_gen/valid.cstr/ramloop[0].ram.r/prim_noinit.ram/clka
    RAMB36_X3Y23         RAMB36E1                                     r  design_1_i/blk_mem_gen_1/U0/inst_blk_mem_gen/gnbram.gnative_mem_map_bmg.native_mem_map_blk_mem_gen/valid.cstr/ramloop[0].ram.r/prim_noinit.ram/DEVICE_7SERIES.WITH_BMM_INFO.TRUE_DP.SIMPLE_PRIM36.TDP_SP36_NO_ECC_ATTR.ram/CLKBWRCLK
  -------------------------------------------------------------------    -------------------
    RAMB36_X3Y23         RAMB36E1 (Prop_ramb36e1_CLKBWRCLK_DOBDO[4])
                                                      2.454     5.685 r  design_1_i/blk_mem_gen_1/U0/inst_blk_mem_gen/gnbram.gnative_mem_map_bmg.native_mem_map_blk_mem_gen/valid.cstr/ramloop[0].ram.r/prim_noinit.ram/DEVICE_7SERIES.WITH_BMM_INFO.TRUE_DP.SIMPLE_PRIM36.TDP_SP36_NO_ECC_ATTR.ram/DOBDO[4]
                         net (fo=2, routed)           1.401     7.086    design_1_i/rv_pipe_1/inst/PLR3_SEL_RESULT/dmem_rdata[4]
    SLICE_X64Y115        LUT5 (Prop_lut5_I1_O)        0.124     7.210 r  design_1_i/rv_pipe_1/inst/PLR3_SEL_RESULT/q[4]_i_3__0/O
                         net (fo=2, routed)           0.740     7.951    design_1_i/rv_pipe_1/inst/PLR2_RS2/M_result[4]
    SLICE_X63Y119        LUT5 (Prop_lut5_I4_O)        0.124     8.075 r  design_1_i/rv_pipe_1/inst/PLR2_RS2/q[4]_i_1__0/O
                         net (fo=5, routed)           0.751     8.826    design_1_i/rv_pipe_1/inst/PLR2_EXT/D[4]
    SLICE_X60Y122        LUT3 (Prop_lut3_I2_O)        0.150     8.976 r  design_1_i/rv_pipe_1/inst/PLR2_EXT/i__carry__0_i_16/O
                         net (fo=123, routed)         1.518    10.494    design_1_i/rv_pipe_1/inst/PLR2_RS1/E_alu_src_b[4]
    SLICE_X61Y133        LUT4 (Prop_lut4_I3_O)        0.360    10.854 f  design_1_i/rv_pipe_1/inst/PLR2_RS1/q[19]_i_12/O
                         net (fo=4, routed)           0.777    11.631    design_1_i/rv_pipe_1/inst/PLR2_RS1/q[19]_i_12_n_0
    SLICE_X62Y133        LUT6 (Prop_lut6_I0_O)        0.326    11.957 f  design_1_i/rv_pipe_1/inst/PLR2_RS1/q[13]_i_7/O
                         net (fo=2, routed)           0.800    12.757    design_1_i/rv_pipe_1/inst/PLR2_RS1/q[13]_i_7_n_0
    SLICE_X62Y133        LUT6 (Prop_lut6_I0_O)        0.124    12.881 f  design_1_i/rv_pipe_1/inst/PLR2_RS1/q[12]_i_5/O
                         net (fo=1, routed)           0.999    13.880    design_1_i/rv_pipe_1/inst/PLR2_ALU_CONTROL/q_reg[12]_0
    SLICE_X62Y129        LUT5 (Prop_lut5_I2_O)        0.124    14.004 f  design_1_i/rv_pipe_1/inst/PLR2_ALU_CONTROL/q[12]_i_2/O
                         net (fo=2, routed)           0.816    14.820    design_1_i/rv_pipe_1/inst/PLR2_ALU_CONTROL/q[12]_i_2_n_0
    SLICE_X62Y127        LUT5 (Prop_lut5_I4_O)        0.124    14.944 r  design_1_i/rv_pipe_1/inst/PLR2_ALU_CONTROL/pc_q[31]_i_12/O
                         net (fo=2, routed)           0.971    15.915    design_1_i/rv_pipe_1/inst/PLR2_ALU_CONTROL/pc_q[31]_i_12_n_0
    SLICE_X54Y127        LUT6 (Prop_lut6_I0_O)        0.124    16.039 r  design_1_i/rv_pipe_1/inst/PLR2_ALU_CONTROL/pc_q[31]_i_6/O
                         net (fo=34, routed)          0.949    16.988    design_1_i/rv_pipe_1/inst/PLR2_ALU_CONTROL/pc_q[31]_i_6_n_0
    SLICE_X57Y117        LUT6 (Prop_lut6_I1_O)        0.124    17.112 r  design_1_i/rv_pipe_1/inst/PLR2_ALU_CONTROL/q[0]_i_1/O
                         net (fo=184, routed)         1.212    18.323    design_1_i/rv_pipe_1/inst/PLR2_RF_RD1/q_reg[0]_0
    SLICE_X50Y125        FDRE                                         r  design_1_i/rv_pipe_1/inst/PLR2_RF_RD1/q_reg[25]/R
  -------------------------------------------------------------------    -------------------

                         (clock clk_fpga_0 rise edge)
                                                     20.000    20.000 r  
    PS7_X0Y0             PS7                          0.000    20.000 r  design_1_i/processing_system7_0/inst/PS7_i/FCLKCLK[0]
                         net (fo=1, routed)           1.088    21.088    design_1_i/processing_system7_0/inst/FCLK_CLK_unbuffered[0]
    BUFGCTRL_X0Y16       BUFG (Prop_bufg_I_O)         0.091    21.179 r  design_1_i/processing_system7_0/inst/buffer_fclk_clk_0.FCLK_CLK_0_BUFG/O
                         net (fo=7073, routed)        1.623    22.802    design_1_i/rv_pipe_1/inst/PLR2_RF_RD1/clk
    SLICE_X50Y125        FDRE                                         r  design_1_i/rv_pipe_1/inst/PLR2_RF_RD1/q_reg[25]/C
                         clock pessimism              0.247    23.049    
                         clock uncertainty           -0.302    22.747    
    SLICE_X50Y125        FDRE (Setup_fdre_C_R)       -0.524    22.223    design_1_i/rv_pipe_1/inst/PLR2_RF_RD1/q_reg[25]
  -------------------------------------------------------------------
                         required time                         22.223    
                         arrival time                         -18.323    
  -------------------------------------------------------------------
                         slack                                  3.900    

Slack (MET) :             3.900ns  (required time - arrival time)
  Source:                 design_1_i/blk_mem_gen_1/U0/inst_blk_mem_gen/gnbram.gnative_mem_map_bmg.native_mem_map_blk_mem_gen/valid.cstr/ramloop[0].ram.r/prim_noinit.ram/DEVICE_7SERIES.WITH_BMM_INFO.TRUE_DP.SIMPLE_PRIM36.TDP_SP36_NO_ECC_ATTR.ram/CLKBWRCLK
                            (rising edge-triggered cell RAMB36E1 clocked by clk_fpga_0  {rise@0.000ns fall@10.000ns period=20.000ns})
  Destination:            design_1_i/rv_pipe_1/inst/PLR2_RF_RD1/q_reg[27]/R
                            (rising edge-triggered cell FDRE clocked by clk_fpga_0  {rise@0.000ns fall@10.000ns period=20.000ns})
  Path Group:             clk_fpga_0
  Path Type:              Setup (Max at Slow Process Corner)
  Requirement:            20.000ns  (clk_fpga_0 rise@20.000ns - clk_fpga_0 rise@0.000ns)
  Data Path Delay:        15.092ns  (logic 4.158ns (27.551%)  route 10.934ns (72.449%))
  Logic Levels:           10  (LUT3=1 LUT4=1 LUT5=4 LUT6=4)
  Clock Path Skew:        -0.182ns (DCD - SCD + CPR)
    Destination Clock Delay (DCD):    2.802ns = ( 22.802 - 20.000 ) 
    Source Clock Delay      (SCD):    3.231ns
    Clock Pessimism Removal (CPR):    0.247ns
  Clock Uncertainty:      0.302ns  ((TSJ^2 + TIJ^2)^1/2 + DJ) / 2 + PE
    Total System Jitter     (TSJ):    0.071ns
    Total Input Jitter      (TIJ):    0.600ns
    Discrete Jitter          (DJ):    0.000ns
    Phase Error              (PE):    0.000ns

    Location             Delay type                Incr(ns)  Path(ns)    Netlist Resource(s)
  -------------------------------------------------------------------    -------------------
                         (clock clk_fpga_0 rise edge)
                                                      0.000     0.000 r  
    PS7_X0Y0             PS7                          0.000     0.000 r  design_1_i/processing_system7_0/inst/PS7_i/FCLKCLK[0]
                         net (fo=1, routed)           1.193     1.193    design_1_i/processing_system7_0/inst/FCLK_CLK_unbuffered[0]
    BUFGCTRL_X0Y16       BUFG (Prop_bufg_I_O)         0.101     1.294 r  design_1_i/processing_system7_0/inst/buffer_fclk_clk_0.FCLK_CLK_0_BUFG/O
                         net (fo=7073, routed)        1.937     3.231    design_1_i/blk_mem_gen_1/U0/inst_blk_mem_gen/gnbram.gnative_mem_map_bmg.native_mem_map_blk_mem_gen/valid.cstr/ramloop[0].ram.r/prim_noinit.ram/clka
    RAMB36_X3Y23         RAMB36E1                                     r  design_1_i/blk_mem_gen_1/U0/inst_blk_mem_gen/gnbram.gnative_mem_map_bmg.native_mem_map_blk_mem_gen/valid.cstr/ramloop[0].ram.r/prim_noinit.ram/DEVICE_7SERIES.WITH_BMM_INFO.TRUE_DP.SIMPLE_PRIM36.TDP_SP36_NO_ECC_ATTR.ram/CLKBWRCLK
  -------------------------------------------------------------------    -------------------
    RAMB36_X3Y23         RAMB36E1 (Prop_ramb36e1_CLKBWRCLK_DOBDO[4])
                                                      2.454     5.685 r  design_1_i/blk_mem_gen_1/U0/inst_blk_mem_gen/gnbram.gnative_mem_map_bmg.native_mem_map_blk_mem_gen/valid.cstr/ramloop[0].ram.r/prim_noinit.ram/DEVICE_7SERIES.WITH_BMM_INFO.TRUE_DP.SIMPLE_PRIM36.TDP_SP36_NO_ECC_ATTR.ram/DOBDO[4]
                         net (fo=2, routed)           1.401     7.086    design_1_i/rv_pipe_1/inst/PLR3_SEL_RESULT/dmem_rdata[4]
    SLICE_X64Y115        LUT5 (Prop_lut5_I1_O)        0.124     7.210 r  design_1_i/rv_pipe_1/inst/PLR3_SEL_RESULT/q[4]_i_3__0/O
                         net (fo=2, routed)           0.740     7.951    design_1_i/rv_pipe_1/inst/PLR2_RS2/M_result[4]
    SLICE_X63Y119        LUT5 (Prop_lut5_I4_O)        0.124     8.075 r  design_1_i/rv_pipe_1/inst/PLR2_RS2/q[4]_i_1__0/O
                         net (fo=5, routed)           0.751     8.826    design_1_i/rv_pipe_1/inst/PLR2_EXT/D[4]
    SLICE_X60Y122        LUT3 (Prop_lut3_I2_O)        0.150     8.976 r  design_1_i/rv_pipe_1/inst/PLR2_EXT/i__carry__0_i_16/O
                         net (fo=123, routed)         1.518    10.494    design_1_i/rv_pipe_1/inst/PLR2_RS1/E_alu_src_b[4]
    SLICE_X61Y133        LUT4 (Prop_lut4_I3_O)        0.360    10.854 f  design_1_i/rv_pipe_1/inst/PLR2_RS1/q[19]_i_12/O
                         net (fo=4, routed)           0.777    11.631    design_1_i/rv_pipe_1/inst/PLR2_RS1/q[19]_i_12_n_0
    SLICE_X62Y133        LUT6 (Prop_lut6_I0_O)        0.326    11.957 f  design_1_i/rv_pipe_1/inst/PLR2_RS1/q[13]_i_7/O
                         net (fo=2, routed)           0.800    12.757    design_1_i/rv_pipe_1/inst/PLR2_RS1/q[13]_i_7_n_0
    SLICE_X62Y133        LUT6 (Prop_lut6_I0_O)        0.124    12.881 f  design_1_i/rv_pipe_1/inst/PLR2_RS1/q[12]_i_5/O
                         net (fo=1, routed)           0.999    13.880    design_1_i/rv_pipe_1/inst/PLR2_ALU_CONTROL/q_reg[12]_0
    SLICE_X62Y129        LUT5 (Prop_lut5_I2_O)        0.124    14.004 f  design_1_i/rv_pipe_1/inst/PLR2_ALU_CONTROL/q[12]_i_2/O
                         net (fo=2, routed)           0.816    14.820    design_1_i/rv_pipe_1/inst/PLR2_ALU_CONTROL/q[12]_i_2_n_0
    SLICE_X62Y127        LUT5 (Prop_lut5_I4_O)        0.124    14.944 r  design_1_i/rv_pipe_1/inst/PLR2_ALU_CONTROL/pc_q[31]_i_12/O
                         net (fo=2, routed)           0.971    15.915    design_1_i/rv_pipe_1/inst/PLR2_ALU_CONTROL/pc_q[31]_i_12_n_0
    SLICE_X54Y127        LUT6 (Prop_lut6_I0_O)        0.124    16.039 r  design_1_i/rv_pipe_1/inst/PLR2_ALU_CONTROL/pc_q[31]_i_6/O
                         net (fo=34, routed)          0.949    16.988    design_1_i/rv_pipe_1/inst/PLR2_ALU_CONTROL/pc_q[31]_i_6_n_0
    SLICE_X57Y117        LUT6 (Prop_lut6_I1_O)        0.124    17.112 r  design_1_i/rv_pipe_1/inst/PLR2_ALU_CONTROL/q[0]_i_1/O
                         net (fo=184, routed)         1.212    18.323    design_1_i/rv_pipe_1/inst/PLR2_RF_RD1/q_reg[0]_0
    SLICE_X50Y125        FDRE                                         r  design_1_i/rv_pipe_1/inst/PLR2_RF_RD1/q_reg[27]/R
  -------------------------------------------------------------------    -------------------

                         (clock clk_fpga_0 rise edge)
                                                     20.000    20.000 r  
    PS7_X0Y0             PS7                          0.000    20.000 r  design_1_i/processing_system7_0/inst/PS7_i/FCLKCLK[0]
                         net (fo=1, routed)           1.088    21.088    design_1_i/processing_system7_0/inst/FCLK_CLK_unbuffered[0]
    BUFGCTRL_X0Y16       BUFG (Prop_bufg_I_O)         0.091    21.179 r  design_1_i/processing_system7_0/inst/buffer_fclk_clk_0.FCLK_CLK_0_BUFG/O
                         net (fo=7073, routed)        1.623    22.802    design_1_i/rv_pipe_1/inst/PLR2_RF_RD1/clk
    SLICE_X50Y125        FDRE                                         r  design_1_i/rv_pipe_1/inst/PLR2_RF_RD1/q_reg[27]/C
                         clock pessimism              0.247    23.049    
                         clock uncertainty           -0.302    22.747    
    SLICE_X50Y125        FDRE (Setup_fdre_C_R)       -0.524    22.223    design_1_i/rv_pipe_1/inst/PLR2_RF_RD1/q_reg[27]
  -------------------------------------------------------------------
                         required time                         22.223    
                         arrival time                         -18.323    
  -------------------------------------------------------------------
                         slack                                  3.900    

Slack (MET) :             3.934ns  (required time - arrival time)
  Source:                 design_1_i/blk_mem_gen_1/U0/inst_blk_mem_gen/gnbram.gnative_mem_map_bmg.native_mem_map_blk_mem_gen/valid.cstr/ramloop[0].ram.r/prim_noinit.ram/DEVICE_7SERIES.WITH_BMM_INFO.TRUE_DP.SIMPLE_PRIM36.TDP_SP36_NO_ECC_ATTR.ram/CLKBWRCLK
                            (rising edge-triggered cell RAMB36E1 clocked by clk_fpga_0  {rise@0.000ns fall@10.000ns period=20.000ns})
  Destination:            design_1_i/rv_pipe_1/inst/PLR2_RF_RD1/q_reg[26]/R
                            (rising edge-triggered cell FDRE clocked by clk_fpga_0  {rise@0.000ns fall@10.000ns period=20.000ns})
  Path Group:             clk_fpga_0
  Path Type:              Setup (Max at Slow Process Corner)
  Requirement:            20.000ns  (clk_fpga_0 rise@20.000ns - clk_fpga_0 rise@0.000ns)
  Data Path Delay:        15.153ns  (logic 4.158ns (27.441%)  route 10.995ns (72.559%))
  Logic Levels:           10  (LUT3=1 LUT4=1 LUT5=4 LUT6=4)
  Clock Path Skew:        -0.182ns (DCD - SCD + CPR)
    Destination Clock Delay (DCD):    2.802ns = ( 22.802 - 20.000 ) 
    Source Clock Delay      (SCD):    3.231ns
    Clock Pessimism Removal (CPR):    0.247ns
  Clock Uncertainty:      0.302ns  ((TSJ^2 + TIJ^2)^1/2 + DJ) / 2 + PE
    Total System Jitter     (TSJ):    0.071ns
    Total Input Jitter      (TIJ):    0.600ns
    Discrete Jitter          (DJ):    0.000ns
    Phase Error              (PE):    0.000ns

    Location             Delay type                Incr(ns)  Path(ns)    Netlist Resource(s)
  -------------------------------------------------------------------    -------------------
                         (clock clk_fpga_0 rise edge)
                                                      0.000     0.000 r  
    PS7_X0Y0             PS7                          0.000     0.000 r  design_1_i/processing_system7_0/inst/PS7_i/FCLKCLK[0]
                         net (fo=1, routed)           1.193     1.193    design_1_i/processing_system7_0/inst/FCLK_CLK_unbuffered[0]
    BUFGCTRL_X0Y16       BUFG (Prop_bufg_I_O)         0.101     1.294 r  design_1_i/processing_system7_0/inst/buffer_fclk_clk_0.FCLK_CLK_0_BUFG/O
                         net (fo=7073, routed)        1.937     3.231    design_1_i/blk_mem_gen_1/U0/inst_blk_mem_gen/gnbram.gnative_mem_map_bmg.native_mem_map_blk_mem_gen/valid.cstr/ramloop[0].ram.r/prim_noinit.ram/clka
    RAMB36_X3Y23         RAMB36E1                                     r  design_1_i/blk_mem_gen_1/U0/inst_blk_mem_gen/gnbram.gnative_mem_map_bmg.native_mem_map_blk_mem_gen/valid.cstr/ramloop[0].ram.r/prim_noinit.ram/DEVICE_7SERIES.WITH_BMM_INFO.TRUE_DP.SIMPLE_PRIM36.TDP_SP36_NO_ECC_ATTR.ram/CLKBWRCLK
  -------------------------------------------------------------------    -------------------
    RAMB36_X3Y23         RAMB36E1 (Prop_ramb36e1_CLKBWRCLK_DOBDO[4])
                                                      2.454     5.685 r  design_1_i/blk_mem_gen_1/U0/inst_blk_mem_gen/gnbram.gnative_mem_map_bmg.native_mem_map_blk_mem_gen/valid.cstr/ramloop[0].ram.r/prim_noinit.ram/DEVICE_7SERIES.WITH_BMM_INFO.TRUE_DP.SIMPLE_PRIM36.TDP_SP36_NO_ECC_ATTR.ram/DOBDO[4]
                         net (fo=2, routed)           1.401     7.086    design_1_i/rv_pipe_1/inst/PLR3_SEL_RESULT/dmem_rdata[4]
    SLICE_X64Y115        LUT5 (Prop_lut5_I1_O)        0.124     7.210 r  design_1_i/rv_pipe_1/inst/PLR3_SEL_RESULT/q[4]_i_3__0/O
                         net (fo=2, routed)           0.740     7.951    design_1_i/rv_pipe_1/inst/PLR2_RS2/M_result[4]
    SLICE_X63Y119        LUT5 (Prop_lut5_I4_O)        0.124     8.075 r  design_1_i/rv_pipe_1/inst/PLR2_RS2/q[4]_i_1__0/O
                         net (fo=5, routed)           0.751     8.826    design_1_i/rv_pipe_1/inst/PLR2_EXT/D[4]
    SLICE_X60Y122        LUT3 (Prop_lut3_I2_O)        0.150     8.976 r  design_1_i/rv_pipe_1/inst/PLR2_EXT/i__carry__0_i_16/O
                         net (fo=123, routed)         1.518    10.494    design_1_i/rv_pipe_1/inst/PLR2_RS1/E_alu_src_b[4]
    SLICE_X61Y133        LUT4 (Prop_lut4_I3_O)        0.360    10.854 f  design_1_i/rv_pipe_1/inst/PLR2_RS1/q[19]_i_12/O
                         net (fo=4, routed)           0.777    11.631    design_1_i/rv_pipe_1/inst/PLR2_RS1/q[19]_i_12_n_0
    SLICE_X62Y133        LUT6 (Prop_lut6_I0_O)        0.326    11.957 f  design_1_i/rv_pipe_1/inst/PLR2_RS1/q[13]_i_7/O
                         net (fo=2, routed)           0.800    12.757    design_1_i/rv_pipe_1/inst/PLR2_RS1/q[13]_i_7_n_0
    SLICE_X62Y133        LUT6 (Prop_lut6_I0_O)        0.124    12.881 f  design_1_i/rv_pipe_1/inst/PLR2_RS1/q[12]_i_5/O
                         net (fo=1, routed)           0.999    13.880    design_1_i/rv_pipe_1/inst/PLR2_ALU_CONTROL/q_reg[12]_0
    SLICE_X62Y129        LUT5 (Prop_lut5_I2_O)        0.124    14.004 f  design_1_i/rv_pipe_1/inst/PLR2_ALU_CONTROL/q[12]_i_2/O
                         net (fo=2, routed)           0.816    14.820    design_1_i/rv_pipe_1/inst/PLR2_ALU_CONTROL/q[12]_i_2_n_0
    SLICE_X62Y127        LUT5 (Prop_lut5_I4_O)        0.124    14.944 r  design_1_i/rv_pipe_1/inst/PLR2_ALU_CONTROL/pc_q[31]_i_12/O
                         net (fo=2, routed)           0.971    15.915    design_1_i/rv_pipe_1/inst/PLR2_ALU_CONTROL/pc_q[31]_i_12_n_0
    SLICE_X54Y127        LUT6 (Prop_lut6_I0_O)        0.124    16.039 r  design_1_i/rv_pipe_1/inst/PLR2_ALU_CONTROL/pc_q[31]_i_6/O
                         net (fo=34, routed)          0.949    16.988    design_1_i/rv_pipe_1/inst/PLR2_ALU_CONTROL/pc_q[31]_i_6_n_0
    SLICE_X57Y117        LUT6 (Prop_lut6_I1_O)        0.124    17.112 r  design_1_i/rv_pipe_1/inst/PLR2_ALU_CONTROL/q[0]_i_1/O
                         net (fo=184, routed)         1.272    18.384    design_1_i/rv_pipe_1/inst/PLR2_RF_RD1/q_reg[0]_0
    SLICE_X51Y124        FDRE                                         r  design_1_i/rv_pipe_1/inst/PLR2_RF_RD1/q_reg[26]/R
  -------------------------------------------------------------------    -------------------

                         (clock clk_fpga_0 rise edge)
                                                     20.000    20.000 r  
    PS7_X0Y0             PS7                          0.000    20.000 r  design_1_i/processing_system7_0/inst/PS7_i/FCLKCLK[0]
                         net (fo=1, routed)           1.088    21.088    design_1_i/processing_system7_0/inst/FCLK_CLK_unbuffered[0]
    BUFGCTRL_X0Y16       BUFG (Prop_bufg_I_O)         0.091    21.179 r  design_1_i/processing_system7_0/inst/buffer_fclk_clk_0.FCLK_CLK_0_BUFG/O
                         net (fo=7073, routed)        1.623    22.802    design_1_i/rv_pipe_1/inst/PLR2_RF_RD1/clk
    SLICE_X51Y124        FDRE                                         r  design_1_i/rv_pipe_1/inst/PLR2_RF_RD1/q_reg[26]/C
                         clock pessimism              0.247    23.049    
                         clock uncertainty           -0.302    22.747    
    SLICE_X51Y124        FDRE (Setup_fdre_C_R)       -0.429    22.318    design_1_i/rv_pipe_1/inst/PLR2_RF_RD1/q_reg[26]
  -------------------------------------------------------------------
                         required time                         22.318    
                         arrival time                         -18.384    
  -------------------------------------------------------------------
                         slack                                  3.934    





Min Delay Paths
--------------------------------------------------------------------------------------
Slack (MET) :             0.024ns  (arrival time - required time)
  Source:                 design_1_i/rv_pipe_1/inst/PLR2_PC_P4/q_reg[17]/C
                            (rising edge-triggered cell FDRE clocked by clk_fpga_0  {rise@0.000ns fall@10.000ns period=20.000ns})
  Destination:            design_1_i/rv_pipe_1/inst/PLR3_PC_P4/q_reg[17]/D
                            (rising edge-triggered cell FDRE clocked by clk_fpga_0  {rise@0.000ns fall@10.000ns period=20.000ns})
  Path Group:             clk_fpga_0
  Path Type:              Hold (Min at Fast Process Corner)
  Requirement:            0.000ns  (clk_fpga_0 rise@0.000ns - clk_fpga_0 rise@0.000ns)
  Data Path Delay:        0.305ns  (logic 0.148ns (48.520%)  route 0.157ns (51.480%))
  Logic Levels:           0  
  Clock Path Skew:        0.264ns (DCD - SCD - CPR)
    Destination Clock Delay (DCD):    1.260ns
    Source Clock Delay      (SCD):    0.957ns
    Clock Pessimism Removal (CPR):    0.039ns

    Location             Delay type                Incr(ns)  Path(ns)    Netlist Resource(s)
  -------------------------------------------------------------------    -------------------
                         (clock clk_fpga_0 rise edge)
                                                      0.000     0.000 r  
    PS7_X0Y0             PS7                          0.000     0.000 r  design_1_i/processing_system7_0/inst/PS7_i/FCLKCLK[0]
                         net (fo=1, routed)           0.310     0.310    design_1_i/processing_system7_0/inst/FCLK_CLK_unbuffered[0]
    BUFGCTRL_X0Y16       BUFG (Prop_bufg_I_O)         0.026     0.336 r  design_1_i/processing_system7_0/inst/buffer_fclk_clk_0.FCLK_CLK_0_BUFG/O
                         net (fo=7073, routed)        0.621     0.957    design_1_i/rv_pipe_1/inst/PLR2_PC_P4/clk
    SLICE_X50Y125        FDRE                                         r  design_1_i/rv_pipe_1/inst/PLR2_PC_P4/q_reg[17]/C
  -------------------------------------------------------------------    -------------------
    SLICE_X50Y125        FDRE (Prop_fdre_C_Q)         0.148     1.105 r  design_1_i/rv_pipe_1/inst/PLR2_PC_P4/q_reg[17]/Q
                         net (fo=1, routed)           0.157     1.262    design_1_i/rv_pipe_1/inst/PLR3_PC_P4/D[17]
    SLICE_X49Y125        FDRE                                         r  design_1_i/rv_pipe_1/inst/PLR3_PC_P4/q_reg[17]/D
  -------------------------------------------------------------------    -------------------

                         (clock clk_fpga_0 rise edge)
                                                      0.000     0.000 r  
    PS7_X0Y0             PS7                          0.000     0.000 r  design_1_i/processing_system7_0/inst/PS7_i/FCLKCLK[0]
                         net (fo=1, routed)           0.337     0.337    design_1_i/processing_system7_0/inst/FCLK_CLK_unbuffered[0]
    BUFGCTRL_X0Y16       BUFG (Prop_bufg_I_O)         0.029     0.366 r  design_1_i/processing_system7_0/inst/buffer_fclk_clk_0.FCLK_CLK_0_BUFG/O
                         net (fo=7073, routed)        0.894     1.260    design_1_i/rv_pipe_1/inst/PLR3_PC_P4/clk
    SLICE_X49Y125        FDRE                                         r  design_1_i/rv_pipe_1/inst/PLR3_PC_P4/q_reg[17]/C
                         clock pessimism             -0.039     1.221    
    SLICE_X49Y125        FDRE (Hold_fdre_C_D)         0.017     1.238    design_1_i/rv_pipe_1/inst/PLR3_PC_P4/q_reg[17]
  -------------------------------------------------------------------
                         required time                         -1.238    
                         arrival time                           1.262    
  -------------------------------------------------------------------
                         slack                                  0.024    

Slack (MET) :             0.029ns  (arrival time - required time)
  Source:                 design_1_i/smartconnect_0/inst/switchboards/r_switchboard/inst/gen_mi[0].inst_opipe_payld/gen_pipe[1].pipe_reg[1][22]/C
                            (rising edge-triggered cell FDRE clocked by clk_fpga_0  {rise@0.000ns fall@10.000ns period=20.000ns})
  Destination:            design_1_i/smartconnect_0/inst/s00_nodes/s00_r_node/inst/inst_mi_handler/gen_normal_area.inst_fifo_node_payld/gen_xpm_memory_fifo.inst_fifo/gen_mem_rep[0].inst_xpm_memory/xpm_memory_base_inst/gen_wr_a.gen_word_narrow.mem_reg_0_31_18_23/RAMC/I
                            (rising edge-triggered cell RAMD32 clocked by clk_fpga_0  {rise@0.000ns fall@10.000ns period=20.000ns})
  Path Group:             clk_fpga_0
  Path Type:              Hold (Min at Fast Process Corner)
  Requirement:            0.000ns  (clk_fpga_0 rise@0.000ns - clk_fpga_0 rise@0.000ns)
  Data Path Delay:        0.354ns  (logic 0.141ns (39.804%)  route 0.213ns (60.196%))
  Logic Levels:           0  
  Clock Path Skew:        0.181ns (DCD - SCD - CPR)
    Destination Clock Delay (DCD):    1.187ns
    Source Clock Delay      (SCD):    0.971ns
    Clock Pessimism Removal (CPR):    0.035ns

    Location             Delay type                Incr(ns)  Path(ns)    Netlist Resource(s)
  -------------------------------------------------------------------    -------------------
                         (clock clk_fpga_0 rise edge)
                                                      0.000     0.000 r  
    PS7_X0Y0             PS7                          0.000     0.000 r  design_1_i/processing_system7_0/inst/PS7_i/FCLKCLK[0]
                         net (fo=1, routed)           0.310     0.310    design_1_i/processing_system7_0/inst/FCLK_CLK_unbuffered[0]
    BUFGCTRL_X0Y16       BUFG (Prop_bufg_I_O)         0.026     0.336 r  design_1_i/processing_system7_0/inst/buffer_fclk_clk_0.FCLK_CLK_0_BUFG/O
                         net (fo=7073, routed)        0.635     0.971    design_1_i/smartconnect_0/inst/switchboards/r_switchboard/inst/gen_mi[0].inst_opipe_payld/aclk
    SLICE_X53Y101        FDRE                                         r  design_1_i/smartconnect_0/inst/switchboards/r_switchboard/inst/gen_mi[0].inst_opipe_payld/gen_pipe[1].pipe_reg[1][22]/C
  -------------------------------------------------------------------    -------------------
    SLICE_X53Y101        FDRE (Prop_fdre_C_Q)         0.141     1.112 r  design_1_i/smartconnect_0/inst/switchboards/r_switchboard/inst/gen_mi[0].inst_opipe_payld/gen_pipe[1].pipe_reg[1][22]/Q
                         net (fo=1, routed)           0.213     1.325    design_1_i/smartconnect_0/inst/s00_nodes/s00_r_node/inst/inst_mi_handler/gen_normal_area.inst_fifo_node_payld/gen_xpm_memory_fifo.inst_fifo/gen_mem_rep[0].inst_xpm_memory/xpm_memory_base_inst/gen_wr_a.gen_word_narrow.mem_reg_0_31_18_23/DIC0
    SLICE_X50Y98         RAMD32                                       r  design_1_i/smartconnect_0/inst/s00_nodes/s00_r_node/inst/inst_mi_handler/gen_normal_area.inst_fifo_node_payld/gen_xpm_memory_fifo.inst_fifo/gen_mem_rep[0].inst_xpm_memory/xpm_memory_base_inst/gen_wr_a.gen_word_narrow.mem_reg_0_31_18_23/RAMC/I
  -------------------------------------------------------------------    -------------------

                         (clock clk_fpga_0 rise edge)
                                                      0.000     0.000 r  
    PS7_X0Y0             PS7                          0.000     0.000 r  design_1_i/processing_system7_0/inst/PS7_i/FCLKCLK[0]
                         net (fo=1, routed)           0.337     0.337    design_1_i/processing_system7_0/inst/FCLK_CLK_unbuffered[0]
    BUFGCTRL_X0Y16       BUFG (Prop_bufg_I_O)         0.029     0.366 r  design_1_i/processing_system7_0/inst/buffer_fclk_clk_0.FCLK_CLK_0_BUFG/O
                         net (fo=7073, routed)        0.821     1.187    design_1_i/smartconnect_0/inst/s00_nodes/s00_r_node/inst/inst_mi_handler/gen_normal_area.inst_fifo_node_payld/gen_xpm_memory_fifo.inst_fifo/gen_mem_rep[0].inst_xpm_memory/xpm_memory_base_inst/gen_wr_a.gen_word_narrow.mem_reg_0_31_18_23/WCLK
    SLICE_X50Y98         RAMD32                                       r  design_1_i/smartconnect_0/inst/s00_nodes/s00_r_node/inst/inst_mi_handler/gen_normal_area.inst_fifo_node_payld/gen_xpm_memory_fifo.inst_fifo/gen_mem_rep[0].inst_xpm_memory/xpm_memory_base_inst/gen_wr_a.gen_word_narrow.mem_reg_0_31_18_23/RAMC/CLK
                         clock pessimism             -0.035     1.152    
    SLICE_X50Y98         RAMD32 (Hold_ramd32_CLK_I)
                                                      0.144     1.296    design_1_i/smartconnect_0/inst/s00_nodes/s00_r_node/inst/inst_mi_handler/gen_normal_area.inst_fifo_node_payld/gen_xpm_memory_fifo.inst_fifo/gen_mem_rep[0].inst_xpm_memory/xpm_memory_base_inst/gen_wr_a.gen_word_narrow.mem_reg_0_31_18_23/RAMC
  -------------------------------------------------------------------
                         required time                         -1.296    
                         arrival time                           1.325    
  -------------------------------------------------------------------
                         slack                                  0.029    

Slack (MET) :             0.031ns  (arrival time - required time)
  Source:                 design_1_i/smartconnect_0/inst/m01_nodes/m01_ar_node/inst/inst_mi_handler/gen_normal_area.inst_fifo_node_payld/gen_xpm_memory_fifo.inst_fifo/gen_mem_rep[0].inst_xpm_memory/xpm_memory_base_inst/gen_rd_b.doutb_reg_reg[3]/C
                            (rising edge-triggered cell FDRE clocked by clk_fpga_0  {rise@0.000ns fall@10.000ns period=20.000ns})
  Destination:            design_1_i/smartconnect_0/inst/m01_exit_pipeline/m01_exit/inst/ar_reg/skid_buffer_reg[1125]/D
                            (rising edge-triggered cell FDRE clocked by clk_fpga_0  {rise@0.000ns fall@10.000ns period=20.000ns})
  Path Group:             clk_fpga_0
  Path Type:              Hold (Min at Fast Process Corner)
  Requirement:            0.000ns  (clk_fpga_0 rise@0.000ns - clk_fpga_0 rise@0.000ns)
  Data Path Delay:        0.428ns  (logic 0.164ns (38.334%)  route 0.264ns (61.666%))
  Logic Levels:           0  
  Clock Path Skew:        0.351ns (DCD - SCD - CPR)
    Destination Clock Delay (DCD):    1.301ns
    Source Clock Delay      (SCD):    0.915ns
    Clock Pessimism Removal (CPR):    0.035ns

    Location             Delay type                Incr(ns)  Path(ns)    Netlist Resource(s)
  -------------------------------------------------------------------    -------------------
                         (clock clk_fpga_0 rise edge)
                                                      0.000     0.000 r  
    PS7_X0Y0             PS7                          0.000     0.000 r  design_1_i/processing_system7_0/inst/PS7_i/FCLKCLK[0]
                         net (fo=1, routed)           0.310     0.310    design_1_i/processing_system7_0/inst/FCLK_CLK_unbuffered[0]
    BUFGCTRL_X0Y16       BUFG (Prop_bufg_I_O)         0.026     0.336 r  design_1_i/processing_system7_0/inst/buffer_fclk_clk_0.FCLK_CLK_0_BUFG/O
                         net (fo=7073, routed)        0.579     0.915    design_1_i/smartconnect_0/inst/m01_nodes/m01_ar_node/inst/inst_mi_handler/gen_normal_area.inst_fifo_node_payld/gen_xpm_memory_fifo.inst_fifo/gen_mem_rep[0].inst_xpm_memory/xpm_memory_base_inst/clka
    SLICE_X66Y96         FDRE                                         r  design_1_i/smartconnect_0/inst/m01_nodes/m01_ar_node/inst/inst_mi_handler/gen_normal_area.inst_fifo_node_payld/gen_xpm_memory_fifo.inst_fifo/gen_mem_rep[0].inst_xpm_memory/xpm_memory_base_inst/gen_rd_b.doutb_reg_reg[3]/C
  -------------------------------------------------------------------    -------------------
    SLICE_X66Y96         FDRE (Prop_fdre_C_Q)         0.164     1.079 r  design_1_i/smartconnect_0/inst/m01_nodes/m01_ar_node/inst/inst_mi_handler/gen_normal_area.inst_fifo_node_payld/gen_xpm_memory_fifo.inst_fifo/gen_mem_rep[0].inst_xpm_memory/xpm_memory_base_inst/gen_rd_b.doutb_reg_reg[3]/Q
                         net (fo=2, routed)           0.264     1.342    design_1_i/smartconnect_0/inst/m01_exit_pipeline/m01_exit/inst/ar_reg/D[13]
    SLICE_X67Y101        FDRE                                         r  design_1_i/smartconnect_0/inst/m01_exit_pipeline/m01_exit/inst/ar_reg/skid_buffer_reg[1125]/D
  -------------------------------------------------------------------    -------------------

                         (clock clk_fpga_0 rise edge)
                                                      0.000     0.000 r  
    PS7_X0Y0             PS7                          0.000     0.000 r  design_1_i/processing_system7_0/inst/PS7_i/FCLKCLK[0]
                         net (fo=1, routed)           0.337     0.337    design_1_i/processing_system7_0/inst/FCLK_CLK_unbuffered[0]
    BUFGCTRL_X0Y16       BUFG (Prop_bufg_I_O)         0.029     0.366 r  design_1_i/processing_system7_0/inst/buffer_fclk_clk_0.FCLK_CLK_0_BUFG/O
                         net (fo=7073, routed)        0.935     1.301    design_1_i/smartconnect_0/inst/m01_exit_pipeline/m01_exit/inst/ar_reg/aclk
    SLICE_X67Y101        FDRE                                         r  design_1_i/smartconnect_0/inst/m01_exit_pipeline/m01_exit/inst/ar_reg/skid_buffer_reg[1125]/C
                         clock pessimism             -0.035     1.266    
    SLICE_X67Y101        FDRE (Hold_fdre_C_D)         0.046     1.312    design_1_i/smartconnect_0/inst/m01_exit_pipeline/m01_exit/inst/ar_reg/skid_buffer_reg[1125]
  -------------------------------------------------------------------
                         required time                         -1.312    
                         arrival time                           1.342    
  -------------------------------------------------------------------
                         slack                                  0.031    

Slack (MET) :             0.036ns  (arrival time - required time)
  Source:                 design_1_i/smartconnect_0/inst/m02_nodes/m02_aw_node/inst/inst_mi_handler/gen_normal_area.inst_fifo_node_payld/gen_xpm_memory_fifo.inst_fifo/gen_mem_rep[0].inst_wr_addra/count_r_reg[0]/C
                            (rising edge-triggered cell FDRE clocked by clk_fpga_0  {rise@0.000ns fall@10.000ns period=20.000ns})
  Destination:            design_1_i/smartconnect_0/inst/m02_nodes/m02_aw_node/inst/inst_mi_handler/gen_normal_area.inst_fifo_node_payld/gen_xpm_memory_fifo.inst_fifo/gen_mem_rep[0].inst_xpm_memory/xpm_memory_base_inst/gen_wr_a.gen_word_narrow.mem_reg_0_31_102_107/RAMA/WADR0
                            (rising edge-triggered cell RAMD32 clocked by clk_fpga_0  {rise@0.000ns fall@10.000ns period=20.000ns})
  Path Group:             clk_fpga_0
  Path Type:              Hold (Min at Fast Process Corner)
  Requirement:            0.000ns  (clk_fpga_0 rise@0.000ns - clk_fpga_0 rise@0.000ns)
  Data Path Delay:        0.359ns  (logic 0.141ns (39.228%)  route 0.218ns (60.772%))
  Logic Levels:           0  
  Clock Path Skew:        0.013ns (DCD - SCD - CPR)
    Destination Clock Delay (DCD):    1.271ns
    Source Clock Delay      (SCD):    0.972ns
    Clock Pessimism Removal (CPR):    0.286ns

    Location             Delay type                Incr(ns)  Path(ns)    Netlist Resource(s)
  -------------------------------------------------------------------    -------------------
                         (clock clk_fpga_0 rise edge)
                                                      0.000     0.000 r  
    PS7_X0Y0             PS7                          0.000     0.000 r  design_1_i/processing_system7_0/inst/PS7_i/FCLKCLK[0]
                         net (fo=1, routed)           0.310     0.310    design_1_i/processing_system7_0/inst/FCLK_CLK_unbuffered[0]
    BUFGCTRL_X0Y16       BUFG (Prop_bufg_I_O)         0.026     0.336 r  design_1_i/processing_system7_0/inst/buffer_fclk_clk_0.FCLK_CLK_0_BUFG/O
                         net (fo=7073, routed)        0.636     0.972    design_1_i/smartconnect_0/inst/m02_nodes/m02_aw_node/inst/inst_mi_handler/gen_normal_area.inst_fifo_node_payld/gen_xpm_memory_fifo.inst_fifo/gen_mem_rep[0].inst_wr_addra/s_sc_aclk
    SLICE_X35Y115        FDRE                                         r  design_1_i/smartconnect_0/inst/m02_nodes/m02_aw_node/inst/inst_mi_handler/gen_normal_area.inst_fifo_node_payld/gen_xpm_memory_fifo.inst_fifo/gen_mem_rep[0].inst_wr_addra/count_r_reg[0]/C
  -------------------------------------------------------------------    -------------------
    SLICE_X35Y115        FDRE (Prop_fdre_C_Q)         0.141     1.113 r  design_1_i/smartconnect_0/inst/m02_nodes/m02_aw_node/inst/inst_mi_handler/gen_normal_area.inst_fifo_node_payld/gen_xpm_memory_fifo.inst_fifo/gen_mem_rep[0].inst_wr_addra/count_r_reg[0]/Q
                         net (fo=32, routed)          0.218     1.331    design_1_i/smartconnect_0/inst/m02_nodes/m02_aw_node/inst/inst_mi_handler/gen_normal_area.inst_fifo_node_payld/gen_xpm_memory_fifo.inst_fifo/gen_mem_rep[0].inst_xpm_memory/xpm_memory_base_inst/gen_wr_a.gen_word_narrow.mem_reg_0_31_102_107/ADDRD0
    SLICE_X34Y115        RAMD32                                       r  design_1_i/smartconnect_0/inst/m02_nodes/m02_aw_node/inst/inst_mi_handler/gen_normal_area.inst_fifo_node_payld/gen_xpm_memory_fifo.inst_fifo/gen_mem_rep[0].inst_xpm_memory/xpm_memory_base_inst/gen_wr_a.gen_word_narrow.mem_reg_0_31_102_107/RAMA/WADR0
  -------------------------------------------------------------------    -------------------

                         (clock clk_fpga_0 rise edge)
                                                      0.000     0.000 r  
    PS7_X0Y0             PS7                          0.000     0.000 r  design_1_i/processing_system7_0/inst/PS7_i/FCLKCLK[0]
                         net (fo=1, routed)           0.337     0.337    design_1_i/processing_system7_0/inst/FCLK_CLK_unbuffered[0]
    BUFGCTRL_X0Y16       BUFG (Prop_bufg_I_O)         0.029     0.366 r  design_1_i/processing_system7_0/inst/buffer_fclk_clk_0.FCLK_CLK_0_BUFG/O
                         net (fo=7073, routed)        0.905     1.271    design_1_i/smartconnect_0/inst/m02_nodes/m02_aw_node/inst/inst_mi_handler/gen_normal_area.inst_fifo_node_payld/gen_xpm_memory_fifo.inst_fifo/gen_mem_rep[0].inst_xpm_memory/xpm_memory_base_inst/gen_wr_a.gen_word_narrow.mem_reg_0_31_102_107/WCLK
    SLICE_X34Y115        RAMD32                                       r  design_1_i/smartconnect_0/inst/m02_nodes/m02_aw_node/inst/inst_mi_handler/gen_normal_area.inst_fifo_node_payld/gen_xpm_memory_fifo.inst_fifo/gen_mem_rep[0].inst_xpm_memory/xpm_memory_base_inst/gen_wr_a.gen_word_narrow.mem_reg_0_31_102_107/RAMA/CLK
                         clock pessimism             -0.286     0.985    
    SLICE_X34Y115        RAMD32 (Hold_ramd32_CLK_WADR0)
                                                      0.310     1.295    design_1_i/smartconnect_0/inst/m02_nodes/m02_aw_node/inst/inst_mi_handler/gen_normal_area.inst_fifo_node_payld/gen_xpm_memory_fifo.inst_fifo/gen_mem_rep[0].inst_xpm_memory/xpm_memory_base_inst/gen_wr_a.gen_word_narrow.mem_reg_0_31_102_107/RAMA
  -------------------------------------------------------------------
                         required time                         -1.295    
                         arrival time                           1.331    
  -------------------------------------------------------------------
                         slack                                  0.036    

Slack (MET) :             0.036ns  (arrival time - required time)
  Source:                 design_1_i/smartconnect_0/inst/m02_nodes/m02_aw_node/inst/inst_mi_handler/gen_normal_area.inst_fifo_node_payld/gen_xpm_memory_fifo.inst_fifo/gen_mem_rep[0].inst_wr_addra/count_r_reg[0]/C
                            (rising edge-triggered cell FDRE clocked by clk_fpga_0  {rise@0.000ns fall@10.000ns period=20.000ns})
  Destination:            design_1_i/smartconnect_0/inst/m02_nodes/m02_aw_node/inst/inst_mi_handler/gen_normal_area.inst_fifo_node_payld/gen_xpm_memory_fifo.inst_fifo/gen_mem_rep[0].inst_xpm_memory/xpm_memory_base_inst/gen_wr_a.gen_word_narrow.mem_reg_0_31_102_107/RAMA_D1/WADR0
                            (rising edge-triggered cell RAMD32 clocked by clk_fpga_0  {rise@0.000ns fall@10.000ns period=20.000ns})
  Path Group:             clk_fpga_0
  Path Type:              Hold (Min at Fast Process Corner)
  Requirement:            0.000ns  (clk_fpga_0 rise@0.000ns - clk_fpga_0 rise@0.000ns)
  Data Path Delay:        0.359ns  (logic 0.141ns (39.228%)  route 0.218ns (60.772%))
  Logic Levels:           0  
  Clock Path Skew:        0.013ns (DCD - SCD - CPR)
    Destination Clock Delay (DCD):    1.271ns
    Source Clock Delay      (SCD):    0.972ns
    Clock Pessimism Removal (CPR):    0.286ns

    Location             Delay type                Incr(ns)  Path(ns)    Netlist Resource(s)
  -------------------------------------------------------------------    -------------------
                         (clock clk_fpga_0 rise edge)
                                                      0.000     0.000 r  
    PS7_X0Y0             PS7                          0.000     0.000 r  design_1_i/processing_system7_0/inst/PS7_i/FCLKCLK[0]
                         net (fo=1, routed)           0.310     0.310    design_1_i/processing_system7_0/inst/FCLK_CLK_unbuffered[0]
    BUFGCTRL_X0Y16       BUFG (Prop_bufg_I_O)         0.026     0.336 r  design_1_i/processing_system7_0/inst/buffer_fclk_clk_0.FCLK_CLK_0_BUFG/O
                         net (fo=7073, routed)        0.636     0.972    design_1_i/smartconnect_0/inst/m02_nodes/m02_aw_node/inst/inst_mi_handler/gen_normal_area.inst_fifo_node_payld/gen_xpm_memory_fifo.inst_fifo/gen_mem_rep[0].inst_wr_addra/s_sc_aclk
    SLICE_X35Y115        FDRE                                         r  design_1_i/smartconnect_0/inst/m02_nodes/m02_aw_node/inst/inst_mi_handler/gen_normal_area.inst_fifo_node_payld/gen_xpm_memory_fifo.inst_fifo/gen_mem_rep[0].inst_wr_addra/count_r_reg[0]/C
  -------------------------------------------------------------------    -------------------
    SLICE_X35Y115        FDRE (Prop_fdre_C_Q)         0.141     1.113 r  design_1_i/smartconnect_0/inst/m02_nodes/m02_aw_node/inst/inst_mi_handler/gen_normal_area.inst_fifo_node_payld/gen_xpm_memory_fifo.inst_fifo/gen_mem_rep[0].inst_wr_addra/count_r_reg[0]/Q
                         net (fo=32, routed)          0.218     1.331    design_1_i/smartconnect_0/inst/m02_nodes/m02_aw_node/inst/inst_mi_handler/gen_normal_area.inst_fifo_node_payld/gen_xpm_memory_fifo.inst_fifo/gen_mem_rep[0].inst_xpm_memory/xpm_memory_base_inst/gen_wr_a.gen_word_narrow.mem_reg_0_31_102_107/ADDRD0
    SLICE_X34Y115        RAMD32                                       r  design_1_i/smartconnect_0/inst/m02_nodes/m02_aw_node/inst/inst_mi_handler/gen_normal_area.inst_fifo_node_payld/gen_xpm_memory_fifo.inst_fifo/gen_mem_rep[0].inst_xpm_memory/xpm_memory_base_inst/gen_wr_a.gen_word_narrow.mem_reg_0_31_102_107/RAMA_D1/WADR0
  -------------------------------------------------------------------    -------------------

                         (clock clk_fpga_0 rise edge)
                                                      0.000     0.000 r  
    PS7_X0Y0             PS7                          0.000     0.000 r  design_1_i/processing_system7_0/inst/PS7_i/FCLKCLK[0]
                         net (fo=1, routed)           0.337     0.337    design_1_i/processing_system7_0/inst/FCLK_CLK_unbuffered[0]
    BUFGCTRL_X0Y16       BUFG (Prop_bufg_I_O)         0.029     0.366 r  design_1_i/processing_system7_0/inst/buffer_fclk_clk_0.FCLK_CLK_0_BUFG/O
                         net (fo=7073, routed)        0.905     1.271    design_1_i/smartconnect_0/inst/m02_nodes/m02_aw_node/inst/inst_mi_handler/gen_normal_area.inst_fifo_node_payld/gen_xpm_memory_fifo.inst_fifo/gen_mem_rep[0].inst_xpm_memory/xpm_memory_base_inst/gen_wr_a.gen_word_narrow.mem_reg_0_31_102_107/WCLK
    SLICE_X34Y115        RAMD32                                       r  design_1_i/smartconnect_0/inst/m02_nodes/m02_aw_node/inst/inst_mi_handler/gen_normal_area.inst_fifo_node_payld/gen_xpm_memory_fifo.inst_fifo/gen_mem_rep[0].inst_xpm_memory/xpm_memory_base_inst/gen_wr_a.gen_word_narrow.mem_reg_0_31_102_107/RAMA_D1/CLK
                         clock pessimism             -0.286     0.985    
    SLICE_X34Y115        RAMD32 (Hold_ramd32_CLK_WADR0)
                                                      0.310     1.295    design_1_i/smartconnect_0/inst/m02_nodes/m02_aw_node/inst/inst_mi_handler/gen_normal_area.inst_fifo_node_payld/gen_xpm_memory_fifo.inst_fifo/gen_mem_rep[0].inst_xpm_memory/xpm_memory_base_inst/gen_wr_a.gen_word_narrow.mem_reg_0_31_102_107/RAMA_D1
  -------------------------------------------------------------------
                         required time                         -1.295    
                         arrival time                           1.331    
  -------------------------------------------------------------------
                         slack                                  0.036    

Slack (MET) :             0.036ns  (arrival time - required time)
  Source:                 design_1_i/smartconnect_0/inst/m02_nodes/m02_aw_node/inst/inst_mi_handler/gen_normal_area.inst_fifo_node_payld/gen_xpm_memory_fifo.inst_fifo/gen_mem_rep[0].inst_wr_addra/count_r_reg[0]/C
                            (rising edge-triggered cell FDRE clocked by clk_fpga_0  {rise@0.000ns fall@10.000ns period=20.000ns})
  Destination:            design_1_i/smartconnect_0/inst/m02_nodes/m02_aw_node/inst/inst_mi_handler/gen_normal_area.inst_fifo_node_payld/gen_xpm_memory_fifo.inst_fifo/gen_mem_rep[0].inst_xpm_memory/xpm_memory_base_inst/gen_wr_a.gen_word_narrow.mem_reg_0_31_102_107/RAMB/WADR0
                            (rising edge-triggered cell RAMD32 clocked by clk_fpga_0  {rise@0.000ns fall@10.000ns period=20.000ns})
  Path Group:             clk_fpga_0
  Path Type:              Hold (Min at Fast Process Corner)
  Requirement:            0.000ns  (clk_fpga_0 rise@0.000ns - clk_fpga_0 rise@0.000ns)
  Data Path Delay:        0.359ns  (logic 0.141ns (39.228%)  route 0.218ns (60.772%))
  Logic Levels:           0  
  Clock Path Skew:        0.013ns (DCD - SCD - CPR)
    Destination Clock Delay (DCD):    1.271ns
    Source Clock Delay      (SCD):    0.972ns
    Clock Pessimism Removal (CPR):    0.286ns

    Location             Delay type                Incr(ns)  Path(ns)    Netlist Resource(s)
  -------------------------------------------------------------------    -------------------
                         (clock clk_fpga_0 rise edge)
                                                      0.000     0.000 r  
    PS7_X0Y0             PS7                          0.000     0.000 r  design_1_i/processing_system7_0/inst/PS7_i/FCLKCLK[0]
                         net (fo=1, routed)           0.310     0.310    design_1_i/processing_system7_0/inst/FCLK_CLK_unbuffered[0]
    BUFGCTRL_X0Y16       BUFG (Prop_bufg_I_O)         0.026     0.336 r  design_1_i/processing_system7_0/inst/buffer_fclk_clk_0.FCLK_CLK_0_BUFG/O
                         net (fo=7073, routed)        0.636     0.972    design_1_i/smartconnect_0/inst/m02_nodes/m02_aw_node/inst/inst_mi_handler/gen_normal_area.inst_fifo_node_payld/gen_xpm_memory_fifo.inst_fifo/gen_mem_rep[0].inst_wr_addra/s_sc_aclk
    SLICE_X35Y115        FDRE                                         r  design_1_i/smartconnect_0/inst/m02_nodes/m02_aw_node/inst/inst_mi_handler/gen_normal_area.inst_fifo_node_payld/gen_xpm_memory_fifo.inst_fifo/gen_mem_rep[0].inst_wr_addra/count_r_reg[0]/C
  -------------------------------------------------------------------    -------------------
    SLICE_X35Y115        FDRE (Prop_fdre_C_Q)         0.141     1.113 r  design_1_i/smartconnect_0/inst/m02_nodes/m02_aw_node/inst/inst_mi_handler/gen_normal_area.inst_fifo_node_payld/gen_xpm_memory_fifo.inst_fifo/gen_mem_rep[0].inst_wr_addra/count_r_reg[0]/Q
                         net (fo=32, routed)          0.218     1.331    design_1_i/smartconnect_0/inst/m02_nodes/m02_aw_node/inst/inst_mi_handler/gen_normal_area.inst_fifo_node_payld/gen_xpm_memory_fifo.inst_fifo/gen_mem_rep[0].inst_xpm_memory/xpm_memory_base_inst/gen_wr_a.gen_word_narrow.mem_reg_0_31_102_107/ADDRD0
    SLICE_X34Y115        RAMD32                                       r  design_1_i/smartconnect_0/inst/m02_nodes/m02_aw_node/inst/inst_mi_handler/gen_normal_area.inst_fifo_node_payld/gen_xpm_memory_fifo.inst_fifo/gen_mem_rep[0].inst_xpm_memory/xpm_memory_base_inst/gen_wr_a.gen_word_narrow.mem_reg_0_31_102_107/RAMB/WADR0
  -------------------------------------------------------------------    -------------------

                         (clock clk_fpga_0 rise edge)
                                                      0.000     0.000 r  
    PS7_X0Y0             PS7                          0.000     0.000 r  design_1_i/processing_system7_0/inst/PS7_i/FCLKCLK[0]
                         net (fo=1, routed)           0.337     0.337    design_1_i/processing_system7_0/inst/FCLK_CLK_unbuffered[0]
    BUFGCTRL_X0Y16       BUFG (Prop_bufg_I_O)         0.029     0.366 r  design_1_i/processing_system7_0/inst/buffer_fclk_clk_0.FCLK_CLK_0_BUFG/O
                         net (fo=7073, routed)        0.905     1.271    design_1_i/smartconnect_0/inst/m02_nodes/m02_aw_node/inst/inst_mi_handler/gen_normal_area.inst_fifo_node_payld/gen_xpm_memory_fifo.inst_fifo/gen_mem_rep[0].inst_xpm_memory/xpm_memory_base_inst/gen_wr_a.gen_word_narrow.mem_reg_0_31_102_107/WCLK
    SLICE_X34Y115        RAMD32                                       r  design_1_i/smartconnect_0/inst/m02_nodes/m02_aw_node/inst/inst_mi_handler/gen_normal_area.inst_fifo_node_payld/gen_xpm_memory_fifo.inst_fifo/gen_mem_rep[0].inst_xpm_memory/xpm_memory_base_inst/gen_wr_a.gen_word_narrow.mem_reg_0_31_102_107/RAMB/CLK
                         clock pessimism             -0.286     0.985    
    SLICE_X34Y115        RAMD32 (Hold_ramd32_CLK_WADR0)
                                                      0.310     1.295    design_1_i/smartconnect_0/inst/m02_nodes/m02_aw_node/inst/inst_mi_handler/gen_normal_area.inst_fifo_node_payld/gen_xpm_memory_fifo.inst_fifo/gen_mem_rep[0].inst_xpm_memory/xpm_memory_base_inst/gen_wr_a.gen_word_narrow.mem_reg_0_31_102_107/RAMB
  -------------------------------------------------------------------
                         required time                         -1.295    
                         arrival time                           1.331    
  -------------------------------------------------------------------
                         slack                                  0.036    

Slack (MET) :             0.036ns  (arrival time - required time)
  Source:                 design_1_i/smartconnect_0/inst/m02_nodes/m02_aw_node/inst/inst_mi_handler/gen_normal_area.inst_fifo_node_payld/gen_xpm_memory_fifo.inst_fifo/gen_mem_rep[0].inst_wr_addra/count_r_reg[0]/C
                            (rising edge-triggered cell FDRE clocked by clk_fpga_0  {rise@0.000ns fall@10.000ns period=20.000ns})
  Destination:            design_1_i/smartconnect_0/inst/m02_nodes/m02_aw_node/inst/inst_mi_handler/gen_normal_area.inst_fifo_node_payld/gen_xpm_memory_fifo.inst_fifo/gen_mem_rep[0].inst_xpm_memory/xpm_memory_base_inst/gen_wr_a.gen_word_narrow.mem_reg_0_31_102_107/RAMB_D1/WADR0
                            (rising edge-triggered cell RAMD32 clocked by clk_fpga_0  {rise@0.000ns fall@10.000ns period=20.000ns})
  Path Group:             clk_fpga_0
  Path Type:              Hold (Min at Fast Process Corner)
  Requirement:            0.000ns  (clk_fpga_0 rise@0.000ns - clk_fpga_0 rise@0.000ns)
  Data Path Delay:        0.359ns  (logic 0.141ns (39.228%)  route 0.218ns (60.772%))
  Logic Levels:           0  
  Clock Path Skew:        0.013ns (DCD - SCD - CPR)
    Destination Clock Delay (DCD):    1.271ns
    Source Clock Delay      (SCD):    0.972ns
    Clock Pessimism Removal (CPR):    0.286ns

    Location             Delay type                Incr(ns)  Path(ns)    Netlist Resource(s)
  -------------------------------------------------------------------    -------------------
                         (clock clk_fpga_0 rise edge)
                                                      0.000     0.000 r  
    PS7_X0Y0             PS7                          0.000     0.000 r  design_1_i/processing_system7_0/inst/PS7_i/FCLKCLK[0]
                         net (fo=1, routed)           0.310     0.310    design_1_i/processing_system7_0/inst/FCLK_CLK_unbuffered[0]
    BUFGCTRL_X0Y16       BUFG (Prop_bufg_I_O)         0.026     0.336 r  design_1_i/processing_system7_0/inst/buffer_fclk_clk_0.FCLK_CLK_0_BUFG/O
                         net (fo=7073, routed)        0.636     0.972    design_1_i/smartconnect_0/inst/m02_nodes/m02_aw_node/inst/inst_mi_handler/gen_normal_area.inst_fifo_node_payld/gen_xpm_memory_fifo.inst_fifo/gen_mem_rep[0].inst_wr_addra/s_sc_aclk
    SLICE_X35Y115        FDRE                                         r  design_1_i/smartconnect_0/inst/m02_nodes/m02_aw_node/inst/inst_mi_handler/gen_normal_area.inst_fifo_node_payld/gen_xpm_memory_fifo.inst_fifo/gen_mem_rep[0].inst_wr_addra/count_r_reg[0]/C
  -------------------------------------------------------------------    -------------------
    SLICE_X35Y115        FDRE (Prop_fdre_C_Q)         0.141     1.113 r  design_1_i/smartconnect_0/inst/m02_nodes/m02_aw_node/inst/inst_mi_handler/gen_normal_area.inst_fifo_node_payld/gen_xpm_memory_fifo.inst_fifo/gen_mem_rep[0].inst_wr_addra/count_r_reg[0]/Q
                         net (fo=32, routed)          0.218     1.331    design_1_i/smartconnect_0/inst/m02_nodes/m02_aw_node/inst/inst_mi_handler/gen_normal_area.inst_fifo_node_payld/gen_xpm_memory_fifo.inst_fifo/gen_mem_rep[0].inst_xpm_memory/xpm_memory_base_inst/gen_wr_a.gen_word_narrow.mem_reg_0_31_102_107/ADDRD0
    SLICE_X34Y115        RAMD32                                       r  design_1_i/smartconnect_0/inst/m02_nodes/m02_aw_node/inst/inst_mi_handler/gen_normal_area.inst_fifo_node_payld/gen_xpm_memory_fifo.inst_fifo/gen_mem_rep[0].inst_xpm_memory/xpm_memory_base_inst/gen_wr_a.gen_word_narrow.mem_reg_0_31_102_107/RAMB_D1/WADR0
  -------------------------------------------------------------------    -------------------

                         (clock clk_fpga_0 rise edge)
                                                      0.000     0.000 r  
    PS7_X0Y0             PS7                          0.000     0.000 r  design_1_i/processing_system7_0/inst/PS7_i/FCLKCLK[0]
                         net (fo=1, routed)           0.337     0.337    design_1_i/processing_system7_0/inst/FCLK_CLK_unbuffered[0]
    BUFGCTRL_X0Y16       BUFG (Prop_bufg_I_O)         0.029     0.366 r  design_1_i/processing_system7_0/inst/buffer_fclk_clk_0.FCLK_CLK_0_BUFG/O
                         net (fo=7073, routed)        0.905     1.271    design_1_i/smartconnect_0/inst/m02_nodes/m02_aw_node/inst/inst_mi_handler/gen_normal_area.inst_fifo_node_payld/gen_xpm_memory_fifo.inst_fifo/gen_mem_rep[0].inst_xpm_memory/xpm_memory_base_inst/gen_wr_a.gen_word_narrow.mem_reg_0_31_102_107/WCLK
    SLICE_X34Y115        RAMD32                                       r  design_1_i/smartconnect_0/inst/m02_nodes/m02_aw_node/inst/inst_mi_handler/gen_normal_area.inst_fifo_node_payld/gen_xpm_memory_fifo.inst_fifo/gen_mem_rep[0].inst_xpm_memory/xpm_memory_base_inst/gen_wr_a.gen_word_narrow.mem_reg_0_31_102_107/RAMB_D1/CLK
                         clock pessimism             -0.286     0.985    
    SLICE_X34Y115        RAMD32 (Hold_ramd32_CLK_WADR0)
                                                      0.310     1.295    design_1_i/smartconnect_0/inst/m02_nodes/m02_aw_node/inst/inst_mi_handler/gen_normal_area.inst_fifo_node_payld/gen_xpm_memory_fifo.inst_fifo/gen_mem_rep[0].inst_xpm_memory/xpm_memory_base_inst/gen_wr_a.gen_word_narrow.mem_reg_0_31_102_107/RAMB_D1
  -------------------------------------------------------------------
                         required time                         -1.295    
                         arrival time                           1.331    
  -------------------------------------------------------------------
                         slack                                  0.036    

Slack (MET) :             0.036ns  (arrival time - required time)
  Source:                 design_1_i/smartconnect_0/inst/m02_nodes/m02_aw_node/inst/inst_mi_handler/gen_normal_area.inst_fifo_node_payld/gen_xpm_memory_fifo.inst_fifo/gen_mem_rep[0].inst_wr_addra/count_r_reg[0]/C
                            (rising edge-triggered cell FDRE clocked by clk_fpga_0  {rise@0.000ns fall@10.000ns period=20.000ns})
  Destination:            design_1_i/smartconnect_0/inst/m02_nodes/m02_aw_node/inst/inst_mi_handler/gen_normal_area.inst_fifo_node_payld/gen_xpm_memory_fifo.inst_fifo/gen_mem_rep[0].inst_xpm_memory/xpm_memory_base_inst/gen_wr_a.gen_word_narrow.mem_reg_0_31_102_107/RAMC/WADR0
                            (rising edge-triggered cell RAMD32 clocked by clk_fpga_0  {rise@0.000ns fall@10.000ns period=20.000ns})
  Path Group:             clk_fpga_0
  Path Type:              Hold (Min at Fast Process Corner)
  Requirement:            0.000ns  (clk_fpga_0 rise@0.000ns - clk_fpga_0 rise@0.000ns)
  Data Path Delay:        0.359ns  (logic 0.141ns (39.228%)  route 0.218ns (60.772%))
  Logic Levels:           0  
  Clock Path Skew:        0.013ns (DCD - SCD - CPR)
    Destination Clock Delay (DCD):    1.271ns
    Source Clock Delay      (SCD):    0.972ns
    Clock Pessimism Removal (CPR):    0.286ns

    Location             Delay type                Incr(ns)  Path(ns)    Netlist Resource(s)
  -------------------------------------------------------------------    -------------------
                         (clock clk_fpga_0 rise edge)
                                                      0.000     0.000 r  
    PS7_X0Y0             PS7                          0.000     0.000 r  design_1_i/processing_system7_0/inst/PS7_i/FCLKCLK[0]
                         net (fo=1, routed)           0.310     0.310    design_1_i/processing_system7_0/inst/FCLK_CLK_unbuffered[0]
    BUFGCTRL_X0Y16       BUFG (Prop_bufg_I_O)         0.026     0.336 r  design_1_i/processing_system7_0/inst/buffer_fclk_clk_0.FCLK_CLK_0_BUFG/O
                         net (fo=7073, routed)        0.636     0.972    design_1_i/smartconnect_0/inst/m02_nodes/m02_aw_node/inst/inst_mi_handler/gen_normal_area.inst_fifo_node_payld/gen_xpm_memory_fifo.inst_fifo/gen_mem_rep[0].inst_wr_addra/s_sc_aclk
    SLICE_X35Y115        FDRE                                         r  design_1_i/smartconnect_0/inst/m02_nodes/m02_aw_node/inst/inst_mi_handler/gen_normal_area.inst_fifo_node_payld/gen_xpm_memory_fifo.inst_fifo/gen_mem_rep[0].inst_wr_addra/count_r_reg[0]/C
  -------------------------------------------------------------------    -------------------
    SLICE_X35Y115        FDRE (Prop_fdre_C_Q)         0.141     1.113 r  design_1_i/smartconnect_0/inst/m02_nodes/m02_aw_node/inst/inst_mi_handler/gen_normal_area.inst_fifo_node_payld/gen_xpm_memory_fifo.inst_fifo/gen_mem_rep[0].inst_wr_addra/count_r_reg[0]/Q
                         net (fo=32, routed)          0.218     1.331    design_1_i/smartconnect_0/inst/m02_nodes/m02_aw_node/inst/inst_mi_handler/gen_normal_area.inst_fifo_node_payld/gen_xpm_memory_fifo.inst_fifo/gen_mem_rep[0].inst_xpm_memory/xpm_memory_base_inst/gen_wr_a.gen_word_narrow.mem_reg_0_31_102_107/ADDRD0
    SLICE_X34Y115        RAMD32                                       r  design_1_i/smartconnect_0/inst/m02_nodes/m02_aw_node/inst/inst_mi_handler/gen_normal_area.inst_fifo_node_payld/gen_xpm_memory_fifo.inst_fifo/gen_mem_rep[0].inst_xpm_memory/xpm_memory_base_inst/gen_wr_a.gen_word_narrow.mem_reg_0_31_102_107/RAMC/WADR0
  -------------------------------------------------------------------    -------------------

                         (clock clk_fpga_0 rise edge)
                                                      0.000     0.000 r  
    PS7_X0Y0             PS7                          0.000     0.000 r  design_1_i/processing_system7_0/inst/PS7_i/FCLKCLK[0]
                         net (fo=1, routed)           0.337     0.337    design_1_i/processing_system7_0/inst/FCLK_CLK_unbuffered[0]
    BUFGCTRL_X0Y16       BUFG (Prop_bufg_I_O)         0.029     0.366 r  design_1_i/processing_system7_0/inst/buffer_fclk_clk_0.FCLK_CLK_0_BUFG/O
                         net (fo=7073, routed)        0.905     1.271    design_1_i/smartconnect_0/inst/m02_nodes/m02_aw_node/inst/inst_mi_handler/gen_normal_area.inst_fifo_node_payld/gen_xpm_memory_fifo.inst_fifo/gen_mem_rep[0].inst_xpm_memory/xpm_memory_base_inst/gen_wr_a.gen_word_narrow.mem_reg_0_31_102_107/WCLK
    SLICE_X34Y115        RAMD32                                       r  design_1_i/smartconnect_0/inst/m02_nodes/m02_aw_node/inst/inst_mi_handler/gen_normal_area.inst_fifo_node_payld/gen_xpm_memory_fifo.inst_fifo/gen_mem_rep[0].inst_xpm_memory/xpm_memory_base_inst/gen_wr_a.gen_word_narrow.mem_reg_0_31_102_107/RAMC/CLK
                         clock pessimism             -0.286     0.985    
    SLICE_X34Y115        RAMD32 (Hold_ramd32_CLK_WADR0)
                                                      0.310     1.295    design_1_i/smartconnect_0/inst/m02_nodes/m02_aw_node/inst/inst_mi_handler/gen_normal_area.inst_fifo_node_payld/gen_xpm_memory_fifo.inst_fifo/gen_mem_rep[0].inst_xpm_memory/xpm_memory_base_inst/gen_wr_a.gen_word_narrow.mem_reg_0_31_102_107/RAMC
  -------------------------------------------------------------------
                         required time                         -1.295    
                         arrival time                           1.331    
  -------------------------------------------------------------------
                         slack                                  0.036    

Slack (MET) :             0.036ns  (arrival time - required time)
  Source:                 design_1_i/smartconnect_0/inst/m02_nodes/m02_aw_node/inst/inst_mi_handler/gen_normal_area.inst_fifo_node_payld/gen_xpm_memory_fifo.inst_fifo/gen_mem_rep[0].inst_wr_addra/count_r_reg[0]/C
                            (rising edge-triggered cell FDRE clocked by clk_fpga_0  {rise@0.000ns fall@10.000ns period=20.000ns})
  Destination:            design_1_i/smartconnect_0/inst/m02_nodes/m02_aw_node/inst/inst_mi_handler/gen_normal_area.inst_fifo_node_payld/gen_xpm_memory_fifo.inst_fifo/gen_mem_rep[0].inst_xpm_memory/xpm_memory_base_inst/gen_wr_a.gen_word_narrow.mem_reg_0_31_102_107/RAMC_D1/WADR0
                            (rising edge-triggered cell RAMD32 clocked by clk_fpga_0  {rise@0.000ns fall@10.000ns period=20.000ns})
  Path Group:             clk_fpga_0
  Path Type:              Hold (Min at Fast Process Corner)
  Requirement:            0.000ns  (clk_fpga_0 rise@0.000ns - clk_fpga_0 rise@0.000ns)
  Data Path Delay:        0.359ns  (logic 0.141ns (39.228%)  route 0.218ns (60.772%))
  Logic Levels:           0  
  Clock Path Skew:        0.013ns (DCD - SCD - CPR)
    Destination Clock Delay (DCD):    1.271ns
    Source Clock Delay      (SCD):    0.972ns
    Clock Pessimism Removal (CPR):    0.286ns

    Location             Delay type                Incr(ns)  Path(ns)    Netlist Resource(s)
  -------------------------------------------------------------------    -------------------
                         (clock clk_fpga_0 rise edge)
                                                      0.000     0.000 r  
    PS7_X0Y0             PS7                          0.000     0.000 r  design_1_i/processing_system7_0/inst/PS7_i/FCLKCLK[0]
                         net (fo=1, routed)           0.310     0.310    design_1_i/processing_system7_0/inst/FCLK_CLK_unbuffered[0]
    BUFGCTRL_X0Y16       BUFG (Prop_bufg_I_O)         0.026     0.336 r  design_1_i/processing_system7_0/inst/buffer_fclk_clk_0.FCLK_CLK_0_BUFG/O
                         net (fo=7073, routed)        0.636     0.972    design_1_i/smartconnect_0/inst/m02_nodes/m02_aw_node/inst/inst_mi_handler/gen_normal_area.inst_fifo_node_payld/gen_xpm_memory_fifo.inst_fifo/gen_mem_rep[0].inst_wr_addra/s_sc_aclk
    SLICE_X35Y115        FDRE                                         r  design_1_i/smartconnect_0/inst/m02_nodes/m02_aw_node/inst/inst_mi_handler/gen_normal_area.inst_fifo_node_payld/gen_xpm_memory_fifo.inst_fifo/gen_mem_rep[0].inst_wr_addra/count_r_reg[0]/C
  -------------------------------------------------------------------    -------------------
    SLICE_X35Y115        FDRE (Prop_fdre_C_Q)         0.141     1.113 r  design_1_i/smartconnect_0/inst/m02_nodes/m02_aw_node/inst/inst_mi_handler/gen_normal_area.inst_fifo_node_payld/gen_xpm_memory_fifo.inst_fifo/gen_mem_rep[0].inst_wr_addra/count_r_reg[0]/Q
                         net (fo=32, routed)          0.218     1.331    design_1_i/smartconnect_0/inst/m02_nodes/m02_aw_node/inst/inst_mi_handler/gen_normal_area.inst_fifo_node_payld/gen_xpm_memory_fifo.inst_fifo/gen_mem_rep[0].inst_xpm_memory/xpm_memory_base_inst/gen_wr_a.gen_word_narrow.mem_reg_0_31_102_107/ADDRD0
    SLICE_X34Y115        RAMD32                                       r  design_1_i/smartconnect_0/inst/m02_nodes/m02_aw_node/inst/inst_mi_handler/gen_normal_area.inst_fifo_node_payld/gen_xpm_memory_fifo.inst_fifo/gen_mem_rep[0].inst_xpm_memory/xpm_memory_base_inst/gen_wr_a.gen_word_narrow.mem_reg_0_31_102_107/RAMC_D1/WADR0
  -------------------------------------------------------------------    -------------------

                         (clock clk_fpga_0 rise edge)
                                                      0.000     0.000 r  
    PS7_X0Y0             PS7                          0.000     0.000 r  design_1_i/processing_system7_0/inst/PS7_i/FCLKCLK[0]
                         net (fo=1, routed)           0.337     0.337    design_1_i/processing_system7_0/inst/FCLK_CLK_unbuffered[0]
    BUFGCTRL_X0Y16       BUFG (Prop_bufg_I_O)         0.029     0.366 r  design_1_i/processing_system7_0/inst/buffer_fclk_clk_0.FCLK_CLK_0_BUFG/O
                         net (fo=7073, routed)        0.905     1.271    design_1_i/smartconnect_0/inst/m02_nodes/m02_aw_node/inst/inst_mi_handler/gen_normal_area.inst_fifo_node_payld/gen_xpm_memory_fifo.inst_fifo/gen_mem_rep[0].inst_xpm_memory/xpm_memory_base_inst/gen_wr_a.gen_word_narrow.mem_reg_0_31_102_107/WCLK
    SLICE_X34Y115        RAMD32                                       r  design_1_i/smartconnect_0/inst/m02_nodes/m02_aw_node/inst/inst_mi_handler/gen_normal_area.inst_fifo_node_payld/gen_xpm_memory_fifo.inst_fifo/gen_mem_rep[0].inst_xpm_memory/xpm_memory_base_inst/gen_wr_a.gen_word_narrow.mem_reg_0_31_102_107/RAMC_D1/CLK
                         clock pessimism             -0.286     0.985    
    SLICE_X34Y115        RAMD32 (Hold_ramd32_CLK_WADR0)
                                                      0.310     1.295    design_1_i/smartconnect_0/inst/m02_nodes/m02_aw_node/inst/inst_mi_handler/gen_normal_area.inst_fifo_node_payld/gen_xpm_memory_fifo.inst_fifo/gen_mem_rep[0].inst_xpm_memory/xpm_memory_base_inst/gen_wr_a.gen_word_narrow.mem_reg_0_31_102_107/RAMC_D1
  -------------------------------------------------------------------
                         required time                         -1.295    
                         arrival time                           1.331    
  -------------------------------------------------------------------
                         slack                                  0.036    

Slack (MET) :             0.036ns  (arrival time - required time)
  Source:                 design_1_i/smartconnect_0/inst/m02_nodes/m02_aw_node/inst/inst_mi_handler/gen_normal_area.inst_fifo_node_payld/gen_xpm_memory_fifo.inst_fifo/gen_mem_rep[0].inst_wr_addra/count_r_reg[0]/C
                            (rising edge-triggered cell FDRE clocked by clk_fpga_0  {rise@0.000ns fall@10.000ns period=20.000ns})
  Destination:            design_1_i/smartconnect_0/inst/m02_nodes/m02_aw_node/inst/inst_mi_handler/gen_normal_area.inst_fifo_node_payld/gen_xpm_memory_fifo.inst_fifo/gen_mem_rep[0].inst_xpm_memory/xpm_memory_base_inst/gen_wr_a.gen_word_narrow.mem_reg_0_31_102_107/RAMD/ADR0
                            (rising edge-triggered cell RAMS32 clocked by clk_fpga_0  {rise@0.000ns fall@10.000ns period=20.000ns})
  Path Group:             clk_fpga_0
  Path Type:              Hold (Min at Fast Process Corner)
  Requirement:            0.000ns  (clk_fpga_0 rise@0.000ns - clk_fpga_0 rise@0.000ns)
  Data Path Delay:        0.359ns  (logic 0.141ns (39.228%)  route 0.218ns (60.772%))
  Logic Levels:           0  
  Clock Path Skew:        0.013ns (DCD - SCD - CPR)
    Destination Clock Delay (DCD):    1.271ns
    Source Clock Delay      (SCD):    0.972ns
    Clock Pessimism Removal (CPR):    0.286ns

    Location             Delay type                Incr(ns)  Path(ns)    Netlist Resource(s)
  -------------------------------------------------------------------    -------------------
                         (clock clk_fpga_0 rise edge)
                                                      0.000     0.000 r  
    PS7_X0Y0             PS7                          0.000     0.000 r  design_1_i/processing_system7_0/inst/PS7_i/FCLKCLK[0]
                         net (fo=1, routed)           0.310     0.310    design_1_i/processing_system7_0/inst/FCLK_CLK_unbuffered[0]
    BUFGCTRL_X0Y16       BUFG (Prop_bufg_I_O)         0.026     0.336 r  design_1_i/processing_system7_0/inst/buffer_fclk_clk_0.FCLK_CLK_0_BUFG/O
                         net (fo=7073, routed)        0.636     0.972    design_1_i/smartconnect_0/inst/m02_nodes/m02_aw_node/inst/inst_mi_handler/gen_normal_area.inst_fifo_node_payld/gen_xpm_memory_fifo.inst_fifo/gen_mem_rep[0].inst_wr_addra/s_sc_aclk
    SLICE_X35Y115        FDRE                                         r  design_1_i/smartconnect_0/inst/m02_nodes/m02_aw_node/inst/inst_mi_handler/gen_normal_area.inst_fifo_node_payld/gen_xpm_memory_fifo.inst_fifo/gen_mem_rep[0].inst_wr_addra/count_r_reg[0]/C
  -------------------------------------------------------------------    -------------------
    SLICE_X35Y115        FDRE (Prop_fdre_C_Q)         0.141     1.113 r  design_1_i/smartconnect_0/inst/m02_nodes/m02_aw_node/inst/inst_mi_handler/gen_normal_area.inst_fifo_node_payld/gen_xpm_memory_fifo.inst_fifo/gen_mem_rep[0].inst_wr_addra/count_r_reg[0]/Q
                         net (fo=32, routed)          0.218     1.331    design_1_i/smartconnect_0/inst/m02_nodes/m02_aw_node/inst/inst_mi_handler/gen_normal_area.inst_fifo_node_payld/gen_xpm_memory_fifo.inst_fifo/gen_mem_rep[0].inst_xpm_memory/xpm_memory_base_inst/gen_wr_a.gen_word_narrow.mem_reg_0_31_102_107/ADDRD0
    SLICE_X34Y115        RAMS32                                       r  design_1_i/smartconnect_0/inst/m02_nodes/m02_aw_node/inst/inst_mi_handler/gen_normal_area.inst_fifo_node_payld/gen_xpm_memory_fifo.inst_fifo/gen_mem_rep[0].inst_xpm_memory/xpm_memory_base_inst/gen_wr_a.gen_word_narrow.mem_reg_0_31_102_107/RAMD/ADR0
  -------------------------------------------------------------------    -------------------

                         (clock clk_fpga_0 rise edge)
                                                      0.000     0.000 r  
    PS7_X0Y0             PS7                          0.000     0.000 r  design_1_i/processing_system7_0/inst/PS7_i/FCLKCLK[0]
                         net (fo=1, routed)           0.337     0.337    design_1_i/processing_system7_0/inst/FCLK_CLK_unbuffered[0]
    BUFGCTRL_X0Y16       BUFG (Prop_bufg_I_O)         0.029     0.366 r  design_1_i/processing_system7_0/inst/buffer_fclk_clk_0.FCLK_CLK_0_BUFG/O
                         net (fo=7073, routed)        0.905     1.271    design_1_i/smartconnect_0/inst/m02_nodes/m02_aw_node/inst/inst_mi_handler/gen_normal_area.inst_fifo_node_payld/gen_xpm_memory_fifo.inst_fifo/gen_mem_rep[0].inst_xpm_memory/xpm_memory_base_inst/gen_wr_a.gen_word_narrow.mem_reg_0_31_102_107/WCLK
    SLICE_X34Y115        RAMS32                                       r  design_1_i/smartconnect_0/inst/m02_nodes/m02_aw_node/inst/inst_mi_handler/gen_normal_area.inst_fifo_node_payld/gen_xpm_memory_fifo.inst_fifo/gen_mem_rep[0].inst_xpm_memory/xpm_memory_base_inst/gen_wr_a.gen_word_narrow.mem_reg_0_31_102_107/RAMD/CLK
                         clock pessimism             -0.286     0.985    
    SLICE_X34Y115        RAMS32 (Hold_rams32_CLK_ADR0)
                                                      0.310     1.295    design_1_i/smartconnect_0/inst/m02_nodes/m02_aw_node/inst/inst_mi_handler/gen_normal_area.inst_fifo_node_payld/gen_xpm_memory_fifo.inst_fifo/gen_mem_rep[0].inst_xpm_memory/xpm_memory_base_inst/gen_wr_a.gen_word_narrow.mem_reg_0_31_102_107/RAMD
  -------------------------------------------------------------------
                         required time                         -1.295    
                         arrival time                           1.331    
  -------------------------------------------------------------------
                         slack                                  0.036    





Pulse Width Checks
--------------------------------------------------------------------------------------
Clock Name:         clk_fpga_0
Waveform(ns):       { 0.000 10.000 }
Period(ns):         20.000
Sources:            { design_1_i/processing_system7_0/inst/PS7_i/FCLKCLK[0] }

Check Type        Corner  Lib Pin             Reference Pin  Required(ns)  Actual(ns)  Slack(ns)  Location        Pin
Min Period        n/a     RAMB36E1/CLKARDCLK  n/a            2.576         20.000      17.424     RAMB36_X3Y20    design_1_i/blk_mem_gen_0/U0/inst_blk_mem_gen/gnbram.gnative_mem_map_bmg.native_mem_map_blk_mem_gen/valid.cstr/ramloop[0].ram.r/prim_noinit.ram/DEVICE_7SERIES.WITH_BMM_INFO.TRUE_DP.SIMPLE_PRIM36.TDP_SP36_NO_ECC_ATTR.ram/CLKARDCLK
Min Period        n/a     RAMB36E1/CLKBWRCLK  n/a            2.576         20.000      17.424     RAMB36_X3Y20    design_1_i/blk_mem_gen_0/U0/inst_blk_mem_gen/gnbram.gnative_mem_map_bmg.native_mem_map_blk_mem_gen/valid.cstr/ramloop[0].ram.r/prim_noinit.ram/DEVICE_7SERIES.WITH_BMM_INFO.TRUE_DP.SIMPLE_PRIM36.TDP_SP36_NO_ECC_ATTR.ram/CLKBWRCLK
Min Period        n/a     RAMB36E1/CLKARDCLK  n/a            2.576         20.000      17.424     RAMB36_X3Y21    design_1_i/blk_mem_gen_0/U0/inst_blk_mem_gen/gnbram.gnative_mem_map_bmg.native_mem_map_blk_mem_gen/valid.cstr/ramloop[1].ram.r/prim_noinit.ram/DEVICE_7SERIES.WITH_BMM_INFO.TRUE_DP.SIMPLE_PRIM36.TDP_SP36_NO_ECC_ATTR.ram/CLKARDCLK
Min Period        n/a     RAMB36E1/CLKBWRCLK  n/a            2.576         20.000      17.424     RAMB36_X3Y21    design_1_i/blk_mem_gen_0/U0/inst_blk_mem_gen/gnbram.gnative_mem_map_bmg.native_mem_map_blk_mem_gen/valid.cstr/ramloop[1].ram.r/prim_noinit.ram/DEVICE_7SERIES.WITH_BMM_INFO.TRUE_DP.SIMPLE_PRIM36.TDP_SP36_NO_ECC_ATTR.ram/CLKBWRCLK
Min Period        n/a     RAMB36E1/CLKARDCLK  n/a            2.576         20.000      17.424     RAMB36_X3Y23    design_1_i/blk_mem_gen_1/U0/inst_blk_mem_gen/gnbram.gnative_mem_map_bmg.native_mem_map_blk_mem_gen/valid.cstr/ramloop[0].ram.r/prim_noinit.ram/DEVICE_7SERIES.WITH_BMM_INFO.TRUE_DP.SIMPLE_PRIM36.TDP_SP36_NO_ECC_ATTR.ram/CLKARDCLK
Min Period        n/a     RAMB36E1/CLKBWRCLK  n/a            2.576         20.000      17.424     RAMB36_X3Y23    design_1_i/blk_mem_gen_1/U0/inst_blk_mem_gen/gnbram.gnative_mem_map_bmg.native_mem_map_blk_mem_gen/valid.cstr/ramloop[0].ram.r/prim_noinit.ram/DEVICE_7SERIES.WITH_BMM_INFO.TRUE_DP.SIMPLE_PRIM36.TDP_SP36_NO_ECC_ATTR.ram/CLKBWRCLK
Min Period        n/a     RAMB36E1/CLKARDCLK  n/a            2.576         20.000      17.424     RAMB36_X3Y22    design_1_i/blk_mem_gen_1/U0/inst_blk_mem_gen/gnbram.gnative_mem_map_bmg.native_mem_map_blk_mem_gen/valid.cstr/ramloop[1].ram.r/prim_noinit.ram/DEVICE_7SERIES.WITH_BMM_INFO.TRUE_DP.SIMPLE_PRIM36.TDP_SP36_NO_ECC_ATTR.ram/CLKARDCLK
Min Period        n/a     RAMB36E1/CLKBWRCLK  n/a            2.576         20.000      17.424     RAMB36_X3Y22    design_1_i/blk_mem_gen_1/U0/inst_blk_mem_gen/gnbram.gnative_mem_map_bmg.native_mem_map_blk_mem_gen/valid.cstr/ramloop[1].ram.r/prim_noinit.ram/DEVICE_7SERIES.WITH_BMM_INFO.TRUE_DP.SIMPLE_PRIM36.TDP_SP36_NO_ECC_ATTR.ram/CLKBWRCLK
Min Period        n/a     BUFG/I              n/a            2.155         20.000      17.845     BUFGCTRL_X0Y16  design_1_i/processing_system7_0/inst/buffer_fclk_clk_0.FCLK_CLK_0_BUFG/I
Min Period        n/a     FDRE/C              n/a            1.000         20.000      19.000     SLICE_X51Y103   design_1_i/axi_bram_ctrl_0/U0/gext_inst.abcv4_0_ext_inst/GEN_AXI4.I_FULL_AXI/ADDR_SNG_PORT.bram_addr_int_reg[10]/C
Low Pulse Width   Slow    RAMD32/CLK          n/a            1.250         10.000      8.750      SLICE_X62Y120   design_1_i/rv_pipe_1/inst/REGFILE/RF_reg_r1_0_31_0_5/RAMA/CLK
Low Pulse Width   Fast    RAMD32/CLK          n/a            1.250         10.000      8.750      SLICE_X62Y120   design_1_i/rv_pipe_1/inst/REGFILE/RF_reg_r1_0_31_0_5/RAMA/CLK
Low Pulse Width   Slow    RAMD32/CLK          n/a            1.250         10.000      8.750      SLICE_X62Y120   design_1_i/rv_pipe_1/inst/REGFILE/RF_reg_r1_0_31_0_5/RAMA_D1/CLK
Low Pulse Width   Fast    RAMD32/CLK          n/a            1.250         10.000      8.750      SLICE_X62Y120   design_1_i/rv_pipe_1/inst/REGFILE/RF_reg_r1_0_31_0_5/RAMA_D1/CLK
Low Pulse Width   Slow    RAMD32/CLK          n/a            1.250         10.000      8.750      SLICE_X62Y120   design_1_i/rv_pipe_1/inst/REGFILE/RF_reg_r1_0_31_0_5/RAMB/CLK
Low Pulse Width   Fast    RAMD32/CLK          n/a            1.250         10.000      8.750      SLICE_X62Y120   design_1_i/rv_pipe_1/inst/REGFILE/RF_reg_r1_0_31_0_5/RAMB/CLK
Low Pulse Width   Slow    RAMD32/CLK          n/a            1.250         10.000      8.750      SLICE_X62Y120   design_1_i/rv_pipe_1/inst/REGFILE/RF_reg_r1_0_31_0_5/RAMB_D1/CLK
Low Pulse Width   Fast    RAMD32/CLK          n/a            1.250         10.000      8.750      SLICE_X62Y120   design_1_i/rv_pipe_1/inst/REGFILE/RF_reg_r1_0_31_0_5/RAMB_D1/CLK
Low Pulse Width   Slow    RAMD32/CLK          n/a            1.250         10.000      8.750      SLICE_X62Y120   design_1_i/rv_pipe_1/inst/REGFILE/RF_reg_r1_0_31_0_5/RAMC/CLK
Low Pulse Width   Fast    RAMD32/CLK          n/a            1.250         10.000      8.750      SLICE_X62Y120   design_1_i/rv_pipe_1/inst/REGFILE/RF_reg_r1_0_31_0_5/RAMC/CLK
High Pulse Width  Slow    RAMD32/CLK          n/a            1.250         10.000      8.750      SLICE_X62Y120   design_1_i/rv_pipe_1/inst/REGFILE/RF_reg_r1_0_31_0_5/RAMA/CLK
High Pulse Width  Fast    RAMD32/CLK          n/a            1.250         10.000      8.750      SLICE_X62Y120   design_1_i/rv_pipe_1/inst/REGFILE/RF_reg_r1_0_31_0_5/RAMA/CLK
High Pulse Width  Slow    RAMD32/CLK          n/a            1.250         10.000      8.750      SLICE_X62Y120   design_1_i/rv_pipe_1/inst/REGFILE/RF_reg_r1_0_31_0_5/RAMA_D1/CLK
High Pulse Width  Fast    RAMD32/CLK          n/a            1.250         10.000      8.750      SLICE_X62Y120   design_1_i/rv_pipe_1/inst/REGFILE/RF_reg_r1_0_31_0_5/RAMA_D1/CLK
High Pulse Width  Slow    RAMD32/CLK          n/a            1.250         10.000      8.750      SLICE_X62Y120   design_1_i/rv_pipe_1/inst/REGFILE/RF_reg_r1_0_31_0_5/RAMB/CLK
High Pulse Width  Fast    RAMD32/CLK          n/a            1.250         10.000      8.750      SLICE_X62Y120   design_1_i/rv_pipe_1/inst/REGFILE/RF_reg_r1_0_31_0_5/RAMB/CLK
High Pulse Width  Slow    RAMD32/CLK          n/a            1.250         10.000      8.750      SLICE_X62Y120   design_1_i/rv_pipe_1/inst/REGFILE/RF_reg_r1_0_31_0_5/RAMB_D1/CLK
High Pulse Width  Fast    RAMD32/CLK          n/a            1.250         10.000      8.750      SLICE_X62Y120   design_1_i/rv_pipe_1/inst/REGFILE/RF_reg_r1_0_31_0_5/RAMB_D1/CLK
High Pulse Width  Slow    RAMD32/CLK          n/a            1.250         10.000      8.750      SLICE_X62Y120   design_1_i/rv_pipe_1/inst/REGFILE/RF_reg_r1_0_31_0_5/RAMC/CLK
High Pulse Width  Fast    RAMD32/CLK          n/a            1.250         10.000      8.750      SLICE_X62Y120   design_1_i/rv_pipe_1/inst/REGFILE/RF_reg_r1_0_31_0_5/RAMC/CLK



--------------------------------------------------------------------------------------
Path Group:  (none)
From Clock:  
  To Clock:  clk_fpga_0

Max Delay             1 Endpoint
Min Delay             1 Endpoint
--------------------------------------------------------------------------------------


Max Delay Paths
--------------------------------------------------------------------------------------
Slack:                    inf
  Source:                 design_1_i/processing_system7_0/inst/PS7_i/FCLKRESETN[0]
                            (internal pin)
  Destination:            design_1_i/proc_sys_reset_0/U0/EXT_LPF/ACTIVE_LOW_EXT.ACT_LO_EXT/GENERATE_LEVEL_P_S_CDC.SINGLE_BIT.CROSS_PLEVEL_IN2SCNDRY_IN_cdc_to/D
                            (rising edge-triggered cell FDRE clocked by clk_fpga_0  {rise@0.000ns fall@10.000ns period=20.000ns})
  Path Group:             (none)
  Path Type:              Setup (Max at Slow Process Corner)
  Data Path Delay:        2.422ns  (logic 0.124ns (5.119%)  route 2.298ns (94.881%))
  Logic Levels:           1  (LUT1=1)
  Clock Uncertainty:      0.301ns  ((TSJ^2 + TIJ^2)^1/2 + DJ) / 2 + PE
    Total System Jitter     (TSJ):    0.050ns
    Total Input Jitter      (TIJ):    0.600ns
    Discrete Jitter          (DJ):    0.000ns
    Phase Error              (PE):    0.000ns
  Timing Exception:       False Path

    Location             Delay type                Incr(ns)  Path(ns)    Netlist Resource(s)
  -------------------------------------------------------------------    -------------------
    PS7_X0Y0             PS7                          0.000     0.000 f  design_1_i/processing_system7_0/inst/PS7_i/FCLKRESETN[0]
                         net (fo=1, routed)           2.298     2.298    design_1_i/proc_sys_reset_0/U0/EXT_LPF/ACTIVE_LOW_EXT.ACT_LO_EXT/ext_reset_in
    SLICE_X81Y109        LUT1 (Prop_lut1_I0_O)        0.124     2.422 r  design_1_i/proc_sys_reset_0/U0/EXT_LPF/ACTIVE_LOW_EXT.ACT_LO_EXT/GENERATE_LEVEL_P_S_CDC.SINGLE_BIT.CROSS_PLEVEL_IN2SCNDRY_IN_cdc_to_i_1/O
                         net (fo=1, routed)           0.000     2.422    design_1_i/proc_sys_reset_0/U0/EXT_LPF/ACTIVE_LOW_EXT.ACT_LO_EXT/exr_d1
    SLICE_X81Y109        FDRE                                         r  design_1_i/proc_sys_reset_0/U0/EXT_LPF/ACTIVE_LOW_EXT.ACT_LO_EXT/GENERATE_LEVEL_P_S_CDC.SINGLE_BIT.CROSS_PLEVEL_IN2SCNDRY_IN_cdc_to/D
  -------------------------------------------------------------------    -------------------

                         (clock clk_fpga_0 rise edge)
                                                      0.000     0.000 r  
    PS7_X0Y0             PS7                          0.000     0.000 r  design_1_i/processing_system7_0/inst/PS7_i/FCLKCLK[0]
                         net (fo=1, routed)           1.088     1.088    design_1_i/processing_system7_0/inst/FCLK_CLK_unbuffered[0]
    BUFGCTRL_X0Y16       BUFG (Prop_bufg_I_O)         0.091     1.179 r  design_1_i/processing_system7_0/inst/buffer_fclk_clk_0.FCLK_CLK_0_BUFG/O
                         net (fo=7073, routed)        1.717     2.896    design_1_i/proc_sys_reset_0/U0/EXT_LPF/ACTIVE_LOW_EXT.ACT_LO_EXT/slowest_sync_clk
    SLICE_X81Y109        FDRE                                         r  design_1_i/proc_sys_reset_0/U0/EXT_LPF/ACTIVE_LOW_EXT.ACT_LO_EXT/GENERATE_LEVEL_P_S_CDC.SINGLE_BIT.CROSS_PLEVEL_IN2SCNDRY_IN_cdc_to/C





Min Delay Paths
--------------------------------------------------------------------------------------
Slack:                    inf
  Source:                 design_1_i/processing_system7_0/inst/PS7_i/FCLKRESETN[0]
                            (internal pin)
  Destination:            design_1_i/proc_sys_reset_0/U0/EXT_LPF/ACTIVE_LOW_EXT.ACT_LO_EXT/GENERATE_LEVEL_P_S_CDC.SINGLE_BIT.CROSS_PLEVEL_IN2SCNDRY_IN_cdc_to/D
                            (rising edge-triggered cell FDRE clocked by clk_fpga_0  {rise@0.000ns fall@10.000ns period=20.000ns})
  Path Group:             (none)
  Path Type:              Hold (Min at Fast Process Corner)
  Data Path Delay:        1.072ns  (logic 0.045ns (4.197%)  route 1.027ns (95.803%))
  Logic Levels:           1  (LUT1=1)
  Clock Uncertainty:      0.301ns  ((TSJ^2 + TIJ^2)^1/2 + DJ) / 2 + PE
    Total System Jitter     (TSJ):    0.050ns
    Total Input Jitter      (TIJ):    0.600ns
    Discrete Jitter          (DJ):    0.000ns
    Phase Error              (PE):    0.000ns
  Timing Exception:       False Path

    Location             Delay type                Incr(ns)  Path(ns)    Netlist Resource(s)
  -------------------------------------------------------------------    -------------------
    PS7_X0Y0             PS7                          0.000     0.000 f  design_1_i/processing_system7_0/inst/PS7_i/FCLKRESETN[0]
                         net (fo=1, routed)           1.027     1.027    design_1_i/proc_sys_reset_0/U0/EXT_LPF/ACTIVE_LOW_EXT.ACT_LO_EXT/ext_reset_in
    SLICE_X81Y109        LUT1 (Prop_lut1_I0_O)        0.045     1.072 r  design_1_i/proc_sys_reset_0/U0/EXT_LPF/ACTIVE_LOW_EXT.ACT_LO_EXT/GENERATE_LEVEL_P_S_CDC.SINGLE_BIT.CROSS_PLEVEL_IN2SCNDRY_IN_cdc_to_i_1/O
                         net (fo=1, routed)           0.000     1.072    design_1_i/proc_sys_reset_0/U0/EXT_LPF/ACTIVE_LOW_EXT.ACT_LO_EXT/exr_d1
    SLICE_X81Y109        FDRE                                         r  design_1_i/proc_sys_reset_0/U0/EXT_LPF/ACTIVE_LOW_EXT.ACT_LO_EXT/GENERATE_LEVEL_P_S_CDC.SINGLE_BIT.CROSS_PLEVEL_IN2SCNDRY_IN_cdc_to/D
  -------------------------------------------------------------------    -------------------

                         (clock clk_fpga_0 rise edge)
                                                      0.000     0.000 r  
    PS7_X0Y0             PS7                          0.000     0.000 r  design_1_i/processing_system7_0/inst/PS7_i/FCLKCLK[0]
                         net (fo=1, routed)           0.337     0.337    design_1_i/processing_system7_0/inst/FCLK_CLK_unbuffered[0]
    BUFGCTRL_X0Y16       BUFG (Prop_bufg_I_O)         0.029     0.366 r  design_1_i/processing_system7_0/inst/buffer_fclk_clk_0.FCLK_CLK_0_BUFG/O
                         net (fo=7073, routed)        0.937     1.303    design_1_i/proc_sys_reset_0/U0/EXT_LPF/ACTIVE_LOW_EXT.ACT_LO_EXT/slowest_sync_clk
    SLICE_X81Y109        FDRE                                         r  design_1_i/proc_sys_reset_0/U0/EXT_LPF/ACTIVE_LOW_EXT.ACT_LO_EXT/GENERATE_LEVEL_P_S_CDC.SINGLE_BIT.CROSS_PLEVEL_IN2SCNDRY_IN_cdc_to/C





--------------------------------------------------------------------------------------
Path Group:  (none)
From Clock:  clk_fpga_0
  To Clock:  clk_fpga_0

Max Delay            79 Endpoints
Min Delay            79 Endpoints
--------------------------------------------------------------------------------------


Max Delay Paths
--------------------------------------------------------------------------------------
Slack:                    inf
  Source:                 design_1_i/smartconnect_0/inst/clk_map/psr_aclk/U0/ACTIVE_LOW_BSR_OUT_DFF[0].FDRE_BSR_N/C
                            (rising edge-triggered cell FDRE clocked by clk_fpga_0  {rise@0.000ns fall@10.000ns period=20.000ns})
  Destination:            design_1_i/smartconnect_0/inst/m00_nodes/m00_r_node/inst/s_sc_xpm_cdc_async_rst_inst/arststages_ff_reg[0]/CLR
                            (recovery check against rising-edge clock clk_fpga_0  {rise@0.000ns fall@10.000ns period=20.000ns})
  Path Group:             (none)
  Path Type:              Recovery (Max at Slow Process Corner)
  Data Path Delay:        7.321ns  (logic 0.580ns (7.922%)  route 6.741ns (92.078%))
  Logic Levels:           1  (LUT1=1)
  Clock Path Skew:        -0.290ns (DCD - SCD + CPR)
    Destination Clock Delay (DCD):    2.898ns
    Source Clock Delay      (SCD):    3.188ns
    Clock Pessimism Removal (CPR):    0.000ns
  Clock Uncertainty:      0.302ns  ((TSJ^2 + TIJ^2)^1/2 + DJ) / 2 + PE
    Total System Jitter     (TSJ):    0.071ns
    Total Input Jitter      (TIJ):    0.600ns
    Discrete Jitter          (DJ):    0.000ns
    Phase Error              (PE):    0.000ns
  Timing Exception:       False Path

    Location             Delay type                Incr(ns)  Path(ns)    Netlist Resource(s)
  -------------------------------------------------------------------    -------------------
                         (clock clk_fpga_0 rise edge)
                                                      0.000     0.000 r  
    PS7_X0Y0             PS7                          0.000     0.000 r  design_1_i/processing_system7_0/inst/PS7_i/FCLKCLK[0]
                         net (fo=1, routed)           1.193     1.193    design_1_i/processing_system7_0/inst/FCLK_CLK_unbuffered[0]
    BUFGCTRL_X0Y16       BUFG (Prop_bufg_I_O)         0.101     1.294 r  design_1_i/processing_system7_0/inst/buffer_fclk_clk_0.FCLK_CLK_0_BUFG/O
                         net (fo=7073, routed)        1.894     3.188    design_1_i/smartconnect_0/inst/clk_map/psr_aclk/U0/aclk
    SLICE_X65Y129        FDRE                                         r  design_1_i/smartconnect_0/inst/clk_map/psr_aclk/U0/ACTIVE_LOW_BSR_OUT_DFF[0].FDRE_BSR_N/C
  -------------------------------------------------------------------    -------------------
    SLICE_X65Y129        FDRE (Prop_fdre_C_Q)         0.456     3.644 r  design_1_i/smartconnect_0/inst/clk_map/psr_aclk/U0/ACTIVE_LOW_BSR_OUT_DFF[0].FDRE_BSR_N/Q
                         net (fo=26, routed)          6.067     9.711    design_1_i/smartconnect_0/inst/m00_nodes/m00_r_node/inst/s_sc_xpm_cdc_async_rst_inst/src_arst
    SLICE_X80Y110        LUT1 (Prop_lut1_I0_O)        0.124     9.835 f  design_1_i/smartconnect_0/inst/m00_nodes/m00_r_node/inst/s_sc_xpm_cdc_async_rst_inst/arststages_ff[2]_i_1/O
                         net (fo=3, routed)           0.674    10.509    design_1_i/smartconnect_0/inst/m00_nodes/m00_r_node/inst/s_sc_xpm_cdc_async_rst_inst/reset_pol
    SLICE_X80Y106        FDCE                                         f  design_1_i/smartconnect_0/inst/m00_nodes/m00_r_node/inst/s_sc_xpm_cdc_async_rst_inst/arststages_ff_reg[0]/CLR
  -------------------------------------------------------------------    -------------------

                         (clock clk_fpga_0 rise edge)
                                                      0.000     0.000 r  
    PS7_X0Y0             PS7                          0.000     0.000 r  design_1_i/processing_system7_0/inst/PS7_i/FCLKCLK[0]
                         net (fo=1, routed)           1.088     1.088    design_1_i/processing_system7_0/inst/FCLK_CLK_unbuffered[0]
    BUFGCTRL_X0Y16       BUFG (Prop_bufg_I_O)         0.091     1.179 r  design_1_i/processing_system7_0/inst/buffer_fclk_clk_0.FCLK_CLK_0_BUFG/O
                         net (fo=7073, routed)        1.719     2.898    design_1_i/smartconnect_0/inst/m00_nodes/m00_r_node/inst/s_sc_xpm_cdc_async_rst_inst/dest_clk
    SLICE_X80Y106        FDCE                                         r  design_1_i/smartconnect_0/inst/m00_nodes/m00_r_node/inst/s_sc_xpm_cdc_async_rst_inst/arststages_ff_reg[0]/C

Slack:                    inf
  Source:                 design_1_i/smartconnect_0/inst/clk_map/psr_aclk/U0/ACTIVE_LOW_BSR_OUT_DFF[0].FDRE_BSR_N/C
                            (rising edge-triggered cell FDRE clocked by clk_fpga_0  {rise@0.000ns fall@10.000ns period=20.000ns})
  Destination:            design_1_i/smartconnect_0/inst/m00_nodes/m00_r_node/inst/s_sc_xpm_cdc_async_rst_inst/arststages_ff_reg[1]/CLR
                            (recovery check against rising-edge clock clk_fpga_0  {rise@0.000ns fall@10.000ns period=20.000ns})
  Path Group:             (none)
  Path Type:              Recovery (Max at Slow Process Corner)
  Data Path Delay:        7.321ns  (logic 0.580ns (7.922%)  route 6.741ns (92.078%))
  Logic Levels:           1  (LUT1=1)
  Clock Path Skew:        -0.290ns (DCD - SCD + CPR)
    Destination Clock Delay (DCD):    2.898ns
    Source Clock Delay      (SCD):    3.188ns
    Clock Pessimism Removal (CPR):    0.000ns
  Clock Uncertainty:      0.302ns  ((TSJ^2 + TIJ^2)^1/2 + DJ) / 2 + PE
    Total System Jitter     (TSJ):    0.071ns
    Total Input Jitter      (TIJ):    0.600ns
    Discrete Jitter          (DJ):    0.000ns
    Phase Error              (PE):    0.000ns
  Timing Exception:       False Path

    Location             Delay type                Incr(ns)  Path(ns)    Netlist Resource(s)
  -------------------------------------------------------------------    -------------------
                         (clock clk_fpga_0 rise edge)
                                                      0.000     0.000 r  
    PS7_X0Y0             PS7                          0.000     0.000 r  design_1_i/processing_system7_0/inst/PS7_i/FCLKCLK[0]
                         net (fo=1, routed)           1.193     1.193    design_1_i/processing_system7_0/inst/FCLK_CLK_unbuffered[0]
    BUFGCTRL_X0Y16       BUFG (Prop_bufg_I_O)         0.101     1.294 r  design_1_i/processing_system7_0/inst/buffer_fclk_clk_0.FCLK_CLK_0_BUFG/O
                         net (fo=7073, routed)        1.894     3.188    design_1_i/smartconnect_0/inst/clk_map/psr_aclk/U0/aclk
    SLICE_X65Y129        FDRE                                         r  design_1_i/smartconnect_0/inst/clk_map/psr_aclk/U0/ACTIVE_LOW_BSR_OUT_DFF[0].FDRE_BSR_N/C
  -------------------------------------------------------------------    -------------------
    SLICE_X65Y129        FDRE (Prop_fdre_C_Q)         0.456     3.644 r  design_1_i/smartconnect_0/inst/clk_map/psr_aclk/U0/ACTIVE_LOW_BSR_OUT_DFF[0].FDRE_BSR_N/Q
                         net (fo=26, routed)          6.067     9.711    design_1_i/smartconnect_0/inst/m00_nodes/m00_r_node/inst/s_sc_xpm_cdc_async_rst_inst/src_arst
    SLICE_X80Y110        LUT1 (Prop_lut1_I0_O)        0.124     9.835 f  design_1_i/smartconnect_0/inst/m00_nodes/m00_r_node/inst/s_sc_xpm_cdc_async_rst_inst/arststages_ff[2]_i_1/O
                         net (fo=3, routed)           0.674    10.509    design_1_i/smartconnect_0/inst/m00_nodes/m00_r_node/inst/s_sc_xpm_cdc_async_rst_inst/reset_pol
    SLICE_X80Y106        FDCE                                         f  design_1_i/smartconnect_0/inst/m00_nodes/m00_r_node/inst/s_sc_xpm_cdc_async_rst_inst/arststages_ff_reg[1]/CLR
  -------------------------------------------------------------------    -------------------

                         (clock clk_fpga_0 rise edge)
                                                      0.000     0.000 r  
    PS7_X0Y0             PS7                          0.000     0.000 r  design_1_i/processing_system7_0/inst/PS7_i/FCLKCLK[0]
                         net (fo=1, routed)           1.088     1.088    design_1_i/processing_system7_0/inst/FCLK_CLK_unbuffered[0]
    BUFGCTRL_X0Y16       BUFG (Prop_bufg_I_O)         0.091     1.179 r  design_1_i/processing_system7_0/inst/buffer_fclk_clk_0.FCLK_CLK_0_BUFG/O
                         net (fo=7073, routed)        1.719     2.898    design_1_i/smartconnect_0/inst/m00_nodes/m00_r_node/inst/s_sc_xpm_cdc_async_rst_inst/dest_clk
    SLICE_X80Y106        FDCE                                         r  design_1_i/smartconnect_0/inst/m00_nodes/m00_r_node/inst/s_sc_xpm_cdc_async_rst_inst/arststages_ff_reg[1]/C

Slack:                    inf
  Source:                 design_1_i/smartconnect_0/inst/clk_map/psr_aclk/U0/ACTIVE_LOW_BSR_OUT_DFF[0].FDRE_BSR_N/C
                            (rising edge-triggered cell FDRE clocked by clk_fpga_0  {rise@0.000ns fall@10.000ns period=20.000ns})
  Destination:            design_1_i/smartconnect_0/inst/m00_nodes/m00_r_node/inst/s_sc_xpm_cdc_async_rst_inst/arststages_ff_reg[2]/CLR
                            (recovery check against rising-edge clock clk_fpga_0  {rise@0.000ns fall@10.000ns period=20.000ns})
  Path Group:             (none)
  Path Type:              Recovery (Max at Slow Process Corner)
  Data Path Delay:        7.321ns  (logic 0.580ns (7.922%)  route 6.741ns (92.078%))
  Logic Levels:           1  (LUT1=1)
  Clock Path Skew:        -0.290ns (DCD - SCD + CPR)
    Destination Clock Delay (DCD):    2.898ns
    Source Clock Delay      (SCD):    3.188ns
    Clock Pessimism Removal (CPR):    0.000ns
  Clock Uncertainty:      0.302ns  ((TSJ^2 + TIJ^2)^1/2 + DJ) / 2 + PE
    Total System Jitter     (TSJ):    0.071ns
    Total Input Jitter      (TIJ):    0.600ns
    Discrete Jitter          (DJ):    0.000ns
    Phase Error              (PE):    0.000ns
  Timing Exception:       False Path

    Location             Delay type                Incr(ns)  Path(ns)    Netlist Resource(s)
  -------------------------------------------------------------------    -------------------
                         (clock clk_fpga_0 rise edge)
                                                      0.000     0.000 r  
    PS7_X0Y0             PS7                          0.000     0.000 r  design_1_i/processing_system7_0/inst/PS7_i/FCLKCLK[0]
                         net (fo=1, routed)           1.193     1.193    design_1_i/processing_system7_0/inst/FCLK_CLK_unbuffered[0]
    BUFGCTRL_X0Y16       BUFG (Prop_bufg_I_O)         0.101     1.294 r  design_1_i/processing_system7_0/inst/buffer_fclk_clk_0.FCLK_CLK_0_BUFG/O
                         net (fo=7073, routed)        1.894     3.188    design_1_i/smartconnect_0/inst/clk_map/psr_aclk/U0/aclk
    SLICE_X65Y129        FDRE                                         r  design_1_i/smartconnect_0/inst/clk_map/psr_aclk/U0/ACTIVE_LOW_BSR_OUT_DFF[0].FDRE_BSR_N/C
  -------------------------------------------------------------------    -------------------
    SLICE_X65Y129        FDRE (Prop_fdre_C_Q)         0.456     3.644 r  design_1_i/smartconnect_0/inst/clk_map/psr_aclk/U0/ACTIVE_LOW_BSR_OUT_DFF[0].FDRE_BSR_N/Q
                         net (fo=26, routed)          6.067     9.711    design_1_i/smartconnect_0/inst/m00_nodes/m00_r_node/inst/s_sc_xpm_cdc_async_rst_inst/src_arst
    SLICE_X80Y110        LUT1 (Prop_lut1_I0_O)        0.124     9.835 f  design_1_i/smartconnect_0/inst/m00_nodes/m00_r_node/inst/s_sc_xpm_cdc_async_rst_inst/arststages_ff[2]_i_1/O
                         net (fo=3, routed)           0.674    10.509    design_1_i/smartconnect_0/inst/m00_nodes/m00_r_node/inst/s_sc_xpm_cdc_async_rst_inst/reset_pol
    SLICE_X80Y106        FDCE                                         f  design_1_i/smartconnect_0/inst/m00_nodes/m00_r_node/inst/s_sc_xpm_cdc_async_rst_inst/arststages_ff_reg[2]/CLR
  -------------------------------------------------------------------    -------------------

                         (clock clk_fpga_0 rise edge)
                                                      0.000     0.000 r  
    PS7_X0Y0             PS7                          0.000     0.000 r  design_1_i/processing_system7_0/inst/PS7_i/FCLKCLK[0]
                         net (fo=1, routed)           1.088     1.088    design_1_i/processing_system7_0/inst/FCLK_CLK_unbuffered[0]
    BUFGCTRL_X0Y16       BUFG (Prop_bufg_I_O)         0.091     1.179 r  design_1_i/processing_system7_0/inst/buffer_fclk_clk_0.FCLK_CLK_0_BUFG/O
                         net (fo=7073, routed)        1.719     2.898    design_1_i/smartconnect_0/inst/m00_nodes/m00_r_node/inst/s_sc_xpm_cdc_async_rst_inst/dest_clk
    SLICE_X80Y106        FDCE                                         r  design_1_i/smartconnect_0/inst/m00_nodes/m00_r_node/inst/s_sc_xpm_cdc_async_rst_inst/arststages_ff_reg[2]/C

Slack:                    inf
  Source:                 design_1_i/smartconnect_0/inst/clk_map/psr_aclk/U0/ACTIVE_LOW_BSR_OUT_DFF[0].FDRE_BSR_N/C
                            (rising edge-triggered cell FDRE clocked by clk_fpga_0  {rise@0.000ns fall@10.000ns period=20.000ns})
  Destination:            design_1_i/smartconnect_0/inst/m01_nodes/m01_r_node/inst/s_sc_xpm_cdc_async_rst_inst/arststages_ff_reg[0]/CLR
                            (recovery check against rising-edge clock clk_fpga_0  {rise@0.000ns fall@10.000ns period=20.000ns})
  Path Group:             (none)
  Path Type:              Recovery (Max at Slow Process Corner)
  Data Path Delay:        7.179ns  (logic 0.576ns (8.024%)  route 6.603ns (91.976%))
  Logic Levels:           1  (LUT1=1)
  Clock Path Skew:        -0.292ns (DCD - SCD + CPR)
    Destination Clock Delay (DCD):    2.896ns
    Source Clock Delay      (SCD):    3.188ns
    Clock Pessimism Removal (CPR):    0.000ns
  Clock Uncertainty:      0.302ns  ((TSJ^2 + TIJ^2)^1/2 + DJ) / 2 + PE
    Total System Jitter     (TSJ):    0.071ns
    Total Input Jitter      (TIJ):    0.600ns
    Discrete Jitter          (DJ):    0.000ns
    Phase Error              (PE):    0.000ns
  Timing Exception:       False Path

    Location             Delay type                Incr(ns)  Path(ns)    Netlist Resource(s)
  -------------------------------------------------------------------    -------------------
                         (clock clk_fpga_0 rise edge)
                                                      0.000     0.000 r  
    PS7_X0Y0             PS7                          0.000     0.000 r  design_1_i/processing_system7_0/inst/PS7_i/FCLKCLK[0]
                         net (fo=1, routed)           1.193     1.193    design_1_i/processing_system7_0/inst/FCLK_CLK_unbuffered[0]
    BUFGCTRL_X0Y16       BUFG (Prop_bufg_I_O)         0.101     1.294 r  design_1_i/processing_system7_0/inst/buffer_fclk_clk_0.FCLK_CLK_0_BUFG/O
                         net (fo=7073, routed)        1.894     3.188    design_1_i/smartconnect_0/inst/clk_map/psr_aclk/U0/aclk
    SLICE_X65Y129        FDRE                                         r  design_1_i/smartconnect_0/inst/clk_map/psr_aclk/U0/ACTIVE_LOW_BSR_OUT_DFF[0].FDRE_BSR_N/C
  -------------------------------------------------------------------    -------------------
    SLICE_X65Y129        FDRE (Prop_fdre_C_Q)         0.456     3.644 r  design_1_i/smartconnect_0/inst/clk_map/psr_aclk/U0/ACTIVE_LOW_BSR_OUT_DFF[0].FDRE_BSR_N/Q
                         net (fo=26, routed)          6.067     9.711    design_1_i/smartconnect_0/inst/m01_nodes/m01_r_node/inst/s_sc_xpm_cdc_async_rst_inst/src_arst
    SLICE_X80Y110        LUT1 (Prop_lut1_I0_O)        0.120     9.831 f  design_1_i/smartconnect_0/inst/m01_nodes/m01_r_node/inst/s_sc_xpm_cdc_async_rst_inst/arststages_ff[2]_i_1/O
                         net (fo=3, routed)           0.536    10.367    design_1_i/smartconnect_0/inst/m01_nodes/m01_r_node/inst/s_sc_xpm_cdc_async_rst_inst/reset_pol
    SLICE_X80Y110        FDCE                                         f  design_1_i/smartconnect_0/inst/m01_nodes/m01_r_node/inst/s_sc_xpm_cdc_async_rst_inst/arststages_ff_reg[0]/CLR
  -------------------------------------------------------------------    -------------------

                         (clock clk_fpga_0 rise edge)
                                                      0.000     0.000 r  
    PS7_X0Y0             PS7                          0.000     0.000 r  design_1_i/processing_system7_0/inst/PS7_i/FCLKCLK[0]
                         net (fo=1, routed)           1.088     1.088    design_1_i/processing_system7_0/inst/FCLK_CLK_unbuffered[0]
    BUFGCTRL_X0Y16       BUFG (Prop_bufg_I_O)         0.091     1.179 r  design_1_i/processing_system7_0/inst/buffer_fclk_clk_0.FCLK_CLK_0_BUFG/O
                         net (fo=7073, routed)        1.717     2.896    design_1_i/smartconnect_0/inst/m01_nodes/m01_r_node/inst/s_sc_xpm_cdc_async_rst_inst/dest_clk
    SLICE_X80Y110        FDCE                                         r  design_1_i/smartconnect_0/inst/m01_nodes/m01_r_node/inst/s_sc_xpm_cdc_async_rst_inst/arststages_ff_reg[0]/C

Slack:                    inf
  Source:                 design_1_i/smartconnect_0/inst/clk_map/psr_aclk/U0/ACTIVE_LOW_BSR_OUT_DFF[0].FDRE_BSR_N/C
                            (rising edge-triggered cell FDRE clocked by clk_fpga_0  {rise@0.000ns fall@10.000ns period=20.000ns})
  Destination:            design_1_i/smartconnect_0/inst/m01_nodes/m01_r_node/inst/s_sc_xpm_cdc_async_rst_inst/arststages_ff_reg[1]/CLR
                            (recovery check against rising-edge clock clk_fpga_0  {rise@0.000ns fall@10.000ns period=20.000ns})
  Path Group:             (none)
  Path Type:              Recovery (Max at Slow Process Corner)
  Data Path Delay:        7.179ns  (logic 0.576ns (8.024%)  route 6.603ns (91.976%))
  Logic Levels:           1  (LUT1=1)
  Clock Path Skew:        -0.292ns (DCD - SCD + CPR)
    Destination Clock Delay (DCD):    2.896ns
    Source Clock Delay      (SCD):    3.188ns
    Clock Pessimism Removal (CPR):    0.000ns
  Clock Uncertainty:      0.302ns  ((TSJ^2 + TIJ^2)^1/2 + DJ) / 2 + PE
    Total System Jitter     (TSJ):    0.071ns
    Total Input Jitter      (TIJ):    0.600ns
    Discrete Jitter          (DJ):    0.000ns
    Phase Error              (PE):    0.000ns
  Timing Exception:       False Path

    Location             Delay type                Incr(ns)  Path(ns)    Netlist Resource(s)
  -------------------------------------------------------------------    -------------------
                         (clock clk_fpga_0 rise edge)
                                                      0.000     0.000 r  
    PS7_X0Y0             PS7                          0.000     0.000 r  design_1_i/processing_system7_0/inst/PS7_i/FCLKCLK[0]
                         net (fo=1, routed)           1.193     1.193    design_1_i/processing_system7_0/inst/FCLK_CLK_unbuffered[0]
    BUFGCTRL_X0Y16       BUFG (Prop_bufg_I_O)         0.101     1.294 r  design_1_i/processing_system7_0/inst/buffer_fclk_clk_0.FCLK_CLK_0_BUFG/O
                         net (fo=7073, routed)        1.894     3.188    design_1_i/smartconnect_0/inst/clk_map/psr_aclk/U0/aclk
    SLICE_X65Y129        FDRE                                         r  design_1_i/smartconnect_0/inst/clk_map/psr_aclk/U0/ACTIVE_LOW_BSR_OUT_DFF[0].FDRE_BSR_N/C
  -------------------------------------------------------------------    -------------------
    SLICE_X65Y129        FDRE (Prop_fdre_C_Q)         0.456     3.644 r  design_1_i/smartconnect_0/inst/clk_map/psr_aclk/U0/ACTIVE_LOW_BSR_OUT_DFF[0].FDRE_BSR_N/Q
                         net (fo=26, routed)          6.067     9.711    design_1_i/smartconnect_0/inst/m01_nodes/m01_r_node/inst/s_sc_xpm_cdc_async_rst_inst/src_arst
    SLICE_X80Y110        LUT1 (Prop_lut1_I0_O)        0.120     9.831 f  design_1_i/smartconnect_0/inst/m01_nodes/m01_r_node/inst/s_sc_xpm_cdc_async_rst_inst/arststages_ff[2]_i_1/O
                         net (fo=3, routed)           0.536    10.367    design_1_i/smartconnect_0/inst/m01_nodes/m01_r_node/inst/s_sc_xpm_cdc_async_rst_inst/reset_pol
    SLICE_X80Y110        FDCE                                         f  design_1_i/smartconnect_0/inst/m01_nodes/m01_r_node/inst/s_sc_xpm_cdc_async_rst_inst/arststages_ff_reg[1]/CLR
  -------------------------------------------------------------------    -------------------

                         (clock clk_fpga_0 rise edge)
                                                      0.000     0.000 r  
    PS7_X0Y0             PS7                          0.000     0.000 r  design_1_i/processing_system7_0/inst/PS7_i/FCLKCLK[0]
                         net (fo=1, routed)           1.088     1.088    design_1_i/processing_system7_0/inst/FCLK_CLK_unbuffered[0]
    BUFGCTRL_X0Y16       BUFG (Prop_bufg_I_O)         0.091     1.179 r  design_1_i/processing_system7_0/inst/buffer_fclk_clk_0.FCLK_CLK_0_BUFG/O
                         net (fo=7073, routed)        1.717     2.896    design_1_i/smartconnect_0/inst/m01_nodes/m01_r_node/inst/s_sc_xpm_cdc_async_rst_inst/dest_clk
    SLICE_X80Y110        FDCE                                         r  design_1_i/smartconnect_0/inst/m01_nodes/m01_r_node/inst/s_sc_xpm_cdc_async_rst_inst/arststages_ff_reg[1]/C

Slack:                    inf
  Source:                 design_1_i/smartconnect_0/inst/clk_map/psr_aclk/U0/ACTIVE_LOW_BSR_OUT_DFF[0].FDRE_BSR_N/C
                            (rising edge-triggered cell FDRE clocked by clk_fpga_0  {rise@0.000ns fall@10.000ns period=20.000ns})
  Destination:            design_1_i/smartconnect_0/inst/m01_nodes/m01_r_node/inst/s_sc_xpm_cdc_async_rst_inst/arststages_ff_reg[2]/CLR
                            (recovery check against rising-edge clock clk_fpga_0  {rise@0.000ns fall@10.000ns period=20.000ns})
  Path Group:             (none)
  Path Type:              Recovery (Max at Slow Process Corner)
  Data Path Delay:        7.179ns  (logic 0.576ns (8.024%)  route 6.603ns (91.976%))
  Logic Levels:           1  (LUT1=1)
  Clock Path Skew:        -0.292ns (DCD - SCD + CPR)
    Destination Clock Delay (DCD):    2.896ns
    Source Clock Delay      (SCD):    3.188ns
    Clock Pessimism Removal (CPR):    0.000ns
  Clock Uncertainty:      0.302ns  ((TSJ^2 + TIJ^2)^1/2 + DJ) / 2 + PE
    Total System Jitter     (TSJ):    0.071ns
    Total Input Jitter      (TIJ):    0.600ns
    Discrete Jitter          (DJ):    0.000ns
    Phase Error              (PE):    0.000ns
  Timing Exception:       False Path

    Location             Delay type                Incr(ns)  Path(ns)    Netlist Resource(s)
  -------------------------------------------------------------------    -------------------
                         (clock clk_fpga_0 rise edge)
                                                      0.000     0.000 r  
    PS7_X0Y0             PS7                          0.000     0.000 r  design_1_i/processing_system7_0/inst/PS7_i/FCLKCLK[0]
                         net (fo=1, routed)           1.193     1.193    design_1_i/processing_system7_0/inst/FCLK_CLK_unbuffered[0]
    BUFGCTRL_X0Y16       BUFG (Prop_bufg_I_O)         0.101     1.294 r  design_1_i/processing_system7_0/inst/buffer_fclk_clk_0.FCLK_CLK_0_BUFG/O
                         net (fo=7073, routed)        1.894     3.188    design_1_i/smartconnect_0/inst/clk_map/psr_aclk/U0/aclk
    SLICE_X65Y129        FDRE                                         r  design_1_i/smartconnect_0/inst/clk_map/psr_aclk/U0/ACTIVE_LOW_BSR_OUT_DFF[0].FDRE_BSR_N/C
  -------------------------------------------------------------------    -------------------
    SLICE_X65Y129        FDRE (Prop_fdre_C_Q)         0.456     3.644 r  design_1_i/smartconnect_0/inst/clk_map/psr_aclk/U0/ACTIVE_LOW_BSR_OUT_DFF[0].FDRE_BSR_N/Q
                         net (fo=26, routed)          6.067     9.711    design_1_i/smartconnect_0/inst/m01_nodes/m01_r_node/inst/s_sc_xpm_cdc_async_rst_inst/src_arst
    SLICE_X80Y110        LUT1 (Prop_lut1_I0_O)        0.120     9.831 f  design_1_i/smartconnect_0/inst/m01_nodes/m01_r_node/inst/s_sc_xpm_cdc_async_rst_inst/arststages_ff[2]_i_1/O
                         net (fo=3, routed)           0.536    10.367    design_1_i/smartconnect_0/inst/m01_nodes/m01_r_node/inst/s_sc_xpm_cdc_async_rst_inst/reset_pol
    SLICE_X80Y110        FDCE                                         f  design_1_i/smartconnect_0/inst/m01_nodes/m01_r_node/inst/s_sc_xpm_cdc_async_rst_inst/arststages_ff_reg[2]/CLR
  -------------------------------------------------------------------    -------------------

                         (clock clk_fpga_0 rise edge)
                                                      0.000     0.000 r  
    PS7_X0Y0             PS7                          0.000     0.000 r  design_1_i/processing_system7_0/inst/PS7_i/FCLKCLK[0]
                         net (fo=1, routed)           1.088     1.088    design_1_i/processing_system7_0/inst/FCLK_CLK_unbuffered[0]
    BUFGCTRL_X0Y16       BUFG (Prop_bufg_I_O)         0.091     1.179 r  design_1_i/processing_system7_0/inst/buffer_fclk_clk_0.FCLK_CLK_0_BUFG/O
                         net (fo=7073, routed)        1.717     2.896    design_1_i/smartconnect_0/inst/m01_nodes/m01_r_node/inst/s_sc_xpm_cdc_async_rst_inst/dest_clk
    SLICE_X80Y110        FDCE                                         r  design_1_i/smartconnect_0/inst/m01_nodes/m01_r_node/inst/s_sc_xpm_cdc_async_rst_inst/arststages_ff_reg[2]/C

Slack:                    inf
  Source:                 design_1_i/smartconnect_0/inst/clk_map/psr_aclk/U0/ACTIVE_LOW_BSR_OUT_DFF[0].FDRE_BSR_N/C
                            (rising edge-triggered cell FDRE clocked by clk_fpga_0  {rise@0.000ns fall@10.000ns period=20.000ns})
  Destination:            design_1_i/smartconnect_0/inst/m01_nodes/m01_ar_node/inst/s_sc_xpm_cdc_async_rst_inst/arststages_ff_reg[0]/CLR
                            (recovery check against rising-edge clock clk_fpga_0  {rise@0.000ns fall@10.000ns period=20.000ns})
  Path Group:             (none)
  Path Type:              Recovery (Max at Slow Process Corner)
  Data Path Delay:        6.980ns  (logic 0.610ns (8.739%)  route 6.370ns (91.261%))
  Logic Levels:           1  (LUT1=1)
  Clock Path Skew:        -0.463ns (DCD - SCD + CPR)
    Destination Clock Delay (DCD):    2.725ns
    Source Clock Delay      (SCD):    3.188ns
    Clock Pessimism Removal (CPR):    0.000ns
  Clock Uncertainty:      0.302ns  ((TSJ^2 + TIJ^2)^1/2 + DJ) / 2 + PE
    Total System Jitter     (TSJ):    0.071ns
    Total Input Jitter      (TIJ):    0.600ns
    Discrete Jitter          (DJ):    0.000ns
    Phase Error              (PE):    0.000ns
  Timing Exception:       False Path

    Location             Delay type                Incr(ns)  Path(ns)    Netlist Resource(s)
  -------------------------------------------------------------------    -------------------
                         (clock clk_fpga_0 rise edge)
                                                      0.000     0.000 r  
    PS7_X0Y0             PS7                          0.000     0.000 r  design_1_i/processing_system7_0/inst/PS7_i/FCLKCLK[0]
                         net (fo=1, routed)           1.193     1.193    design_1_i/processing_system7_0/inst/FCLK_CLK_unbuffered[0]
    BUFGCTRL_X0Y16       BUFG (Prop_bufg_I_O)         0.101     1.294 r  design_1_i/processing_system7_0/inst/buffer_fclk_clk_0.FCLK_CLK_0_BUFG/O
                         net (fo=7073, routed)        1.894     3.188    design_1_i/smartconnect_0/inst/clk_map/psr_aclk/U0/aclk
    SLICE_X65Y129        FDRE                                         r  design_1_i/smartconnect_0/inst/clk_map/psr_aclk/U0/ACTIVE_LOW_BSR_OUT_DFF[0].FDRE_BSR_N/C
  -------------------------------------------------------------------    -------------------
    SLICE_X65Y129        FDRE (Prop_fdre_C_Q)         0.456     3.644 r  design_1_i/smartconnect_0/inst/clk_map/psr_aclk/U0/ACTIVE_LOW_BSR_OUT_DFF[0].FDRE_BSR_N/Q
                         net (fo=26, routed)          5.693     9.337    design_1_i/smartconnect_0/inst/m01_nodes/m01_ar_node/inst/s_sc_xpm_cdc_async_rst_inst/src_arst
    SLICE_X83Y89         LUT1 (Prop_lut1_I0_O)        0.154     9.491 f  design_1_i/smartconnect_0/inst/m01_nodes/m01_ar_node/inst/s_sc_xpm_cdc_async_rst_inst/arststages_ff[2]_i_1/O
                         net (fo=3, routed)           0.677    10.168    design_1_i/smartconnect_0/inst/m01_nodes/m01_ar_node/inst/s_sc_xpm_cdc_async_rst_inst/reset_pol
    SLICE_X83Y93         FDCE                                         f  design_1_i/smartconnect_0/inst/m01_nodes/m01_ar_node/inst/s_sc_xpm_cdc_async_rst_inst/arststages_ff_reg[0]/CLR
  -------------------------------------------------------------------    -------------------

                         (clock clk_fpga_0 rise edge)
                                                      0.000     0.000 r  
    PS7_X0Y0             PS7                          0.000     0.000 r  design_1_i/processing_system7_0/inst/PS7_i/FCLKCLK[0]
                         net (fo=1, routed)           1.088     1.088    design_1_i/processing_system7_0/inst/FCLK_CLK_unbuffered[0]
    BUFGCTRL_X0Y16       BUFG (Prop_bufg_I_O)         0.091     1.179 r  design_1_i/processing_system7_0/inst/buffer_fclk_clk_0.FCLK_CLK_0_BUFG/O
                         net (fo=7073, routed)        1.546     2.725    design_1_i/smartconnect_0/inst/m01_nodes/m01_ar_node/inst/s_sc_xpm_cdc_async_rst_inst/dest_clk
    SLICE_X83Y93         FDCE                                         r  design_1_i/smartconnect_0/inst/m01_nodes/m01_ar_node/inst/s_sc_xpm_cdc_async_rst_inst/arststages_ff_reg[0]/C

Slack:                    inf
  Source:                 design_1_i/smartconnect_0/inst/clk_map/psr_aclk/U0/ACTIVE_LOW_BSR_OUT_DFF[0].FDRE_BSR_N/C
                            (rising edge-triggered cell FDRE clocked by clk_fpga_0  {rise@0.000ns fall@10.000ns period=20.000ns})
  Destination:            design_1_i/smartconnect_0/inst/m01_nodes/m01_ar_node/inst/s_sc_xpm_cdc_async_rst_inst/arststages_ff_reg[1]/CLR
                            (recovery check against rising-edge clock clk_fpga_0  {rise@0.000ns fall@10.000ns period=20.000ns})
  Path Group:             (none)
  Path Type:              Recovery (Max at Slow Process Corner)
  Data Path Delay:        6.980ns  (logic 0.610ns (8.739%)  route 6.370ns (91.261%))
  Logic Levels:           1  (LUT1=1)
  Clock Path Skew:        -0.463ns (DCD - SCD + CPR)
    Destination Clock Delay (DCD):    2.725ns
    Source Clock Delay      (SCD):    3.188ns
    Clock Pessimism Removal (CPR):    0.000ns
  Clock Uncertainty:      0.302ns  ((TSJ^2 + TIJ^2)^1/2 + DJ) / 2 + PE
    Total System Jitter     (TSJ):    0.071ns
    Total Input Jitter      (TIJ):    0.600ns
    Discrete Jitter          (DJ):    0.000ns
    Phase Error              (PE):    0.000ns
  Timing Exception:       False Path

    Location             Delay type                Incr(ns)  Path(ns)    Netlist Resource(s)
  -------------------------------------------------------------------    -------------------
                         (clock clk_fpga_0 rise edge)
                                                      0.000     0.000 r  
    PS7_X0Y0             PS7                          0.000     0.000 r  design_1_i/processing_system7_0/inst/PS7_i/FCLKCLK[0]
                         net (fo=1, routed)           1.193     1.193    design_1_i/processing_system7_0/inst/FCLK_CLK_unbuffered[0]
    BUFGCTRL_X0Y16       BUFG (Prop_bufg_I_O)         0.101     1.294 r  design_1_i/processing_system7_0/inst/buffer_fclk_clk_0.FCLK_CLK_0_BUFG/O
                         net (fo=7073, routed)        1.894     3.188    design_1_i/smartconnect_0/inst/clk_map/psr_aclk/U0/aclk
    SLICE_X65Y129        FDRE                                         r  design_1_i/smartconnect_0/inst/clk_map/psr_aclk/U0/ACTIVE_LOW_BSR_OUT_DFF[0].FDRE_BSR_N/C
  -------------------------------------------------------------------    -------------------
    SLICE_X65Y129        FDRE (Prop_fdre_C_Q)         0.456     3.644 r  design_1_i/smartconnect_0/inst/clk_map/psr_aclk/U0/ACTIVE_LOW_BSR_OUT_DFF[0].FDRE_BSR_N/Q
                         net (fo=26, routed)          5.693     9.337    design_1_i/smartconnect_0/inst/m01_nodes/m01_ar_node/inst/s_sc_xpm_cdc_async_rst_inst/src_arst
    SLICE_X83Y89         LUT1 (Prop_lut1_I0_O)        0.154     9.491 f  design_1_i/smartconnect_0/inst/m01_nodes/m01_ar_node/inst/s_sc_xpm_cdc_async_rst_inst/arststages_ff[2]_i_1/O
                         net (fo=3, routed)           0.677    10.168    design_1_i/smartconnect_0/inst/m01_nodes/m01_ar_node/inst/s_sc_xpm_cdc_async_rst_inst/reset_pol
    SLICE_X83Y93         FDCE                                         f  design_1_i/smartconnect_0/inst/m01_nodes/m01_ar_node/inst/s_sc_xpm_cdc_async_rst_inst/arststages_ff_reg[1]/CLR
  -------------------------------------------------------------------    -------------------

                         (clock clk_fpga_0 rise edge)
                                                      0.000     0.000 r  
    PS7_X0Y0             PS7                          0.000     0.000 r  design_1_i/processing_system7_0/inst/PS7_i/FCLKCLK[0]
                         net (fo=1, routed)           1.088     1.088    design_1_i/processing_system7_0/inst/FCLK_CLK_unbuffered[0]
    BUFGCTRL_X0Y16       BUFG (Prop_bufg_I_O)         0.091     1.179 r  design_1_i/processing_system7_0/inst/buffer_fclk_clk_0.FCLK_CLK_0_BUFG/O
                         net (fo=7073, routed)        1.546     2.725    design_1_i/smartconnect_0/inst/m01_nodes/m01_ar_node/inst/s_sc_xpm_cdc_async_rst_inst/dest_clk
    SLICE_X83Y93         FDCE                                         r  design_1_i/smartconnect_0/inst/m01_nodes/m01_ar_node/inst/s_sc_xpm_cdc_async_rst_inst/arststages_ff_reg[1]/C

Slack:                    inf
  Source:                 design_1_i/smartconnect_0/inst/clk_map/psr_aclk/U0/ACTIVE_LOW_BSR_OUT_DFF[0].FDRE_BSR_N/C
                            (rising edge-triggered cell FDRE clocked by clk_fpga_0  {rise@0.000ns fall@10.000ns period=20.000ns})
  Destination:            design_1_i/smartconnect_0/inst/m01_nodes/m01_ar_node/inst/s_sc_xpm_cdc_async_rst_inst/arststages_ff_reg[2]/CLR
                            (recovery check against rising-edge clock clk_fpga_0  {rise@0.000ns fall@10.000ns period=20.000ns})
  Path Group:             (none)
  Path Type:              Recovery (Max at Slow Process Corner)
  Data Path Delay:        6.980ns  (logic 0.610ns (8.739%)  route 6.370ns (91.261%))
  Logic Levels:           1  (LUT1=1)
  Clock Path Skew:        -0.463ns (DCD - SCD + CPR)
    Destination Clock Delay (DCD):    2.725ns
    Source Clock Delay      (SCD):    3.188ns
    Clock Pessimism Removal (CPR):    0.000ns
  Clock Uncertainty:      0.302ns  ((TSJ^2 + TIJ^2)^1/2 + DJ) / 2 + PE
    Total System Jitter     (TSJ):    0.071ns
    Total Input Jitter      (TIJ):    0.600ns
    Discrete Jitter          (DJ):    0.000ns
    Phase Error              (PE):    0.000ns
  Timing Exception:       False Path

    Location             Delay type                Incr(ns)  Path(ns)    Netlist Resource(s)
  -------------------------------------------------------------------    -------------------
                         (clock clk_fpga_0 rise edge)
                                                      0.000     0.000 r  
    PS7_X0Y0             PS7                          0.000     0.000 r  design_1_i/processing_system7_0/inst/PS7_i/FCLKCLK[0]
                         net (fo=1, routed)           1.193     1.193    design_1_i/processing_system7_0/inst/FCLK_CLK_unbuffered[0]
    BUFGCTRL_X0Y16       BUFG (Prop_bufg_I_O)         0.101     1.294 r  design_1_i/processing_system7_0/inst/buffer_fclk_clk_0.FCLK_CLK_0_BUFG/O
                         net (fo=7073, routed)        1.894     3.188    design_1_i/smartconnect_0/inst/clk_map/psr_aclk/U0/aclk
    SLICE_X65Y129        FDRE                                         r  design_1_i/smartconnect_0/inst/clk_map/psr_aclk/U0/ACTIVE_LOW_BSR_OUT_DFF[0].FDRE_BSR_N/C
  -------------------------------------------------------------------    -------------------
    SLICE_X65Y129        FDRE (Prop_fdre_C_Q)         0.456     3.644 r  design_1_i/smartconnect_0/inst/clk_map/psr_aclk/U0/ACTIVE_LOW_BSR_OUT_DFF[0].FDRE_BSR_N/Q
                         net (fo=26, routed)          5.693     9.337    design_1_i/smartconnect_0/inst/m01_nodes/m01_ar_node/inst/s_sc_xpm_cdc_async_rst_inst/src_arst
    SLICE_X83Y89         LUT1 (Prop_lut1_I0_O)        0.154     9.491 f  design_1_i/smartconnect_0/inst/m01_nodes/m01_ar_node/inst/s_sc_xpm_cdc_async_rst_inst/arststages_ff[2]_i_1/O
                         net (fo=3, routed)           0.677    10.168    design_1_i/smartconnect_0/inst/m01_nodes/m01_ar_node/inst/s_sc_xpm_cdc_async_rst_inst/reset_pol
    SLICE_X83Y93         FDCE                                         f  design_1_i/smartconnect_0/inst/m01_nodes/m01_ar_node/inst/s_sc_xpm_cdc_async_rst_inst/arststages_ff_reg[2]/CLR
  -------------------------------------------------------------------    -------------------

                         (clock clk_fpga_0 rise edge)
                                                      0.000     0.000 r  
    PS7_X0Y0             PS7                          0.000     0.000 r  design_1_i/processing_system7_0/inst/PS7_i/FCLKCLK[0]
                         net (fo=1, routed)           1.088     1.088    design_1_i/processing_system7_0/inst/FCLK_CLK_unbuffered[0]
    BUFGCTRL_X0Y16       BUFG (Prop_bufg_I_O)         0.091     1.179 r  design_1_i/processing_system7_0/inst/buffer_fclk_clk_0.FCLK_CLK_0_BUFG/O
                         net (fo=7073, routed)        1.546     2.725    design_1_i/smartconnect_0/inst/m01_nodes/m01_ar_node/inst/s_sc_xpm_cdc_async_rst_inst/dest_clk
    SLICE_X83Y93         FDCE                                         r  design_1_i/smartconnect_0/inst/m01_nodes/m01_ar_node/inst/s_sc_xpm_cdc_async_rst_inst/arststages_ff_reg[2]/C

Slack:                    inf
  Source:                 design_1_i/smartconnect_0/inst/clk_map/psr_aclk/U0/ACTIVE_LOW_BSR_OUT_DFF[0].FDRE_BSR_N/C
                            (rising edge-triggered cell FDRE clocked by clk_fpga_0  {rise@0.000ns fall@10.000ns period=20.000ns})
  Destination:            design_1_i/smartconnect_0/inst/m00_nodes/m00_ar_node/inst/s_sc_xpm_cdc_async_rst_inst/arststages_ff_reg[0]/CLR
                            (recovery check against rising-edge clock clk_fpga_0  {rise@0.000ns fall@10.000ns period=20.000ns})
  Path Group:             (none)
  Path Type:              Recovery (Max at Slow Process Corner)
  Data Path Delay:        6.895ns  (logic 0.580ns (8.412%)  route 6.315ns (91.588%))
  Logic Levels:           1  (LUT1=1)
  Clock Path Skew:        -0.465ns (DCD - SCD + CPR)
    Destination Clock Delay (DCD):    2.723ns
    Source Clock Delay      (SCD):    3.188ns
    Clock Pessimism Removal (CPR):    0.000ns
  Clock Uncertainty:      0.302ns  ((TSJ^2 + TIJ^2)^1/2 + DJ) / 2 + PE
    Total System Jitter     (TSJ):    0.071ns
    Total Input Jitter      (TIJ):    0.600ns
    Discrete Jitter          (DJ):    0.000ns
    Phase Error              (PE):    0.000ns
  Timing Exception:       False Path

    Location             Delay type                Incr(ns)  Path(ns)    Netlist Resource(s)
  -------------------------------------------------------------------    -------------------
                         (clock clk_fpga_0 rise edge)
                                                      0.000     0.000 r  
    PS7_X0Y0             PS7                          0.000     0.000 r  design_1_i/processing_system7_0/inst/PS7_i/FCLKCLK[0]
                         net (fo=1, routed)           1.193     1.193    design_1_i/processing_system7_0/inst/FCLK_CLK_unbuffered[0]
    BUFGCTRL_X0Y16       BUFG (Prop_bufg_I_O)         0.101     1.294 r  design_1_i/processing_system7_0/inst/buffer_fclk_clk_0.FCLK_CLK_0_BUFG/O
                         net (fo=7073, routed)        1.894     3.188    design_1_i/smartconnect_0/inst/clk_map/psr_aclk/U0/aclk
    SLICE_X65Y129        FDRE                                         r  design_1_i/smartconnect_0/inst/clk_map/psr_aclk/U0/ACTIVE_LOW_BSR_OUT_DFF[0].FDRE_BSR_N/C
  -------------------------------------------------------------------    -------------------
    SLICE_X65Y129        FDRE (Prop_fdre_C_Q)         0.456     3.644 r  design_1_i/smartconnect_0/inst/clk_map/psr_aclk/U0/ACTIVE_LOW_BSR_OUT_DFF[0].FDRE_BSR_N/Q
                         net (fo=26, routed)          5.693     9.337    design_1_i/smartconnect_0/inst/m00_nodes/m00_ar_node/inst/s_sc_xpm_cdc_async_rst_inst/src_arst
    SLICE_X83Y89         LUT1 (Prop_lut1_I0_O)        0.124     9.461 f  design_1_i/smartconnect_0/inst/m00_nodes/m00_ar_node/inst/s_sc_xpm_cdc_async_rst_inst/arststages_ff[2]_i_1/O
                         net (fo=3, routed)           0.622    10.083    design_1_i/smartconnect_0/inst/m00_nodes/m00_ar_node/inst/s_sc_xpm_cdc_async_rst_inst/reset_pol
    SLICE_X83Y89         FDCE                                         f  design_1_i/smartconnect_0/inst/m00_nodes/m00_ar_node/inst/s_sc_xpm_cdc_async_rst_inst/arststages_ff_reg[0]/CLR
  -------------------------------------------------------------------    -------------------

                         (clock clk_fpga_0 rise edge)
                                                      0.000     0.000 r  
    PS7_X0Y0             PS7                          0.000     0.000 r  design_1_i/processing_system7_0/inst/PS7_i/FCLKCLK[0]
                         net (fo=1, routed)           1.088     1.088    design_1_i/processing_system7_0/inst/FCLK_CLK_unbuffered[0]
    BUFGCTRL_X0Y16       BUFG (Prop_bufg_I_O)         0.091     1.179 r  design_1_i/processing_system7_0/inst/buffer_fclk_clk_0.FCLK_CLK_0_BUFG/O
                         net (fo=7073, routed)        1.544     2.723    design_1_i/smartconnect_0/inst/m00_nodes/m00_ar_node/inst/s_sc_xpm_cdc_async_rst_inst/dest_clk
    SLICE_X83Y89         FDCE                                         r  design_1_i/smartconnect_0/inst/m00_nodes/m00_ar_node/inst/s_sc_xpm_cdc_async_rst_inst/arststages_ff_reg[0]/C





Min Delay Paths
--------------------------------------------------------------------------------------
Slack:                    inf
  Source:                 design_1_i/proc_sys_reset_0/U0/ACTIVE_LOW_PR_OUT_DFF[0].FDRE_PER_N/C
                            (rising edge-triggered cell FDRE clocked by clk_fpga_0  {rise@0.000ns fall@10.000ns period=20.000ns})
  Destination:            design_1_i/smartconnect_0/inst/clk_map/psr_aclk/U0/EXT_LPF/ACTIVE_LOW_AUX.ACT_LO_AUX/GENERATE_LEVEL_P_S_CDC.SINGLE_BIT.CROSS_PLEVEL_IN2SCNDRY_IN_cdc_to/D
                            (rising edge-triggered cell FDRE clocked by clk_fpga_0  {rise@0.000ns fall@10.000ns period=20.000ns})
  Path Group:             (none)
  Path Type:              Hold (Min at Fast Process Corner)
  Data Path Delay:        0.911ns  (logic 0.186ns (20.420%)  route 0.725ns (79.580%))
  Logic Levels:           1  (LUT1=1)
  Clock Path Skew:        0.297ns (DCD - SCD - CPR)
    Destination Clock Delay (DCD):    1.294ns
    Source Clock Delay      (SCD):    0.997ns
    Clock Pessimism Removal (CPR):    -0.000ns
  Clock Uncertainty:      0.302ns  ((TSJ^2 + TIJ^2)^1/2 + DJ) / 2 + PE
    Total System Jitter     (TSJ):    0.071ns
    Total Input Jitter      (TIJ):    0.600ns
    Discrete Jitter          (DJ):    0.000ns
    Phase Error              (PE):    0.000ns
  Timing Exception:       False Path

    Location             Delay type                Incr(ns)  Path(ns)    Netlist Resource(s)
  -------------------------------------------------------------------    -------------------
                         (clock clk_fpga_0 rise edge)
                                                      0.000     0.000 r  
    PS7_X0Y0             PS7                          0.000     0.000 r  design_1_i/processing_system7_0/inst/PS7_i/FCLKCLK[0]
                         net (fo=1, routed)           0.310     0.310    design_1_i/processing_system7_0/inst/FCLK_CLK_unbuffered[0]
    BUFGCTRL_X0Y16       BUFG (Prop_bufg_I_O)         0.026     0.336 r  design_1_i/processing_system7_0/inst/buffer_fclk_clk_0.FCLK_CLK_0_BUFG/O
                         net (fo=7073, routed)        0.661     0.997    design_1_i/proc_sys_reset_0/U0/slowest_sync_clk
    SLICE_X80Y113        FDRE                                         r  design_1_i/proc_sys_reset_0/U0/ACTIVE_LOW_PR_OUT_DFF[0].FDRE_PER_N/C
  -------------------------------------------------------------------    -------------------
    SLICE_X80Y113        FDRE (Prop_fdre_C_Q)         0.141     1.138 f  design_1_i/proc_sys_reset_0/U0/ACTIVE_LOW_PR_OUT_DFF[0].FDRE_PER_N/Q
                         net (fo=38, routed)          0.495     1.633    design_1_i/smartconnect_0/inst/clk_map/psr_aclk/U0/EXT_LPF/ACTIVE_LOW_AUX.ACT_LO_AUX/aresetn
    SLICE_X55Y114        LUT1 (Prop_lut1_I0_O)        0.045     1.678 r  design_1_i/smartconnect_0/inst/clk_map/psr_aclk/U0/EXT_LPF/ACTIVE_LOW_AUX.ACT_LO_AUX/GENERATE_LEVEL_P_S_CDC.SINGLE_BIT.CROSS_PLEVEL_IN2SCNDRY_IN_cdc_to_i_1/O
                         net (fo=1, routed)           0.230     1.908    design_1_i/smartconnect_0/inst/clk_map/psr_aclk/U0/EXT_LPF/ACTIVE_LOW_AUX.ACT_LO_AUX/asr_d1
    SLICE_X61Y115        FDRE                                         r  design_1_i/smartconnect_0/inst/clk_map/psr_aclk/U0/EXT_LPF/ACTIVE_LOW_AUX.ACT_LO_AUX/GENERATE_LEVEL_P_S_CDC.SINGLE_BIT.CROSS_PLEVEL_IN2SCNDRY_IN_cdc_to/D
  -------------------------------------------------------------------    -------------------

                         (clock clk_fpga_0 rise edge)
                                                      0.000     0.000 r  
    PS7_X0Y0             PS7                          0.000     0.000 r  design_1_i/processing_system7_0/inst/PS7_i/FCLKCLK[0]
                         net (fo=1, routed)           0.337     0.337    design_1_i/processing_system7_0/inst/FCLK_CLK_unbuffered[0]
    BUFGCTRL_X0Y16       BUFG (Prop_bufg_I_O)         0.029     0.366 r  design_1_i/processing_system7_0/inst/buffer_fclk_clk_0.FCLK_CLK_0_BUFG/O
                         net (fo=7073, routed)        0.928     1.294    design_1_i/smartconnect_0/inst/clk_map/psr_aclk/U0/EXT_LPF/ACTIVE_LOW_AUX.ACT_LO_AUX/aclk
    SLICE_X61Y115        FDRE                                         r  design_1_i/smartconnect_0/inst/clk_map/psr_aclk/U0/EXT_LPF/ACTIVE_LOW_AUX.ACT_LO_AUX/GENERATE_LEVEL_P_S_CDC.SINGLE_BIT.CROSS_PLEVEL_IN2SCNDRY_IN_cdc_to/C

Slack:                    inf
  Source:                 design_1_i/smartconnect_0/inst/clk_map/psr_aclk/U0/ACTIVE_LOW_BSR_OUT_DFF[0].FDRE_BSR_N/C
                            (rising edge-triggered cell FDRE clocked by clk_fpga_0  {rise@0.000ns fall@10.000ns period=20.000ns})
  Destination:            design_1_i/smartconnect_0/inst/m02_exit_pipeline/m02_exit/inst/xpm_cdc_async_rst_inst/arststages_ff_reg[0]/CLR
                            (removal check against rising-edge clock clk_fpga_0  {rise@0.000ns fall@10.000ns period=20.000ns})
  Path Group:             (none)
  Path Type:              Removal (Min at Fast Process Corner)
  Data Path Delay:        1.058ns  (logic 0.186ns (17.586%)  route 0.872ns (82.414%))
  Logic Levels:           1  (LUT1=1)
  Clock Path Skew:        0.276ns (DCD - SCD - CPR)
    Destination Clock Delay (DCD):    1.264ns
    Source Clock Delay      (SCD):    0.988ns
    Clock Pessimism Removal (CPR):    -0.000ns
  Clock Uncertainty:      0.302ns  ((TSJ^2 + TIJ^2)^1/2 + DJ) / 2 + PE
    Total System Jitter     (TSJ):    0.071ns
    Total Input Jitter      (TIJ):    0.600ns
    Discrete Jitter          (DJ):    0.000ns
    Phase Error              (PE):    0.000ns
  Timing Exception:       False Path

    Location             Delay type                Incr(ns)  Path(ns)    Netlist Resource(s)
  -------------------------------------------------------------------    -------------------
                         (clock clk_fpga_0 rise edge)
                                                      0.000     0.000 r  
    PS7_X0Y0             PS7                          0.000     0.000 r  design_1_i/processing_system7_0/inst/PS7_i/FCLKCLK[0]
                         net (fo=1, routed)           0.310     0.310    design_1_i/processing_system7_0/inst/FCLK_CLK_unbuffered[0]
    BUFGCTRL_X0Y16       BUFG (Prop_bufg_I_O)         0.026     0.336 r  design_1_i/processing_system7_0/inst/buffer_fclk_clk_0.FCLK_CLK_0_BUFG/O
                         net (fo=7073, routed)        0.652     0.988    design_1_i/smartconnect_0/inst/clk_map/psr_aclk/U0/aclk
    SLICE_X65Y129        FDRE                                         r  design_1_i/smartconnect_0/inst/clk_map/psr_aclk/U0/ACTIVE_LOW_BSR_OUT_DFF[0].FDRE_BSR_N/C
  -------------------------------------------------------------------    -------------------
    SLICE_X65Y129        FDRE (Prop_fdre_C_Q)         0.141     1.129 r  design_1_i/smartconnect_0/inst/clk_map/psr_aclk/U0/ACTIVE_LOW_BSR_OUT_DFF[0].FDRE_BSR_N/Q
                         net (fo=26, routed)          0.699     1.828    design_1_i/smartconnect_0/inst/m02_exit_pipeline/m02_exit/inst/xpm_cdc_async_rst_inst/src_arst
    SLICE_X45Y121        LUT1 (Prop_lut1_I0_O)        0.045     1.873 f  design_1_i/smartconnect_0/inst/m02_exit_pipeline/m02_exit/inst/xpm_cdc_async_rst_inst/arststages_ff[2]_i_1/O
                         net (fo=3, routed)           0.173     2.046    design_1_i/smartconnect_0/inst/m02_exit_pipeline/m02_exit/inst/xpm_cdc_async_rst_inst/reset_pol
    SLICE_X45Y121        FDCE                                         f  design_1_i/smartconnect_0/inst/m02_exit_pipeline/m02_exit/inst/xpm_cdc_async_rst_inst/arststages_ff_reg[0]/CLR
  -------------------------------------------------------------------    -------------------

                         (clock clk_fpga_0 rise edge)
                                                      0.000     0.000 r  
    PS7_X0Y0             PS7                          0.000     0.000 r  design_1_i/processing_system7_0/inst/PS7_i/FCLKCLK[0]
                         net (fo=1, routed)           0.337     0.337    design_1_i/processing_system7_0/inst/FCLK_CLK_unbuffered[0]
    BUFGCTRL_X0Y16       BUFG (Prop_bufg_I_O)         0.029     0.366 r  design_1_i/processing_system7_0/inst/buffer_fclk_clk_0.FCLK_CLK_0_BUFG/O
                         net (fo=7073, routed)        0.898     1.264    design_1_i/smartconnect_0/inst/m02_exit_pipeline/m02_exit/inst/xpm_cdc_async_rst_inst/dest_clk
    SLICE_X45Y121        FDCE                                         r  design_1_i/smartconnect_0/inst/m02_exit_pipeline/m02_exit/inst/xpm_cdc_async_rst_inst/arststages_ff_reg[0]/C

Slack:                    inf
  Source:                 design_1_i/smartconnect_0/inst/clk_map/psr_aclk/U0/ACTIVE_LOW_BSR_OUT_DFF[0].FDRE_BSR_N/C
                            (rising edge-triggered cell FDRE clocked by clk_fpga_0  {rise@0.000ns fall@10.000ns period=20.000ns})
  Destination:            design_1_i/smartconnect_0/inst/m02_exit_pipeline/m02_exit/inst/xpm_cdc_async_rst_inst/arststages_ff_reg[1]/CLR
                            (removal check against rising-edge clock clk_fpga_0  {rise@0.000ns fall@10.000ns period=20.000ns})
  Path Group:             (none)
  Path Type:              Removal (Min at Fast Process Corner)
  Data Path Delay:        1.058ns  (logic 0.186ns (17.586%)  route 0.872ns (82.414%))
  Logic Levels:           1  (LUT1=1)
  Clock Path Skew:        0.276ns (DCD - SCD - CPR)
    Destination Clock Delay (DCD):    1.264ns
    Source Clock Delay      (SCD):    0.988ns
    Clock Pessimism Removal (CPR):    -0.000ns
  Clock Uncertainty:      0.302ns  ((TSJ^2 + TIJ^2)^1/2 + DJ) / 2 + PE
    Total System Jitter     (TSJ):    0.071ns
    Total Input Jitter      (TIJ):    0.600ns
    Discrete Jitter          (DJ):    0.000ns
    Phase Error              (PE):    0.000ns
  Timing Exception:       False Path

    Location             Delay type                Incr(ns)  Path(ns)    Netlist Resource(s)
  -------------------------------------------------------------------    -------------------
                         (clock clk_fpga_0 rise edge)
                                                      0.000     0.000 r  
    PS7_X0Y0             PS7                          0.000     0.000 r  design_1_i/processing_system7_0/inst/PS7_i/FCLKCLK[0]
                         net (fo=1, routed)           0.310     0.310    design_1_i/processing_system7_0/inst/FCLK_CLK_unbuffered[0]
    BUFGCTRL_X0Y16       BUFG (Prop_bufg_I_O)         0.026     0.336 r  design_1_i/processing_system7_0/inst/buffer_fclk_clk_0.FCLK_CLK_0_BUFG/O
                         net (fo=7073, routed)        0.652     0.988    design_1_i/smartconnect_0/inst/clk_map/psr_aclk/U0/aclk
    SLICE_X65Y129        FDRE                                         r  design_1_i/smartconnect_0/inst/clk_map/psr_aclk/U0/ACTIVE_LOW_BSR_OUT_DFF[0].FDRE_BSR_N/C
  -------------------------------------------------------------------    -------------------
    SLICE_X65Y129        FDRE (Prop_fdre_C_Q)         0.141     1.129 r  design_1_i/smartconnect_0/inst/clk_map/psr_aclk/U0/ACTIVE_LOW_BSR_OUT_DFF[0].FDRE_BSR_N/Q
                         net (fo=26, routed)          0.699     1.828    design_1_i/smartconnect_0/inst/m02_exit_pipeline/m02_exit/inst/xpm_cdc_async_rst_inst/src_arst
    SLICE_X45Y121        LUT1 (Prop_lut1_I0_O)        0.045     1.873 f  design_1_i/smartconnect_0/inst/m02_exit_pipeline/m02_exit/inst/xpm_cdc_async_rst_inst/arststages_ff[2]_i_1/O
                         net (fo=3, routed)           0.173     2.046    design_1_i/smartconnect_0/inst/m02_exit_pipeline/m02_exit/inst/xpm_cdc_async_rst_inst/reset_pol
    SLICE_X45Y121        FDCE                                         f  design_1_i/smartconnect_0/inst/m02_exit_pipeline/m02_exit/inst/xpm_cdc_async_rst_inst/arststages_ff_reg[1]/CLR
  -------------------------------------------------------------------    -------------------

                         (clock clk_fpga_0 rise edge)
                                                      0.000     0.000 r  
    PS7_X0Y0             PS7                          0.000     0.000 r  design_1_i/processing_system7_0/inst/PS7_i/FCLKCLK[0]
                         net (fo=1, routed)           0.337     0.337    design_1_i/processing_system7_0/inst/FCLK_CLK_unbuffered[0]
    BUFGCTRL_X0Y16       BUFG (Prop_bufg_I_O)         0.029     0.366 r  design_1_i/processing_system7_0/inst/buffer_fclk_clk_0.FCLK_CLK_0_BUFG/O
                         net (fo=7073, routed)        0.898     1.264    design_1_i/smartconnect_0/inst/m02_exit_pipeline/m02_exit/inst/xpm_cdc_async_rst_inst/dest_clk
    SLICE_X45Y121        FDCE                                         r  design_1_i/smartconnect_0/inst/m02_exit_pipeline/m02_exit/inst/xpm_cdc_async_rst_inst/arststages_ff_reg[1]/C

Slack:                    inf
  Source:                 design_1_i/smartconnect_0/inst/clk_map/psr_aclk/U0/ACTIVE_LOW_BSR_OUT_DFF[0].FDRE_BSR_N/C
                            (rising edge-triggered cell FDRE clocked by clk_fpga_0  {rise@0.000ns fall@10.000ns period=20.000ns})
  Destination:            design_1_i/smartconnect_0/inst/m02_exit_pipeline/m02_exit/inst/xpm_cdc_async_rst_inst/arststages_ff_reg[2]/CLR
                            (removal check against rising-edge clock clk_fpga_0  {rise@0.000ns fall@10.000ns period=20.000ns})
  Path Group:             (none)
  Path Type:              Removal (Min at Fast Process Corner)
  Data Path Delay:        1.058ns  (logic 0.186ns (17.586%)  route 0.872ns (82.414%))
  Logic Levels:           1  (LUT1=1)
  Clock Path Skew:        0.276ns (DCD - SCD - CPR)
    Destination Clock Delay (DCD):    1.264ns
    Source Clock Delay      (SCD):    0.988ns
    Clock Pessimism Removal (CPR):    -0.000ns
  Clock Uncertainty:      0.302ns  ((TSJ^2 + TIJ^2)^1/2 + DJ) / 2 + PE
    Total System Jitter     (TSJ):    0.071ns
    Total Input Jitter      (TIJ):    0.600ns
    Discrete Jitter          (DJ):    0.000ns
    Phase Error              (PE):    0.000ns
  Timing Exception:       False Path

    Location             Delay type                Incr(ns)  Path(ns)    Netlist Resource(s)
  -------------------------------------------------------------------    -------------------
                         (clock clk_fpga_0 rise edge)
                                                      0.000     0.000 r  
    PS7_X0Y0             PS7                          0.000     0.000 r  design_1_i/processing_system7_0/inst/PS7_i/FCLKCLK[0]
                         net (fo=1, routed)           0.310     0.310    design_1_i/processing_system7_0/inst/FCLK_CLK_unbuffered[0]
    BUFGCTRL_X0Y16       BUFG (Prop_bufg_I_O)         0.026     0.336 r  design_1_i/processing_system7_0/inst/buffer_fclk_clk_0.FCLK_CLK_0_BUFG/O
                         net (fo=7073, routed)        0.652     0.988    design_1_i/smartconnect_0/inst/clk_map/psr_aclk/U0/aclk
    SLICE_X65Y129        FDRE                                         r  design_1_i/smartconnect_0/inst/clk_map/psr_aclk/U0/ACTIVE_LOW_BSR_OUT_DFF[0].FDRE_BSR_N/C
  -------------------------------------------------------------------    -------------------
    SLICE_X65Y129        FDRE (Prop_fdre_C_Q)         0.141     1.129 r  design_1_i/smartconnect_0/inst/clk_map/psr_aclk/U0/ACTIVE_LOW_BSR_OUT_DFF[0].FDRE_BSR_N/Q
                         net (fo=26, routed)          0.699     1.828    design_1_i/smartconnect_0/inst/m02_exit_pipeline/m02_exit/inst/xpm_cdc_async_rst_inst/src_arst
    SLICE_X45Y121        LUT1 (Prop_lut1_I0_O)        0.045     1.873 f  design_1_i/smartconnect_0/inst/m02_exit_pipeline/m02_exit/inst/xpm_cdc_async_rst_inst/arststages_ff[2]_i_1/O
                         net (fo=3, routed)           0.173     2.046    design_1_i/smartconnect_0/inst/m02_exit_pipeline/m02_exit/inst/xpm_cdc_async_rst_inst/reset_pol
    SLICE_X45Y121        FDCE                                         f  design_1_i/smartconnect_0/inst/m02_exit_pipeline/m02_exit/inst/xpm_cdc_async_rst_inst/arststages_ff_reg[2]/CLR
  -------------------------------------------------------------------    -------------------

                         (clock clk_fpga_0 rise edge)
                                                      0.000     0.000 r  
    PS7_X0Y0             PS7                          0.000     0.000 r  design_1_i/processing_system7_0/inst/PS7_i/FCLKCLK[0]
                         net (fo=1, routed)           0.337     0.337    design_1_i/processing_system7_0/inst/FCLK_CLK_unbuffered[0]
    BUFGCTRL_X0Y16       BUFG (Prop_bufg_I_O)         0.029     0.366 r  design_1_i/processing_system7_0/inst/buffer_fclk_clk_0.FCLK_CLK_0_BUFG/O
                         net (fo=7073, routed)        0.898     1.264    design_1_i/smartconnect_0/inst/m02_exit_pipeline/m02_exit/inst/xpm_cdc_async_rst_inst/dest_clk
    SLICE_X45Y121        FDCE                                         r  design_1_i/smartconnect_0/inst/m02_exit_pipeline/m02_exit/inst/xpm_cdc_async_rst_inst/arststages_ff_reg[2]/C

Slack:                    inf
  Source:                 design_1_i/smartconnect_0/inst/clk_map/psr_aclk/U0/ACTIVE_LOW_BSR_OUT_DFF[0].FDRE_BSR_N/C
                            (rising edge-triggered cell FDRE clocked by clk_fpga_0  {rise@0.000ns fall@10.000ns period=20.000ns})
  Destination:            design_1_i/smartconnect_0/inst/m01_exit_pipeline/m01_exit/inst/xpm_cdc_async_rst_inst/arststages_ff_reg[0]/CLR
                            (removal check against rising-edge clock clk_fpga_0  {rise@0.000ns fall@10.000ns period=20.000ns})
  Path Group:             (none)
  Path Type:              Removal (Min at Fast Process Corner)
  Data Path Delay:        1.075ns  (logic 0.186ns (17.295%)  route 0.889ns (82.705%))
  Logic Levels:           1  (LUT1=1)
  Clock Path Skew:        0.273ns (DCD - SCD - CPR)
    Destination Clock Delay (DCD):    1.261ns
    Source Clock Delay      (SCD):    0.988ns
    Clock Pessimism Removal (CPR):    -0.000ns
  Clock Uncertainty:      0.302ns  ((TSJ^2 + TIJ^2)^1/2 + DJ) / 2 + PE
    Total System Jitter     (TSJ):    0.071ns
    Total Input Jitter      (TIJ):    0.600ns
    Discrete Jitter          (DJ):    0.000ns
    Phase Error              (PE):    0.000ns
  Timing Exception:       False Path

    Location             Delay type                Incr(ns)  Path(ns)    Netlist Resource(s)
  -------------------------------------------------------------------    -------------------
                         (clock clk_fpga_0 rise edge)
                                                      0.000     0.000 r  
    PS7_X0Y0             PS7                          0.000     0.000 r  design_1_i/processing_system7_0/inst/PS7_i/FCLKCLK[0]
                         net (fo=1, routed)           0.310     0.310    design_1_i/processing_system7_0/inst/FCLK_CLK_unbuffered[0]
    BUFGCTRL_X0Y16       BUFG (Prop_bufg_I_O)         0.026     0.336 r  design_1_i/processing_system7_0/inst/buffer_fclk_clk_0.FCLK_CLK_0_BUFG/O
                         net (fo=7073, routed)        0.652     0.988    design_1_i/smartconnect_0/inst/clk_map/psr_aclk/U0/aclk
    SLICE_X65Y129        FDRE                                         r  design_1_i/smartconnect_0/inst/clk_map/psr_aclk/U0/ACTIVE_LOW_BSR_OUT_DFF[0].FDRE_BSR_N/C
  -------------------------------------------------------------------    -------------------
    SLICE_X65Y129        FDRE (Prop_fdre_C_Q)         0.141     1.129 r  design_1_i/smartconnect_0/inst/clk_map/psr_aclk/U0/ACTIVE_LOW_BSR_OUT_DFF[0].FDRE_BSR_N/Q
                         net (fo=26, routed)          0.655     1.784    design_1_i/smartconnect_0/inst/m01_exit_pipeline/m01_exit/inst/xpm_cdc_async_rst_inst/src_arst
    SLICE_X41Y129        LUT1 (Prop_lut1_I0_O)        0.045     1.829 f  design_1_i/smartconnect_0/inst/m01_exit_pipeline/m01_exit/inst/xpm_cdc_async_rst_inst/arststages_ff[2]_i_1/O
                         net (fo=3, routed)           0.234     2.063    design_1_i/smartconnect_0/inst/m01_exit_pipeline/m01_exit/inst/xpm_cdc_async_rst_inst/reset_pol
    SLICE_X41Y126        FDCE                                         f  design_1_i/smartconnect_0/inst/m01_exit_pipeline/m01_exit/inst/xpm_cdc_async_rst_inst/arststages_ff_reg[0]/CLR
  -------------------------------------------------------------------    -------------------

                         (clock clk_fpga_0 rise edge)
                                                      0.000     0.000 r  
    PS7_X0Y0             PS7                          0.000     0.000 r  design_1_i/processing_system7_0/inst/PS7_i/FCLKCLK[0]
                         net (fo=1, routed)           0.337     0.337    design_1_i/processing_system7_0/inst/FCLK_CLK_unbuffered[0]
    BUFGCTRL_X0Y16       BUFG (Prop_bufg_I_O)         0.029     0.366 r  design_1_i/processing_system7_0/inst/buffer_fclk_clk_0.FCLK_CLK_0_BUFG/O
                         net (fo=7073, routed)        0.895     1.261    design_1_i/smartconnect_0/inst/m01_exit_pipeline/m01_exit/inst/xpm_cdc_async_rst_inst/dest_clk
    SLICE_X41Y126        FDCE                                         r  design_1_i/smartconnect_0/inst/m01_exit_pipeline/m01_exit/inst/xpm_cdc_async_rst_inst/arststages_ff_reg[0]/C

Slack:                    inf
  Source:                 design_1_i/smartconnect_0/inst/clk_map/psr_aclk/U0/ACTIVE_LOW_BSR_OUT_DFF[0].FDRE_BSR_N/C
                            (rising edge-triggered cell FDRE clocked by clk_fpga_0  {rise@0.000ns fall@10.000ns period=20.000ns})
  Destination:            design_1_i/smartconnect_0/inst/m01_exit_pipeline/m01_exit/inst/xpm_cdc_async_rst_inst/arststages_ff_reg[1]/CLR
                            (removal check against rising-edge clock clk_fpga_0  {rise@0.000ns fall@10.000ns period=20.000ns})
  Path Group:             (none)
  Path Type:              Removal (Min at Fast Process Corner)
  Data Path Delay:        1.075ns  (logic 0.186ns (17.295%)  route 0.889ns (82.705%))
  Logic Levels:           1  (LUT1=1)
  Clock Path Skew:        0.273ns (DCD - SCD - CPR)
    Destination Clock Delay (DCD):    1.261ns
    Source Clock Delay      (SCD):    0.988ns
    Clock Pessimism Removal (CPR):    -0.000ns
  Clock Uncertainty:      0.302ns  ((TSJ^2 + TIJ^2)^1/2 + DJ) / 2 + PE
    Total System Jitter     (TSJ):    0.071ns
    Total Input Jitter      (TIJ):    0.600ns
    Discrete Jitter          (DJ):    0.000ns
    Phase Error              (PE):    0.000ns
  Timing Exception:       False Path

    Location             Delay type                Incr(ns)  Path(ns)    Netlist Resource(s)
  -------------------------------------------------------------------    -------------------
                         (clock clk_fpga_0 rise edge)
                                                      0.000     0.000 r  
    PS7_X0Y0             PS7                          0.000     0.000 r  design_1_i/processing_system7_0/inst/PS7_i/FCLKCLK[0]
                         net (fo=1, routed)           0.310     0.310    design_1_i/processing_system7_0/inst/FCLK_CLK_unbuffered[0]
    BUFGCTRL_X0Y16       BUFG (Prop_bufg_I_O)         0.026     0.336 r  design_1_i/processing_system7_0/inst/buffer_fclk_clk_0.FCLK_CLK_0_BUFG/O
                         net (fo=7073, routed)        0.652     0.988    design_1_i/smartconnect_0/inst/clk_map/psr_aclk/U0/aclk
    SLICE_X65Y129        FDRE                                         r  design_1_i/smartconnect_0/inst/clk_map/psr_aclk/U0/ACTIVE_LOW_BSR_OUT_DFF[0].FDRE_BSR_N/C
  -------------------------------------------------------------------    -------------------
    SLICE_X65Y129        FDRE (Prop_fdre_C_Q)         0.141     1.129 r  design_1_i/smartconnect_0/inst/clk_map/psr_aclk/U0/ACTIVE_LOW_BSR_OUT_DFF[0].FDRE_BSR_N/Q
                         net (fo=26, routed)          0.655     1.784    design_1_i/smartconnect_0/inst/m01_exit_pipeline/m01_exit/inst/xpm_cdc_async_rst_inst/src_arst
    SLICE_X41Y129        LUT1 (Prop_lut1_I0_O)        0.045     1.829 f  design_1_i/smartconnect_0/inst/m01_exit_pipeline/m01_exit/inst/xpm_cdc_async_rst_inst/arststages_ff[2]_i_1/O
                         net (fo=3, routed)           0.234     2.063    design_1_i/smartconnect_0/inst/m01_exit_pipeline/m01_exit/inst/xpm_cdc_async_rst_inst/reset_pol
    SLICE_X41Y126        FDCE                                         f  design_1_i/smartconnect_0/inst/m01_exit_pipeline/m01_exit/inst/xpm_cdc_async_rst_inst/arststages_ff_reg[1]/CLR
  -------------------------------------------------------------------    -------------------

                         (clock clk_fpga_0 rise edge)
                                                      0.000     0.000 r  
    PS7_X0Y0             PS7                          0.000     0.000 r  design_1_i/processing_system7_0/inst/PS7_i/FCLKCLK[0]
                         net (fo=1, routed)           0.337     0.337    design_1_i/processing_system7_0/inst/FCLK_CLK_unbuffered[0]
    BUFGCTRL_X0Y16       BUFG (Prop_bufg_I_O)         0.029     0.366 r  design_1_i/processing_system7_0/inst/buffer_fclk_clk_0.FCLK_CLK_0_BUFG/O
                         net (fo=7073, routed)        0.895     1.261    design_1_i/smartconnect_0/inst/m01_exit_pipeline/m01_exit/inst/xpm_cdc_async_rst_inst/dest_clk
    SLICE_X41Y126        FDCE                                         r  design_1_i/smartconnect_0/inst/m01_exit_pipeline/m01_exit/inst/xpm_cdc_async_rst_inst/arststages_ff_reg[1]/C

Slack:                    inf
  Source:                 design_1_i/smartconnect_0/inst/clk_map/psr_aclk/U0/ACTIVE_LOW_BSR_OUT_DFF[0].FDRE_BSR_N/C
                            (rising edge-triggered cell FDRE clocked by clk_fpga_0  {rise@0.000ns fall@10.000ns period=20.000ns})
  Destination:            design_1_i/smartconnect_0/inst/m01_exit_pipeline/m01_exit/inst/xpm_cdc_async_rst_inst/arststages_ff_reg[2]/CLR
                            (removal check against rising-edge clock clk_fpga_0  {rise@0.000ns fall@10.000ns period=20.000ns})
  Path Group:             (none)
  Path Type:              Removal (Min at Fast Process Corner)
  Data Path Delay:        1.075ns  (logic 0.186ns (17.295%)  route 0.889ns (82.705%))
  Logic Levels:           1  (LUT1=1)
  Clock Path Skew:        0.273ns (DCD - SCD - CPR)
    Destination Clock Delay (DCD):    1.261ns
    Source Clock Delay      (SCD):    0.988ns
    Clock Pessimism Removal (CPR):    -0.000ns
  Clock Uncertainty:      0.302ns  ((TSJ^2 + TIJ^2)^1/2 + DJ) / 2 + PE
    Total System Jitter     (TSJ):    0.071ns
    Total Input Jitter      (TIJ):    0.600ns
    Discrete Jitter          (DJ):    0.000ns
    Phase Error              (PE):    0.000ns
  Timing Exception:       False Path

    Location             Delay type                Incr(ns)  Path(ns)    Netlist Resource(s)
  -------------------------------------------------------------------    -------------------
                         (clock clk_fpga_0 rise edge)
                                                      0.000     0.000 r  
    PS7_X0Y0             PS7                          0.000     0.000 r  design_1_i/processing_system7_0/inst/PS7_i/FCLKCLK[0]
                         net (fo=1, routed)           0.310     0.310    design_1_i/processing_system7_0/inst/FCLK_CLK_unbuffered[0]
    BUFGCTRL_X0Y16       BUFG (Prop_bufg_I_O)         0.026     0.336 r  design_1_i/processing_system7_0/inst/buffer_fclk_clk_0.FCLK_CLK_0_BUFG/O
                         net (fo=7073, routed)        0.652     0.988    design_1_i/smartconnect_0/inst/clk_map/psr_aclk/U0/aclk
    SLICE_X65Y129        FDRE                                         r  design_1_i/smartconnect_0/inst/clk_map/psr_aclk/U0/ACTIVE_LOW_BSR_OUT_DFF[0].FDRE_BSR_N/C
  -------------------------------------------------------------------    -------------------
    SLICE_X65Y129        FDRE (Prop_fdre_C_Q)         0.141     1.129 r  design_1_i/smartconnect_0/inst/clk_map/psr_aclk/U0/ACTIVE_LOW_BSR_OUT_DFF[0].FDRE_BSR_N/Q
                         net (fo=26, routed)          0.655     1.784    design_1_i/smartconnect_0/inst/m01_exit_pipeline/m01_exit/inst/xpm_cdc_async_rst_inst/src_arst
    SLICE_X41Y129        LUT1 (Prop_lut1_I0_O)        0.045     1.829 f  design_1_i/smartconnect_0/inst/m01_exit_pipeline/m01_exit/inst/xpm_cdc_async_rst_inst/arststages_ff[2]_i_1/O
                         net (fo=3, routed)           0.234     2.063    design_1_i/smartconnect_0/inst/m01_exit_pipeline/m01_exit/inst/xpm_cdc_async_rst_inst/reset_pol
    SLICE_X41Y126        FDCE                                         f  design_1_i/smartconnect_0/inst/m01_exit_pipeline/m01_exit/inst/xpm_cdc_async_rst_inst/arststages_ff_reg[2]/CLR
  -------------------------------------------------------------------    -------------------

                         (clock clk_fpga_0 rise edge)
                                                      0.000     0.000 r  
    PS7_X0Y0             PS7                          0.000     0.000 r  design_1_i/processing_system7_0/inst/PS7_i/FCLKCLK[0]
                         net (fo=1, routed)           0.337     0.337    design_1_i/processing_system7_0/inst/FCLK_CLK_unbuffered[0]
    BUFGCTRL_X0Y16       BUFG (Prop_bufg_I_O)         0.029     0.366 r  design_1_i/processing_system7_0/inst/buffer_fclk_clk_0.FCLK_CLK_0_BUFG/O
                         net (fo=7073, routed)        0.895     1.261    design_1_i/smartconnect_0/inst/m01_exit_pipeline/m01_exit/inst/xpm_cdc_async_rst_inst/dest_clk
    SLICE_X41Y126        FDCE                                         r  design_1_i/smartconnect_0/inst/m01_exit_pipeline/m01_exit/inst/xpm_cdc_async_rst_inst/arststages_ff_reg[2]/C

Slack:                    inf
  Source:                 design_1_i/smartconnect_0/inst/clk_map/psr_aclk/U0/ACTIVE_LOW_BSR_OUT_DFF[0].FDRE_BSR_N/C
                            (rising edge-triggered cell FDRE clocked by clk_fpga_0  {rise@0.000ns fall@10.000ns period=20.000ns})
  Destination:            design_1_i/smartconnect_0/inst/m00_nodes/m00_b_node/inst/s_sc_xpm_cdc_async_rst_inst/arststages_ff_reg[0]/CLR
                            (removal check against rising-edge clock clk_fpga_0  {rise@0.000ns fall@10.000ns period=20.000ns})
  Path Group:             (none)
  Path Type:              Removal (Min at Fast Process Corner)
  Data Path Delay:        1.078ns  (logic 0.186ns (17.253%)  route 0.892ns (82.747%))
  Logic Levels:           1  (LUT1=1)
  Clock Path Skew:        0.275ns (DCD - SCD - CPR)
    Destination Clock Delay (DCD):    1.263ns
    Source Clock Delay      (SCD):    0.988ns
    Clock Pessimism Removal (CPR):    -0.000ns
  Clock Uncertainty:      0.302ns  ((TSJ^2 + TIJ^2)^1/2 + DJ) / 2 + PE
    Total System Jitter     (TSJ):    0.071ns
    Total Input Jitter      (TIJ):    0.600ns
    Discrete Jitter          (DJ):    0.000ns
    Phase Error              (PE):    0.000ns
  Timing Exception:       False Path

    Location             Delay type                Incr(ns)  Path(ns)    Netlist Resource(s)
  -------------------------------------------------------------------    -------------------
                         (clock clk_fpga_0 rise edge)
                                                      0.000     0.000 r  
    PS7_X0Y0             PS7                          0.000     0.000 r  design_1_i/processing_system7_0/inst/PS7_i/FCLKCLK[0]
                         net (fo=1, routed)           0.310     0.310    design_1_i/processing_system7_0/inst/FCLK_CLK_unbuffered[0]
    BUFGCTRL_X0Y16       BUFG (Prop_bufg_I_O)         0.026     0.336 r  design_1_i/processing_system7_0/inst/buffer_fclk_clk_0.FCLK_CLK_0_BUFG/O
                         net (fo=7073, routed)        0.652     0.988    design_1_i/smartconnect_0/inst/clk_map/psr_aclk/U0/aclk
    SLICE_X65Y129        FDRE                                         r  design_1_i/smartconnect_0/inst/clk_map/psr_aclk/U0/ACTIVE_LOW_BSR_OUT_DFF[0].FDRE_BSR_N/C
  -------------------------------------------------------------------    -------------------
    SLICE_X65Y129        FDRE (Prop_fdre_C_Q)         0.141     1.129 r  design_1_i/smartconnect_0/inst/clk_map/psr_aclk/U0/ACTIVE_LOW_BSR_OUT_DFF[0].FDRE_BSR_N/Q
                         net (fo=26, routed)          0.652     1.781    design_1_i/smartconnect_0/inst/m00_nodes/m00_b_node/inst/s_sc_xpm_cdc_async_rst_inst/src_arst
    SLICE_X45Y127        LUT1 (Prop_lut1_I0_O)        0.045     1.826 f  design_1_i/smartconnect_0/inst/m00_nodes/m00_b_node/inst/s_sc_xpm_cdc_async_rst_inst/arststages_ff[2]_i_1/O
                         net (fo=3, routed)           0.240     2.066    design_1_i/smartconnect_0/inst/m00_nodes/m00_b_node/inst/s_sc_xpm_cdc_async_rst_inst/reset_pol
    SLICE_X45Y127        FDCE                                         f  design_1_i/smartconnect_0/inst/m00_nodes/m00_b_node/inst/s_sc_xpm_cdc_async_rst_inst/arststages_ff_reg[0]/CLR
  -------------------------------------------------------------------    -------------------

                         (clock clk_fpga_0 rise edge)
                                                      0.000     0.000 r  
    PS7_X0Y0             PS7                          0.000     0.000 r  design_1_i/processing_system7_0/inst/PS7_i/FCLKCLK[0]
                         net (fo=1, routed)           0.337     0.337    design_1_i/processing_system7_0/inst/FCLK_CLK_unbuffered[0]
    BUFGCTRL_X0Y16       BUFG (Prop_bufg_I_O)         0.029     0.366 r  design_1_i/processing_system7_0/inst/buffer_fclk_clk_0.FCLK_CLK_0_BUFG/O
                         net (fo=7073, routed)        0.897     1.263    design_1_i/smartconnect_0/inst/m00_nodes/m00_b_node/inst/s_sc_xpm_cdc_async_rst_inst/dest_clk
    SLICE_X45Y127        FDCE                                         r  design_1_i/smartconnect_0/inst/m00_nodes/m00_b_node/inst/s_sc_xpm_cdc_async_rst_inst/arststages_ff_reg[0]/C

Slack:                    inf
  Source:                 design_1_i/smartconnect_0/inst/clk_map/psr_aclk/U0/ACTIVE_LOW_BSR_OUT_DFF[0].FDRE_BSR_N/C
                            (rising edge-triggered cell FDRE clocked by clk_fpga_0  {rise@0.000ns fall@10.000ns period=20.000ns})
  Destination:            design_1_i/smartconnect_0/inst/m00_nodes/m00_b_node/inst/s_sc_xpm_cdc_async_rst_inst/arststages_ff_reg[1]/CLR
                            (removal check against rising-edge clock clk_fpga_0  {rise@0.000ns fall@10.000ns period=20.000ns})
  Path Group:             (none)
  Path Type:              Removal (Min at Fast Process Corner)
  Data Path Delay:        1.078ns  (logic 0.186ns (17.253%)  route 0.892ns (82.747%))
  Logic Levels:           1  (LUT1=1)
  Clock Path Skew:        0.275ns (DCD - SCD - CPR)
    Destination Clock Delay (DCD):    1.263ns
    Source Clock Delay      (SCD):    0.988ns
    Clock Pessimism Removal (CPR):    -0.000ns
  Clock Uncertainty:      0.302ns  ((TSJ^2 + TIJ^2)^1/2 + DJ) / 2 + PE
    Total System Jitter     (TSJ):    0.071ns
    Total Input Jitter      (TIJ):    0.600ns
    Discrete Jitter          (DJ):    0.000ns
    Phase Error              (PE):    0.000ns
  Timing Exception:       False Path

    Location             Delay type                Incr(ns)  Path(ns)    Netlist Resource(s)
  -------------------------------------------------------------------    -------------------
                         (clock clk_fpga_0 rise edge)
                                                      0.000     0.000 r  
    PS7_X0Y0             PS7                          0.000     0.000 r  design_1_i/processing_system7_0/inst/PS7_i/FCLKCLK[0]
                         net (fo=1, routed)           0.310     0.310    design_1_i/processing_system7_0/inst/FCLK_CLK_unbuffered[0]
    BUFGCTRL_X0Y16       BUFG (Prop_bufg_I_O)         0.026     0.336 r  design_1_i/processing_system7_0/inst/buffer_fclk_clk_0.FCLK_CLK_0_BUFG/O
                         net (fo=7073, routed)        0.652     0.988    design_1_i/smartconnect_0/inst/clk_map/psr_aclk/U0/aclk
    SLICE_X65Y129        FDRE                                         r  design_1_i/smartconnect_0/inst/clk_map/psr_aclk/U0/ACTIVE_LOW_BSR_OUT_DFF[0].FDRE_BSR_N/C
  -------------------------------------------------------------------    -------------------
    SLICE_X65Y129        FDRE (Prop_fdre_C_Q)         0.141     1.129 r  design_1_i/smartconnect_0/inst/clk_map/psr_aclk/U0/ACTIVE_LOW_BSR_OUT_DFF[0].FDRE_BSR_N/Q
                         net (fo=26, routed)          0.652     1.781    design_1_i/smartconnect_0/inst/m00_nodes/m00_b_node/inst/s_sc_xpm_cdc_async_rst_inst/src_arst
    SLICE_X45Y127        LUT1 (Prop_lut1_I0_O)        0.045     1.826 f  design_1_i/smartconnect_0/inst/m00_nodes/m00_b_node/inst/s_sc_xpm_cdc_async_rst_inst/arststages_ff[2]_i_1/O
                         net (fo=3, routed)           0.240     2.066    design_1_i/smartconnect_0/inst/m00_nodes/m00_b_node/inst/s_sc_xpm_cdc_async_rst_inst/reset_pol
    SLICE_X45Y127        FDCE                                         f  design_1_i/smartconnect_0/inst/m00_nodes/m00_b_node/inst/s_sc_xpm_cdc_async_rst_inst/arststages_ff_reg[1]/CLR
  -------------------------------------------------------------------    -------------------

                         (clock clk_fpga_0 rise edge)
                                                      0.000     0.000 r  
    PS7_X0Y0             PS7                          0.000     0.000 r  design_1_i/processing_system7_0/inst/PS7_i/FCLKCLK[0]
                         net (fo=1, routed)           0.337     0.337    design_1_i/processing_system7_0/inst/FCLK_CLK_unbuffered[0]
    BUFGCTRL_X0Y16       BUFG (Prop_bufg_I_O)         0.029     0.366 r  design_1_i/processing_system7_0/inst/buffer_fclk_clk_0.FCLK_CLK_0_BUFG/O
                         net (fo=7073, routed)        0.897     1.263    design_1_i/smartconnect_0/inst/m00_nodes/m00_b_node/inst/s_sc_xpm_cdc_async_rst_inst/dest_clk
    SLICE_X45Y127        FDCE                                         r  design_1_i/smartconnect_0/inst/m00_nodes/m00_b_node/inst/s_sc_xpm_cdc_async_rst_inst/arststages_ff_reg[1]/C

Slack:                    inf
  Source:                 design_1_i/smartconnect_0/inst/clk_map/psr_aclk/U0/ACTIVE_LOW_BSR_OUT_DFF[0].FDRE_BSR_N/C
                            (rising edge-triggered cell FDRE clocked by clk_fpga_0  {rise@0.000ns fall@10.000ns period=20.000ns})
  Destination:            design_1_i/smartconnect_0/inst/m00_nodes/m00_b_node/inst/s_sc_xpm_cdc_async_rst_inst/arststages_ff_reg[2]/CLR
                            (removal check against rising-edge clock clk_fpga_0  {rise@0.000ns fall@10.000ns period=20.000ns})
  Path Group:             (none)
  Path Type:              Removal (Min at Fast Process Corner)
  Data Path Delay:        1.078ns  (logic 0.186ns (17.253%)  route 0.892ns (82.747%))
  Logic Levels:           1  (LUT1=1)
  Clock Path Skew:        0.275ns (DCD - SCD - CPR)
    Destination Clock Delay (DCD):    1.263ns
    Source Clock Delay      (SCD):    0.988ns
    Clock Pessimism Removal (CPR):    -0.000ns
  Clock Uncertainty:      0.302ns  ((TSJ^2 + TIJ^2)^1/2 + DJ) / 2 + PE
    Total System Jitter     (TSJ):    0.071ns
    Total Input Jitter      (TIJ):    0.600ns
    Discrete Jitter          (DJ):    0.000ns
    Phase Error              (PE):    0.000ns
  Timing Exception:       False Path

    Location             Delay type                Incr(ns)  Path(ns)    Netlist Resource(s)
  -------------------------------------------------------------------    -------------------
                         (clock clk_fpga_0 rise edge)
                                                      0.000     0.000 r  
    PS7_X0Y0             PS7                          0.000     0.000 r  design_1_i/processing_system7_0/inst/PS7_i/FCLKCLK[0]
                         net (fo=1, routed)           0.310     0.310    design_1_i/processing_system7_0/inst/FCLK_CLK_unbuffered[0]
    BUFGCTRL_X0Y16       BUFG (Prop_bufg_I_O)         0.026     0.336 r  design_1_i/processing_system7_0/inst/buffer_fclk_clk_0.FCLK_CLK_0_BUFG/O
                         net (fo=7073, routed)        0.652     0.988    design_1_i/smartconnect_0/inst/clk_map/psr_aclk/U0/aclk
    SLICE_X65Y129        FDRE                                         r  design_1_i/smartconnect_0/inst/clk_map/psr_aclk/U0/ACTIVE_LOW_BSR_OUT_DFF[0].FDRE_BSR_N/C
  -------------------------------------------------------------------    -------------------
    SLICE_X65Y129        FDRE (Prop_fdre_C_Q)         0.141     1.129 r  design_1_i/smartconnect_0/inst/clk_map/psr_aclk/U0/ACTIVE_LOW_BSR_OUT_DFF[0].FDRE_BSR_N/Q
                         net (fo=26, routed)          0.652     1.781    design_1_i/smartconnect_0/inst/m00_nodes/m00_b_node/inst/s_sc_xpm_cdc_async_rst_inst/src_arst
    SLICE_X45Y127        LUT1 (Prop_lut1_I0_O)        0.045     1.826 f  design_1_i/smartconnect_0/inst/m00_nodes/m00_b_node/inst/s_sc_xpm_cdc_async_rst_inst/arststages_ff[2]_i_1/O
                         net (fo=3, routed)           0.240     2.066    design_1_i/smartconnect_0/inst/m00_nodes/m00_b_node/inst/s_sc_xpm_cdc_async_rst_inst/reset_pol
    SLICE_X45Y127        FDCE                                         f  design_1_i/smartconnect_0/inst/m00_nodes/m00_b_node/inst/s_sc_xpm_cdc_async_rst_inst/arststages_ff_reg[2]/CLR
  -------------------------------------------------------------------    -------------------

                         (clock clk_fpga_0 rise edge)
                                                      0.000     0.000 r  
    PS7_X0Y0             PS7                          0.000     0.000 r  design_1_i/processing_system7_0/inst/PS7_i/FCLKCLK[0]
                         net (fo=1, routed)           0.337     0.337    design_1_i/processing_system7_0/inst/FCLK_CLK_unbuffered[0]
    BUFGCTRL_X0Y16       BUFG (Prop_bufg_I_O)         0.029     0.366 r  design_1_i/processing_system7_0/inst/buffer_fclk_clk_0.FCLK_CLK_0_BUFG/O
                         net (fo=7073, routed)        0.897     1.263    design_1_i/smartconnect_0/inst/m00_nodes/m00_b_node/inst/s_sc_xpm_cdc_async_rst_inst/dest_clk
    SLICE_X45Y127        FDCE                                         r  design_1_i/smartconnect_0/inst/m00_nodes/m00_b_node/inst/s_sc_xpm_cdc_async_rst_inst/arststages_ff_reg[2]/C





